,IL1L,IL1R,IL1VR,FLPL,URYDL,IL1VL,URYVR,URYDR,IL1DR,OLQDR,OLQVL,OLLR,FLPR,URYVL,IL1DL,OLLL,ADER,OLQDL,ADEL,ADLL,AQR,ASHL,ADLR,ASHR,IL2DL,ASGL,ASKL,ASGR,ASKR,IL2DR,CEPDL,OLQVR,BAGR,IL2VR,CEPVL,ASIR,IL2VL,AWAR,CEPVR,IL2L,AWAL,CEPDR,BAGL,URXR,ASIL,AWCR,ASER,IL2R,AWCL,URXL,ASEL,AWBR,AWBL,AVDR,AVDL,AVBR,SAAVR,SAAVL,RICL,AVER,AVBL,RICR,SAADR,RIAR,RIAL,SAADL,AVEL,AVJR,RMGL,ADAR,ALA,ADAL,RIMR,AVJL,RIML,AIBL,AVAL,AUAL,RIS,AIBR,AVAR,AVKR,RIBR,AVL,AVHL,AINL,RIBL,AIML,AINR,AIMR,RID,AVKL,URBL,AIZR,AIZL,URBR,AUAR,AIYL,RIR,RIH,AIYR,RMDDR,RMDVR,RMDVL,RMED,RMDDL,RMEV,URAVL,URADR,RIVL,URADL,URAVR,RIVR,SMDDR,RMER,SMBVR,SMDVR,RMEL,SMDVL,SMDDL,RMDR,RMDL
IL1L,,0.030925549503985916,0.08236827748975627,0.19901908553969547,0.1809240071015098,0.2795298297367589,0.03474578733011129,0.1539847651411283,0.27976622028681364,0.3275018433507132,0.5268802407412486,0.3709563266773304,-0.03570229551024131,0.06709610572189807,0.36368931965965107,0.44210532097115596,-0.03768680592553452,0.497761724906752,0.03227769247105919,-0.049245697078369434,-0.10847402978531091,0.011538432788207216,0.03790921317914902,,0.13819729473918727,-0.1513290498944221,0.022236931934615345,-0.10147918289859496,0.050944336191965145,0.061079130075548396,0.22606919427667932,0.17497209824032386,,0.0610217625540398,0.18075484445977968,-0.0562412200352758,0.14694980234841923,-0.09134155976210337,0.09704867512372575,0.41512990896602625,-0.16288373691694155,0.07944799243504398,-0.0706729001481665,0.0762877397488165,-0.05137281455434174,-0.05217234852936941,0.03944830557828615,0.0755587377085992,0.05200081101793678,0.17460223400104727,-0.05246785728945686,0.06787122470983997,0.25734486991528865,-0.004805836318127422,-0.05063490218273397,0.19648922284229584,-0.06248597218409751,-0.07163329052914638,-0.08103038275948567,-0.1848442251942026,0.2015800255664032,-0.06973892815396766,-0.04526926701016839,-0.0632217393419554,0.06245209015869077,-0.2112594818928097,-0.24543541238582822,-0.007987032920717054,-0.03039128139388775,0.08453662016202088,-0.022720189705177616,-0.06441110718710841,-0.10709779951223738,0.041346976420315526,-0.1178124005337352,-0.14466523138161586,-0.18276272142694852,0.13080629169435845,0.2068355115601885,-0.174723321628598,-0.22907853631118344,-0.13486864018996256,0.013184684357421567,-0.2423687445580477,0.005853116536404822,0.012761806030227158,0.15645532318679406,0.06326867658743522,-0.013848457728471597,0.06625734705213122,0.018679683441454327,-0.3784912635740686,0.400862332886539,0.06070699525143059,0.06066198824330357,0.13180993978752542,0.042424086325496844,8.629213536204387e-05,0.07627155239867782,0.2501382855165598,0.036150398950823684,0.09316480815990999,0.023004561209364487,0.13025585439072368,0.3383174965562093,0.1319481975423058,0.247303312281948,0.09046944366779583,0.07710663229262774,0.010110892158700618,0.1791924654509926,0.04640309340824889,0.035531675546049635,0.15105331144350928,0.043791037730191225,0.1312500353831462,0.02461997330323314,0.31121876216400385,0.06757892278595357,0.18760407771988993,-0.10889554658087996,0.1572805577148018
IL1R,0.030925549503985916,,0.6345401050107258,0.06745413358224842,-0.29267880733487767,0.2631450301598582,-0.11259233308842105,0.17243494035966553,0.5821046780456697,0.2137432226067144,-0.028113256121518798,0.2060889550773298,0.056690945665213474,-0.4481118086270257,0.1539633530198273,0.017968610212158745,0.02944805318130484,0.02270359931340606,0.05051270139387349,0.018403613923710743,0.3246074148920614,0.04268269539784266,0.05445374740874913,,0.07467041010891182,-0.3274159050450834,0.16139978143650643,-0.38289298652423587,0.17064146675611,0.15447615279613994,0.16839183010101003,-0.02799682569644273,,0.1786034757942354,0.09010890021778252,0.0904759510435052,0.07293565136042994,-0.12572644523621346,0.27633099932852534,0.07029014435860859,-0.18934344038388348,0.3741773826674924,-0.24221632953767286,0.23917815439993834,-0.06228260955447301,-0.037304450447711114,0.08679694193195445,0.3747485915796323,0.012414558498349328,0.33935112035489046,-0.07298690379928416,-0.13517919020835603,-0.24321194798110388,-0.09465075643944106,0.07180766148486918,0.5832691989057003,-0.1410331782024804,-0.12605983328309492,0.27746642504649105,-0.5334802900413471,0.6007692535980764,0.24893698518707483,-0.191697444492909,-0.10786741029422853,-0.025521012046912744,0.014992140704200671,-0.5511471215324764,0.06920121830195751,-0.09425683935023614,0.07543414809564487,0.1058890075067217,-0.12370013646871755,-0.5558261490872722,0.09645602051723512,-0.5604549573397029,-0.5008830711270383,-0.5333215912229408,0.2676147567843911,0.4252216974446089,-0.5244468417037121,-0.5418146115980592,-0.14776561794541604,0.6121793327942346,0.1753098113422696,0.28602164603123015,-0.03702042692636207,0.4964030679967255,0.024804457511134925,-0.19125583407435495,0.24907414086485175,0.47304448124253157,-0.3683109797029423,0.1408279566024656,-0.007733975495916476,0.09892277610711918,0.35410916750217847,0.29367450129442946,0.12643651495207306,0.16113978306594456,0.01979977554578865,0.2624900647837897,0.11996374524519263,-0.1945512750963962,0.23629951631225862,0.4547558062670502,0.242114550873733,0.4477617622639995,-0.23809541053753955,0.11134119856651074,0.017101610926826608,-0.1385415607665414,-0.005019752432917059,0.03109125454347242,0.03454196904211368,0.7107035474098775,0.17092647024260182,0.05309097884434621,0.16766952588030945,0.2463056082880292,0.10280344595615962,-0.21396069502900145,0.05582993890467547
IL1VR,0.08236827748975627,0.6345401050107258,,0.045881439637050485,-0.0749072594052723,0.49444293108759496,-0.015399141677491679,0.28986744715761115,0.4988371752070561,0.29461372008424735,0.10130254895026537,0.28899307486474296,0.016353528737803127,-0.29882246274694374,0.2391158464722827,0.12639658229741577,-0.038154858245793725,-0.004248333041863614,0.022798373259774043,0.06219629251363188,,0.10287531498091107,0.005034985552267373,,0.06878459568513451,-0.16731592551046814,0.10790576509688254,-0.23413258663312156,0.11302105605995076,0.10326725339723364,0.054669153621549726,0.139977476199402,,0.2147833844818408,0.11454908177553524,-0.03055220295397071,0.12875628915936826,-0.1022256057464849,0.347569500953916,0.009146395851476571,-0.1554707926715093,0.17265810104187077,-0.008337971281758172,0.00876592246376099,-0.07531773621556626,-0.03969513488280096,0.07745567565907426,0.3452554059117525,-0.03843451888932988,0.06317328995448478,-0.08918258623272346,-0.07673342187020353,-0.1927282570873532,-0.0608577691322561,0.033258480538727195,,0.16001342279896236,-0.0172287415333928,0.10633613104536305,-0.24235627862832598,0.49677484624047935,0.09167457282521393,-0.05520495246295254,-0.07694503526472604,-0.0057631622561088785,0.0008537892158798008,-0.33259854564425295,0.0775325888676426,-0.07365142720093842,,0.09306967653048925,-0.10298179328699406,-0.4403978534914403,0.03392325476426184,-0.4440261704761584,-0.2909566028978489,-0.30720685226857675,0.11567428920523914,0.437733015048961,-0.30177535048130016,-0.3834860869433876,-0.2717068441081264,,0.15926156524874902,0.22532225441571785,-0.042480697888022015,0.14028017359773906,-0.1660173523845015,-0.15464932431522183,0.016430406710655442,0.17147213826796356,-0.21701933195417777,0.10573284929110442,-0.026482472439530516,0.0790661819201817,0.255819639826219,0.09059021146347974,0.07546026825498571,0.04831902067626032,0.1426484388098731,0.1097853477428159,0.09599230319397287,-0.005860633719986536,0.23947162331852176,0.45927387065727077,0.18972354902146726,0.44068295879333524,-0.1472593929163817,0.08970512990289403,-0.03603136069084055,-0.12432550927970294,0.06526867993997171,-0.02164516952047555,0.010140174461629806,0.48610242712626145,0.08064511534121067,-0.03734505833562775,0.03160922994384557,0.09168988006929635,0.13006124991812404,-0.11876830036954056,0.13338107240862174
FLPL,0.19901908553969552,0.0674541335822484,0.045881439637050485,,0.06205431390102054,0.039544134540137055,-0.06139089239124026,0.06162727290593183,0.10896115503154757,0.1547939160614118,0.22640825346060994,0.19324548137306014,0.07209014075114939,-0.04664286385676644,0.12991211643633052,0.19585351772828008,0.03541550666675149,0.2638948404844843,0.28158715621582564,-0.003194253372734438,0.028072452716539752,-0.06243034310877038,0.07495289769303373,,-0.04172761419976596,-0.11512637023566515,0.02665469323141778,-0.07157313104751223,0.06690855776052228,-0.054539593837339105,0.15850764467109474,0.06037342739688934,,0.013069734032559625,0.07095227631756716,0.0419498783892685,0.019131426532282753,-0.07541703556772139,0.03711667537153762,0.10918080979943548,-0.08060865824094132,0.04355147006334079,-0.07575630958959034,0.06955481890496433,-0.02936643536497418,-0.0019939952270785054,0.06204566765440359,-0.004136614186834575,0.04118047054318154,0.10999651900934243,0.01253462753706425,0.035832495777813216,0.08514414705835441,0.020554804489797244,0.14733412119644357,0.00914870451601426,-0.03479381280908101,-0.03148576573055274,0.017859152971061464,-0.17697477546893792,0.03609936846128531,0.03139574313292972,-0.008120526002210287,-0.09529635185043997,-0.04343035771916894,0.0861447867453934,-0.19458017512954895,0.09289733025551307,0.1481097327858696,0.14653642678279144,0.0922478060306851,0.0675342174035247,-0.12936462426193818,0.1556543956461273,-0.13936714518252752,-0.14813727281106853,-0.17053913066167842,0.09891774547865147,-0.05283711896571693,-0.14424222666673792,-0.1805215577877622,0.004175216512085293,-0.0075719262492378175,0.0969148242158775,0.030471543901337595,0.05945421744064704,0.12480700815241336,0.05476998512141143,0.0024634235719060244,0.08783215942805273,0.058602422328845924,-0.07124026609997011,0.1981611730075712,0.05996146108583204,0.13286420546383107,0.06811982330078487,0.08956214046635855,0.04339125896359525,-0.017943554662417587,0.08132272521722544,0.13674409352604627,0.06099984967415064,-0.03784626988955881,0.0970789868187463,0.28719340982792746,0.17733583539417289,0.09149485861620381,-0.018374800877430136,0.024005688260196445,-0.018505927894310773,0.02459685308721897,0.06595929385685495,0.023833755901551398,0.0876368789841944,0.10882629898422139,0.12466419888869576,0.019492121280260805,0.24470105889947202,0.027243467131097047,0.14346460631569236,-0.11530178246950998,0.03177546908778009
URYDL,0.18092400710150988,-0.29267880733487767,-0.0749072594052723,0.062054313901020536,,0.08391139772443484,0.2569280087306193,0.3967883734906439,-0.09281334312214277,0.13566561344017505,0.20360514989221562,0.2782098353246432,-0.04875059791141681,0.35891356950717435,0.13360116180390946,0.32922400699706916,-0.03536671551489217,0.1602346110968148,-0.04373538731790924,-0.04101516079257514,-0.16814054650330493,0.03349803910897732,-0.03196154526314815,,0.036254837247896014,0.24288746448642506,-0.01559335336031352,0.2787308994381551,-0.004235075254224542,-0.04535738328766251,-0.050199499624486416,0.17929303569253022,,-0.06294596002063058,-0.0490180629417355,-0.10189569424330705,-0.023372851221475838,0.11252387272606397,-0.0723917328005197,-0.0004436227231715557,0.01863073569356255,-0.145258823658774,0.2641015346229674,-0.14972930720654473,-0.059795268086807095,0.25735088845120263,-0.09767378661282602,-0.21514293107507065,0.12491407528063858,-0.10853412619987085,0.1537382051444836,0.18370999678118397,0.11953428699923468,-0.03223446211678103,-0.11903721892035937,-0.5739069674097368,0.2513121789493246,0.23262130285941307,-0.27917879051211253,0.3544012367663702,-0.2068204659964673,-0.18032999281338286,0.1460366952416105,0.00036541575721261527,0.10365945064816953,0.14480008229773841,0.28515451405076353,0.0390579550859735,0.051515767532520206,-0.06394462155823179,0.1267047860965092,0.06319583249930523,0.29463045904199653,-0.06415276790758631,0.24070507677821404,0.346692396283985,0.33380689597551944,-0.2261068653330086,-0.1301972494160815,0.36630895792335594,0.34788935292992806,-0.08336256491125967,-0.525893992000587,-0.07142934269041672,-0.132231609035037,-0.05103269822389368,-0.37838998591368006,0.20720721220551297,0.11745667015432569,-0.2178611871251384,-0.31682229012873475,-0.004153823607316046,-0.022185236372325935,0.0361174113609224,0.005360069833285041,-0.010412664979456579,-0.4400385424641405,0.0261072881357835,-0.1759784093416642,0.10346230819836565,-0.13502207342523004,-0.08135495570070758,0.07680628783373646,-0.09080382549795496,0.3969752101736863,-0.045153099676181495,-0.2868915710401308,0.21704273798385615,0.09234019995578739,0.042192607645675624,0.2790758139077319,0.12228775944143036,-0.01032427203237061,-0.1706840624415016,-0.39516979837622435,0.06132595084903926,-0.09962616011461109,-0.030422313191056906,-0.10014830152440775,-0.06707076690862378,0.1576105022479653,0.14053256591137647
IL1VL,0.2795298297367589,0.2631450301598582,0.49444293108759496,0.03954413454013706,0.08391139772443486,,0.09701957436879874,0.2135973303707333,0.36567478751177773,0.34647910167937235,0.25364507629477695,0.3034518687962483,-0.06136907327670391,-0.06232631971748111,0.33540081184584075,0.25781563202482616,-0.11378488917344987,0.12885972794279768,0.023288132112240324,-0.006647878218876756,-0.14687387296430626,0.1158972677120202,0.05407943847545793,,0.10832643462340315,-0.08625645762726093,0.10606955682358775,-0.09154897014897441,0.026116691962289006,0.092735306890182,-0.008795776745466439,0.2098674534759628,,0.2093031659510358,0.1727916452845378,0.04131855757165894,0.20115847998477476,-0.0564183149394671,0.23082490509703765,0.10844218992117718,-0.08851573305691131,0.08813976242663533,0.03292555449522892,-0.02977804160187797,-0.03775850631938337,0.04398854295507553,0.06595866436789571,0.1866159603725269,-0.010981986180651281,-0.03356016380843622,-0.07410617919848574,-0.053409170362464765,-0.036441331282042085,-0.08717005719956616,-0.0204625957289455,,-0.08210799232600509,0.03133812330264359,-0.013782177246888752,-0.05165555105474888,0.15593733636975365,0.048766718247303276,-0.1338531369639889,0.02892375812244074,0.059075417315195625,-0.12332117138646183,-0.0871870132632597,-0.038580862645293555,-0.09879534066281463,,0.052682625967209525,-0.09763366168067927,-0.17796054217826812,-0.08037832543178734,-0.21765455913707682,-0.11112607932286839,-0.15157280433660592,0.04288449296323549,0.33126237175512907,-0.10299088085106789,-0.15429048141230073,-0.2811293836305228,,0.12870326630189607,0.06258496561693613,0.022393178159605932,-0.004911761472137863,-0.1570779349062098,-0.15027005428974563,-0.007949174086251712,-0.033655713848871865,-0.25053623600809444,0.21885613742198076,0.026316193012587235,0.06598387407732649,0.1401671101193828,-0.005549007648671329,0.17991332249261952,0.001512504257864332,0.1412612492212968,0.0015411894872420274,0.032685037575506504,0.0056427389245800276,0.10025407043039267,0.2642250414747143,0.12088601676160696,0.14161146562408564,-0.06426362353831813,0.16289383981137717,-0.11957662314333574,0.01067809880075997,0.09408668987317542,-0.06983125816357506,0.05959601240134893,0.21054142305923135,-0.013467637520956175,-0.05367321263896658,0.030683491849490103,-0.007444062407489666,0.07931556509674653,0.011034915877342894,0.12995970804237586
URYVR,0.03474578733011129,-0.11259233308842109,-0.015399141677491679,-0.06139089239124026,0.25692800873061933,0.09701957436879874,,0.19139338239893125,-0.08357099072393567,0.044192897345976784,0.09553681379165413,0.23807487230676475,-0.03452961346374881,0.4648515519065884,0.13826338098823654,0.22279047175758457,-0.13457821289470207,0.017457425751988363,-0.04173533524871866,-0.020857822263696785,-0.18490461014227608,0.08863553596997535,-0.1346093130513972,,-0.0007510137225973782,0.2157129116758753,0.028897074394406724,0.22029958432556482,-0.07092562156557959,-0.05687246373677583,-0.12423479996839683,0.32483282677642167,,-0.017405158508987984,0.03334779422796613,-0.0031850434635537017,0.039495342343502896,0.11599215859373806,0.03961138984889803,-0.1019472714254693,0.07930803632258925,-0.16979437095880082,0.2177753804352555,-0.07796009826081478,-0.006149325944549519,0.08570907963856,-0.03746783516775698,-0.14074530202407318,0.041104644764796444,-0.14565566713383063,0.1014627591966157,0.12332423464278452,0.056685805561223344,0.049838869346763584,-0.09372583784264084,-0.4238473263375689,0.11261964730001672,0.07174820216918927,-0.19458571264279423,0.28973983936641257,-0.4190693181117569,-0.18162877389708162,0.08837317836725717,0.1597585632853606,0.22911641895786453,-0.04739256740981573,0.3423278621059086,-0.03364581895548132,-0.04268032146945204,-0.04818439634047918,0.02882600757199584,0.13434003012189408,0.33343964760819506,-0.055029554433951564,0.317600577219428,0.40350160739008306,0.36414654453156914,-0.20585868018260456,-0.37517974799482906,0.37367333662107605,0.3904244695073277,-0.10566129332098755,-0.3279099994486653,-0.15023609109127803,-0.17249511873175868,-0.0014564126570535956,-0.3542704921689395,0.07011026317880896,0.11282777915704394,-0.22203990720659936,-0.2587026550913373,0.20458644175784835,-0.03852900297615633,0.029672681673989853,-0.018956765296635147,-0.017125667448247728,-0.25912897875643354,-0.10084533209984652,-0.06771553972503705,0.041734029658238005,-0.19013562357190494,-0.02232590887652401,0.24663917152173295,-0.12505662291844963,-0.18242317417533194,-0.157579569913704,-0.20099432421369628,0.292742714543101,0.06189951499765448,0.1098353625512511,0.0827338088323064,0.19671747233146916,0.04317221123509513,0.13526019474227982,-0.2310547913347817,-0.07736986556037276,-0.07938623121114716,-0.2928430207243304,-0.12118662147740573,-0.20742219110347873,0.18949877723681702,0.22478703193566918
URYDR,0.1539847651411283,0.17243494035966553,0.28986744715761115,0.06162727290593183,0.3967883734906439,0.2135973303707333,0.19139338239893128,,0.2941214643541568,0.32793280914354783,0.2310699644753675,0.35920364338606153,-0.023529247773614134,0.09923596373926336,0.25808398813756417,0.3116025822641918,-0.10091592573727792,0.15834887046439775,0.019589437525058418,-0.01413211902427733,-0.08803691388380326,0.16806974071930703,-0.004204434561415067,,0.11333540578259783,0.10821459141835495,0.05154032146215552,0.05770829197147705,0.05876757407318402,0.06184927123656069,0.08373537196394858,0.2935831387284582,,-0.006567646965865768,0.1287360345725024,-0.06751023897997889,0.029211640497763453,0.00883211472668983,0.09773061072202031,0.00021021633421553952,-0.04359419213376464,0.0240144363764776,0.2317538053213271,0.06697187032231948,-0.06232557906466,0.09002623617098954,0.01781414480634333,0.1182960084062624,0.12495391789534671,0.03589545190886557,0.008747427981719187,0.1264895029229984,-0.005130724541684293,-0.1271412234129917,-0.0774093516387343,-0.21477812187238265,0.10479529186704,0.12175549327360632,-0.10686757783516619,0.12852179329962446,-0.07410139479012562,-0.08541886449836757,0.08753147466562504,0.06137001677556019,0.11383583395243363,0.0908802835929063,0.09923578636197983,0.007931255605321319,8.850997973210845e-05,0.055487645759513295,0.06988739093903115,0.025103641886629325,0.10373012583503709,-0.05364435908866858,0.07338577089228253,0.12959855747136972,0.0537832911777121,-0.08939946510119202,-0.09938453791593736,0.12018523986071764,0.03095400293132221,-0.27788777825604316,-0.19679347792194646,-0.09919702837450657,-0.06946692177778867,-0.024697681692496525,-0.16881655462144332,-0.06626141815340077,0.03687571871376069,-0.13613368452936705,-0.12470277640639245,-0.15819587218462441,0.07617617113674438,0.020796219797318084,0.061338235824800094,0.20140416081240362,-0.24492709786722808,0.0897576057055556,-0.005338734113906028,0.10112707253268988,-0.08097109124776795,-0.02764552848272578,0.15777655058999213,0.06530372486006587,0.16255291350743248,0.05543407850492175,0.09429249501260033,0.016689581461075922,0.23860345164537936,0.1496875443727807,0.06413955720057027,0.0973847800799723,0.16376350563448486,0.021644962946412494,0.09216094893460625,0.1667106932008111,0.04586789465703756,-0.0017164664862515742,0.10424413131465025,-0.04492172303042421,0.12198337801331893,0.1978320256281047
IL1DR,0.2797662202868136,0.5821046780456697,0.4988371752070561,0.10896115503154757,-0.09281334312214277,0.36567478751177773,-0.08357099072393566,0.29412146435415687,,0.3573440664806255,0.2214051464196547,0.29069818065245506,-0.047888257450651464,-0.22797298596760437,0.4163398090215322,0.21284664158743935,-0.03846700356890666,0.2629893858791585,0.05804715474990047,-0.008448998439710493,0.12817554188324343,0.0711852294890687,0.10313202835386544,,0.13483955423910157,-0.24464869174907838,0.01178406475371796,-0.2020141812034201,0.04424300811584284,0.13230278127660072,0.21602608780172064,0.09053038028156599,,0.10421259592694504,0.13077684380202897,0.06930103138114241,0.09351085714256327,-0.15887527075261706,0.2374122852833491,0.21505670038012734,-0.1699901961456886,0.2384274770898382,-0.08250814175348979,0.22272723666198577,-0.03742441922432741,-0.07824169205673731,0.0682847031543665,0.35981892077356276,0.016950024235171973,0.2840852188620558,-0.11519359215846055,0.05430470382054012,-0.041266102366207646,-0.11378159358858508,-0.0302340376932486,0.3287266952567599,-0.09445135686850664,-0.06575888816896018,0.09690603468216892,-0.3726420262540345,0.3661155636469155,0.05482313288281596,-0.0739003835540232,0.009853402169319648,0.06032711566233675,-0.04939297716000555,-0.4055696486085655,0.022636249323955526,-0.05450026471264217,0.08900407319213981,0.028550096283119046,-0.035008713203970185,-0.39159199711454545,0.02498747799992383,-0.4036843799685439,-0.31745681752236704,-0.35944050892693197,0.17906363625798147,0.2462309034806025,-0.33706948388336394,-0.3999505115161552,-0.29139648915190486,0.3561615308184594,-0.008554591804939532,0.1337307322831769,-0.0038922705562800613,0.2727240504798286,-0.10421336515175408,-0.10383863728734606,0.21504830354101964,0.18966863042385806,-0.342150629286036,0.2646438772712504,0.01718612997261331,0.09189762402452696,0.2667449155389406,0.17122471092578972,0.08195606566453209,0.14748726033537585,0.1971572145365974,0.17107507833073965,0.02449180506203027,0.01880335232221111,0.2992221128108364,0.426442522820473,0.17493825960664977,0.42004870882265927,-0.16157984833111178,0.1293414863882495,0.03771490345521596,-0.1141174751797585,-0.09097613079382681,0.04568324313004569,-0.018904774563712118,0.5103380218877791,0.20658590171943567,0.08148496374590684,0.1928242083854694,0.20595678633670214,0.23681779814071371,-0.11742190568385893,0.1448675551941374
OLQDR,0.3275018433507132,0.2137432226067144,0.29461372008424735,0.1547939160614118,0.13566561344017503,0.34647910167937235,0.0441928973459768,0.3279328091435478,0.3573440664806255,,0.4090345317983967,0.5234871695800626,0.007392495507979316,0.03212220481306508,0.32721365618258136,0.515869091099186,-0.036406746069137866,0.4346936448310576,0.04393556928417952,-0.07699294517848544,-0.1262137339124178,0.04877313361985697,-0.1315564987831143,,0.1174426083574016,-0.09416274389703472,0.07421197467294514,-0.10597018451346758,0.11201898976361413,0.11655401352762816,0.18991627763245666,0.3642466890844224,,0.06814046377410829,0.22795876502529666,0.02713860364487448,0.12054253318190027,-0.051792822521974986,0.14465297918905107,0.13154220389236854,-0.1460805579020525,0.11196872423653768,-0.08244130148418073,0.000411015133988717,-0.12096007331406086,-0.0077174049374244885,0.05722405658872829,0.07313719929154149,0.009787135241155499,0.06807787827772296,-0.010568465044373433,0.09225289715866267,0.11532712147912022,-0.07019661609651437,-0.00994367938026297,0.009765591968806123,-0.06357309005884001,-0.06364919555659727,-0.10358085611363944,-0.1458076238164051,0.18618631619175768,-0.045312641578396894,0.00819840014764119,-0.09824310152001794,0.04662805133934038,-0.18883589668195383,-0.09878447247059081,0.0472631955830081,-0.037747790564078794,0.06299616743988264,-0.08995431107457068,-0.02913611559575311,-0.30874288963618585,0.06485549382371217,-0.19561166222261608,-0.1642741232986436,-0.1779482945012351,0.021783525526969067,0.2791352071732162,-0.12949201408218353,-0.13562299662279223,-0.2446547745098766,0.09187273032607775,0.08504271777500019,0.05648910025784839,-0.022383227692069976,0.14627214528311483,-0.07639360684589952,-0.011730949173780642,0.1491447760237857,0.01628715825590882,-0.2967055579399163,0.2927295830795084,0.004236727751382079,0.02655767602338921,0.2668741285056223,0.12742844371809828,0.19266848330525987,0.01154856535996671,0.24188397841263193,0.09153300725368292,0.06264382608243818,0.03224645381531075,0.12676156919450798,0.29968870813234055,0.1876414898314634,0.33109883618253005,-0.018885145428482228,0.07291044791647561,0.08392193445190295,0.05156395340957932,-0.0034236257740730275,0.10448332182299903,0.25679669549784045,0.25774431776025164,0.3077380062980946,0.038185797777323935,0.33512660861925614,0.1275527942683749,0.143013371667484,0.014111603791708466,0.205074889399664
OLQVL,0.5268802407412486,-0.02811325612151878,0.10130254895026537,0.22640825346060994,0.20360514989221568,0.253645076294777,0.09553681379165413,0.2310699644753675,0.2214051464196547,0.4090345317983967,,0.4794648773434128,0.010069438106282096,0.16034492569832567,0.30674162021220364,0.5826462102601433,-0.06514512902780252,0.49395001250848314,0.06406394478880065,-0.045075569345861134,-0.18332012110582588,-0.06230280307996378,-0.06053689133542073,,0.10982054963569159,-0.0645203095469913,0.01931649009200369,-0.013543351634626367,-0.008946865939864795,0.03383273130902501,0.16131028236897887,0.39063999115251086,,0.021532319978372037,0.25284747064337953,-0.06731745780064297,0.12808671200357288,-0.04934730548815522,0.12828533410371729,0.2020198518909328,-0.14575489286844334,-0.01006053278702646,0.025934546495141923,-0.056496283913666,-0.09537314470816691,0.045378952015060633,0.044555016698209916,-0.03434489591831354,0.07164881691940726,0.025197224298068262,0.02520911270410148,0.121703681847079,0.25841317230026584,0.037811699519247406,-0.04171351435401621,-0.3812025349080022,0.08752441734183221,-0.07554658149188004,-0.18365791120281547,-0.1364450386033103,-0.02947979773180344,-0.1308648589608104,0.12464121911401176,-0.062227375226305205,0.06488103257810966,-0.16856841870665917,-0.1350236159031659,-0.0029800204537656825,0.013094074820216392,0.06881190963793665,0.02603159469781308,-0.030792551893022133,-0.09583198720767085,0.06315539928531314,-0.056617696394608015,-0.029025857115463415,-0.10729576599852227,-0.01739138834932048,0.16690627457381255,-0.040110227755307155,-0.14430720438804362,-0.2793717602949917,-0.3395324456212663,-0.054085588967264384,-0.03407095820581514,0.007340543765539362,0.0139303632902943,-0.14790029035897112,0.0385574939717716,0.014903633920460086,-0.08565493710620416,-0.42047328031525877,0.3280231740597216,0.013426709353307318,0.05798785335419933,0.05865124906047277,-0.100905982350515,-0.04959293556118915,0.010218869381667023,0.28703794963344686,0.04577186409287853,0.12673972121778232,0.10273314713882846,0.05683521772361854,0.46861912306650866,0.1591036350650613,0.18453228877893946,0.08432874438998174,0.038609138040573504,0.04149703454717556,0.15025096495533688,0.0841147616775404,0.05419373716619472,0.23226668883623316,0.027817185851218784,0.13674753843366683,-0.0070664459095890805,0.25821390798802396,-0.0047938477659567585,0.2541313876617771,-0.050363847945345964,0.21714577915673614
OLLR,0.3709563266773304,0.20608895507732983,0.28899307486474296,0.19324548137306016,0.2782098353246432,0.3034518687962483,0.23807487230676475,0.35920364338606153,0.29069818065245506,0.5234871695800626,0.4794648773434128,,0.007175551614251075,0.11032741719007082,0.31821951905827944,0.7277242951194318,-0.05604296927133047,0.4839020436090374,0.004733551926440691,-0.050162261745703124,-0.07504517927439881,0.10255183929218316,0.034120886914099306,,0.08017635766135038,-0.058188059865677745,0.11244509453161718,-0.021135217481317314,0.10412210019049549,0.08157548125919886,0.20299558848984606,0.4564471097744139,,0.07429597595639212,0.2395789050598859,-0.07033045954786998,0.08873991488862044,-0.09544492826293904,0.19167580330056086,0.10549320639114057,-0.11840332962250266,0.05384731365474163,0.03562187250690924,-0.005928470340896312,-0.07064554627656101,0.10535246018696119,0.05970609977714491,0.030834480214234163,0.10238953487649577,0.010264239696711374,-0.011681017963343225,0.11483571357448256,0.12413113990155,-0.05968666784604163,0.01617110053246023,0.19095805116618403,-0.05475135313769862,-0.11301884886075926,-0.17679415168477114,-0.13695396882024796,0.11508788836615758,-0.14561330679852114,0.05656431931648758,-0.04025817928433646,0.08872783102839403,0.2871480096929354,-0.11191520078067901,0.05766986608003323,-0.07116103056491212,0.06041076105877722,0.12119349004966051,0.04200621297695222,-0.2691760065697283,0.059099704021851475,-0.2625161354989591,-0.043530520035096845,-0.09850685398866382,-0.07586346139454493,0.2937001539669636,-0.040236576966230404,-0.10615328732975342,-0.3517952503698596,0.1936495286897418,0.03106169682170513,0.0723326261169148,-0.018494259247866126,0.1266812056018402,-0.13230252173818333,-0.03057010314215736,-0.12349071908273841,-0.026203607526105024,-0.3433164696966972,0.2865682119615987,0.02788672510423521,0.11789124894537892,0.17096243351593698,0.030947191130036102,0.03615204185990972,0.022443438240623857,0.345307616645913,-0.004801881294383879,0.08918548311290882,0.08426050452451339,0.03597804516475984,0.532110044294476,0.16892307527289305,0.25811334023850147,0.032907857792428385,0.08518500629160054,0.12645894897771542,0.17030757722890524,-0.004320555568314753,0.12964925605297148,0.08847492403874757,0.17735297152228918,0.2558677590127006,0.008908181667339659,0.25144617890722676,0.03661320220463029,0.0874023679565134,0.012853589490409476,0.2609428587028038
FLPR,-0.035702295510241316,0.056690945665213474,0.016353528737803134,0.07209014075114939,-0.0487505979114168,-0.06136907327670388,-0.03452961346374881,-0.023529247773614134,-0.047888257450651464,0.007392495507979312,0.010069438106282101,0.007175551614251069,,-0.007371255599807197,-0.0668033610719295,0.025403745752058345,0.190191803861667,-0.012462913386635069,0.0974111691390022,0.039380982241721076,0.15857228048527447,0.008165435401789503,-0.051063353783142244,,-0.08886735627099425,-0.0051721293071686145,0.12425504996294158,-0.008309410102971133,0.06344143170444431,-0.08305590614005434,-0.05734543442113593,0.09723368835901992,,-0.013273165136357587,0.10398046829026611,0.0023612291758470655,-0.05138221074223467,-0.032859831403376005,0.09132626420931489,-0.08960391824276343,-0.03010388521962217,0.010296500036172423,-0.001761644721459754,-0.07795403895487878,0.04104568975504164,0.0518190881853471,0.09088982841017462,-0.08148139895233554,0.05729288050808411,-0.014042846585079288,0.07122823248673726,-0.01826184596151477,-0.01961117118742042,0.2757492092335295,0.17289563450937417,,-0.09126650186915428,0.07602456305665392,0.10982307340552662,-0.02483414804106644,-0.057666091703441204,0.1532915264616334,-0.046873730227508535,0.049398580188732256,-0.016622865175825032,-0.06987876307624405,0.028894251368760508,0.12072506710724046,0.0060766163663929715,0.12457834349919698,,0.012755789960088058,-0.0917093945064312,0.08700529195467839,-0.07339855653832625,-0.004622505628047419,-0.01331953002500175,0.04339880776045635,0.08820736251293879,0.007992549228071397,-0.03558159219999427,0.006990962634899662,0.24682923323020614,0.1733526329271333,0.05711061683904832,-0.006904052026990157,0.09609249016341342,-0.03245239089041018,0.0511266545711538,0.03403962821006441,0.018496097640877045,,-0.06576847158335976,0.06189022760274148,0.07181211045941747,-0.04501536598436296,0.09876120986069765,-0.024730138524539026,0.014636634533673027,0.0635195542959222,0.04506690081924731,0.08021927567146844,0.01893079354916754,0.006063813361399477,,0.07250860559428259,0.03305855372671243,-0.009646628412112526,-0.02209374032284907,0.040515244933695786,-0.03328113564605835,0.02783637208552818,0.015141737249525826,0.12146785698443974,0.028363638683241727,0.0032202545886332247,0.034876839885602945,0.014819045506730848,0.0009950367594942899,0.010369535527771744,0.0864525404440762,-0.023334264101817253
URYVL,0.06709610572189809,-0.44811180862702576,-0.29882246274694374,-0.046642863856766456,0.35891356950717435,-0.062326319717481114,0.46485155190658833,0.09923596373926336,-0.22797298596760437,0.032122204813065096,0.16034492569832567,0.1103274171900708,-0.0073712555998071815,,-0.028886722263517645,0.22185972788674377,-0.05102852218655005,-0.017970244958636198,-0.07864833040132149,-0.040443162224788116,-0.06739856137080688,0.05879138127770723,-0.13177505694870645,,-0.020869804770016674,0.3734906910791735,-0.12576415816741382,0.38576271476320767,-0.19549928233387875,-0.1016779946461736,-0.20490684298316736,0.30765740428971133,,-0.13081377198798871,0.014691713983063712,-0.09356598627503661,-0.022239848149026124,0.16455058924515165,-0.14022635057799132,-0.07134098425986433,0.17064842276342881,-0.29696758431370335,0.3859953342714792,-0.15685797272735497,-0.019914104725796043,0.19862514257289576,-0.01820713471729734,-0.3032697611342551,0.057594460664074115,-0.24986955973678468,0.15999476466175983,0.16353440591436572,0.17175818196421727,0.06266216223983785,-0.0929857594148788,-0.33224750281110865,0.22050149340175373,0.23444084866405274,-0.3219034131833301,0.5650929825274792,-0.41101492095158687,-0.2342255541567014,-0.0340485375954208,0.047623009240863094,0.1428144264704822,-0.060570546589554915,0.6571057877889491,-0.01364047462032399,-0.029850058806422462,-0.05935409129109722,-0.020073826410803478,0.2082099068215168,0.5462007608205312,-0.10341461820362893,0.6401395740629301,0.617025037642172,0.5481187237999765,-0.3329459764679399,-0.16551875262371304,0.5989519724495409,0.6264565156687941,0.04304026739654809,-0.48292780584224154,-0.0228326310561614,-0.22918696200417366,-0.012205780813046145,-0.5303273373518959,0.02464292265734071,0.2022780472767676,-0.3265713800301522,-0.518729034596163,0.10735114453747782,-0.08964716043774004,0.02742283869725095,-0.05131674806302511,-0.11903702988292691,-0.2998535866694373,-0.17393238444736933,-0.14469060265320088,0.09262110176188723,-0.28275965181206975,-0.1310410814885346,0.22753240448894746,-0.13162262250007528,-0.4853097282404629,-0.16337887097319453,-0.29992628001907945,0.2946824624264857,-0.013472919673342132,0.0790274022862271,0.15607886540568774,0.16381674075561403,0.05439079693773194,0.2137599479998296,-0.5117104234331213,0.15845375549398077,-0.1528911714911415,-0.30860381556122923,-0.22875067678034475,-0.0795536950618622,0.24527497670351212,0.21273967797948495
IL1DL,0.36368931965965107,0.15396335301982728,0.23911584647228276,0.12991211643633055,0.13360116180390946,0.33540081184584075,0.13826338098823654,0.2580839881375642,0.4163398090215322,0.32721365618258136,0.30674162021220364,0.3182195190582794,-0.0668033610719295,-0.028886722263517652,,0.3456588726312088,-0.044282253773041715,0.3511173734494276,0.06495667239603019,-0.051689944237560945,-0.0309975248250519,-0.0729147929681322,0.07746894117841026,,0.15438139194012396,-0.08644828576318637,0.014099464438874337,-0.10285643021554676,0.09087553146546212,0.05717519505976569,0.1768708173233268,0.18222609687465485,,0.008154814417682484,0.07260254966987258,-0.008420422834958152,0.1162703898227262,-0.050900404815689304,0.09017342716754999,0.18333937648727403,-0.17787608463542254,0.12827452930148647,-0.06588636597091993,0.08370815908573033,-0.07968160213272976,-0.0459818798215883,-0.0015691554022741112,0.20086196116916846,0.03196026545225671,0.18096768552771125,-0.02636609972837467,0.14016211451982916,0.08780747450135928,-0.08566041775969531,-0.07731758875362572,0.030024455129701054,-0.1142121175341304,-0.02827609756570928,-0.11071458694638052,-0.20905227632116785,-0.0015341129167822654,-0.08986749756890339,0.16419014280109515,-0.03197528580069515,-0.017282830817581443,0.1227077033360337,-0.260331429299235,-0.017851106735509117,-0.07918069614457485,0.033042492804338686,-0.0028644258281705424,-0.033915781237075976,0.02747168518177194,0.025395682738144472,-0.02095494637780438,-0.08648926211970086,-0.19303759134268056,0.05688324464528924,-0.006316008066071521,-0.08428750191606095,-0.24255152283140974,-0.24956557286195277,0.047055932330467405,-0.1553649553382614,-0.10215245625445496,0.04389143072768514,0.04121972065286149,-0.0726766330776291,-0.010939156772291292,0.18700752727964412,0.06529234822151962,-0.2879118165025067,0.2680086614543166,0.01068813727549209,-0.00440331921258034,0.14210600974317023,-0.13992245209998772,-0.2024294394560755,0.09424287995783094,0.08086263118550202,0.006258312343184912,0.043334792513485695,0.11406096363303976,0.15447848848769768,0.3247396909408971,0.06565655940469695,0.02477849769044968,-0.02481493442757089,0.0562815034509,0.022876239442465272,0.10336435729616046,0.22141097398030116,0.07555295917767132,0.037624439768021906,0.18033826327770797,0.07926730716055846,0.07098698077404296,0.16774353501374792,0.09074918347692788,0.06830201491213125,-0.11628723142709957,0.20133198886903647
OLLL,0.44210532097115596,0.017968610212158717,0.12639658229741577,0.19585351772828005,0.32922400699706916,0.25781563202482616,0.22279047175758462,0.31160258226419174,0.2128466415874394,0.5158690910991859,0.5826462102601433,0.7277242951194318,0.02540374575205834,0.22185972788674377,0.3456588726312088,,-0.015771109977956395,0.5856907586452126,0.032533778478396065,-0.058688075747758764,-0.08447603639142398,0.05165792733088304,-0.010129589113629323,,0.05231364092153656,-0.03948185883246653,0.05855276379612027,-0.003519676729511004,-0.02223736912539782,0.015014429884064578,0.1924313338403805,0.43408344293815754,,-0.010371295932223938,0.26977763440091934,-0.08908302783281788,0.09450404601601434,-0.06952181109812731,0.14337361537542345,0.10655010448545524,-0.09469077094415872,-0.02995287786664458,0.043091980177745404,-0.05194534976344867,-0.05985406881177907,0.09369448650918223,0.03763129096899132,-0.02909323738181062,0.1329370673778308,-0.032632130400243084,0.0448924331923152,0.14188024395653168,0.19578748586398553,-0.0028649717704943363,-0.0022898976601062613,0.16943059438082816,-0.15267638395571714,-0.12867063552662628,-0.2594609887575605,-0.08001258205038132,0.008601507136750494,-0.19307696956297066,0.04893891274773361,-0.010908584817125025,0.13022718529664357,0.07158239256084176,-0.03413621362104294,0.06643253029016698,-0.06618885420888293,0.052701806416402555,-0.06536442200016924,0.023005100303137772,-0.20041452412639504,0.059497817311877824,-0.10878620650460954,0.037399600784767784,-0.08776376967280262,-0.09101332941909461,0.23380277254037138,0.044833339827208316,-0.056979740726425775,-0.31783926455852174,0.1460222873472612,-0.004931346817352067,-0.042882229577499875,0.0037931308447067004,-0.0220670887710087,-0.14475342237018665,0.0018603799684670016,0.023745416071414664,-0.12363377162135904,-0.48139512829480147,0.29072017052187155,0.016420035732314035,0.06455581288563493,0.09070943758845186,-0.041811650707953486,0.0005503794855335834,-0.004052889939708999,0.335614371615605,0.09276261207651065,0.1110836761058959,0.08654548785570312,0.006362442191161442,0.3413862063597555,0.1724152632399072,0.1366869165916081,0.09242852241678735,0.0445811581401803,0.025418614454510997,0.16717734491529762,0.030704274972351855,0.042812702371905584,0.2672492827950871,0.06217465189554613,0.2391590886830579,-0.06000772751008432,0.2469564717598825,-0.026671450329862883,0.023027894655629794,-0.06847098277989919,0.2329093441005102
ADER,-0.03768680592553453,0.029448053181304838,-0.038154858245793725,0.03541550666675147,-0.03536671551489217,-0.11378488917344987,-0.13457821289470207,-0.10091592573727791,-0.03846700356890666,-0.03640674606913787,-0.06514512902780253,-0.05604296927133047,0.190191803861667,-0.051028522186550046,-0.044282253773041715,-0.01577110997795639,,0.0013448718920588013,0.09070683080774374,0.03857325224085714,0.1586331927187181,0.04398209029004049,-0.02306697860167637,,-0.1583857386426279,0.01103703718568523,-0.031749905492283854,-0.022140393278711517,0.010606822928645858,-0.10278479860571048,0.006690742437773739,-0.11310947358696744,,-0.09795227646104361,0.050071487212231265,0.04870273032656993,-0.01735799549514299,-0.009768196500364052,0.016621865713309664,-0.059063026355101744,-0.023174482392972276,0.009731113233419218,-0.10055109584716891,0.030087743689868822,-0.007334699820340411,0.05837225923401326,0.03216963275499265,-0.08387671359449768,-0.012587846987075098,0.029267006951640164,0.07216701173399603,-0.006849343503289543,-0.0446042909494656,0.13617130329070504,0.17829512777400833,0.02135496402323432,-0.012254469865898917,0.018041642852364648,0.014567373460598753,-0.07228102156099771,0.06651934735859055,0.05179784108339456,-0.04844978081672198,0.014839773657094244,-0.02342967254262676,-0.1289661941753295,-0.06861030286059232,0.09471695731626352,0.017860412189809206,0.06793708415887478,0.01025202166002118,0.013068505701378394,-0.08318774406573586,0.08464510966588222,-0.10708558867508554,-0.10026053704859353,-0.059919368641365545,0.13621227668132924,,-0.07120429822451538,-0.06168207310384076,0.06854054029108114,0.0852568844239116,0.06301702543856652,-0.029653707039691286,0.006183609183187976,0.12727269366534366,-0.012620675791617245,0.044148065215066014,0.07313518324089731,0.074803262151916,,-0.014065009234527831,0.03061422189345684,0.007660066541274568,-0.10083342468705395,0.16150304774758648,0.058806824733039505,0.11248263409986162,-0.003441040111421535,0.08077488074416529,0.09842348487557341,-0.0288169418305797,-0.030979833018505147,0.026937730313308393,0.10455277375154504,-0.015994434054865104,-0.00671102337445655,-0.07394167376455446,-0.07567254168514574,-0.07204949454728554,-0.11388327677300877,-0.06373889531329793,0.13820114883685547,0.013865059967338254,-0.06980187970987971,-0.053101389896184105,0.027946320581401653,0.006784652479026404,-0.01779343354498672,-0.15436086768174437,-0.018747122150583388
OLQDL,0.4977617249067519,0.02270359931340607,-0.004248333041863614,0.2638948404844843,0.1602346110968148,0.12885972794279768,0.017457425751988363,0.15834887046439775,0.2629893858791585,0.4346936448310576,0.49395001250848314,0.48390204360903744,-0.01246291338663507,-0.017970244958636195,0.35111737344942767,0.5856907586452126,0.0013448718920588052,,0.09088808111753317,-0.012758522926059248,-0.04825063979206642,-0.033149251538772906,0.04942031530812308,,0.10813034518044401,-0.16166406713975673,0.08961620883614102,-0.1051176356986411,0.08488806519215326,0.056152944325113016,0.3707301422056909,0.21694863416407292,,0.042069592390729244,0.22527256695259296,0.009644299918477388,0.09621277914362282,-0.10225599286992638,0.11705298980467696,0.24745536729227127,-0.18557571070633058,0.10572688747732899,-0.07665471123105104,0.07556520328141648,-0.02962882054874001,-0.04841388877697025,0.0626836545480927,0.03288215927479192,0.12243676658617517,0.11349994466044215,0.0351625856258421,0.1321412607342269,0.22746079653200013,-0.02611532779001075,0.05599985910982847,0.07389196887364889,-0.13680933945479895,-0.15604981463903905,-0.1286364768076724,-0.24308259301952306,0.16112665656891634,-0.07999447182596778,-0.21502855223425954,-0.0745341121081671,-0.00831242099066157,-0.30605780949482825,-0.2671535814532095,0.03562582200963478,-0.012520658177324265,0.07205085053455226,0.05391204224667837,-0.023552164032472026,-0.2882253788772259,0.11331740382544846,-0.2418991851480103,-0.18966838493154842,-0.2270310577120016,0.11123596711970316,0.14941866876463838,-0.20634685751362597,-0.26543227022745897,-0.0095966867686351,0.11100518451317187,-0.06562132037662624,0.04813407909636317,0.01617627377882553,0.23534114393083017,0.01088848356554215,0.02972712429855528,0.16460999858512135,0.0774323452125634,-0.25421084397963184,0.37703247956364583,0.03225845408037949,0.04950343336996039,0.17058740394683383,0.1466415949060937,-0.0054243143598019135,0.048235064250477355,0.2739979913254846,0.08293837199069895,0.12227794994020319,0.026080691738142134,0.05906876141269135,0.4778460268408276,0.14099983132196606,0.24714793467028895,0.03007656995781945,0.060370094377535564,0.04498532118454942,0.1652042397931525,-0.03353378593277163,0.08605886243831871,0.24678661205405814,0.12319993517384116,0.2694914330158703,0.06624946178343785,0.45705086667383704,0.08439152646637312,0.17187552442419568,-0.08399353600366749,0.19046862646605836
ADEL,0.03227769247105919,0.0505127013938735,0.022798373259774043,0.2815871562158256,-0.04373538731790923,0.023288132112240324,-0.04173533524871868,0.01958943752505841,0.05804715474990045,0.04393556928417953,0.06406394478880063,0.004733551926440693,0.0974111691390022,-0.0786483304013215,0.06495667239603019,0.03253377847839606,0.09070683080774374,0.09088808111753317,,0.03416058763926243,0.12144732516440683,-0.029392019306790616,0.0935329221980783,,-0.11247744678183222,-0.044926080705966584,0.05795340145990426,0.011694217439926715,0.023407342131087652,-0.12215995870345785,0.09286831183017842,0.01438860599438715,,-0.05004401726647654,0.03295524961550814,0.0470759796343023,-0.021005579920585066,-0.05975691111506682,0.034388742252045856,0.009950233094055768,-0.03556552050750759,-0.014928877497779462,-0.06651781425604755,0.08075569717531349,-0.0006134244509514048,-0.011232377316837992,0.00960496055310813,-0.01911334162189675,0.07512085538820569,0.04810065444646457,0.0024681118896298948,-0.009339952884745206,0.008985009336269676,0.022231357165981236,0.10411265088019601,-0.13491010872282172,-0.0251564570408722,0.03536780700987196,0.024604741757815372,-0.07410747791849125,0.015661240881933908,0.012038061594062347,-0.009923743479329871,0.0016974932676239371,0.025904915644971004,0.06697954845566778,-0.07913438186669215,0.08984582121550408,0.11674625077688937,0.17139722958233836,-0.12727138447743314,0.10598381736028374,-0.0710410977149818,0.1410673034538005,-0.02218252338481086,-0.07021355402478988,-0.07816637665777372,0.06929658037106427,-0.017865454193789043,-0.08727673651896686,-0.09440280424818812,-0.04499842496993384,-0.027565689696436434,0.02357355794023008,-0.05548725991332239,0.0869666335483696,0.043315597680407936,0.09303440906463338,0.022569685724957298,0.17109587208897364,-0.004565185084357826,-0.0742909450045074,0.13367225486790338,0.04749321521934382,0.04408931342044221,-0.006985819840374453,0.041778390654809344,0.09283898558558504,-0.05462583957088718,0.00676901062032493,0.15257830351467247,0.051046813862683456,0.01862621881281674,0.11076786143317612,0.010696576853592661,0.09490506051640515,0.10599218895809287,-0.016957848243967455,0.011253322944018193,-0.029824785740700462,-0.03860183322883331,0.045600058370068586,0.010410281686061078,0.10112689965892104,0.07450907768518929,-0.046344197702542264,0.016947962100677057,0.07168438020611208,0.03412762100702892,0.06046918319853085,-0.026008251318053267,0.01723617317678704
ADLL,-0.049245697078369434,0.018403613923710743,0.06219629251363188,-0.0031942533727344416,-0.041015160792575146,-0.006647878218876753,-0.020857822263696778,-0.01413211902427733,-0.00844899843971049,-0.07699294517848546,-0.04507556934586113,-0.05016226174570312,0.03938098224172109,-0.040443162224788116,-0.051689944237560945,-0.058688075747758764,0.038573252240857135,-0.012758522926059243,0.03416058763926243,,-0.024563046993027363,0.04623862924945131,0.3783262959748144,,0.012879890135438892,-0.0029529029279324326,0.07546927511299704,0.03716752232568394,0.4758751378404358,0.015228091454493154,0.0453941742139676,-0.050463189484718986,,0.059128856198249355,0.03878111822720468,0.050628030849113236,0.012008402574367022,0.012918049846902629,0.06976806570023097,0.00454170082777048,-0.01262804152856883,0.018450898699495486,-0.026339761957286052,0.02293769299140881,-0.00568131169065283,0.03523126762309641,-0.0589150499946272,0.016791679752813198,0.021509376366510402,0.010455852510817844,-0.01593952052092998,-0.029036234477301852,-0.037538344941795546,0.011188730745277237,0.04554145864877647,,-0.018278301046643502,-0.05604839087067496,0.10252440585484765,-0.08351809038729419,0.07750317510569639,0.08637231907895063,0.07875754000399182,0.08330315659860954,0.0002467801098060958,-0.025306468843292282,-0.07347856272360428,0.010067183377813265,-0.0033651381758780887,-0.004744687224919859,,0.03693341893169746,-0.04898401958800234,0.04290458338092232,-0.08331960855035268,-0.02238338504701921,-0.07200690943888183,0.042530749299914974,0.038315717595832986,-0.06838844857408467,-0.0325121153257649,0.028546227499286647,-0.03455091214338393,0.006391281921682655,0.05125324533693577,-0.02941830197519458,-0.046938815390198035,0.14661890371877326,-0.019101794930455333,0.03886436008591467,0.03582654580249268,0.11555573630283365,0.037837942575319375,-0.004450819333017259,-0.0004206730342730273,0.06413086691595889,-0.07595603124844327,0.10790677502768925,0.08428055903125822,-0.014480103424003141,0.102274799430966,0.057456968260468644,-0.013192175280235904,0.0921591662750445,,0.07676341864778473,-0.050316608070181124,-0.04295513920321744,0.004987614942980257,-0.07100057816756891,0.04169966242038385,0.04742527431776582,-0.0791813660702779,-0.006597915773696988,0.0759795735971244,-0.10789069014250777,-0.018810338656501,-0.04914265134045246,-0.01521669747385037,0.06874219511832806,-0.0124676987536146,-0.05845295707450321
AQR,-0.10847402978531093,0.3246074148920613,,0.028072452716539763,-0.16814054650330493,-0.14687387296430626,-0.18490461014227608,-0.08803691388380326,0.12817554188324343,-0.1262137339124178,-0.18332012110582588,-0.07504517927439884,0.15857228048527447,-0.06739856137080683,-0.030997524825051886,-0.08447603639142398,0.1586331927187181,-0.04825063979206641,0.12144732516440683,-0.02456304699302735,,,-0.018396974860763853,,-0.04480958514765593,-0.01742518949967803,,0.08832284108369892,,-0.021576041831055614,-0.050615039748829374,0.023875211232743835,,0.0493960124871447,0.0887073574984759,0.11093894114101135,0.007617739101682801,0.01161327753977448,0.21080275778045507,-0.003829221949366931,0.012734758837465462,0.011498393919207012,0.08512848161416722,0.1455353011986242,0.02979137617884014,0.0352478570858731,0.09190675424738055,0.014937015582048185,0.15374977761353664,0.022878517224317912,0.06865407937163592,-0.05893465346817134,-0.042342745335448226,0.04179459897546456,0.09643290467093585,0.23924280390599015,-0.13900931741182998,0.08342843222808696,0.07847167916366721,0.0077297420719004695,0.11136064274711086,0.177059677192586,-0.2871081258511228,0.028219340272193257,-0.01890723320508515,0.14368799027817178,0.024263830521104812,0.1699660652760458,-0.14395144081718267,0.08856229522309594,,-0.06240726692461513,-0.1456309548586184,0.05045522847354684,-0.2780089259582229,-0.0828270412684523,-0.017449488316274464,-0.05165190309571516,-0.19677129961242415,-0.06666281462101012,-0.025040559592925588,,0.20253522007911443,0.15795610230254092,-0.005007200186453294,0.2141437467418351,-0.0021378510995061495,0.3720695076062506,0.025011505983522586,0.3945350017218107,0.010083027641104164,,-0.15931053664371309,0.008136720251009177,0.058567557948404576,-0.12493126630178733,0.20332457243081406,,0.21341894980555495,-0.013187414002379091,0.4344914699750415,0.030109889121384112,-0.15278542221119898,0.06197628093967484,,0.11194643730607157,0.07576427959379417,,0.08462581787015071,-0.20810063728336092,-0.2580734435763839,,-0.061008610923335045,0.1788879785034787,0.06563051440566978,0.1655964314186327,-0.10253026328758148,0.06903088939540651,-0.10288284970334766,-0.2926452837956959,-0.021987440809668756,-0.22304671506312543
ASHL,0.011538432788207216,0.04268269539784266,0.10287531498091106,-0.06243034310877038,0.033498039108977314,0.1158972677120202,0.08863553596997535,0.16806974071930703,0.0711852294890687,0.04877313361985697,-0.062302803079963796,0.10255183929218316,0.008165435401789503,0.05879138127770723,-0.07291479296813219,0.05165792733088303,0.04398209029004048,-0.0331492515387729,-0.029392019306790612,0.046238629249451324,,,-0.011976493826297936,,0.020951114927218295,0.05632568641408209,0.21640460438918635,0.1369123750129186,0.016727758748220457,-0.01802418782275787,-0.015752855567460807,0.022490022994452828,,0.050241651937337636,0.11938427034440036,-0.0092853901951883,0.006898291578365866,0.1435495038934608,0.03164377840922588,-0.06314647097062664,0.19256072893941306,0.014326263072798603,0.1358454426119256,0.0469678556010798,0.13900841152589094,0.16421928705025052,0.0068929871269923825,-0.02976340993302346,0.16008462565619996,-0.0419003803368677,0.016073374506183475,-0.02084962012450558,0.0007655206964116641,0.05369761462451014,0.020369769807180044,,0.003616810060761297,0.1477456908311693,0.09374641974769088,0.23708322996615752,0.5448354777327149,0.08605787359783607,-0.22641763849920032,0.1576214723607144,0.16899981101354822,-0.1846747809154505,0.18222508294397838,-0.007741751997896913,0.027086126651682585,,,0.25750012083276375,0.057852030973917105,-0.04262972601775,0.01829952728407781,0.16060779814652554,0.1353018348426374,0.02621415841118248,0.061625175635752656,0.13364564303785495,0.12371678032195084,-0.08605235189494032,,0.015168672611613612,0.20158705798742393,-0.20034005539436395,-0.08764586634891036,-0.15453196356534243,-0.11569915550299753,-0.2450426699178839,-0.12339317046344385,-0.03747957095431255,-0.00973829272086578,0.06724812495846659,0.1280252406890711,0.14611122265069124,0.12670410896675544,0.01278327750517525,-0.08782578998114071,0.06544383935416843,-0.11866517853063514,-0.09410417929262178,0.007183417707616883,-0.059546935157629106,-0.11865740713103483,-0.08133559066535688,0.054724241116152726,0.033773280300955895,0.05288509653792052,0.024327301836066732,-0.002223583184200117,0.017734843597203977,0.06007894534034858,,-0.027472475789847184,-0.2437750845165603,0.08992642260986758,-0.06965127455604835,0.09360947030947715,-0.29060655363797966,0.07732065740233371,0.04128784073288637
ADLR,0.037909213179149026,0.05445374740874913,0.005034985552267376,0.07495289769303373,-0.031961545263148164,0.05407943847545793,-0.1346093130513972,-0.004204434561415071,0.10313202835386545,-0.13155649878311426,-0.06053689133542072,0.034120886914099306,-0.05106335378314225,-0.13177505694870642,0.07746894117841026,-0.010129589113629323,-0.023066978601676367,0.04942031530812306,0.0935329221980783,0.3783262959748144,-0.01839697486076383,-0.011976493826297936,,,0.010296202406321257,-0.05568121945659023,,0.01874244856459889,,0.06712014416077243,0.10566576643016604,-0.0951264190149643,,0.03611589122805005,-0.003638662678494878,0.09060066322357166,0.007161370939760765,-0.09159801344404163,-0.054792738558862304,0.09788632509478418,-0.017693774473831827,0.1207772967039518,0.14785471896614416,0.1467007648829463,0.2518847234107448,-0.04053169557462601,0.062001697583534014,0.11037225462610989,0.033694135250524566,0.12428034911744305,-0.16191369268302128,-0.05103990267312668,-0.023871143018521647,-0.01855231499052281,-0.02069281057922792,0.3116239719840898,-0.039222009091381294,0.018824896719324566,0.14905281796188513,-0.10711144957946497,0.1589824523405165,0.07203430960029274,-0.04212634132412576,0.12023206200674481,0.09601896307599687,0.30514398151181993,-0.1663889518362768,0.03176111586947143,-0.01804154302120809,,,0.0393525928736631,0.050556153183413874,-0.022522654083926685,-0.16911285300223353,-0.09307154403785235,-0.1482794287506375,0.05170460896059613,,-0.12598990609930533,-0.13193552256470528,-0.0430909036791698,0.10717998469498927,0.14405620288400944,0.11279029175674374,0.006225095031262506,0.010284290834624621,,-0.08600228518461278,-0.10003898287215175,0.06311713801452669,,0.11793804571758688,0.06051853561659143,0.05201889650376303,0.04751772975349961,0.050699523514362556,0.1230233451632128,0.1596259054232151,-0.03221996724364513,0.011648893779567113,-0.0020341037643747464,-0.02611134021211105,0.09985457696584263,,0.05720796097071094,-0.015332966719171212,-0.06583209750624945,0.0658599395892042,-0.060061943441399326,0.10457001278777253,,-0.033807991479166744,-0.18444770215520898,0.11866066410226717,-0.26257546335131776,0.018413016563399002,0.052314906380172305,0.07263923154433775,0.03282002453638896,0.027054954007000424,0.007479315197537414
ASHR,,,,,,,,,,,,,,,,,,,,,,,,,,,,,,,,,,,,,,,,,,,,,,,,,,,,,,,,,,,,,,,,,,,,,,,,,,,,,,,,,,,,,,,,,,,,,,,,,,,,,,,,,,,,,,,,,,,,,,,,,,
IL2DL,0.13819729473918727,0.07467041010891183,0.06878459568513452,-0.04172761419976596,0.036254837247896014,0.10832643462340315,-0.0007510137225973744,0.11333540578259785,0.13483955423910157,0.1174426083574016,0.10982054963569159,0.08017635766135038,-0.08886735627099424,-0.020869804770016674,0.15438139194012393,0.05231364092153656,-0.1583857386426279,0.10813034518044401,-0.11247744678183219,0.012879890135438892,-0.044809585147655914,0.02095111492721829,0.010296202406321255,,,-0.029663172209854958,-0.009625443010350534,-0.04540874484282942,0.005299300731420393,0.3546047285894369,0.06179921061533252,0.09656656143240885,,0.13719170693382574,0.06071698804452474,0.002886866687103813,0.13800193217460255,-0.02215535804952321,0.06886530871773365,0.13388041216582697,-0.08101594564747673,0.0751023131883101,-0.05245452252350202,0.014338737212420127,-0.010696708117474718,-0.0247164754177203,0.016430049884937306,0.14103470980890873,0.020245517300666743,0.05125016266584668,-0.01694100728793752,0.02009414851812574,0.03961814763435971,-0.1277243331131417,-0.05056472116288994,-0.05169575582802473,-0.04747548496511441,-0.030519937039062722,0.03965730392168532,-0.05195203310095126,0.18009832842129156,0.001963293980445692,-0.04871990238376891,0.012463235744537452,-0.011447698116774171,-0.07926374064839853,-0.09187137173458418,-0.12735231688678236,-0.060806209884642436,0.0006144341123673025,0.039727854981905154,-0.03937177076290533,-0.03273605563376035,-0.0520432956671227,-0.10117604667070251,-0.09047222848983723,-0.08049181785585391,0.016502739528943506,0.08053520027369639,-0.10467523534398797,-0.09337861582793898,0.022730489635368837,-0.05282510871952293,-0.036343179928003934,0.08334311842408006,0.006622442933421339,0.09780095780761605,-0.05981504630029997,-0.04911200548913765,0.0696412591101072,0.08027915210784507,-0.0009789613933701598,0.036440692173588786,0.029156708357549327,0.05378363170158776,0.16369526970535647,-0.025098233944080364,0.042329907767323205,0.15175874706979695,0.05829585710208933,0.036672619134736614,0.015669002933639486,0.012488161899394458,-0.012959535040410112,-0.021485107297315405,0.005000309133597431,0.08911673699817207,-0.025015506029422947,0.1476767420758875,-0.017608966563597273,0.09043123245238427,0.03307378548021488,-0.021574530856032163,0.059009949329363896,0.07533189494501294,0.13932015435262846,-0.008875570674487781,0.0837435651062476,-0.012655103755238062,0.029279377587591603,-0.0718259444721421,0.018942500149845568
ASGL,-0.1513290498944221,-0.3274159050450834,-0.16731592551046814,-0.11512637023566515,0.242887464486425,-0.08625645762726095,0.2157129116758753,0.10821459141835495,-0.24464869174907838,-0.09416274389703472,-0.0645203095469913,-0.058188059865677745,-0.0051721293071686075,0.3734906910791735,-0.08644828576318637,-0.03948185883246653,0.011037037185685227,-0.16166406713975676,-0.044926080705966584,-0.0029529029279324296,-0.01742518949967803,0.05632568641408211,-0.055681219456590214,,-0.02966317220985495,,-0.022835253167402078,0.7485942191562927,-0.11067679860868414,-0.06924449270265554,-0.18353358603528427,0.10904699196524291,,-0.11065403428093211,-0.09560030953413938,-0.05389353636376487,-0.09525249436262047,0.25515173045382755,-0.13821136205716592,-0.1929375859459593,0.3141276405948995,-0.20852722569721022,0.41323864912242597,-0.1270631409083726,0.05827640464773289,0.1817041361235664,-0.05269995607918835,-0.24975195407965403,-0.012128553013853982,-0.2596484735580425,0.22466813986802114,0.15683309931207717,0.12751799331446415,0.027744772089188262,-0.075892383180468,-0.6210904971023944,0.2683967188755449,0.3057217984747066,-0.20838981866568135,0.49494440474615636,-0.3897301963910246,-0.1620385763615776,0.048422098893947677,0.044364907697409854,0.13846653444670648,0.0031407466153775265,0.5309907200308737,0.03797821315628617,-0.02381747287471111,-0.04519780342507771,0.15854847319634943,0.13704591071356403,0.42884705443114246,-0.0141661848976048,0.42698757135626586,0.49878223398794813,0.5216433231947363,-0.30575997333579547,-0.1877158027746031,0.4935096343095174,0.5106585930046292,0.011847314280748658,-0.6337769242738072,-0.07209450793267666,-0.1452217368523041,0.007556784457183682,-0.47026457569660723,-0.013696359836755637,0.2098590125861724,-0.16170571236551198,-0.41073773354173787,0.0883937371377628,-0.23666045921070458,0.017400401396753716,-0.04268116826902821,-0.08868190677583206,-0.39675323444103155,-0.008757980780845323,-0.16650530078538237,0.06604417384841857,-0.2481024442327866,-0.15307786472528082,0.19194979827427908,-0.18958467153130718,-0.2915072330611624,-0.2048174241860195,-0.21296309295695212,0.09534874002022113,0.024362541536975823,0.14404411174503337,0.02791710830435705,0.09685075794470945,0.12312812101136054,0.12773812457393985,-0.44827658388462827,0.04227854387052808,-0.07306137343111854,-0.31773892270673443,-0.09228676797997036,-0.24820856725042653,0.23185630430252344,0.08569939990257971
ASKL,0.022236931934615334,0.16139978143650643,0.10790576509688254,0.02665469323141779,-0.015593353360313525,0.10606955682358772,0.028897074394406728,0.05154032146215552,0.011784064753717969,0.07421197467294514,0.019316490092003688,0.11244509453161718,0.12425504996294157,-0.12576415816741382,0.01409946443887434,0.05855276379612027,-0.03174990549228385,0.08961620883614102,0.05795340145990427,0.07546927511299702,,0.21640460438918635,,,-0.009625443010350516,-0.022835253167402078,,-0.16594098849698946,0.3290077960395122,0.030324059640411283,0.0544801225239448,0.07914004765260926,,0.11337993886024156,0.008934068476594621,,0.14394571258070837,0.11366374382185257,0.10923052718071469,-0.05273324542946527,-0.09084091594226161,0.025077477003978905,-0.1755276052825768,0.014209256533087883,-0.0921558159133014,0.12727720457729344,,0.07656272624262803,0.032268483849013506,0.01006918916287611,-0.04344942460894248,-0.10486013220111959,0.00787106678437885,-0.07799337560391245,0.07242291665524149,,,0.10810632694654104,0.07007813639344712,-0.12764229755552778,,0.08961712863895077,,0.00966557921009708,-0.055197086205908935,,-0.1492630150077399,0.10624684100604678,-0.006362619134956805,,0.06766975727314826,-0.0631513302033722,-0.18241320160203,0.08139012794316261,-0.20430720522415774,-0.09886026471619414,-0.17113022377211407,0.11818014038479212,,-0.1895580387204987,-0.1321268815271536,,,,0.12058739031871968,-0.1907979890778886,0.13949879272426868,0.03596530909926349,,0.1077282262685099,0.08276207867380747,,0.08866151802804464,0.06015032290136371,0.014162511707356143,0.1912253996631307,,0.09127377874625989,0.06719227634642275,0.1107736371241519,0.2939653545672375,0.11326459644190669,-0.037130530700322614,0.062410371494432605,0.11198898699554075,0.10756496152106461,,-0.046439366837146494,0.04161106533123344,-0.06027393939598744,0.012946100451638248,0.06362328245280789,-0.0701330761052692,,0.12305770455875148,-0.029706000045719504,0.03223920808671365,0.0979238816018692,0.08105859912784301,-0.047352583908233284,-0.002206335705375664,-0.03267782458100965
ASGR,-0.10147918289859496,-0.38289298652423587,-0.23413258663312153,-0.07157313104751223,0.2787308994381551,-0.09154897014897442,0.22029958432556482,0.05770829197147704,-0.2020141812034201,-0.10597018451346758,-0.013543351634626359,-0.021135217481317324,-0.008309410102971128,0.38576271476320767,-0.10285643021554677,-0.003519676729511012,-0.022140393278711517,-0.10511763569864113,0.011694217439926715,0.03716752232568394,0.08832284108369892,0.1369123750129186,0.018742448564598883,,-0.04540874484282942,0.7485942191562927,-0.16594098849698946,,-0.08066008004808163,-0.08755353356525364,-0.17445194796010785,0.12369553041390974,,-0.11368977860191938,-0.0531203787424379,-0.09272719117127876,-0.08133206615723862,0.1153510621284826,-0.15468167351816073,-0.15264318059660473,0.2720150919736244,-0.17299669388205793,0.41108862730130175,-0.0846266961762331,0.08548269784124483,0.15732024566286,0.017763219811892016,-0.22379741345671234,0.06066829665483306,-0.22791319479832853,0.21264357595065822,0.2407521684912015,0.1436358545633767,0.06202262632266736,-0.042184295528287015,-0.5741808935527892,0.23257571676130728,0.2957726032154816,-0.20488891298524467,0.48514963653983323,-0.06079670991491432,-0.2121234574435255,-0.024004545768095253,0.09411944981908495,0.1863074806056661,-0.037735104000907016,0.5105896438441928,0.04601100241388259,0.002305329431033389,,-0.014542971201337749,0.1896655144000808,0.4201879133285017,0.02211867996853858,0.42575926125022867,0.535763824529565,0.49983307417413525,-0.27460651448681367,-0.16652387567272336,0.5139850925923896,0.49924752754265384,-0.003009143603312392,-0.6139319664773317,-0.1249447998793694,-0.15109752599855716,0.08864617626536637,-0.4712296440709985,0.02952930733841279,0.2649805883726237,-0.1956598415062365,-0.4449682765866602,0.042255753225861184,-0.1786737834920017,0.05545830056256227,0.002295855124126447,-0.10296534504125368,-0.37825866192592644,0.05757637410174486,-0.27300736917355234,0.08534644870999006,-0.34933836561409276,-0.19126005736322924,0.23068920157505085,-0.1539268997923896,-0.41726916009616816,-0.21087374957604613,-0.16337078595165497,0.07081106788106721,0.02842861540122913,0.08190112524397752,0.044495587173946874,0.03105911646922487,0.08818360343151999,0.005521200575068053,-0.4292965956228481,-0.012469758529808759,-0.06893243835313184,-0.3465670326724243,-0.13708047181086022,-0.24483077799500008,0.1401760500720723,0.0546926415163553
ASKR,0.05094433619196515,0.17064146675611,0.11302105605995076,0.06690855776052228,-0.004235075254224528,0.026116691962288992,-0.07092562156557959,0.05876757407318403,0.044243008115842836,0.11201898976361413,-0.008946865939864795,0.10412210019049549,0.06344143170444431,-0.19549928233387875,0.09087553146546212,-0.02223736912539781,0.01060682292864586,0.08488806519215325,0.023407342131087656,0.4758751378404358,,0.016727758748220457,,,0.0052993007314203824,-0.11067679860868414,0.3290077960395122,-0.08066008004808163,,0.1220976959751,0.03749955861864925,0.004929126513074199,,0.21783608135337115,-0.17669634778899312,,0.09527343212801677,-0.018105958943782353,0.058843606581762894,-0.0019764274183703655,-0.0748690559769982,0.1720328103336423,-0.09829015922730458,0.009572011987896444,-0.04756462953982827,-0.027472538120592523,,0.011545699409207714,0.010972215261418138,0.10681208560900068,-0.05029235750847984,-0.10491718737032203,-0.0599729451567797,-0.15642306711731874,-0.007365174726002344,,,0.10350526680792807,0.09349471974325967,-0.2426492384757083,,0.13538846039191268,,-0.04302030050534311,-0.112046878671655,,-0.23433442227746462,0.019284764775284964,0.03934704261893495,,0.030707185026114855,-0.07670116645110892,-0.25940606735915944,0.04145854712933058,-0.30662123995282453,-0.20384911662438412,-0.23757575447902557,0.1095533948259559,,-0.2598705277743635,-0.22374537163229422,,,,0.05381877280494979,-0.07436561324974038,0.11402559807836653,0.11193721271056217,,0.08327995380215134,0.09020381760442436,,0.026721171114692036,0.007394571949268904,0.040069422287319606,0.1740164360452948,,0.1233253944941413,0.10822317863356844,0.04107021612706695,0.03774497708172437,-0.04272678506396383,-0.04309361818108891,0.15814654308706252,0.17801059508061323,0.023793289031328557,,-0.0802490060559585,0.07868948637514996,-0.0417493350041921,-0.04067362106717591,0.061968275953265,-0.029450906232109466,,0.17300158693340043,0.09221758190198404,0.05333774258384109,0.15073004037600055,0.13702109255898795,0.05122907194204738,0.011728628243411775,-0.08525359268088466
IL2DR,0.06107913007554842,0.15447615279613994,0.10326725339723364,-0.05453959383733911,-0.04535738328766251,0.09273530689018199,-0.05687246373677583,0.06184927123656069,0.13230278127660072,0.11655401352762816,0.03383273130902502,0.08157548125919888,-0.08305590614005436,-0.1016779946461736,0.05717519505976569,0.015014429884064576,-0.10278479860571048,0.056152944325113016,-0.12215995870345785,0.01522809145449315,-0.021576041831055617,-0.01802418782275787,0.06712014416077243,,0.3546047285894369,-0.06924449270265554,0.030324059640411283,-0.08755353356525365,0.12209769597510002,,0.058601156007383755,0.06685150055969707,,0.20388544107675963,0.05126899451715367,-0.020374978784585666,0.14078810411047452,-0.02060304767989196,0.07006750436221271,0.12262112413240185,-0.03944912795893004,0.1332313462057001,-0.04922915288648055,0.037009686796442835,-0.02197162907565812,-0.04870277341971898,0.0562035709589234,0.18188118833416694,-0.051036263328158714,0.08664026107218308,-0.0488143719987248,-0.010817795556275734,-0.049057493752829404,-0.13142784813973407,-0.08226400506846096,0.132230252954779,-0.08769679312700375,-0.07856696575585542,0.08708541659340815,-0.1259726173885291,0.24468699015756384,0.04398576072520523,-0.05904147083967237,-0.0026692990505647954,0.023575393870481735,-0.12492696241746037,-0.12846247393490387,-0.10302669403355313,-0.030898160841227217,-0.03624028851532082,0.04530118910426764,-0.03606343896604417,-0.17293955079586407,-0.03486554442414241,-0.18234248487859667,-0.148080310181915,-0.12880110573634032,0.04321248631674559,0.13900399919799003,-0.14940765582129442,-0.10696374829261013,0.015922565913105854,0.08589543745156769,0.0474471169881574,0.14038103516278314,0.019447563322369882,0.13992028753627728,-0.05298414418242301,-0.0867760641151461,0.09624660203642778,0.14384809181168973,-0.1142557140566639,0.05366294243828409,0.0018043696287297197,0.05308475031636305,0.17599737291432102,0.03130193732111344,0.10451957599154027,0.10854260384950147,0.02214782390934037,0.02881712650946713,-0.03922737035039182,0.0010151004140253816,0.012062973180550253,0.10198531704176056,-0.007526396237035762,0.1843168397901658,-0.10328900576625624,0.12363742593989484,0.030506176025424284,0.05429315129715852,-0.04272344779480934,-0.004028329124025398,-0.0001947457716429124,0.18115737565019308,0.10097562614568047,0.025115557729145203,0.1357347804710114,0.08023550767458115,-0.026086791754311604,-0.02585130702522364,0.00952528611810336
CEPDL,0.22606919427667932,0.16839183010101003,0.054669153621549706,0.1585076446710947,-0.050199499624486436,-0.008795776745466442,-0.12423479996839686,0.08373537196394858,0.21602608780172064,0.18991627763245666,0.16131028236897887,0.20299558848984606,-0.05734543442113593,-0.20490684298316736,0.1768708173233268,0.19243133384038055,0.006690742437773742,0.3707301422056908,0.0928683118301784,0.0453941742139676,-0.05061503974882939,-0.01575285556746081,0.10566576643016604,,0.06179921061533252,-0.18353358603528427,0.054480122523944796,-0.17445194796010785,0.03749955861864925,0.058601156007383755,,-0.03165863116785044,,0.01012115373636646,0.11972082729094109,0.03993607964643564,0.03132142184308909,-0.16431774997481347,0.07944397595733486,0.20118334244497774,-0.16878282998058564,0.2492851421857584,-0.19652403243407704,0.26522953286331613,0.037024087389962615,-0.09055029751643415,0.06687762020152556,0.175191033588906,0.02145566827865786,0.3959841470841207,-0.026393240566270577,0.028667016599627483,0.052224354260338585,-0.014212305249278814,0.07609907279963969,0.29958119637964487,-0.06806497330750416,-0.18738542037014821,0.03153351361873362,-0.3716233032918638,0.21539102959260975,-0.024322342473792464,0.07516413018767114,-0.042885460016050564,0.00926912735423867,0.07347486737896745,-0.37880706415012755,0.06034884622169072,0.044143120621028854,0.04943960633625638,0.10488323182779427,-0.025448189835002747,-0.2586786972363525,0.1238535436637874,-0.18592296712355136,-0.28432663035057165,-0.35890734485022086,0.20335632012740637,-0.09693319331554633,-0.29638521335148954,-0.38637872868526857,-0.1019520923216862,0.27298533961111965,-0.07296977994170076,0.10527971526978118,-0.012239664961247593,0.3698810595447637,0.001832910528760369,-0.0685872637492674,0.1599541385887583,0.3229599532508655,-0.14754459549287027,0.34622039039955604,0.06707280952503142,0.09974979995302038,0.16386244804132763,0.16801729361014237,-0.08855366533225788,-0.03596810766379434,0.05608891963218825,0.029478106881585572,0.05488771225291624,0.010338824953208372,0.16420013048304952,0.3946138859353561,0.13151821582479178,0.289292158141351,-0.12208292395827777,0.03815087089524567,0.12561927833724484,0.03386324747307032,-0.10825065276037543,0.13633888995009144,0.09055357182035097,0.3043611599699053,0.3596904083954343,0.23828391030096388,0.3831379955055189,0.27054409626515197,0.04388475057685154,-0.07856002212742792,0.08922193812957216
OLQVR,0.17497209824032386,-0.02799682569644274,0.139977476199402,0.060373427396889355,0.17929303569253022,0.20986745347596278,0.32483282677642167,0.2935831387284582,0.09053038028156599,0.3642466890844224,0.39063999115251086,0.4564471097744138,0.09723368835901994,0.3076574042897114,0.18222609687465482,0.43408344293815754,-0.11310947358696744,0.21694863416407292,0.014388605994387144,-0.050463189484718986,0.023875211232743842,0.02249002299445283,-0.09512641901496431,,0.09656656143240885,0.10904699196524291,0.07914004765260926,0.12369553041390974,0.004929126513074202,0.06685150055969707,-0.03165863116785044,,,0.06202566055322965,0.20182763795827507,-0.12727372269017173,0.167943583366855,0.07168168502180694,0.2978006942023163,-0.03656465732259353,0.048148017107026396,-0.09787916526471892,0.23965608933646854,-0.13845144975265933,-0.11599694766155438,0.12518847509874337,0.07709919492407798,-0.0619763199939571,0.08618840116270017,-0.1283147080336476,0.0621564129553792,0.11033249605386822,0.14858857333427383,-0.007071431406731718,-0.08995953743757347,-0.46755213891516656,0.09961756031716629,0.01287323814596464,-0.22080964893444818,0.19682733194883179,-0.14041384059823023,-0.1487679723828203,0.017064624321785533,0.025697585040783278,0.12755395390082083,-0.001220737255496901,0.2032104139598418,-0.015495428834839748,-0.005294648290301536,,-0.047093502602228395,-0.003292460748971729,0.06765252359651933,0.04093458844158591,0.17941303227421887,0.19435946992268185,0.14964750982704195,-0.20525142426573328,0.07506756983079425,0.19952328164761846,0.15737821144898234,-0.41063944108139616,-0.2939045709436692,-0.07727040887351606,-0.03947219739184599,-0.01655116944232895,-0.2273780007978499,-0.1442618595027801,0.007288006180675871,-0.13952033741698278,-0.18146322068133697,-0.1181872162954408,0.039121353602236966,0.054959279986393876,-0.019365382049738155,0.04125267197429506,-0.2229381277449297,-0.02424073036430748,-0.04853111154840255,0.23909795132539408,0.037805702416268815,0.029086089827502458,0.1990481304478372,-0.061937997181169095,0.11352835247022358,0.037062817927586485,0.0888961453306939,0.04044531973281942,0.03726876742197307,0.11349327937200365,0.06322624233102984,0.1294908457538981,0.14978753603823625,0.20714266092344194,-0.05624059289227756,0.4861875597016478,0.024559865419591605,-0.021502117375376266,-0.012907749258184829,0.031121665929268464,0.2714336504559006,0.18168061995847148
BAGR,,,,,,,,,,,,,,,,,,,,,,,,,,,,,,,,,,,,,,,,,,,,,,,,,,,,,,,,,,,,,,,,,,,,,,,,,,,,,,,,,,,,,,,,,,,,,,,,,,,,,,,,,,,,,,,,,,,,,,,,,,
IL2VR,0.06102176255403979,0.1786034757942354,0.2147833844818408,0.01306973403255963,-0.06294596002063058,0.2093031659510358,-0.01740515850898798,-0.006567646965865768,0.10421259592694504,0.06814046377410829,0.021532319978372037,0.07429597595639212,-0.01327316513635759,-0.13081377198798871,0.008154814417682475,-0.010371295932223936,-0.09795227646104361,0.04206959239072923,-0.05004401726647655,0.059128856198249355,0.049396012487144696,0.05024165193733765,0.03611589122805004,,0.13719170693382574,-0.11065403428093211,0.11337993886024156,-0.11368977860191938,0.21783608135337115,0.20388544107675963,0.010121153736366467,0.062025660553229646,,,0.0490792735751753,-0.0035605060107732605,0.28787206617144506,0.0028434883980800185,0.19664521169442495,0.043350317023226725,-0.02206643563953952,0.08304166984078239,-0.012259205340811017,-0.014427809979156889,0.027419940643817663,-0.07722191588137231,0.014862191098975205,0.1638686947656702,-0.05035728582130629,0.025202610536512828,-0.08060049852863777,-0.05665908221955403,-0.042916695595116586,-0.06798352404352662,-0.018184107517547912,0.20967073924481158,-0.1055408754667914,-0.07317589484848368,0.14072678128756524,-0.1602507986920181,0.11482462747905885,0.12160850987425371,-0.012216236484147255,-0.029623727027142797,0.029374704487307595,0.006291995810739599,-0.16361848836304424,-0.05540606072550677,0.03844044892512232,0.08631081189159756,0.019843341311768355,-0.10633139697991544,-0.2911405303520297,-0.041456654180380775,-0.2414458890951347,-0.16824506152533095,-0.1798012950228918,0.07750698480125727,0.1458769502076118,-0.1639453989125798,-0.18956223613640066,-0.03729378560916423,0.21964104752508581,0.03456216389596206,0.1521432316301943,0.00775296628352818,0.13495718104352872,-0.014082934908341676,-0.06734273087032752,0.13714002548339693,0.09138681745071874,0.015417134470251434,0.04798126759710865,0.004055733756702137,0.058903869333802046,0.09880848405030157,0.055799341400217806,0.1360912610381628,0.10363212269700457,0.05735672607189233,0.015250775673859018,0.04155951074828451,-0.05904521427154593,0.037445538366695105,0.23820499235038237,0.07469849507010537,0.15725201090138474,0.02758361115559586,0.10056978370480797,-0.04585105619459918,0.07653166982079264,0.04283878221616855,-0.045706647873458496,-0.08108977120439641,0.19705706508874177,0.17927682711381165,0.033272797112159115,0.14825762496239311,0.031162335851874803,0.16820657351291998,0.06342836917177937,-0.0077662536268387206
CEPVL,0.18075484445977968,0.09010890021778252,0.11454908177553522,0.07095227631756719,-0.04901806294173548,0.1727916452845378,0.03334779422796614,0.12873603457250246,0.13077684380202897,0.22795876502529666,0.25284747064337953,0.23957890505988585,0.10398046829026611,0.014691713983063681,0.07260254966987259,0.26977763440091934,0.05007148721223126,0.22527256695259296,0.032955249615508136,0.03878111822720468,0.0887073574984759,0.11938427034440036,-0.0036386626784948835,,0.06071698804452474,-0.09560030953413935,0.008934068476594635,-0.0531203787424379,-0.17669634778899315,0.05126899451715368,0.11972082729094106,0.20182763795827507,,0.04907927357517531,,0.011475826553241674,0.15742990125990367,-0.08297230522059604,0.2835066937635744,0.08485295429491663,-0.007088111303645008,0.014546029573997478,0.008370017373507241,-0.03487393595064517,0.02709082162607386,-0.015528480786300227,0.053861099583890897,0.0688697392312826,0.06820919691951881,-0.13956028151914812,0.07096619441108358,0.08208024677032942,0.1658247297867067,0.11208223049767058,0.16021876135325577,0.14260073355230143,-0.004222410320717028,-0.14535620119256104,0.02701974502313498,-0.08899107005262699,0.3679959576038054,0.0411122018281607,-0.06195906067202267,0.07494963084565333,0.09775366268648042,0.05830878496294212,-0.019579012742560818,0.02986476433766751,-0.08103186622472819,0.10432266766404545,-0.045303584294793496,0.02639749308015352,-0.16315168952829157,0.09429027097225486,-0.06007844590720668,-0.061301161112627185,-0.11652731408944367,-0.01747249578040889,0.3625899010749837,-0.09056369125070604,-0.07099140143644672,-0.028732817057432136,0.26386583958706106,0.08133148556941543,0.1522899680213834,0.03573678293537453,0.06514282170077784,0.15333174516571663,-0.05634819407025988,0.14980667660728303,0.022702147809182338,-0.3696830022894348,0.1971627285424681,0.03375519981699414,0.016013731040467077,0.08461722418507761,0.17398480708804678,0.19673414448025273,0.01918548743950131,0.17797564241974081,0.09797638454309532,0.10425633293949702,0.037180185446119715,0.030162794690193097,-0.019993521690467003,0.18961467391858677,0.32369557142706684,-0.020393517697532875,-0.020789262808187946,0.03464741049255109,0.11345671440581052,-0.12389427999618732,0.006701905203046075,0.01895619576240663,0.21505731660208602,0.01959289674427888,0.002769468086749472,0.14924423908040668,0.040753950055907165,0.0632856925217288,0.08401217948082358,0.20812182185028305
ASIR,-0.056241220035275805,0.09047595104350521,-0.030552202953970712,0.04194987838926851,-0.10189569424330705,0.04131855757165894,-0.003185043463553707,-0.0675102389799789,0.06930103138114241,0.02713860364487449,-0.06731745780064297,-0.07033045954786998,0.0023612291758470607,-0.09356598627503664,-0.008420422834958146,-0.08908302783281788,0.04870273032656993,0.009644299918477385,0.047075979634302295,0.050628030849113215,0.11093894114101135,-0.009285390195188299,0.09060066322357166,,0.00288686668710382,-0.05389353636376487,,-0.09272719117127878,,-0.020374978784585666,0.039936079646435634,-0.12727372269017173,,-0.0035605060107732536,0.011475826553241676,,0.09930545536145736,0.019782316030864097,-0.0020989467937902787,0.04897040665018203,-0.031075327484669138,0.054653887417601854,-0.019350950513876652,0.024655026491235594,0.3509936765324423,-0.15483121745882272,0.01352423041427565,0.053534182843294836,-0.03122663724325256,0.015301247478813415,-0.007691936905454827,0.01722256846780743,-0.010940580494493138,-0.08348443559095958,0.03791467351547988,,-0.09255606082742406,0.03409809439664004,0.17803966129897766,-0.2995451574400682,-0.03332747034228806,0.1781414131479059,-0.01775158616399132,0.2942623593035292,0.07331929756374383,-0.07043231835278811,-0.030966697798087046,0.025559286476498723,-0.009280679864285983,0.1337948092521084,,0.003708861312114717,-0.20260527552614316,0.09249676830770959,-0.20949671163188283,-0.12956947907858438,-0.21676216698477976,0.15282803669056047,0.04797957644156295,-0.11508880742340939,-0.09826024602661931,,0.03519140260488292,0.3778997349397845,0.116971019712141,-0.01313804951109359,0.06538806154302904,0.1653200260611353,-0.044854772282314874,0.07412792937877763,0.11461984685789023,,0.10085396305819705,0.0798605937812053,0.0912681723780331,0.01164598577448296,0.06867995551467865,0.11300429613350804,0.048112245446335695,-0.12676593383423562,0.07017328541917676,-0.04412399269175856,-0.0496369010023367,-0.02809820673972239,,0.07143375690947215,-0.13671657163784312,0.017209207617813364,-0.04546354136086116,-0.1595314126138104,-0.11509765698761591,-0.035061330389088555,-0.1214811635697911,0.2543213871956286,0.15839017999639723,-0.2605047466681419,-0.0583655409514978,0.1837459765721309,-0.1046672913471911,-0.2719378379155791,-0.08018622207392667,-0.08586391143484352
IL2VL,0.14694980234841923,0.07293565136042994,0.12875628915936826,0.01913142653228275,-0.023372851221475838,0.20115847998477476,0.039495342343502896,0.029211640497763453,0.09351085714256327,0.12054253318190027,0.12808671200357288,0.08873991488862044,-0.05138221074223465,-0.02223984814902613,0.1162703898227262,0.09450404601601434,-0.017357995495142994,0.09621277914362282,-0.021005579920585066,0.012008402574367024,0.007617739101682797,0.006898291578365866,0.00716137093976076,,0.13800193217460255,-0.0952524943626205,0.14394571258070837,-0.08133206615723862,0.09527343212801677,0.14078810411047452,0.03132142184308909,0.167943583366855,,0.28787206617144506,0.15742990125990367,0.09930545536145738,,0.01710715975957136,0.16011255154620194,0.06413745550755484,-0.03651424080865707,0.052114380573553325,-0.02748013888811666,-0.026490398848346863,-0.00552125731602493,-0.0356554960393146,0.12199232461231345,0.12669758506105364,-0.026923357919167824,0.009448352532391164,-0.042642168051585286,-0.03431861341916949,-0.0043253058206254,-0.07426000418520703,-0.04399425754132473,0.14561865560484885,-0.08953904640743895,-0.06785073912029035,0.0748663602584462,-0.0875470917316415,0.053487093871152074,0.09972700396976418,0.030045873484925316,0.011129593242614207,0.07591409160115817,0.18663957582074608,-0.12259516534878523,-0.10284075500363135,0.0026376318720116193,0.09918669355623744,,-0.013646177487047379,-0.08663577849269893,-0.002975487008070461,-0.08148798769821759,-0.08221009979566349,-0.12607402694815698,0.08856538120781975,0.09767178207426132,-0.07126851322352133,-0.12610843521914455,0.028336041546164363,0.08087850832321929,-0.07945641856071402,0.0850950372011352,-0.015813084602827203,0.03434452674006057,0.03649285340777327,-0.03046647474802106,0.11042601696062003,0.07405360292413572,0.07891270569313621,0.08154046058621807,0.06468177413614012,0.0782877415553968,0.04106053087492239,-0.02603798779386594,0.09909730599008758,0.11806900787473334,0.04976559185859111,0.012998660814768824,0.016583643394146245,0.06358274085598595,0.024656767093321007,0.054710557706806814,0.06872611058266828,0.14684138077418846,0.04727005641021829,0.017208625754021455,-0.03945484760746462,0.05730628320649046,0.11127420809832407,-0.00976844632154677,0.06105283580400492,0.1400158989866836,,0.04800713299051242,0.1173886641280585,0.0639553934630503,0.01735427893591843,-0.01126724051402706,0.010486357222790718
AWAR,-0.09134155976210337,-0.12572644523621346,-0.1022256057464849,-0.07541703556772139,0.112523872726064,-0.0564183149394671,0.11599215859373806,0.00883211472668983,-0.15887527075261704,-0.05179282252197498,-0.04934730548815522,-0.09544492826293906,-0.032859831403376005,0.16455058924515167,-0.05090040481568931,-0.06952181109812733,-0.00976819650036405,-0.10225599286992638,-0.059756911115066806,0.012918049846902622,0.01161327753977448,0.14354950389346077,-0.09159801344404163,,-0.02215535804952321,0.25515173045382755,0.11366374382185257,0.1153510621284826,-0.018105958943782353,-0.02060304767989195,-0.1643177499748135,0.07168168502180694,,0.0028434883980800164,-0.08297230522059602,0.019782316030864094,0.017107159759571354,,-0.03016560166908696,-0.0890645821939167,0.5555176010561746,-0.11405941146965722,0.3392255614896291,-0.04019460833647201,0.09158287907373418,0.06014032758535892,0.10402258860117378,-0.08128001296920534,-0.034735724973460315,-0.12019858382716432,0.10291325240384319,0.09748150224225442,0.08674722750435959,-0.035963294957199424,-0.06980258548711595,-0.23624908139527492,0.008070035362394368,0.0596889635960169,-0.02434685743002546,0.25236247763792014,-0.17457055638692132,-0.026296433822024574,-0.022725962971726882,0.08611258911436984,0.02386265554598785,0.007095255254646861,0.2814200144426703,0.020714148413015117,0.0027683259484811594,-0.03765136639231911,,0.08468364818854732,0.17252066000686508,-0.03413389455150029,0.14507537070254162,0.2320446043507376,0.2317728113395815,-0.0642043806780906,0.13023428580177415,0.1958818766820784,0.21989264264191238,0.14646362416999825,-0.18124555573491583,0.0017972932307394607,0.052201981883000695,-0.015872817050875475,-0.18011320147666374,-0.05296870461109815,0.05510204663618865,-0.10326784714179368,-0.21948959401420662,0.25534769412252784,-0.1292259562359075,-0.010280941857919857,-0.03311334931879851,-0.06574353364314979,-0.05367819901451561,,0.11085915864374542,0.028862605880065874,-0.3805461226155493,0.040688723661447865,0.07008837920427302,-0.052438598339979936,-0.22670086567797776,-0.11207326119546979,-0.125473395402902,0.24756373539888724,0.07088892206016667,0.06116959704471916,0.013468914804753023,,0.0408950090864094,0.04551538584994816,-0.21492544241308553,-0.15850723920270618,-0.020266138359251493,-0.16091549693870316,-0.025849636391123185,-0.07731899196104576,0.13109475347146451,0.007336561204663258
CEPVR,0.09704867512372575,0.2763309993285254,0.3475695009539161,0.03711667537153762,-0.0723917328005197,0.2308249050970376,0.03961138984889803,0.09773061072202034,0.2374122852833491,0.14465297918905107,0.12828533410371729,0.19167580330056086,0.09132626420931489,-0.14022635057799132,0.09017342716754999,0.14337361537542345,0.016621865713309668,0.11705298980467696,0.034388742252045856,0.06976806570023097,0.21080275778045507,0.03164377840922588,-0.0547927385588623,,0.06886530871773365,-0.13821136205716592,0.10923052718071469,-0.15468167351816073,0.058843606581762894,0.07006750436221271,0.07944397595733486,0.2978006942023163,,0.19664521169442498,0.28350669376357435,-0.002098946793790283,0.16011255154620194,-0.03016560166908696,,0.018457666157157566,-0.09506458742307503,0.01703658832794144,-0.014116161603774647,-0.009099013057893271,-0.05471210619576312,0.06388470329402587,0.08839637499498745,0.1624501717268701,0.05408669898989808,-0.0030272603977841263,-0.019837261920941096,-0.06122834650395477,0.0006112820814804496,0.031156777688629626,0.048003262703925506,0.2748074980137302,-0.18748318512241327,-0.19400119672326824,0.04687824325347548,-0.13633295375600732,0.05609058237080461,0.08200992015215364,-0.19080307546575792,0.06689902593300884,0.012724070719451775,-0.10708278989404253,-0.1278052667822663,0.06829249471518618,-0.09154751664394277,0.18250648819414117,-0.02957047400623971,-0.08618665375486234,-0.3287802378431394,0.0005751378876038798,-0.30540857052638737,-0.10584803784533628,-0.20019963135744967,0.041981354099526344,0.09310091635652532,-0.1686198942500941,-0.21201514042110786,-0.3248117021273832,0.39165233763071255,0.027240830056019866,0.04882321569189288,0.04517679612745607,0.04595524426589206,0.17902423363266526,-0.11637877888543842,0.10970404525523882,0.09027392390804567,,0.131460293754487,0.058837449880360264,0.029320406969329877,0.15540474977419896,0.052569184223477984,-0.0009318749880574684,0.15839833546395177,0.1309933992952445,0.19576076096218345,0.15174345428229968,0.07677088398178095,0.08691024104562409,0.17693236642251664,0.17403049040619972,0.22585223341618943,0.12991723270250763,0.08380758220348121,-0.005818834750815491,-0.024143493498542012,0.1420716637577823,-0.002257348636047968,0.24939815300172805,0.27034699775712184,0.03044488838862941,0.01867503057424516,0.08365567276802852,0.08290802127172679,0.09213705980818146,0.1668911392681892,0.03512900291615196
IL2L,0.41512990896602625,0.0702901443586086,0.009146395851476568,0.10918080979943548,-0.0004436227231715349,0.10844218992117717,-0.1019472714254693,0.00021021633421553952,0.21505670038012734,0.1315422038923685,0.20201985189093286,0.10549320639114057,-0.08960391824276343,-0.07134098425986433,0.18333937648727397,0.10655010448545522,-0.059063026355101744,0.2474553672922713,0.00995023309405578,0.00454170082777048,-0.003829221949366949,-0.06314647097062663,0.0978863250947842,,0.13388041216582697,-0.1929375859459593,-0.05273324542946527,-0.1526431805966047,-0.001976427418370355,0.12262112413240185,0.2011833424449777,-0.03656465732259355,,0.043350317023226725,0.08485295429491663,0.04897040665018202,0.06413745550755484,-0.0890645821939167,0.01845766615715756,,-0.14374002503024816,0.11320222878658463,-0.15101413878837336,0.1216072680457355,0.02920437276661334,-0.045501484953742975,0.06531094997603311,0.18129824656428384,-0.0041274935848410865,0.23208255035954017,-0.09624348798154723,0.02938376958423671,0.11264957307752545,-0.05474361461774448,0.003208979222104703,0.20648353295536154,-0.06556800288689064,-0.0977510528389237,0.009895748234913227,-0.2083248592881413,0.20459417317319942,0.015870223681952237,-0.052880316200015896,-0.035870059200164874,-0.06286330646585638,-0.10905908914316335,-0.2339396739899228,-0.029283075047755045,0.007923248170743568,-0.03084585350877509,-0.020952360455279172,-0.021143448215704155,-0.20009489592299298,0.05512837218654878,-0.11792198372488988,-0.20019640994241752,-0.19257303345847965,0.16581237360304638,0.1558115139019531,-0.22991087350787978,-0.242158051052739,0.05958186775602411,0.21029526690626,-0.13249515480515522,0.1436554002138352,0.0038429265111476012,0.2187229034407446,0.06178958799737791,-0.04373642562183341,0.11813492363115356,0.1535960325453209,-0.11030626497330129,0.32679608646551717,0.058994740382044844,0.03643627549031459,0.15033119804651887,0.1954878344505489,0.03572366656070444,0.09116041024880402,0.057534674517594316,0.08062758554465177,0.021881532471233055,-0.04285887937950542,0.13753251669835193,0.09464178715110214,0.11247334958793585,0.18624076380102833,0.015304695763886069,0.08973511591290269,0.00777023891161918,0.04762444585843532,0.008469891911090936,0.015352454586703486,0.06447481902733544,0.14682439544750953,0.094233315046643,0.03384347553807737,0.26297730244847417,0.09319066873347928,0.25952456301249033,-0.07590508702708507,0.03621843136777001
AWAL,-0.16288373691694155,-0.18934344038388345,-0.1554707926715093,-0.08060865824094132,0.018630735693562522,-0.08851573305691131,0.07930803632258925,-0.043594192133764635,-0.1699901961456886,-0.1460805579020525,-0.14575489286844334,-0.11840332962250266,-0.030103885219622168,0.17064842276342881,-0.17787608463542254,-0.09469077094415872,-0.02317448239297228,-0.18557571070633058,-0.035565520507507595,-0.01262804152856883,0.012734758837465462,0.19256072893941306,-0.017693774473831827,,-0.08101594564747673,0.3141276405948995,-0.09084091594226161,0.2720150919736244,-0.07486905597699818,-0.03944912795893003,-0.16878282998058564,0.04814801710702641,,-0.02206643563953952,-0.007088111303645008,-0.03107532748466914,-0.03651424080865707,0.5555176010561746,-0.09506458742307501,-0.14374002503024816,,-0.14297409400488925,0.3955884882706556,-0.1020683048638729,0.08835545140911605,0.06662933331190699,-0.07640037317236253,-0.10033478306044732,0.02935379411899775,-0.23620028728773276,0.09390251993842948,0.17478123702398074,0.18038188152240764,-0.015602691409574107,0.0038301158618297237,-0.12034555867397233,-0.07151784572914267,0.1285959183350611,-0.037978694696225945,0.3332616958339521,-0.2604018009455887,-0.01892918031091775,-0.011544123962224442,0.13261124477351502,0.1832457942610112,0.10592055029079904,0.3172363962566786,-0.016770642111500512,0.049440819386461665,-0.07135777522805259,-0.04680360952102523,0.21574456021994753,0.3671475517674969,-0.06807250602438698,0.23558279939050536,0.30456697600939997,0.2937255220308509,-0.17196658918518345,-0.24528132457442436,0.2808120544094736,0.289533284773295,,-0.09104816882172431,0.2111657222763404,-0.07872889345501881,0.04242234668855734,-0.3326955471162772,-0.3524949367618642,0.10728357776706555,-0.33839005603252387,-0.2271786415665488,-0.1982431683570115,-0.16897726344275876,0.010340950489850377,0.0012719864840742335,-0.17095988195791476,-0.104745289658859,-0.1236678363845679,0.01606341467609311,0.07994303682272315,-0.3402519115719991,-0.07779613292744594,0.010541215554510467,-0.08746873474117757,-0.21305503650532864,-0.1635044968439587,-0.14354944314065718,0.0347202682484527,-0.024667469855077673,0.030804423209771017,0.0076068301606113005,-0.054095389726587506,0.02350331204511431,-0.07136299360507115,-0.21953799913201827,,-0.02837218746980286,-0.22872768635869306,-0.1273931060819978,-0.11723762094847864,0.06501722631745804,0.031223258816124658
CEPDR,0.07944799243504398,0.3741773826674924,0.17265810104187077,0.04355147006334079,-0.145258823658774,0.08813976242663533,-0.16979437095880082,0.024014436376477603,0.2384274770898382,0.11196872423653767,-0.010060532787026451,0.05384731365474163,0.010296500036172414,-0.29696758431370335,0.12827452930148647,-0.029952877866644582,0.00973111323341921,0.10572688747732899,-0.014928877497779464,0.018450898699495483,0.011498393919207012,0.014326263072798598,0.1207772967039518,,0.0751023131883101,-0.20852722569721022,0.025077477003978905,-0.17299669388205793,0.17203281033364226,0.1332313462057001,0.2492851421857584,-0.09787916526471892,,0.08304166984078239,0.014546029573997482,0.054653887417601854,0.052114380573553325,-0.11405941146965722,0.017036588327941443,0.11320222878658463,-0.14297409400488925,,-0.1894643524259909,0.29382403340611823,-0.015316614322463475,-0.07491827824106526,0.06716511501050955,0.2663806316568986,-0.06450105507348965,0.36280654040952676,-0.07780997980180857,-0.0038730061462014295,-0.0871904687155016,-0.06103008420650977,0.06502768907426192,0.28525762036805113,-0.30397080724603853,-0.11105192832841979,0.17884418850485442,-0.34437809059662616,0.391509491142072,0.13719144840511197,-0.09150065862661584,-0.07813953893023248,-0.03439598849830144,-0.1563713999220836,-0.35386925721758583,0.01403741438685191,0.006044347870594199,0.027949298775198018,0.13979272239484342,-0.07891255614479911,-0.28002767938093165,0.08002229280726969,-0.33833283917150797,-0.3288849836346784,-0.3079227468066183,0.2528968085840917,0.08885437917691565,-0.3345130738898152,-0.35717285549022804,-0.03524457493932674,0.4144186003725145,-0.03380895223849044,0.25205378608737344,-0.02213956478103506,0.4332426937750843,-0.016972874285971225,-0.10605970113338777,0.11217815113236256,0.405170222725679,-0.03391798800650832,0.13474549322814902,0.01923174556024255,0.07167275720637437,0.19869529353187487,0.33814936602374995,0.0934473633628539,0.043932353435511544,-0.030145779607166658,0.06334278623469784,0.008223873710434863,-0.07496982877757759,0.15881971641120238,0.2855972272902947,0.10981974080846757,0.27315292454618867,-0.2235523477204617,0.0512639153715751,0.08148814754895528,0.0034641999093454117,-0.06552924993799224,0.08296496830269144,-0.02033449569325356,0.365136452181218,0.313629481706581,0.14683838098545524,0.2014075140637653,0.21893607982438656,-0.058128065242138406,-0.07842541869395817,-0.006439360824605398
BAGL,-0.0706729001481665,-0.24221632953767286,-0.008337971281758182,-0.07575630958959036,0.2641015346229675,0.03292555449522892,0.2177753804352555,0.2317538053213271,-0.08250814175348979,-0.08244130148418076,0.025934546495141923,0.03562187250690925,-0.001761644721459754,0.38599533427147925,-0.06588636597091993,0.04309198017774538,-0.10055109584716893,-0.07665471123105104,-0.06651781425604755,-0.026339761957286052,0.0851284816141672,0.13584544261192566,0.14785471896614416,,-0.052454522523502016,0.41323864912242597,-0.17552760528257683,0.41108862730130175,-0.09829015922730455,-0.04922915288648055,-0.19652403243407704,0.23965608933646856,,-0.012259205340811024,0.008370017373507241,-0.019350950513876655,-0.02748013888811665,0.33922556148962907,-0.014116161603774652,-0.15101413878837336,0.3955884882706556,-0.18946435242599088,,-0.2165189801128035,0.10735004078050513,0.018360639277908805,0.15403659377042594,-0.25430893815049893,-0.01845762716320133,-0.3639241946991687,0.1899727884389635,0.18263903689987676,0.1027578851535506,-0.02136780129500082,-0.14368490266550987,,,0.15407262205963168,-0.01996437406247058,0.4566293376444533,-0.2865662250275704,0.11615708440569036,-0.12607321787714368,0.27475983860960257,0.5335826905008826,0.19364993273466288,0.507233447652639,0.07781277567795955,-0.26207854693292015,-0.06558270338791618,,0.04339400845351651,0.28304893543601706,-0.052271289647717246,0.21435507827496753,0.4769947959210188,0.44738247834017186,-0.5106709983462182,-0.10278502771236259,0.47894926094640955,0.515536829309988,-0.5305018995631768,,0.05331791660321337,-0.06743329060073952,-0.06427857396909074,-0.5488337259534332,-0.3247887527592781,0.07434865230620616,-0.3803744897660348,-0.5173057988340717,-0.1522161666189543,-0.14322565981597077,0.0853821450676014,0.05996297226042092,-0.09417975354048459,-0.44463398671555515,0.06926612904126801,0.147528110594066,0.09964614684833824,-0.24984209162163132,-0.21565626169617164,0.13897861508312567,-0.08306545290136665,,-0.22289482007940972,-0.10285648107447211,0.10214425076620452,0.024664172027244233,0.17689858701742178,0.018003656384084563,0.06057111732000725,0.1629188383308616,-0.1389556297953407,-0.2885557862265077,,0.07794200232740574,-0.21430123742046203,0.0014539317666777917,-0.2983118528734,0.3510158635572298,0.2053190003477079
URXR,0.07628773974881649,0.23917815439993834,0.008765922463760987,0.06955481890496433,-0.14972930720654473,-0.029778041601877976,-0.07796009826081476,0.0669718703223195,0.22272723666198577,0.0004110151339887204,-0.056496283913666,-0.0059284703408963154,-0.0779540389548788,-0.15685797272735497,0.08370815908573033,-0.05194534976344867,0.030087743689868822,0.07556520328141648,0.08075569717531349,0.022937692991408815,0.1455353011986242,0.0469678556010798,0.1467007648829463,,0.014338737212420127,-0.1270631409083726,0.014209256533087897,-0.0846266961762331,0.009572011987896438,0.03700968679644284,0.26522953286331613,-0.13845144975265933,,-0.014427809979156894,-0.03487393595064517,0.02465502649123559,-0.026490398848346863,-0.040194608336472024,-0.00909901305789328,0.12160726804573549,-0.1020683048638729,0.29382403340611823,-0.2165189801128035,,0.027611061612795723,-0.12013276677634381,0.1640084141012164,0.2538382957803437,-0.054575575125988436,0.46655483814589593,-0.018463992923681113,-0.02777665446170111,-0.06242609731720901,-0.026928202852692047,0.07715409408681655,0.26032962225753853,-0.08221361480959304,-0.1048147453698124,0.1473545175729849,-0.25193762316084406,0.47924262829917924,0.08355565628123088,-0.12297990644503978,0.02947463356912518,-0.015241834425630232,-0.10623864540501371,-0.23325066086669569,0.12032282552846371,0.009210299813040446,0.05918917198508602,0.38065984399589875,0.014500807105837489,-0.10304960246096674,0.11914583487526845,-0.06685971079612457,-0.18144858307838715,-0.2352554415104863,0.22470597289714123,0.10244137958266396,-0.23207759099190936,-0.2431179713695168,-0.047095377848389304,0.26694379552127595,-0.060151173238245925,0.18718204384353768,-0.0032312463875617953,0.3290915939559382,0.07449046468523056,-0.08471861205282866,0.11647504192742901,0.2977990713026616,0.09148417832548587,0.16495227616129987,-0.012457108086684062,0.10147409828265606,0.057835617356453005,0.22354007967525782,-0.05600463254348867,-0.11108800640911906,-0.03839224995623278,0.08630777704654793,0.019490620820235262,0.013768652715036604,0.15633715667324752,0.1311066249818207,0.06341486324880048,0.2369050489692457,-0.13114408024135585,-0.006464181479733346,0.06358079032515021,-0.029155771361414073,-0.0955375195941824,0.10903897785310057,0.14624361532043234,0.241293632973669,0.13765519201226245,0.1816133322523641,0.1033303560902732,0.2207066257479346,-0.1987296680468579,-0.03259254013169962,-0.0028690522059327123
ASIL,-0.05137281455434174,-0.06228260955447301,-0.07531773621556626,-0.029366435364974186,-0.059795268086807095,-0.03775850631938336,-0.006149325944549526,-0.06232557906465999,-0.03742441922432741,-0.12096007331406086,-0.09537314470816692,-0.07064554627656101,0.04104568975504163,-0.019914104725796068,-0.07968160213272976,-0.05985406881177907,-0.007334699820340411,-0.029628820548740036,-0.0006134244509513979,-0.005681311690652828,0.02979137617884013,0.13900841152589094,0.25188472341074486,,-0.010696708117474727,0.058276404647732906,-0.0921558159133014,0.0854826978412448,-0.047564629539828276,-0.021971629075658115,0.0370240873899626,-0.11599694766155438,,0.02741994064381767,0.027090821626073833,0.35099367653244223,-0.0055212573160249405,0.09158287907373416,-0.05471210619576311,0.029204372766613352,0.08835545140911602,-0.015316614322463479,0.10735004078050513,0.027611061612795716,,-0.011516049656161431,-0.019420445316135362,-0.05153956834629619,-0.008630656837606027,0.01604228465123142,0.026197380782197233,-0.05098892082888673,-0.0032963333261779803,0.02603580633762694,0.024789525638808763,,-0.040170258605949444,0.005518535670623667,0.1589331736594291,0.005124603528863375,0.038451748126248485,0.14210998496194266,0.16854844652326656,0.06549288236895776,0.09982331450120796,0.055655814875585186,0.039162448050238385,-0.01052309841828949,0.052653391570099795,,,0.035858475993528406,-0.013481017132961785,0.005759091009279821,0.0030870072424417916,0.08751240146197994,-0.047987305912405326,0.008925659785009001,0.09053223135159007,0.06013367258122593,-0.13074382009395916,0.11542292198090312,0.06286136656886997,0.15633000537469824,0.13727691257981398,-0.09850075205798207,0.0004068639156077144,0.10164905294483524,-0.22944255716673134,-0.001507515948361897,-0.030581585642717218,0.18018930837433342,0.027247415722802225,0.06096369172582604,0.11669256796026764,-0.0606829094336294,0.04612076080192583,-0.005382827931751181,,-0.06206706235978477,-0.163433100543134,-0.06661578681263534,-0.05533562254060016,-0.0008216005123664397,,-0.01724632671588737,-0.14372995871666763,0.04639460766120316,0.06202241447982229,-0.058812983046313425,0.026862364480487212,-0.03583121880226534,-0.043160097984043425,,-0.018371745357411907,-0.34829374516166994,0.014787011589619932,0.1126697972965236,-0.057679514494247484,-0.10885019023504505,,-0.035299504837499204
AWCR,-0.05217234852936941,-0.03730445044771109,-0.03969513488280096,-0.001993995227078512,0.25735088845120263,0.04398854295507553,0.08570907963856,0.09002623617098955,-0.07824169205673731,-0.007717404937424501,0.045378952015060633,0.1053524601869612,0.05181908818534711,0.1986251425728958,-0.045981879821588294,0.09369448650918222,0.05837225923401326,-0.04841388877697025,-0.011232377316837983,0.035231267623096404,0.0352478570858731,0.16421928705025052,-0.04053169557462601,,-0.0247164754177203,0.1817041361235664,0.12727720457729344,0.15732024566286001,-0.02747253812059253,-0.04870277341971898,-0.09055029751643415,0.12518847509874337,,-0.07722191588137231,-0.015528480786300206,-0.15483121745882272,-0.0356554960393146,0.06014032758535892,0.06388470329402587,-0.04550148495374298,0.066629333311907,-0.07491827824106527,0.01836063927790882,-0.12013276677634385,-0.011516049656161426,,0.02790796180106424,-0.12404196929287796,0.1300214111263925,-0.0783034548106071,0.0649777906536615,-0.032067919650172666,0.006397124970258577,0.14662295689091814,0.02871557463767239,-0.40703692610634623,0.13376604202759707,0.07080586058023174,-0.12434423295090961,0.2851405433352975,0.040125540577778486,-0.07240957685777835,0.08140910038058413,0.06485819264787451,0.007541551675858318,0.025250461900588127,0.31779825717625976,-0.04394196627111168,0.1031200012978343,,-0.0651625915778909,0.1110765856284084,0.17730803273772622,-0.02245461122529904,0.20917490747686207,0.2952637369448111,0.22168349998778578,-0.09221397429099715,-0.027967158417361762,0.33243918372833703,0.24577843742401992,-0.03459257927846736,-0.33015067860948133,-0.07404243909046092,-0.07476538516327141,-0.07785095542733556,-0.2835992106264517,0.12228378799488457,-0.053040636541082015,-0.1129821388003364,-0.12961803958514784,-0.049877980229246624,-0.08959032194443987,0.09633935921821872,0.003490606852963374,-0.021696178738970083,-0.16468586595407902,0.0615977261162398,-0.06042293146496318,0.09024260390129807,0.05470887787385925,-0.06535265975181316,0.11034719917136758,-0.10314961818001768,-0.25157716229464905,0.08900098646115115,-0.17272456110952827,-0.029921913811365622,-0.09388508410250751,0.008960574326808508,0.16626406863048646,-0.03718108189755816,-0.02013609174095973,0.1434938476207841,-0.17944532064210814,-0.10364403802324283,-0.03366641504260291,-0.13692681476386453,-0.07482006761156489,-0.0595363281095765,0.16977968339302224,-0.0002475986054683785
ASER,0.03944830557828614,0.08679694193195445,0.07745567565907426,0.06204566765440357,-0.09767378661282602,0.06595866436789571,-0.03746783516775699,0.01781414480634332,0.06828470315436648,0.05722405658872829,0.044555016698209916,0.0597060997771449,0.09088982841017462,-0.01820713471729734,-0.0015691554022741112,0.03763129096899134,0.03216963275499265,0.0626836545480927,0.00960496055310813,-0.05891504999462719,0.09190675424738055,0.0068929871269924215,0.06200169758353404,,0.0164300498849373,-0.05269995607918836,,0.017763219811892026,,0.05620357095892342,0.06687762020152556,0.07709919492407799,,0.014862191098975207,0.0538610995838909,0.013524230414275636,0.12199232461231345,0.10402258860117378,0.08839637499498744,0.06531094997603311,-0.07640037317236253,0.06716511501050956,0.1540365937704259,0.1640084141012164,-0.019420445316135362,0.027907961801064227,,0.08015293999821368,-0.1723267412118723,0.13054763591904794,0.08678342050700487,0.020537927022866012,0.010793434350587982,0.17041503553352383,0.09989257097850994,0.1329627393890117,0.03153763984017299,-0.035395935800140325,0.08244936040892935,-0.08684329711057114,0.19468524176098537,0.04525535632185881,-0.08111787029950973,0.02147945978599368,0.004988412364629313,-0.09416382513906839,-0.08403163569670642,0.07735878965434678,-0.04568602411845526,0.0178045355116632,-0.05456197511612459,0.05682915097388377,0.0032455713954087384,0.1368653990606504,-0.016412942419717226,-0.00455145561384191,-0.056629486818197565,0.13211500847877064,0.2016232550621279,-0.039674517236229355,-0.06992822023120357,,0.13857655284254272,-0.053825930305136396,0.15636880428779748,-0.07307997043761563,0.04539583490039295,-0.09718507900751311,-0.020197973452157594,-0.007532838128598901,0.10054961523026651,,0.029018340643292197,0.07656785855582691,0.16420668564605942,0.030082762054710045,0.12380742683529326,,0.0027532855151306008,-0.027757023391642165,0.11833057119939128,0.07573562659784736,0.06326156020754849,0.10180313380924917,,0.10061756111723723,0.1885053119017613,-0.07216531374639035,0.02154463370492303,0.051773143842204106,-0.06567185118999831,,0.06262973601097234,0.10987155502772877,0.1275454751346696,0.10425431292346621,0.04896775940615662,0.04393237820808005,0.13319106805705042,0.013587681031369744,0.11341136878799908,0.024418943996598927
IL2R,0.0755587377085992,0.3747485915796323,0.3452554059117525,-0.00413661418683457,-0.21514293107507065,0.1866159603725269,-0.14074530202407318,0.1182960084062624,0.35981892077356276,0.07313719929154149,-0.03434489591831354,0.030834480214234163,-0.08148139895233554,-0.303269761134255,0.20086196116916843,-0.02909323738181062,-0.08387671359449768,0.03288215927479192,-0.019113341621896738,0.016791679752813187,0.014937015582048166,-0.029763409933023465,0.11037225462610989,,0.14103470980890873,-0.24975195407965403,0.07656272624262803,-0.22379741345671234,0.011545699409207712,0.18188118833416694,0.17519103358890603,-0.06197631999395709,,0.1638686947656702,0.06886973923128262,0.05353418284329484,0.12669758506105364,-0.08128001296920534,0.16245017172687007,0.18129824656428384,-0.10033478306044732,0.26638063165689857,-0.25430893815049893,0.25383829578034367,-0.05153956834629617,-0.12404196929287796,0.08015293999821367,,-0.057930234911054444,0.2958054574166946,-0.20421432779729812,-0.008220283610161474,-0.09631421896687119,-0.1420169240178701,-0.04335032545228905,0.18691472480161478,-0.08714989243087319,-0.19050492553728945,0.19380511565594805,-0.30181796375612324,0.295973609983722,0.09592579863105155,0.06668053161299782,0.054646473305837336,-0.06159052660676658,-0.012604385966685262,-0.3452645960265508,-0.0687788236216586,-0.002835130660076479,0.010167292793221726,0.01943631079903133,-0.10389918693354527,-0.21759898525928312,-0.0328242982489966,-0.24601554248796997,-0.3214953682832623,-0.33762007010813905,0.2439864708592298,0.15047940514873706,-0.33587583397240894,-0.3703372971714329,-0.0049820831969079465,0.308349772344074,-0.03289238875427881,0.15195676136042974,0.010143102304210953,0.3134908628550643,-0.0506695742712577,-0.10059390503525956,0.14014234823946178,0.36184847718099217,-0.21151926673453036,0.15420370429280192,0.033186222469420365,0.035380858298872976,0.2743277951672704,0.1771576961382814,0.04646491833837729,0.1810422745831638,-0.08750093331878293,0.15869867626529566,0.07100890129566144,0.034242598984794766,0.2297781786415025,,0.11104834105423741,0.26142500558343845,-0.11249485653094071,0.07956128244896032,0.017967599395891744,-0.063523984427853,0.09604449714121575,0.03017339218660028,-0.08805003720525185,0.4397299943065812,,0.09902315987654456,0.09941461138961057,0.21113751830359492,0.11553418220661205,-0.15044779984956072,0.00024322019724347542
AWCL,0.05200081101793676,0.012414558498349326,-0.03843451888932989,0.04118047054318156,0.12491407528063858,-0.01098198618065128,0.041104644764796465,0.12495391789534671,0.016950024235171966,0.009787135241155502,0.07164881691940726,0.10238953487649577,0.05729288050808411,0.057594460664074115,0.03196026545225673,0.1329370673778308,-0.012587846987075107,0.12243676658617515,0.07512085538820568,0.021509376366510395,0.15374977761353664,0.16008462565619994,0.03369413525052457,,0.020245517300666736,-0.012128553013853977,0.032268483849013506,0.060668296654833025,0.010972215261418127,-0.051036263328158714,0.02145566827865786,0.08618840116270017,,-0.05035728582130629,0.06820919691951882,-0.031226637243252562,-0.026923357919167827,-0.034735724973460294,0.0540866989898981,-0.004127493584841073,0.029353794118997766,-0.06450105507348965,-0.01845762716320132,-0.054575575125988436,-0.00863065683760602,0.1300214111263925,-0.1723267412118723,-0.057930234911054444,,-0.07569171080180268,-0.04216637917315348,0.10885023516131194,0.11943730502413125,0.03889478884444122,-0.006715051898889236,0.04879351018709689,0.03454371902995469,0.08227743370894385,-0.03221624607824329,0.11199605124307085,-0.059134245167000596,0.01318159970028827,0.0009596334603990536,0.010164087539688626,0.014711345263757732,0.10593328125701369,0.06282826192432857,0.02752019758468124,-0.01077797772630223,0.12040658052699106,-0.04016520413633209,0.06528625412650933,0.0336805190629793,-0.010222923769928635,-0.00543155101462899,0.12065050672505966,0.10478627312266457,-0.04845897341573029,0.023136330746077866,0.11018261193515395,0.045656321461200744,-0.022878998150430898,-0.061003590146420844,-0.020810395865239993,-0.0829016907132047,0.05883571549166078,-0.06855760236546377,0.2413651186407728,0.02271183443162153,0.03567236868892459,-0.09932215930265544,-0.13148808732679562,0.0034669153331170982,0.0516394452302086,0.03794033666795523,0.02226380462854798,0.06389594723460566,0.1343912356230967,-0.13912121582477044,0.05145707163101317,0.27360051747491415,0.09344863543823578,0.04116645445067576,-0.06681301215955296,0.06794909930470548,0.01539915715637045,-0.03711722968855311,0.13928879994259116,0.038783999854301886,0.002353167697635251,0.08599581589512433,0.025545281576443025,0.032315071681268244,-0.08228496256237497,-0.051769323077054896,-0.3012313088245615,-0.03660401468900982,0.0032536806011486774,-0.06714596125140077,0.04279156275035122,0.007025907342510301,-0.01636172278345925
URXL,0.17460223400104727,0.33935112035489046,0.06317328995448478,0.10999651900934244,-0.10853412619987085,-0.03356016380843623,-0.14565566713383057,0.03589545190886558,0.2840852188620558,0.06807787827772296,0.025197224298068262,0.010264239696711365,-0.014042846585079297,-0.24986955973678468,0.18096768552771125,-0.03263213040024308,0.02926700695164016,0.11349994466044215,0.04810065444646457,0.010455852510817844,0.022878517224317912,-0.0419003803368677,0.12428034911744307,,0.051250162665846685,-0.2596484735580425,0.010069189162876106,-0.22791319479832853,0.10681208560900068,0.08664026107218308,0.3959841470841207,-0.1283147080336476,,0.025202610536512838,-0.13956028151914812,0.015301247478813422,0.009448352532391164,-0.12019858382716432,-0.0030272603977841415,0.23208255035954017,-0.23620028728773276,0.36280654040952676,-0.3639241946991687,0.46655483814589593,0.01604228465123141,-0.0783034548106071,0.13054763591904797,0.2958054574166946,-0.07569171080180266,,-0.04592063000552579,-0.03767755084810371,-0.14375723930400525,-0.0524698971381005,-0.05770827279262443,0.2259475199727802,-0.04811584831675425,-0.051067003392178865,0.1568865414301968,-0.36424909202210737,0.3970070554609298,0.12294381980215238,0.03775387353488513,-0.0029638975458988227,0.018833207732770987,-0.11941717790301197,-0.4251518103552465,0.09126611150560156,0.15837340173779396,0.06006263237805721,0.10146738343674361,-0.04173614622679742,-0.09957978458650213,0.09856886996687582,-0.16787177658344157,-0.3330104724750734,-0.29525663188511364,0.4043238224060807,0.05488271837211503,-0.3596717918015869,-0.351627607048159,0.008503817541190041,0.2013505422194505,-0.11017034074628085,0.12341855179921497,-0.060941277863188904,0.4176688970170706,0.03935640264450601,-0.10766863866089159,0.17459525272122667,0.41493723884289346,0.1151289946201476,0.20418429720776118,0.04069095974345162,0.11639886913179359,0.24852006163437246,0.18143313299021446,-0.10895351459222588,-0.12137911850251937,-0.14473982965837418,0.19837529300043033,-0.01572823924821541,-0.03703679071631883,0.2577862016119077,0.22616888275887614,0.010969918555448653,0.2957305969001261,-0.15227941986117638,0.024992442235109453,0.14612954760687322,-0.029226514207489673,-0.15177339041133434,0.11060139015378241,0.07155902439951328,0.34422314181323876,0.23525339386704036,0.2677400397848007,0.20637708473788707,0.3744390096011768,-0.08835396505121976,-0.05796640363643907,-0.02104181033338458
ASEL,-0.052467857289456875,-0.07298690379928413,-0.08918258623272346,0.012534627537064255,0.1537382051444836,-0.07410617919848574,0.1014627591966157,0.008747427981719177,-0.11519359215846055,-0.01056846504437344,0.02520911270410149,-0.011681017963343218,0.07122823248673726,0.15999476466175983,-0.02636609972837467,0.0448924331923152,0.07216701173399605,0.0351625856258421,0.002468111889629888,-0.01593952052092997,0.06865407937163596,0.01607337450618347,-0.16191369268302128,,-0.01694100728793752,0.22466813986802114,-0.04344942460894248,0.21264357595065822,-0.050292357508479844,-0.0488143719987248,-0.026393240566270577,0.062156412955379214,,-0.08060049852863778,0.07096619441108358,-0.007691936905454824,-0.042642168051585286,0.1029132524038432,-0.01983726192094109,-0.09624348798154723,0.09390251993842946,-0.07780997980180858,0.18997278843896354,-0.018463992923681123,0.0261973807821972,0.0649777906536615,0.08678342050700487,-0.20421432779729815,-0.04216637917315347,-0.0459206300055258,,0.07961389078176648,0.10321549086499385,0.11863979072269748,0.15973597869443681,-0.26524434635847804,0.07599705374303015,0.03929522034261297,0.007786339121755996,0.07056200215860306,-0.18270402718782772,-0.009042736065387955,0.09376486391562602,0.025323867222030078,0.0601097130187017,-0.011447551221647978,0.09619414652845823,0.057412194419889866,0.0243220750042607,,-0.19140668321186982,0.03996538200338733,0.1810646457667689,0.08487592721071248,0.11768094793498729,0.08419216246959728,0.11737778482211475,-0.07029108229944334,-0.06689642569382626,0.13931055510889365,0.12232480759980983,-0.013899499194847079,-0.1663469794275346,-0.09984723937229618,-0.07285854662894589,0.021615523779290956,-0.12073281754557806,0.1465695758484333,0.09684572093960785,-0.22055431809964646,-0.0032653298255404554,0.3024941030801703,-0.09810620162870065,-0.04392272715182769,-0.023273313734064417,-0.06772523688197518,-0.06078489962635787,0.02428213843932059,0.10685471804978464,0.008552217163769032,-0.05377392097601433,0.01644039764696445,0.08063292559281977,-0.09580398277256065,0.12848259007134408,-0.061703325986862415,-0.1207199974200741,0.012848745664872015,-0.07733457745345958,0.010629408994041927,-0.025030427696474677,-0.014705341540165923,-0.03358772899462965,0.13178904601070512,-0.09201868414063681,0.3083097831005432,-0.016648723303714686,-0.00498234308521725,-0.022545892295016856,-0.13553358837261856,0.018988861534292745,0.0032202451729930683
AWBR,0.06787122470983997,-0.13517919020835603,-0.07673342187020352,0.0358324957778132,0.18370999678118397,-0.053409170362464765,0.12332423464278452,0.12648950292299838,0.05430470382054012,0.09225289715866267,0.121703681847079,0.11483571357448256,-0.01826184596151477,0.16353440591436574,0.14016211451982916,0.14188024395653168,-0.006849343503289543,0.1321412607342269,-0.009339952884745206,-0.02903623447730185,-0.05893465346817134,-0.02084962012450558,-0.05103990267312667,,0.020094148518125736,0.15683309931207717,-0.10486013220111959,0.2407521684912015,-0.10491718737032203,-0.010817795556275737,0.028667016599627483,0.11033249605386823,,-0.05665908221955402,0.08208024677032943,0.017222568467807436,-0.03431861341916949,0.09748150224225442,-0.06122834650395477,0.02938376958423672,0.1747812370239807,-0.003873006146201428,0.18263903689987676,-0.02777665446170111,-0.05098892082888674,-0.03206791965017266,0.020537927022866016,-0.00822028361016147,0.10885023516131197,-0.03767755084810372,0.07961389078176648,,0.44810068057518526,0.06015761548065335,-0.003949464995928673,-0.06890145607969886,0.10564667701458878,0.11060630051267385,-0.047383691186760946,0.05740647883349178,0.12003549086077159,-0.08148191204238264,0.027681573516391837,0.039012231196178776,0.04278023239917816,-0.0670083545023617,0.09507483972674403,0.06882061952024707,-0.010086381857597857,0.08535591469403533,0.013318532204838963,0.1283415592752641,0.19018937504944888,0.09318518119405665,0.24983480349190165,0.19404816813536818,0.14676667635201318,-0.04567982467384699,-0.18727250080740646,0.17100016882324418,0.16123440861920932,,-0.1539363977697249,-0.06663792685265242,-0.062044965065581346,-0.019092968449210733,-0.17586025457186566,-0.15270090207042028,0.11926077242033661,-0.14919888511131832,-0.1251719668817519,,0.04563527061958148,0.04825736893578107,0.008700547797133504,0.06344022658692007,-0.19495939643361074,-0.0852029990284038,-0.11404708316914186,0.08085125953252535,-0.0998271274628023,-0.13148373856950152,0.17055432538147325,-0.031257148307394206,,-0.08027132667082605,0.08073163821758923,0.02303831345423619,-0.030632284039368556,0.1122936511220571,0.05229659956653972,-0.04045184221531524,0.13644236563985587,0.014396266259133131,-0.08192431125102867,0.0253756526199409,-0.031790750472320224,-0.06123869867173136,-0.06430408534784296,-0.022476874218115513,-0.011983487845060602,0.12607669840916683
AWBL,0.25734486991528865,-0.24321194798110388,-0.1927282570873532,0.08514414705835441,0.11953428699923468,-0.03644133128204208,0.056685805561223344,-0.005130724541684293,-0.041266102366207646,0.11532712147912022,0.25841317230026584,0.12413113990155,-0.019611171187420416,0.17175818196421727,0.08780747450135928,0.19578748586398553,-0.0446042909494656,0.22746079653200013,0.008985009336269672,-0.037538344941795546,-0.042342745335448226,0.0007655206964116641,-0.023871143018521647,,0.03961814763435971,0.12751799331446415,0.00787106678437885,0.1436358545633767,-0.0599729451567797,-0.049057493752829404,0.05222435426033857,0.14858857333427383,,-0.042916695595116586,0.16582472978670673,-0.01094058049449314,-0.0043253058206254,0.08674722750435959,0.0006112820814804395,0.11264957307752545,0.18038188152240764,-0.0871904687155016,0.1027578851535506,-0.06242609731720901,-0.003296333326177993,0.0063971249702585746,0.010793434350587983,-0.09631421896687117,0.11943730502413125,-0.14375723930400522,0.10321549086499385,0.44810068057518526,,0.07751359376659796,0.04365578352580754,0.051340635650913624,0.08144317372814418,-0.03760398537013359,-0.1181922518276241,0.06762638912282663,-0.013943385564336136,-0.10078539813092575,0.04174169381050332,-0.04163744354069402,0.0298488322450801,-0.023677552502003433,0.08790787994842637,0.027190834072133425,0.036363171571331614,0.040408367908418265,-0.12598105319869157,0.08979415148551927,0.1548836750339575,0.045701972783687435,0.17327916074948257,0.1258786124824701,0.08943519861725872,-0.08310368619152032,-0.10022063866418607,0.11481549253701942,0.08957640391129228,0.14606156424995898,-0.027261032312944227,-0.056576895283951545,-0.08848179022603812,0.029441882941184477,-0.11209900555591604,0.004539259265271461,0.11995122777974686,-0.08662938840787751,-0.12685433435194207,-0.03203030840947743,0.08412491384033566,0.03456419385343247,-0.051816409413479425,-0.05934935671613658,-0.05971125603371368,0.0013522513670474652,0.06384084967688786,0.13316355427989518,-0.007353636239463356,0.03810452717600776,0.05460997031004992,-0.06724432041953853,-0.11107951330601312,-0.004137710720108679,-0.015168731696135812,0.09062967703234047,-0.01267042894641806,0.007986607363641172,0.12041518069340353,0.031221298596286196,0.046034108312461214,0.031440002848486935,-0.15193153657765437,-0.039124384744078144,-0.053678029868384804,0.06555867970743795,-0.15319345451212654,0.06948028237216018,-0.01972556163166369,0.09283864635610752
AVDR,-0.004805836318127429,-0.09465075643944106,-0.06085776913225609,0.020554804489797244,-0.032234462116781014,-0.08717005719956618,0.04983886934676359,-0.1271412234129917,-0.11378159358858508,-0.07019661609651438,0.03781169951924739,-0.05968666784604163,0.2757492092335295,0.06266216223983785,-0.0856604177596953,-0.002864971770494332,0.13617130329070506,-0.02611532779001075,0.022231357165981225,0.011188730745277242,0.04179459897546456,0.05369761462451014,-0.0185523149905228,,-0.1277243331131417,0.027744772089188262,-0.07799337560391247,0.06202262632266736,-0.15642306711731876,-0.13142784813973407,-0.014212305249278814,-0.007071431406731728,,-0.06798352404352662,0.11208223049767058,-0.08348443559095958,-0.07426000418520703,-0.03596329495719943,0.031156777688629626,-0.05474361461774448,-0.015602691409574114,-0.06103008420650979,-0.02136780129500082,-0.02692820285269205,0.026035806337626942,0.14662295689091814,0.17041503553352383,-0.14201692401787014,0.03889478884444121,-0.0524698971381005,0.11863979072269748,0.06015761548065335,0.07751359376659799,,0.2141977051604899,-0.16147482217300865,0.12470529957847826,-0.053663102893390525,0.03701397530541981,0.09793797955545173,0.1070670277876405,-0.0001318163279985518,0.08328065018533913,0.004250037795076229,0.01661546378867916,-0.027344005837458864,0.10055042042241825,0.19474124115870523,0.11803295107902012,,-0.09034833812832815,0.12410166063980235,0.14814313540969568,0.1550341308937811,0.16172343301378156,0.11723598026375022,0.07827773704420707,0.04593955404911607,-0.0319885198899135,0.09008085356759656,0.030565841995977127,0.05683838138589253,-0.03690909683393985,0.0030432853102053555,0.00751109812871959,0.11402560775426883,0.0249108741966417,-0.2658280610774846,0.03537790709236394,-0.07064753970395701,0.012190169114851379,,-0.037003964784593786,0.07493954931383434,0.07942724925851075,-0.12834928680775817,0.09487418994919365,-0.004885375476438805,-0.11249342502683875,0.042657179487769675,-0.04802379674658016,0.07639687729724798,0.07813647463626594,-0.07162696545718643,-0.05746998790485805,0.06291811082862055,0.1054775161544822,0.008386437469058039,-0.09202349145916683,0.012077072470359718,0.0021078290336487004,0.02101331012413241,-0.03595128461445979,0.1613401425309049,-0.06111426329158209,0.00032953176158140085,0.04190917102171175,-0.07114062375217114,-0.03191380168450694,-0.04026664353228131,0.09460788754113762,0.12176492289647137
AVDL,-0.05063490218273397,0.07180766148486918,0.033258480538727174,0.14733412119644357,-0.11903721892035937,-0.020462595728945498,-0.09372583784264084,-0.0774093516387343,-0.0302340376932486,-0.009943679380262974,-0.04171351435401621,0.01617110053246023,0.17289563450937417,-0.0929857594148788,-0.07731758875362572,-0.0022898976601062613,0.17829512777400833,0.05599985910982847,0.10411265088019601,0.04554145864877649,0.09643290467093585,0.02036976980718003,-0.02069281057922792,,-0.050564721162889945,-0.07589238318046795,0.07242291665524149,-0.042184295528287015,-0.007365174726002344,-0.08226400506846097,0.0760990727996397,-0.08995953743757347,,-0.01818410751754791,0.16021876135325577,0.03791467351547986,-0.04399425754132473,-0.06980258548711595,0.0480032627039255,0.0032089792221047008,0.0038301158618297276,0.06502768907426193,-0.14368490266550987,0.07715409408681655,0.02478952563880877,0.0287155746376724,0.09989257097850994,-0.04335032545228904,-0.006715051898889234,-0.05770827279262442,0.15973597869443681,-0.003949464995928676,0.043655783525807526,0.2141977051604899,,0.2002680789255369,-0.17949012837252917,-0.05213274525236002,0.13565961869175228,-0.13133578099335044,0.2081269832266418,0.08221054620943052,-0.0703020383468414,-0.12128772647101771,-0.06561505789319,-0.0036033679398484544,-0.04382449639533527,0.11949815476776732,0.02046102909553467,,0.1487566646741005,0.0009362383471722512,-0.17968999991899096,0.26572282442909523,-0.15996260861417863,-0.12841685777090928,-0.14845102284569056,0.11474000810777156,-0.0547597551668369,-0.11940422762372861,-0.11663627541356573,0.11906638576598805,0.4033935835306015,0.1049502917576431,0.2401194207579727,0.09812518778488587,0.3209669245330684,-0.08715083240448632,0.04050003545186619,0.041993289277672395,0.1909263990406406,0.02017904244746937,0.027149862561382857,0.0009844150311652791,0.0637440268663234,-0.043812621522515985,0.35283968647330727,0.07397728558953122,0.09389683323932077,0.06896624438853545,0.06328757522636345,0.17556701986834675,-0.060339494437168496,-0.009470023061709788,0.15984512401224463,0.1518366973581889,0.06235926033177201,-0.09559468396656438,-0.016512918435869686,-0.03813433428777024,0.016870483306158535,-0.044758898154133545,-0.0015548098378100875,0.10264344523502242,0.09738570207339524,0.24452322066319795,0.03869723340443427,0.13008959552203028,0.019072814774234555,0.07784343759128957,-0.04239328784004277,0.006238001058548372
AVBR,0.19648922284229584,0.5832691989057003,,0.009148704516014251,-0.5739069674097368,,-0.4238473263375689,-0.21477812187238265,0.32872669525675996,0.009765591968806137,-0.3812025349080022,0.19095805116618403,,-0.33224750281110865,0.030024455129701096,0.16943059438082822,0.02135496402323432,0.0738919688736489,-0.13491010872282172,,0.23924280390599015,,0.3116239719840898,,-0.05169575582802473,-0.6210904971023944,,-0.5741808935527892,,0.132230252954779,0.29958119637964487,-0.46755213891516656,,0.20967073924481158,0.14260073355230143,,0.14561865560484885,-0.23624908139527492,0.2748074980137302,0.20648353295536154,-0.12034555867397229,0.28525762036805113,,0.2603296222575385,,-0.40703692610634623,0.13296273938901174,0.18691472480161478,0.048793510187096906,0.22594751997278018,-0.26524434635847804,-0.06890145607969886,0.051340635650913624,-0.16147482217300865,0.2002680789255369,,-0.5152459783565546,-0.4895331403423534,0.4985064279434854,-0.7094933121195509,,0.34518702678447755,-0.3715387135331392,,0.21401012377162298,,-0.7469276766465661,0.135605178219931,-0.3431763829370445,,,-0.17928148657298465,-0.6164953289407439,0.00973976672529027,-0.5885399791916116,-0.6444273417675116,-0.7300755842422502,0.5339915970490813,,-0.5793329790075434,-0.7860653632493165,,0.7642173963464017,0.11147782668651018,,0.20829799927091688,0.8976602771046156,,-0.15213640735394499,,0.6704696501931339,,0.2788066014633741,-0.07000652406786625,-0.0418197687533144,,0.7859492056768338,,0.5168903124488249,0.23315048875190558,,0.2632299409188806,-0.21696452237101585,-0.08833395785695977,,0.17579034387930534,,,,-0.09906631026331948,,,0.0008068818024393083,,0.6091945230588696,,-0.014599658821491399,0.111358204887994,0.13797279216033037,,,0.0342058293156325
SAAVR,-0.06248597218409751,-0.1410331782024804,0.16001342279896236,-0.034793812809081004,0.2513121789493246,-0.08210799232600509,0.11261964730001671,0.10479529186704001,-0.09445135686850663,-0.06357309005884001,0.08752441734183221,-0.05475135313769859,-0.09126650186915428,0.22050149340175368,-0.1142121175341304,-0.15267638395571714,-0.012254469865898917,-0.13680933945479898,-0.0251564570408722,-0.0182783010466435,-0.13900931741183,0.003616810060761297,-0.039222009091381294,,-0.04747548496511442,0.2683967188755449,,0.23257571676130728,,-0.08769679312700374,-0.06806497330750419,0.09961756031716629,,-0.10554087546679139,-0.0042224103207169905,-0.09255606082742404,-0.08953904640743895,0.008070035362394347,-0.18748318512241327,-0.06556800288689064,-0.07151784572914267,-0.30397080724603853,,-0.08221361480959304,-0.04017025860594945,0.13376604202759707,0.03153763984017299,-0.08714989243087319,0.03454371902995469,-0.04811584831675425,0.07599705374303015,0.10564667701458878,0.08144317372814418,0.12470529957847826,-0.1794901283725292,-0.5152459783565546,,0.48245640420948394,-0.12413477752496241,0.326202995025849,,-0.135609328653408,0.0111681831544862,0.1891308644147371,0.1486313675999148,0.07027990170028015,0.20261901994338685,-0.013379574258222412,0.05130412777335936,,,0.12478838740047554,0.4169731657791418,0.0692544207761701,0.3286738656562245,0.2508355517522598,0.37058467458465255,-0.05449896916637687,,0.19820846086725455,0.33635859830182613,0.13960977217596673,-0.5515241983091033,-0.07077734978208382,-0.391080582673111,-0.09022857633870336,-0.4043460684778508,0.14980897252710268,0.14736299939277256,-0.0714415421717835,-0.36603973770287207,0.198856575563897,-0.04632310592209981,0.031765384640211766,0.010056059240104706,0.15186260023833048,-0.2847018956399805,,-0.4017163108944727,-0.09321730254836935,,-0.1890712208467964,0.2916873555707314,-0.07271154380768428,,-0.19300221785919894,-0.01495770257402651,0.11990739061055154,-0.15448380288568134,0.09185433719537166,-0.004943175612008597,,-0.0057428875746052925,0.12434810821757282,-0.25122759734368855,-0.29836126442421684,-0.15704726685188408,-0.28685248674951236,-0.12612943651848477,0.16449537486085147,,0.08037913458389488
SAAVL,-0.0716332905291464,-0.12605983328309492,-0.017228741533392804,-0.031485765730552756,0.23262130285941307,0.03133812330264361,0.07174820216918928,0.12175549327360632,-0.06575888816896018,-0.06364919555659727,-0.07554658149188004,-0.11301884886075927,0.07602456305665392,0.2344408486640528,-0.02827609756570928,-0.12867063552662628,0.01804164285236465,-0.15604981463903905,0.03536780700987196,-0.05604839087067496,0.08342843222808696,0.1477456908311693,0.018824896719324583,,-0.030519937039062722,0.3057217984747066,0.10810632694654104,0.2957726032154816,0.10350526680792804,-0.07856696575585542,-0.18738542037014821,0.012873238145964647,,-0.07317589484848366,-0.145356201192561,0.03409809439664004,-0.06785073912029035,0.05968896359601691,-0.19400119672326824,-0.09775105283892367,0.1285959183350611,-0.11105192832841979,0.15407262205963168,-0.10481474536981239,0.005518535670623663,0.07080586058023174,-0.035395935800140325,-0.19050492553728945,0.08227743370894389,-0.051067003392178865,0.03929522034261297,0.11060630051267385,-0.03760398537013359,-0.053663102893390525,-0.05213274525236,-0.48953314034235346,0.48245640420948394,,-0.11199777705529915,0.29316176713604875,-0.1994977644375643,-0.08926573278919395,-0.2254424111862068,0.010081669938471191,0.05715106578878714,-0.03147769742647455,0.3262518763916649,0.0486766858862094,-0.05372606997692817,,0.07639288874236859,0.17560778140020758,0.4553060323932861,-0.09091582831379916,0.4686917996038862,0.30002991442664695,0.35402644719380894,-0.09184353308785341,-0.13178082098725097,0.3591008592187113,0.44107529083725405,,-0.580095524137648,0.02860391163337277,-0.15141272537144806,0.00607368331468707,-0.3203937260998452,-0.1524401306669194,0.19677451355243458,-0.15605547469118908,-0.25380215981316273,0.27612004737367024,-0.17020454525914278,0.049443052824158014,0.039193346821179254,0.00019702646436761475,-0.17349347552256983,-0.028732707065538612,0.09459695475591508,-0.025723899949784825,-0.07275400414525757,-0.21670922422897101,0.11836587175615859,-0.08914822850096407,-0.16881322747257038,-0.1521888191383826,-0.2007979026574177,0.048791063392174976,-0.01452839613707119,0.007133630024938323,-0.020920889407511745,-0.13699662092474146,0.010289739808592404,0.13958473016228395,-0.25296284125416907,-0.23827313770776226,-0.1253838304208319,-0.25636354000580774,-0.043232477430995016,-0.15088411396257695,-0.07941704161946946,-0.007075481766729484
RICL,-0.08103038275948564,0.27746642504649105,0.10633613104536305,0.017859152971061453,-0.27917879051211253,-0.013782177246888747,-0.19458571264279428,-0.10686757783516619,0.09690603468216892,-0.10358085611363944,-0.18365791120281547,-0.1767941516847711,0.1098230734055266,-0.3219034131833301,-0.1107145869463805,-0.2594609887575605,0.014567373460598753,-0.1286364768076724,0.024604741757815362,0.10252440585484764,0.07847167916366726,0.09374641974769088,0.14905281796188513,,0.03965730392168534,-0.20838981866568135,0.07007813639344712,-0.20488891298524467,0.09349471974325962,0.08708541659340814,0.031533513618733605,-0.22080964893444818,,0.14072678128756524,0.027019745023134974,0.17803966129897766,0.07486636025844619,-0.02434685743002546,0.04687824325347548,0.009895748234913234,-0.037978694696225945,0.17884418850485437,-0.01996437406247058,0.14735451757298493,0.1589331736594291,-0.12434423295090961,0.08244936040892935,0.19380511565594805,-0.032216246078243284,0.15688654143019687,0.007786339121755996,-0.047383691186760946,-0.1181922518276241,0.03701397530541982,0.13565961869175228,0.4985064279434854,-0.12413477752496238,-0.11199777705529915,,-0.35013573380696417,0.30431446487862635,0.5077481744853795,0.02269049702183483,0.017374920834546306,-0.003230859995712561,0.0649958660607043,-0.3322028781831399,-0.02017763172855017,0.043808420465277755,0.10547391623525043,0.01842531107374681,-0.05138853958158551,-0.32231777927187943,0.06245043493812392,-0.36928113109359867,-0.30225495221302384,-0.337830723555963,0.2359623408327828,0.2103142402282676,-0.2966447356240595,-0.3410087891166054,0.25588640724331924,0.3821686668271088,0.12903685450716623,0.21770843369534543,-0.10623420555582777,0.3015439724030888,-0.03955494915822776,-0.2138972213061107,0.12819387732212736,0.3377965094564612,0.309996061097749,-0.03825827464899627,0.10561311008171227,0.226569175031679,0.05102365774136677,0.28386452349532126,0.3653935919659671,0.17793186774750985,-0.10847856651074583,0.03441902698325571,0.044696703509378086,-0.14755478639695765,0.08173563132145466,0.26349212855137755,0.12594220463517122,0.11236366719200017,-0.2007258759177583,-0.01499425190591278,-0.08250677524165653,-0.10846190721177403,-0.10667451022434643,-0.06482277264467269,-0.04020082274202796,0.3759526606527798,0.026323532528700788,0.08689738726332054,0.19064019024382362,0.11228800283896033,0.02639311170553129,-0.10234167322454349,-0.09856151605026656
AVER,-0.18484422519420263,-0.5334802900413471,-0.24235627862832593,-0.1769747754689379,0.3544012367663702,-0.05165555105474888,0.28973983936641257,0.12852179329962446,-0.3726420262540345,-0.14580762381640508,-0.1364450386033103,-0.13695396882024796,-0.02483414804106644,0.5650929825274792,-0.20905227632116785,-0.0800125820503813,-0.0722810215609977,-0.24308259301952304,-0.07410747791849126,-0.08351809038729417,0.0077297420719004695,0.23708322996615752,-0.10711144957946497,,-0.05195203310095126,0.49494440474615636,-0.12764229755552778,0.48514963653983323,-0.24264923847570832,-0.1259726173885291,-0.37162330329186377,0.19682733194883179,,-0.1602507986920181,-0.08899107005262702,-0.2995451574400682,-0.08754709173164152,0.25236247763792014,-0.1363329537560073,-0.2083248592881413,0.3332616958339521,-0.34437809059662616,0.4566293376444533,-0.25193762316084406,0.005124603528863347,0.2851405433352975,-0.08684329711057115,-0.30181796375612324,0.11199605124307085,-0.36424909202210737,0.07056200215860306,0.05740647883349177,0.06762638912282663,0.09793797955545175,-0.13133578099335044,-0.7094933121195509,0.32620299502584904,0.29316176713604875,-0.35013573380696417,,-0.5779588187019796,-0.30134574737490855,0.02953628687755827,0.10832081773126746,0.07130615656886943,0.12523050809656314,0.9224460590061792,-0.0192879815905634,-0.027053777339909803,-0.10682111081563318,-0.2856751047961894,0.175654791317632,0.7988292936064895,-0.22233984815694546,0.8272597474158966,0.7842118792293991,0.8211512935511984,-0.45858862480254453,-0.1638090072681498,0.7938551326728046,0.8281825984313287,0.06496699875616024,-0.6875676182069479,-0.0986397088810077,-0.26124709418808767,-0.004641931884028344,-0.6841724368394845,-0.018244151961739258,0.19129297046994218,-0.3619270654446328,-0.5849111298855789,0.09434882622192309,-0.3693763789661934,0.05644684522966433,-0.12425016572035905,-0.1328683686219972,-0.3953746572624855,0.03977609109503045,-0.2769875133523698,-0.0005460463173266849,-0.5015957208927196,-0.20335061149790937,0.1527482194689801,-0.19326035470577238,-0.6601113780009217,-0.3293419615194177,-0.3264458479612723,0.3381133927541448,0.034753619047089436,0.12333162959637115,0.05972403037902276,-0.02692552787030481,0.12671704015292304,-0.11136993595964904,-0.6767994760110292,-0.28743083854281193,-0.10413471638172714,-0.5106057571624864,-0.21193564953777447,-0.16274032508178254,0.29121769246127494,0.04279637833586347
AVBL,0.2015800255664032,0.6007692535980764,0.4967748462404794,0.036099368461285294,-0.2068204659964673,0.15593733636975365,-0.4190693181117569,-0.07410139479012563,0.3661155636469155,0.18618631619175768,-0.02947979773180341,0.11508788836615758,-0.057666091703441204,-0.41101492095158687,-0.0015341129167822376,0.008601507136750508,0.06651934735859055,0.16112665656891634,0.015661240881933908,0.07750317510569639,0.11136064274711088,0.5448354777327149,0.1589824523405165,,0.18009832842129153,-0.3897301963910246,,-0.060796709914914315,,0.24468699015756384,0.21539102959260975,-0.14041384059823023,,0.11482462747905885,0.3679959576038054,-0.03332747034228807,0.05348709387115206,-0.17457055638692137,0.05609058237080465,0.20459417317319942,-0.2604018009455888,0.391509491142072,-0.2865662250275704,0.47924262829917924,0.03845174812624849,0.04012554057777847,0.19468524176098534,0.2959736099837221,-0.059134245167000596,0.3970070554609298,-0.18270402718782766,0.12003549086077159,-0.013943385564336136,0.1070670277876405,0.2081269832266418,,,-0.1994977644375643,0.30431446487862635,-0.5779588187019796,,0.0843434704566443,-0.17170607495574838,0.06892999432954065,0.16897504333822788,-0.16856515065803554,-0.5748453755738012,-0.029591055757843834,0.07772925460549779,0.11149154698322222,,-0.044191706944987814,-0.752512056252624,0.2107989685627523,-0.6472116349038035,-0.5247743400903475,-0.518449137602595,0.4680467040442329,0.1749145637641772,-0.561191900744402,-0.5066434512793624,,,,0.49595036732909614,0.15293630294372382,0.6435631264307687,0.3078644059145283,-0.16138632153261814,0.3453358066538735,0.572441151107774,,0.25912433812072616,-0.029699697076963696,0.03019275197795643,0.40376393826423174,0.8900845276518398,0.33328051293186584,,-0.023924631716570482,0.2306281948669783,-0.1281314540044515,-0.293914461353457,0.20242844882428748,,0.4718506314285109,0.5354529485049637,-0.2514489882279998,0.00031371268039106256,0.01729030205735372,-0.04072731400789878,-0.26507688737786006,-0.021440277989514735,-0.07106640340596723,0.5352126274248492,,0.0492591491749368,0.4803979795358575,0.28169950472151806,-0.10812582488521151,0.056794691638266975,0.02931211842875775
RICR,-0.06973892815396766,0.24893698518707483,0.09167457282521393,0.03139574313292971,-0.18032999281338283,0.048766718247303276,-0.1816287738970816,-0.08541886449836757,0.05482313288281596,-0.045312641578396914,-0.1308648589608104,-0.14561330679852114,0.1532915264616334,-0.2342255541567014,-0.0898674975689034,-0.19307696956297066,0.05179784108339456,-0.07999447182596776,0.01203806159406235,0.08637231907895063,0.17705967719258606,0.08605787359783608,0.07203430960029274,,0.0019632939804456974,-0.16203857636157756,0.08961712863895077,-0.21212345744352554,0.13538846039191268,0.04398576072520523,-0.024322342473792464,-0.1487679723828203,,0.12160850987425373,0.04111220182816071,0.1781414131479059,0.09972700396976418,-0.026296433822024578,0.08200992015215362,0.015870223681952247,-0.01892918031091775,0.13719144840511197,0.11615708440569036,0.08355565628123088,0.1421099849619427,-0.07240957685777834,0.045255356321858814,0.09592579863105155,0.013181599700288269,0.12294381980215237,-0.009042736065387955,-0.08148191204238264,-0.10078539813092575,-0.00013181632799854487,0.08221054620943051,0.34518702678447755,-0.13560932865340794,-0.08926573278919396,0.5077481744853793,-0.30134574737490855,0.0843434704566443,,0.025498105399907222,0.03992587904215766,-0.03650201333453963,0.028086930457095385,-0.1727733097123636,0.06587889465382525,0.05404875704357454,0.09246373244478383,-0.030627356996433784,-0.05566798897705808,-0.3056209034551136,-0.0041757110976660666,-0.3399706842242871,-0.23293812907761105,-0.2999087545253213,0.1462790644511317,0.25877195857538987,-0.21063724956057284,-0.28144124604731113,,0.2771087159550839,0.31743532758950044,0.11397864049942799,-0.10516016706003513,0.15440353392941367,0.10378269529394532,-0.11431456335192097,0.08412171250647668,0.21282363050326103,,-0.07867735246277704,0.1407885635247995,0.16324705872596812,0.039920448941551036,0.17927210016334244,0.2626557964945645,0.09713744458161659,-0.07572627138927528,0.16166521711409942,0.0788059880485555,-0.1990688819761533,0.09080380775462385,0.08344164385951013,0.16598401354585848,-0.051436430188075415,-0.0940425081902237,-0.0296727465448973,-0.11222405862092463,-0.06150867301762577,-0.016228958673070015,-0.07909607671693432,0.04905915298197463,0.30126315280738997,-0.24880311371851732,0.029795372842836954,0.17410589278258476,0.059908450073595784,0.16072649158823105,0.20599759885451197,-0.11274057064643121
SAADR,-0.045269267010168375,-0.191697444492909,-0.05520495246295255,-0.00812052600221029,0.14603669524161053,-0.1338531369639889,0.08837317836725715,0.08753147466562504,-0.0739003835540232,0.00819840014764119,0.12464121911401177,0.05656431931648759,-0.04687373022750855,-0.03404853759542077,0.16419014280109515,0.04893891274773362,-0.04844978081672198,-0.21502855223425954,-0.009923743479329866,0.07875754000399185,-0.2871081258511229,-0.22641763849920024,-0.04212634132412577,,-0.04871990238376891,0.04842209889394769,,-0.024004545768095253,,-0.05904147083967239,0.07516413018767114,0.017064624321785533,,-0.012216236484147247,-0.06195906067202267,-0.017751586163991306,0.030045873484925312,-0.022725962971726885,-0.19080307546575792,-0.05288031620001589,-0.011544123962224434,-0.09150065862661581,-0.12607321787714368,-0.12297990644503978,0.1685484465232666,0.08140910038058413,-0.08111787029950973,0.06668053161299782,0.0009596334603990606,0.03775387353488513,0.09376486391562602,0.02768157351639185,0.04174169381050333,0.0832806501853391,-0.0703020383468414,-0.3715387135331392,0.0111681831544862,-0.2254424111862068,0.022690497021834816,0.02953628687755827,-0.17170607495574838,0.02549810539990725,,-0.10438282869618404,-0.07800063075145813,0.36602556088078914,-0.12137960804901086,0.0009731284619457483,0.11656108812435462,,,0.04126869821295027,0.28161434589683215,-0.11101183023925364,0.24307358666510803,0.05983577876801988,-0.10955851262165688,-0.15747248152439286,-0.08415670936378546,0.07395128397062989,-0.10755644404085941,,-0.4170750704858689,-0.15151477609943093,-0.11081623112267863,-0.21250392033122828,-0.1738019318584342,,-0.17246008898478893,,0.04141027543640366,,-0.031094137990114637,0.04171206849947144,0.15836370530862057,-0.1011532207673288,-0.24003337858221566,-0.13997928542180593,-0.13480382164749696,-0.23273073033396474,-0.11479178168515386,0.028475727462538056,0.04395750517829897,0.05791842842020617,,0.1730564164869177,-0.15281636390663755,-0.055185111001306096,,0.06759372349726733,0.10022584057026653,0.03484770555910902,0.05339651779123203,-0.343360234070502,0.04367675915066628,,0.17281474822583534,0.025975925352571132,-0.09755168984499053,0.1414654202681177,-0.12098632617098484,-0.021993971686037977
RIAR,-0.06322173934195541,-0.10786741029422857,-0.07694503526472604,-0.09529635185043997,0.00036541575721261527,0.028923758122440735,0.1597585632853606,0.0613700167755602,0.009853402169319644,-0.09824310152001794,-0.06222737522630521,-0.040258179284336455,0.04939858018873225,0.04762300924086309,-0.031975285800695155,-0.010908584817125014,0.014839773657094244,-0.0745341121081671,0.0016974932676239393,0.08330315659860955,0.028219340272193257,0.15762147236071436,0.12023206200674481,,0.012463235744537454,0.04436490769740984,0.00966557921009708,0.09411944981908495,-0.04302030050534311,-0.0026692990505647954,-0.04288546001605057,0.025697585040783254,,-0.029623727027142797,0.07494963084565333,0.2942623593035292,0.011129593242614214,0.08611258911436982,0.06689902593300884,-0.035870059200164874,0.13261124477351502,-0.07813953893023248,0.27475983860960257,0.029474633569125164,0.06549288236895776,0.06485819264787451,0.02147945978599368,0.054646473305837336,0.010164087539688636,-0.0029638975458988193,0.025323867222030078,0.03901223119617877,-0.041637443540694014,0.004250037795076234,-0.12128772647101771,,0.1891308644147371,0.010081669938471195,0.017374920834546274,0.10832081773126749,0.06892999432954063,0.03992587904215766,-0.10438282869618404,,0.388517159719786,0.036054802707018975,0.10205565568400819,0.03764743440968062,0.020642635023236957,0.007746935098514246,-0.060175362619074906,0.015668504357476645,0.12372312457303451,-0.030969759452059747,0.21463494385070966,0.17857782388496882,0.11701926282523327,-0.10149497197389422,-0.04911734317018043,0.11106078985714454,0.1280909418367824,-0.10876883658543995,,-0.1884104706340632,0.015516081742436932,0.021579572642512507,-0.17239320584201037,0.06840915183896619,-0.021762231106517177,-0.02960894940148853,-0.08929376876581556,-0.056871851625166336,-0.010377477476303477,0.030968956329204853,0.039259922925524465,-0.003668303443858434,-0.2682571991589981,-0.05445693995912851,0.059108894091634626,-0.02794758057675682,-0.08213736574062679,-0.01041892921024247,0.1472256643817361,0.08736668738306234,-0.251047567149585,-0.06591055405295325,0.042680347335627054,0.030106123207438953,0.1561991831422111,-0.01690088942659105,0.06276063830062523,,-0.13049937931513136,-0.11043550188594042,0.012326773164339066,-0.1640905190943605,-0.009936133678754443,-0.1782718007454255,0.007916331216085164,-0.16948806034122343,0.18274329722258686,-0.014559360945431334
RIAL,0.06245209015869077,-0.025521012046912737,-0.005763162256108891,-0.04343035771916894,0.10365945064816956,0.059075417315195625,0.22911641895786453,0.11383583395243363,0.06032711566233675,0.04662805133934035,0.06488103257810966,0.08872783102839403,-0.016622865175825032,0.1428144264704822,-0.017282830817581436,0.13022718529664354,-0.023429672542626758,-0.00831242099066156,0.025904915644971,0.0002467801098060988,-0.018907233205085142,0.1689998110135482,0.09601896307599686,,-0.011447698116774171,0.13846653444670648,-0.05519708620590894,0.1863074806056661,-0.112046878671655,0.02357539387048173,0.009269127354238666,0.12755395390082083,,0.029374704487307602,0.09775366268648042,0.07331929756374383,0.07591409160115817,0.02386265554598785,0.012724070719451794,-0.06286330646585636,0.18324579426101115,-0.03439598849830144,0.5335826905008826,-0.015241834425630216,0.09982331450120799,0.007541551675858318,0.004988412364629308,-0.061590526606766574,0.014711345263757735,0.018833207732770994,0.0601097130187017,0.04278023239917814,0.0298488322450801,0.016615463788679168,-0.06561505789318998,0.21401012377162298,0.14863136759991483,0.05715106578878714,-0.0032308599957125497,0.07130615656886943,0.16897504333822788,-0.036502013334539625,-0.07800063075145816,0.388517159719786,,-0.05916045417901749,0.0699487296166878,0.03074024262866737,-0.02949618245065223,,0.08196708179497925,0.10551974370679217,0.02569138024856844,0.018192927075298793,0.057126794579198524,0.21053849296271313,0.08757896711112928,-0.16665836182087676,0.023445396769975525,0.1572570110724214,0.06547402440986018,-0.18434448635346692,-0.030431470322472023,0.14086669022709758,-0.0026107406145284024,0.020569309576849822,-0.2997302587134705,-0.08759744941358247,-0.003925068080986021,-0.13405310413108087,-0.18051811305211982,-0.11108574517937322,0.06633259692142568,0.05664575930710342,0.07058461106565536,0.05132157856084142,-0.1468437415588411,0.03343101549430337,0.018730049445837574,0.02057275140155767,-0.2132291900689687,-0.14105933415362634,0.11320517142171371,0.0647204918919677,-0.01454363184233494,-0.049065562269214574,0.015162160213311918,-0.010717898225240113,0.06160454833031458,0.0246367917591117,0.02562539756701265,-0.022204545360696402,-0.027558758806255988,-0.15735818760777265,0.00540309984731329,-0.0654579331098534,0.0013332368067701002,-0.0913995680177943,0.06128877156200968,-0.16826411322058232,0.22139135619607106,0.15693558689297638
SAADL,-0.21125948189280971,0.014992140704200685,0.0008537892158798008,0.0861447867453934,0.14480008229773847,-0.12332117138646184,-0.04739256740981579,0.0908802835929063,-0.04939297716000555,-0.18883589668195383,-0.16856841870665917,0.2871480096929354,-0.06987876307624404,-0.060570546589554915,0.12270770333603365,0.07158239256084176,-0.1289661941753295,-0.30605780949482825,0.06697954845566775,-0.025306468843292285,0.14368799027817178,-0.1846747809154505,0.30514398151181993,,-0.07926374064839856,0.003140746615377573,,-0.03773510400090699,,-0.12492696241746037,0.07347486737896745,-0.0012207372554969148,,0.006291995810739599,0.05830878496294212,-0.0704323183527881,0.18663957582074603,0.007095255254646847,-0.10708278989404253,-0.10905908914316335,0.10592055029079904,-0.1563713999220836,0.19364993273466288,-0.10623864540501371,0.055655814875585186,0.025250461900588137,-0.09416382513906839,-0.012604385966685276,0.10593328125701368,-0.11941717790301197,-0.011447551221648014,-0.0670083545023617,-0.02367755250200344,-0.02734400583745887,-0.00360336793984845,,0.07027990170028015,-0.031477697426474605,0.0649958660607043,0.12523050809656314,-0.16856515065803557,0.028086930457095385,0.36602556088078914,0.036054802707018996,-0.05916045417901748,,-0.1958283378908123,0.12387149375770122,0.07327645286829709,,,0.03721871107457085,0.15318522797729214,-0.1389229772857152,-0.014751696457803365,-0.01644188910008652,-0.13695397909661922,-0.2806602437308239,-0.11163407003660836,-0.03475753186186233,-0.11006588279251406,,,,-0.15143020636692225,-0.28923368872501326,-0.38869858754568504,,-0.27074686784430024,,-0.1302024936203396,,-0.023246392155839384,0.10551125860993267,0.1914670095568943,-0.05695791246701172,-0.09238655240110119,-0.0004387504526107799,,-0.23307939351840778,-0.025517809295339325,-0.05391797695676188,-0.014862385463429953,0.09721200536874748,,0.14604123436465058,0.009124366174521309,-0.06723485187563637,,-0.06101781707140828,0.28021343490227485,0.0627426574912141,-0.08211587744015338,-0.32451615978318216,0.10012448138375846,,-0.007513072967072293,0.17286633200063406,-0.3390684578010458,0.08917861300348126,-0.29716279851383365,-0.18445972448543257
AVEL,-0.2454354123858282,-0.5511471215324764,-0.3325985456442529,-0.19458017512954895,0.28515451405076353,-0.0871870132632597,0.3423278621059086,0.09923578636197983,-0.4055696486085655,-0.09878447247059083,-0.1350236159031659,-0.11191520078067904,0.028894251368760504,0.6571057877889491,-0.260331429299235,-0.03413621362104294,-0.06861030286059232,-0.2671535814532095,-0.07913438186669214,-0.07347856272360428,0.02426383052110485,0.18222508294397838,-0.16638895183627678,,-0.09187137173458418,0.5309907200308737,-0.1492630150077399,0.5105896438441927,-0.23433442227746462,-0.12846247393490387,-0.37880706415012755,0.2032104139598418,,-0.1636184883630442,-0.019579012742560777,-0.030966697798087046,-0.12259516534878523,0.2814200144426703,-0.12780526678226636,-0.2339396739899228,0.31723639625667854,-0.35386925721758583,0.507233447652639,-0.23325066086669569,0.03916244805023841,0.31779825717625965,-0.08403163569670641,-0.3452645960265508,0.06282826192432857,-0.4251518103552465,0.09619414652845822,0.09507483972674406,0.08790787994842637,0.10055042042241825,-0.0438244963953353,-0.746927676646566,0.2026190199433869,0.3262518763916649,-0.3322028781831399,0.9224460590061794,-0.5748453755738012,-0.1727733097123636,-0.12137960804901086,0.10205565568400819,0.0699487296166878,-0.1958283378908123,,-0.0006503492593389645,-0.02138741634657301,-0.13122834059316815,-0.22920144536470066,0.16852070042761036,0.8976430256640996,-0.17963243663925388,0.9006479270238515,0.8080533897262235,0.8555586832693464,-0.44050433512210757,-0.031088668897118615,0.8104347311465567,0.8549221787966115,-0.09106997179663426,-0.7354885795622508,0.16548539860095146,-0.23895203601291654,0.03410803661009871,-0.7267147470805928,-0.3526038789506594,0.19782666203282992,-0.39948490914169216,-0.6389019363041811,-0.25484237561490325,-0.3935069953275842,0.027249392395488247,-0.0835668331551531,-0.2330478789225073,-0.32661770729304934,0.021873297042566506,-0.32539241725442286,0.02120659502032504,-0.5418375348501889,-0.1896333864194335,0.18515063288930386,-0.30307974508792457,-0.6612419994046816,-0.28522077135543766,-0.4281652492053416,0.2863985752269423,0.07023978521667544,0.1030267368210493,0.0843704978476473,-0.051182392403193146,0.07884735156961314,0.47378894420250117,-0.7166389311309711,-0.5671537918691448,-0.049646349158981945,-0.5134315061103731,-0.19739830234038197,-0.24031437200008288,0.35394974024735654,0.12143738162881963
AVJR,-0.007987032920717054,0.06920121830195751,0.0775325888676426,0.09289733025551307,0.0390579550859735,-0.038580862645293576,-0.03364581895548132,0.007931255605321314,0.022636249323955526,0.0472631955830081,-0.002980020453765688,0.05766986608003322,0.12072506710724047,-0.013640474620323991,-0.017851106735509117,0.06643253029016698,0.09471695731626352,0.03562582200963478,0.08984582121550408,0.010067183377813265,0.16996606527604577,-0.007741751997896909,0.03176111586947144,,-0.12735231688678236,0.037978213156286154,0.10624684100604678,0.04601100241388258,0.019284764775284957,-0.10302669403355313,0.0603488462216907,-0.015495428834839748,,-0.05540606072550677,0.02986476433766751,0.025559286476498723,-0.10284075500363135,0.020714148413015117,0.06829249471518618,-0.02928307504775505,-0.01677064211150051,0.01403741438685191,0.07781277567795954,0.12032282552846371,-0.010523098418289488,-0.043941966271111674,0.0773587896543468,-0.0687788236216586,0.027520197584681248,0.09126611150560154,0.057412194419889845,0.06882061952024707,0.02719083407213343,0.19474124115870523,0.11949815476776732,0.13560517821993096,-0.013379574258222416,0.04867668588620939,-0.02017763172855018,-0.01928798159056341,-0.029591055757843834,0.06587889465382525,0.0009731284619457483,0.03764743440968064,0.03074024262866737,0.12387149375770122,-0.0006503492593389584,,0.003798503244042776,0.07916204744624931,-0.0800271289071313,0.05381364529578562,-0.14481154589224252,0.20742581417743544,-0.10426247466903231,0.015993046114905336,-0.025595601830411607,0.03305080202846745,-0.05687980373083933,0.03769168311389818,0.04447640639511814,-0.05101932298824706,0.18551404370812508,-0.00836085093072049,0.005431944338230334,0.02385183224450352,-0.0023456826796325694,0.025186378390955107,0.12288495269392488,0.010298422822933494,0.04107127526768207,,0.02170066997555112,0.07806023887839124,0.04360628340509945,0.03529794996589155,0.047808746921658894,-0.03945785404858786,-0.06351954918924231,0.01241454777438223,0.1190875013883525,0.12224955941233424,0.045381200441067214,0.13297181284903378,0.045497190626378164,0.04184979955979157,0.10844633484684503,-0.03989737804748774,-0.012466256700220682,0.12119764261278174,-0.017159119752808035,-0.029906273827758824,0.14960568221146528,0.09630404997732213,0.07658622832445747,0.1223005467792238,0.030098836120276796,0.07822317044191437,0.11275128455713862,-0.04156647678101031,0.09744712715470387,-0.0363657622381425
RMGL,-0.030391281393887748,-0.09425683935023614,-0.07365142720093842,0.1481097327858696,0.05151576753252021,-0.09879534066281465,-0.04268032146945205,8.850997973210845e-05,-0.05450026471264217,-0.03774779056407879,0.013094074820216387,-0.07116103056491212,0.0060766163663929645,-0.029850058806422462,-0.07918069614457485,-0.06618885420888292,0.017860412189809202,-0.012520658177324256,0.11674625077688937,-0.0033651381758780887,-0.14395144081718267,0.02708612665168259,-0.018041543021208084,,-0.060806209884642436,-0.02381747287471111,-0.0063626191349568095,0.0023053294310333866,0.03934704261893495,-0.030898160841227235,0.04414312062102887,-0.0052946482903015275,,0.038440448925122335,-0.08103186622472819,-0.009280679864285983,0.002637631872011624,0.0027683259484811568,-0.09154751664394278,0.007923248170743564,0.049440819386461665,0.006044347870594211,-0.26207854693292015,0.009210299813040446,0.05265339157009978,0.1031200012978343,-0.04568602411845526,-0.002835130660076479,-0.01077797772630223,0.15837340173779396,0.0243220750042607,-0.010086381857597861,0.0363631715713316,0.11803295107902012,0.02046102909553467,-0.3431763829370445,0.05130412777335938,-0.053726069976928165,0.043808420465277755,-0.027053777339909803,0.07772925460549777,0.05404875704357453,0.11656108812435462,0.02064263502323696,-0.02949618245065223,0.0732764528682971,-0.02138741634657302,0.0037985032440427807,,,,0.1555845700170668,-0.04779886272095766,0.026496752041604565,0.09378978533946324,-0.033286752832123304,-0.031577704775690704,0.0963330193889907,-0.05688876178845332,-0.022393257306318762,0.004334808198130456,0.12954424354770802,-0.31151323154350213,0.03489356089567228,0.008441020089117034,-0.04963712367369855,-0.013571511448027873,-0.029560062625887423,0.02207807591224006,0.07263166803199753,0.02676442229209501,0.13334857915792933,0.0647080658457362,0.05317763166407036,0.08728272225924937,-0.007734613940215207,-0.09690260167165717,,-0.13013590455687646,-0.07428769699050462,,0.007235963628674631,0.00568794521377803,0.016969771123315318,-0.04724501764459421,0.09889271600317162,-0.03345681726506173,-0.00296728766286009,-0.07110355999938892,0.012247281964567855,-0.029957692136631135,,-0.004831485966622215,-0.14006460518152686,-0.000680747465806345,-0.009990783669513616,0.11900449128222186,0.019470951345870267,0.03615008001584463,0.03942954935753394,-0.000888139629496229,-0.0899221839475305
ADAR,0.08453662016202086,0.07543414809564486,,0.1465364267827914,-0.06394462155823179,,-0.04818439634047918,0.055487645759513315,0.0890040731921398,0.06299616743988264,0.06881190963793662,0.06041076105877722,0.12457834349919698,-0.059354091291097234,0.033042492804338686,0.052701806416402555,0.06793708415887478,0.07205085053455228,0.17139722958233836,-0.0047446872249198545,0.08856229522309594,,,,0.0006144341123673028,-0.045197803425077704,,,,-0.03624028851532082,0.04943960633625638,,,0.08631081189159756,0.10432266766404545,0.1337948092521084,0.09918669355623744,-0.03765136639231911,0.1825064881941412,-0.030845853508775098,-0.07135777522805258,0.027949298775198018,-0.06558270338791618,0.05918917198508601,,,0.0178045355116632,0.010167292793221722,0.12040658052699106,0.06006263237805721,,0.0853559146940353,0.040408367908418265,,,,,,0.10547391623525043,-0.10682111081563318,0.1114915469832222,0.09246373244478383,,0.007746935098514255,,,-0.13122834059316815,0.07916204744624934,,,,,,0.012209560256767766,,-0.0653468866635238,-0.14333205349290373,,,-0.042438655771942016,-0.13224523514989298,,,,,0.07950263200094916,0.1239849419832065,0.0988614519728022,0.08254760701835967,0.06971984323542517,0.0891825817001695,,,0.10754724490566604,0.09139994335418047,,,,,-0.08946694173002352,0.16816083947951302,-0.01642869705101553,0.027153161434410045,0.11995628025725352,,0.20491024047628567,,,,0.02881720283454376,-0.04613004538627654,,0.03288953577338022,,0.09832364131788957,,0.020069947546258265,0.01505325104877116,0.05674050259421222,,,0.06356132663405997
ALA,-0.022720189705177616,0.1058890075067217,0.09306967653048927,0.0922478060306851,0.12670478609650918,0.05268262596720952,0.028826007571995837,0.06988739093903114,0.028550096283119046,-0.08995431107457068,0.02603159469781308,0.12119349004966051,,-0.0200738264108035,-0.0028644258281705502,-0.06536442200016923,0.010252021660021189,0.05391204224667837,-0.12727138447743314,,,,,,0.039727854981905154,0.15854847319634943,0.06766975727314825,-0.014542971201337756,0.030707185026114837,0.04530118910426763,0.10488323182779427,-0.04709350260222839,,0.019843341311768355,-0.04530358429479349,,,,-0.029570474006239703,-0.020952360455279193,-0.04680360952102524,0.13979272239484342,,0.38065984399589875,,-0.0651625915778909,-0.05456197511612459,0.019436310799031332,-0.04016520413633208,0.10146738343674361,-0.19140668321186985,0.013318532204838963,-0.12598105319869157,-0.09034833812832815,0.1487566646741005,,,0.07639288874236859,0.018425311073746817,-0.28567510479618946,,-0.03062735699643379,,-0.060175362619074906,0.08196708179497925,,-0.22920144536470066,-0.0800271289071313,,,,-0.02833499170224451,-0.18908870920051524,0.10448276882907392,-0.19875839749749818,-0.04881321585792808,-0.0067274068825018685,0.11073539988641515,,-0.07307177651017396,-0.03159667200551482,,,,0.26281747612413114,0.12069629787667047,0.3934520310167117,,0.14627833139757906,,0.11401996940024488,,-0.06343884297553216,-0.09774214004194862,0.21344849119045733,-0.03390855493764949,,,-0.07791434509936554,0.05593931445745993,,-0.023497698966289324,-0.1323547651460376,-0.11482977711523686,0.20223382807193732,0.03186911539857608,,,,0.14215945505061386,0.08468038606894705,,0.11549449535825204,-0.11429538361975997,-0.10659413851568864,,0.190919526683131,0.08717046212514666,0.15476585927577,-0.013837088227491318,,0.2947039712735362
ADAL,-0.06441110718710841,-0.12370013646871751,-0.10298179328699406,0.0675342174035247,0.06319583249930522,-0.09763366168067927,0.13434003012189408,0.02510364188662933,-0.035008713203970185,-0.029136115595753125,-0.030792551893022144,0.042006212976952235,0.012755789960088046,0.2082099068215168,-0.033915781237075955,0.023005100303137772,0.013068505701378394,-0.023552164032472026,0.10598381736028374,0.036933418931697465,-0.062407266924615144,0.25750012083276375,0.039352592873663085,,-0.03937177076290532,0.13704591071356403,-0.06315133020337221,0.1896655144000808,-0.0767011664511089,-0.036063438966044165,-0.025448189835002757,-0.003292460748971729,,-0.10633139697991544,0.02639749308015352,0.003708861312114717,-0.013646177487047382,0.08468364818854732,-0.08618665375486234,-0.021143448215704158,0.21574456021994753,-0.07891255614479913,0.04339400845351651,0.014500807105837493,0.0358584759935284,0.1110765856284084,0.05682915097388377,-0.10389918693354527,0.06528625412650933,-0.04173614622679741,0.03996538200338734,0.1283415592752641,0.08979415148551927,0.12410166063980234,0.00093623834717225,-0.17928148657298465,0.12478838740047554,0.17560778140020758,-0.05138853958158551,0.175654791317632,-0.04419170694498782,-0.05566798897705808,0.04126869821295026,0.015668504357476666,0.10551974370679217,0.037218711074570844,0.16852070042761036,0.05381364529578563,0.15558457001706685,,-0.02833499170224451,,0.19858090393122246,0.028698889712853483,0.31227776377255906,0.27086234509956497,0.17938698735883538,-0.06035986071630985,-0.05411602202166994,0.27857472467176353,0.17944096578701824,0.12473616998281184,-0.21989347387663394,0.033197451094744986,-0.07642305049805836,-0.05275871328647589,-0.10079766418547771,-0.07014961170982643,0.02797127457995646,-0.11862060437045197,-0.13533291210209078,0.18430913915893787,-0.00987664548811649,0.1436412036724692,0.16037995410766984,-0.08528604308911449,-0.01211455036368927,-0.08766197584778115,-0.14229941036848384,-0.007090088992151395,-0.10257044932828618,-0.027340333814014055,0.13521774803421105,-0.029396418158028143,-0.16679996080895054,-0.03823735856121118,0.05144457677719014,0.041984580814383846,0.012175488237272507,0.08511910989263367,0.035259764031856954,-0.05253153207228138,0.1070938417291405,0.0026302240262130925,-0.12063539097358715,-0.1210314282894378,-0.04138291226452992,-0.12990036191181958,-0.009583700958036116,0.010094960839925551,-0.059556572169847444,0.12104798958376976
RIMR,-0.10709779951223737,-0.5558261490872722,-0.4403978534914403,-0.12936462426193818,0.29463045904199653,-0.17796054217826818,0.33343964760819506,0.10373012583503709,-0.39159199711454545,-0.30874288963618596,-0.09583198720767087,-0.2691760065697283,-0.09170939450643119,0.5462007608205313,0.02747168518177194,-0.20041452412639504,-0.08318774406573586,-0.2882253788772259,-0.07104109771498177,-0.04898401958800233,-0.1456309548586184,0.057852030973917105,0.05055615318341385,,-0.03273605563376036,0.42884705443114246,-0.18241320160203,0.4201879133285017,-0.2594060673591594,-0.17293955079586407,-0.25867869723635245,0.06765252359651933,,-0.2911405303520297,-0.16315168952829157,-0.20260527552614319,-0.08663577849269893,0.17252066000686508,-0.32878023784313937,-0.20009489592299298,0.3671475517674969,-0.28002767938093165,0.28304893543601706,-0.10304960246096671,-0.013481017132961771,0.17730803273772622,0.0032455713954087527,-0.2175989852592831,0.033680519062979294,-0.09957978458650213,0.18106464576676892,0.19018937504944888,0.1548836750339575,0.14814313540969568,-0.17968999991899096,-0.6164953289407439,0.4169731657791418,0.4553060323932861,-0.32231777927187943,0.7988292936064895,-0.7525120562526239,-0.3056209034551136,0.28161434589683215,0.12372312457303451,0.02569138024856842,0.15318522797729212,0.8976430256640996,-0.1448115458922425,-0.047798862720957666,,-0.18908870920051524,0.19858090393122246,,-0.2761688864956961,0.9023907465571834,0.7496753343076804,0.8791689076621859,-0.3510028296349092,-0.6861845789462871,0.7429759253082228,0.8787962158088373,0.173941910332933,-0.6395136075780306,-0.3439421218310373,-0.2941007363981225,0.02355171315407059,-0.5952848497124134,0.13543203893518693,0.3167103709416261,-0.30839225760324224,-0.4269809306111606,0.5024183087289107,-0.30901770029003,0.07288925383778203,-0.11083339277343854,-0.1886306860444289,-0.47448877205974277,-0.19079909695376077,0.006333522825846467,-0.29439545652345817,-0.26457218056161347,-0.2266110197843833,0.1852700881710146,-0.27700840725129483,-0.6619390496032693,-0.41790362194908176,-0.40381414293991036,0.3081665975992373,-0.039494671297791314,0.18875301001998265,0.03585880299691155,0.13030794445983432,0.16159696020690342,,-0.7128952836320178,-0.021066464439739394,-0.015357557996485171,-0.624186197310249,-0.11055645688573275,-0.3969486099626804,0.35356173035977734,0.3229097997557552
AVJL,0.041346976420315526,0.09645602051723513,0.033923254764261834,0.1556543956461273,-0.06415276790758631,-0.08037832543178734,-0.055029554433951564,-0.05364435908866858,0.024987477999923846,0.06485549382371218,0.06315539928531315,0.059099704021851475,0.08700529195467839,-0.1034146182036289,0.02539568273814447,0.0594978173118778,0.08464510966588222,0.11331740382544846,0.1410673034538005,0.04290458338092232,0.05045522847354685,-0.04262972601775001,-0.022522654083926688,,-0.0520432956671227,-0.0141661848976048,0.08139012794316261,0.02211867996853858,0.041458547129330586,-0.03486554442414242,0.12385354366378742,0.04093458844158591,,-0.041456654180380775,0.09429027097225486,0.09249676830770957,-0.002975487008070451,-0.03413389455150029,0.0005751378876038716,0.05512837218654878,-0.06807250602438697,0.08002229280726969,-0.052271289647717246,0.11914583487526845,0.005759091009279807,-0.022454611225299043,0.1368653990606504,-0.0328242982489966,-0.010222923769928638,0.09856886996687582,0.08487592721071248,0.09318518119405665,0.045701972783687435,0.1550341308937811,0.2657228244290953,0.009739766725290283,0.0692544207761701,-0.09091582831379916,0.06245043493812393,-0.22233984815694544,0.21079896856275226,-0.004175711097666072,-0.11101183023925364,-0.030969759452059747,0.018192927075298772,-0.1389229772857152,-0.17963243663925385,0.20742581417743544,0.026496752041604565,0.012209560256767768,0.10448276882907392,0.028698889712853493,-0.2761688864956961,,-0.16921088366822956,-0.10776906985141885,-0.11771953638972311,0.1349996820452744,-0.01891426846908234,-0.11004938103843591,-0.11167231611949177,0.09993532090104584,0.057023228063721135,0.004706714130682986,0.1640650296326939,0.0624124692877937,0.16796988807058952,-0.07767832019290205,0.058004412585864716,0.1116118040921052,0.13551891709157365,0.0019219753576953207,0.1295088223154124,0.020770863045974024,0.01486425793780148,0.10051134211140768,0.15521057640068447,0.017343169846909798,-0.075087482702028,0.06604702173450877,0.14970252588519117,0.037411240252578984,0.05011685894590924,0.04588337666812841,0.15951154329213654,0.04992723856072823,0.20140497875341987,-0.142946743301441,-0.048422507319676705,0.10984654787298873,-0.04005135020515323,-0.08381321115024029,0.08685469451575925,0.1212557998777952,0.1364842648228068,0.4647628250484777,0.0682397524680784,0.1934216963423869,0.126650178060199,0.030087448460265273,-0.004809616483006063,-0.023176398788434336
RIML,-0.11781240053373519,-0.5604549573397029,-0.4440261704761584,-0.13936714518252755,0.24070507677821404,-0.21765455913707682,0.317600577219428,0.07338577089228253,-0.4036843799685439,-0.19561166222261606,-0.056617696394608,-0.2625161354989591,-0.07339855653832626,0.6401395740629301,-0.02095494637780438,-0.10878620650460954,-0.10708558867508552,-0.24189918514801026,-0.022182523384810842,-0.08331960855035268,-0.2780089259582229,0.01829952728407781,-0.16911285300223355,,-0.10117604667070251,0.42698757135626586,-0.20430720522415777,0.42575926125022867,-0.3066212399528246,-0.18234248487859664,-0.18592296712355136,0.17941303227421887,,-0.2414458890951347,-0.06007844590720668,-0.20949671163188283,-0.08148798769821759,0.14507537070254162,-0.30540857052638737,-0.11792198372488989,0.23558279939050536,-0.33833283917150797,0.21435507827496755,-0.06685971079612459,0.0030870072424417777,0.20917490747686207,-0.016412942419717243,-0.24601554248796997,-0.005431551014628999,-0.16787177658344157,0.11768094793498728,0.24983480349190165,0.17327916074948257,0.16172343301378153,-0.15996260861417863,-0.5885399791916117,0.3286738656562245,0.4686917996038862,-0.36928113109359867,0.8272597474158966,-0.6472116349038035,-0.33997068422428706,0.243073586665108,0.2146349438507097,0.05712679457919854,-0.014751696457803356,0.9006479270238515,-0.10426247466903231,0.09378978533946322,,-0.19875839749749818,0.31227776377255906,0.9023907465571834,-0.16921088366822956,,0.8065700890162739,0.8502487118048819,-0.351274481522406,-0.6767968357031335,0.788822811979904,0.853135643823617,0.32956739744244246,-0.5701720927350578,-0.3741469073891905,-0.2783851116959503,-0.027452321522502876,-0.566965446900714,0.11410199791736161,0.3208929540623816,-0.23655577520139764,-0.5053394389882631,0.5065593713301497,-0.20524279035661894,0.09220629190892134,-0.1160568300166656,-0.15392923278538956,-0.3783939213015284,-0.36147090240630564,-0.27271101076328436,-0.09788241405206687,-0.22017742415748354,-0.22757975771797143,0.44333951930274373,-0.22400153209212684,-0.6723745343900723,-0.3485311189904412,-0.3376078712205354,0.35272504942293814,-0.031540942616359154,0.29928668807580205,0.010786821090932215,0.10026690458782286,0.28794986695824587,,-0.7000635963124194,0.03536539638770715,-0.02040021626062209,-0.6777733650076675,-0.039688589069428196,-0.11267179051904738,,0.17925345026002915
AIBL,-0.14466523138161586,-0.5008830711270383,-0.2909566028978489,-0.14813727281106853,0.346692396283985,-0.11112607932286839,0.40350160739008306,0.12959855747136972,-0.317456817522367,-0.1642741232986436,-0.029025857115463422,-0.04353052003509686,-0.004622505628047422,0.617025037642172,-0.08648926211970086,0.03739960078476779,-0.10026053704859354,-0.18966838493154842,-0.07021355402478986,-0.022383385047019203,-0.0828270412684523,0.16060779814652554,-0.09307154403785237,,-0.09047222848983723,0.49878223398794813,-0.09886026471619414,0.535763824529565,-0.20384911662438418,-0.148080310181915,-0.2843266303505717,0.19435946992268185,,-0.16824506152533095,-0.06130116111262717,-0.12956947907858435,-0.08221009979566349,0.2320446043507376,-0.10584803784533625,-0.20019640994241752,0.3045669760094,-0.3288849836346784,0.47699479592101873,-0.18144858307838715,0.08751240146197996,0.29526373694481106,-0.0045514556138419055,-0.3214953682832623,0.12065050672505966,-0.3330104724750734,0.08419216246959728,0.19404816813536818,0.12587861248247012,0.11723598026375022,-0.12841685777090928,-0.6444273417675117,0.2508355517522598,0.3000299144266469,-0.3022549522130239,0.7842118792293991,-0.5247743400903474,-0.23293812907761105,0.059835778768019855,0.17857782388496882,0.21053849296271313,-0.016441889100086555,0.8080533897262235,0.015993046114905336,-0.03328675283212331,-0.0653468866635238,-0.04881321585792808,0.27086234509956497,0.7496753343076802,-0.10776906985141885,0.8065700890162739,,0.7602571613210508,-0.3488165584606454,-0.2828612058404448,0.9190597391987276,0.7483747491985724,-0.07639984475155066,-0.7046650283755072,-0.0814567308535096,-0.2910305065285608,-0.039937283114236645,-0.6657039452191915,-0.05171845902766107,0.17068905079675592,-0.4397694797596167,-0.5852873522672145,0.09472851016983735,-0.2584644351270909,0.05184706233473947,-0.02895466602398795,-0.21974483957450028,-0.4637817332541789,-0.18342870558411065,-0.2217085620623387,0.037460949832910435,-0.3771943582720166,-0.15652278449260137,0.3048761272488905,-0.187757955175093,-0.5492016333222943,-0.2725726292953838,-0.415931800512115,0.29217496478658933,0.030912739463277463,0.1864528010901121,0.12848558760461837,0.11794799301167784,0.19497515454949282,0.010113783055586897,-0.6279138500238681,-0.303488894430697,-0.06351236519483876,-0.5217817976778087,-0.14283367005387546,-0.27985474741943905,0.22781290872279433,0.1673055544911011
AVAL,-0.18276272142694852,-0.5333215912229408,-0.30720685226857675,-0.17053913066167842,0.33380689597551944,-0.15157280433660592,0.36414654453156914,0.053783291177712085,-0.359440508926932,-0.1779482945012351,-0.1072957659985223,-0.09850685398866381,-0.013319530025001754,0.5481187237999765,-0.19303759134268056,-0.08776376967280262,-0.059919368641365545,-0.2270310577120016,-0.0781663766577737,-0.07200690943888183,-0.017449488316274464,0.1353018348426374,-0.14827942875063752,,-0.08049181785585391,0.5216433231947363,-0.17113022377211407,0.4998330741741352,-0.23757575447902554,-0.12880110573634032,-0.35890734485022074,0.14964750982704192,,-0.1798012950228918,-0.11652731408944367,-0.21676216698477976,-0.12607402694815698,0.2317728113395815,-0.20019963135744967,-0.19257303345847962,0.29372552203085095,-0.3079227468066183,0.4473824783401719,-0.23525544151048627,-0.04798730591240534,0.2216834999877858,-0.056629486818197565,-0.33762007010813905,0.10478627312266457,-0.29525663188511364,0.11737778482211474,0.14676667635201318,0.08943519861725874,0.07827773704420705,-0.14845102284569056,-0.7300755842422502,0.37058467458465255,0.35402644719380894,-0.337830723555963,0.8211512935511984,-0.5184491376025951,-0.2999087545253213,-0.10955851262165682,0.1170192628252333,0.0875789671111293,-0.13695397909661922,0.8555586832693464,-0.025595601830411607,-0.0315777047756907,-0.14333205349290373,-0.0067274068825018685,0.17938698735883538,0.8791689076621859,-0.11771953638972311,0.8502487118048819,0.7602571613210508,,-0.36393601910410267,-0.11157368631703649,0.7700169579901456,0.8895128017562316,0.12607825749846643,-0.7099128877777345,-0.13975904604970704,-0.26200738838405874,0.0605064971749463,-0.6351285842421721,-0.09676629881781079,0.24386503612705498,-0.3964656408710504,-0.5553605471958802,0.24605076807978263,-0.3585190432165003,-0.01937890904546608,-0.1408429770969611,-0.16935349895970958,-0.4553718138508609,-0.05144716521168186,-0.2634767732725175,-0.06280912367679327,-0.5600038465861661,-0.2331316521002143,0.1812309002612472,-0.25985835956770753,-0.6746191011369049,-0.3811720324895316,-0.25484090925076786,0.2918197007833244,-0.007527881908844479,0.22009819446582118,0.12690003208288134,-0.021035378113644948,0.16786744573530427,0.004842305937109104,-0.6868279499137315,-0.1781704248556302,-0.05792419848214552,-0.5025879582931014,-0.1500674998735724,-0.35208835409654177,0.3001038996829081,0.09288327717961713
AUAL,0.13080629169435845,0.2676147567843911,0.1156742892052391,0.09891774547865148,-0.2261068653330086,0.042884492963235495,-0.2058586801826046,-0.08939946510119202,0.17906363625798147,0.021783525526969074,-0.01739138834932048,-0.07586346139454493,0.043398807760456334,-0.3329459764679399,0.05688324464528924,-0.09101332941909464,0.13621227668132924,0.11123596711970314,0.06929658037106429,0.04253074929991497,-0.05165190309571516,0.02621415841118248,0.05170460896059612,,0.016502739528943506,-0.30575997333579547,0.11818014038479212,-0.2746065144868137,0.1095533948259559,0.04321248631674558,0.20335632012740637,-0.20525142426573328,,0.07750698480125727,-0.01747249578040889,0.15282803669056047,0.08856538120781975,-0.06420438067809059,0.04198135409952633,0.16581237360304638,-0.17196658918518345,0.2528968085840917,-0.5106709983462182,0.22470597289714123,0.008925659785009006,-0.09221397429099715,0.13211500847877064,0.2439864708592298,-0.04845897341573029,0.4043238224060807,-0.07029108229944334,-0.04567982467384699,-0.08310368619152032,0.04593955404911607,0.11474000810777156,0.5339915970490813,-0.05449896916637688,-0.09184353308785341,0.2359623408327828,-0.45858862480254453,0.46804670404423293,0.1462790644511317,-0.1574724815243929,-0.1014949719738942,-0.16665836182087676,-0.28066024373082393,-0.44050433512210757,0.03305080202846745,0.09633301938899073,,0.11073539988641515,-0.06035986071630985,-0.3510028296349092,0.1349996820452744,-0.3512744815224059,-0.3488165584606454,-0.36393601910410267,,0.11830215288747072,-0.3794697475166165,-0.3416359506374759,0.2127029274497575,0.3952008226742023,-0.011761244581908997,0.2471626307227092,0.0026031747716375366,0.5557916036761891,-0.11776683035540139,-0.06371682913001614,0.29742811729624524,0.4466851267300545,0.10610814973040256,0.1334538775945802,0.07582173128846643,0.08232003620216008,0.08286734857201856,0.41316493373631585,0.04693023164621071,0.021317985923028776,-0.04566553072281727,0.1576787035955719,0.14924926508848024,-0.08928281939064059,0.09512623768353225,0.2924122990695292,0.13388518128774102,0.22266357054049216,-0.11278558720328909,-0.017654234465310066,-0.0521908702772845,-0.13531793489559746,-0.050492701121700435,-0.03313529275573848,0.2886845229133529,0.3521577957783748,0.025377977754710398,0.07477913007022688,0.2662675867245997,0.1695049403246775,0.0877809925448731,-0.1636654255929322,-0.10100791559257392
RIS,0.2068355115601885,0.4252216974446089,0.437733015048961,-0.05283711896571693,-0.1301972494160815,0.331262371755129,-0.3751797479948291,-0.09938453791593736,0.24623090348060253,0.2791352071732162,0.16690627457381255,0.2937001539669636,0.08820736251293879,-0.16551875262371302,-0.006316008066071531,0.23380277254037135,,0.14941866876463836,-0.017865454193789064,0.038315717595832986,-0.19677129961242418,0.06162517563575264,,,0.08053520027369639,-0.1877158027746031,,-0.16652387567272336,,0.13900399919799,-0.09693319331554633,0.07506756983079425,,0.1458769502076118,0.3625899010749837,0.04797957644156295,0.09767178207426132,0.13023428580177415,0.09310091635652532,0.15581151390195316,-0.24528132457442436,0.08885437917691565,-0.10278502771236257,0.10244137958266396,0.09053223135159008,-0.027967158417361762,0.20162325506212792,0.15047940514873703,0.023136330746077866,0.054882718372115065,-0.06689642569382624,-0.18727250080740646,-0.10022063866418603,-0.0319885198899135,-0.0547597551668369,,,-0.13178082098725097,0.21031424022826758,-0.1638090072681498,0.1749145637641772,0.25877195857538987,-0.08415670936378546,-0.04911734317018043,0.02344539676997553,-0.11163407003660836,-0.03108866889711863,-0.05687980373083933,-0.05688876178845331,,,-0.05411602202166994,-0.686184578946287,-0.01891426846908234,-0.6767968357031335,-0.2828612058404448,-0.11157368631703651,0.11830215288747074,,-0.24222776890799272,-0.19231271802743874,,,,0.07523438035974163,-0.10802012611015291,0.2813141729413489,,-0.2643922896412015,,0.11510449135040134,,-0.0032757439188713564,0.09223416244445899,-0.03593360215012436,0.16473742444328587,0.31024267201436495,0.4644476479021589,,0.10235661605236401,0.03154956188230097,0.04865196077413195,-0.05125997531774351,0.1377035441942577,,0.013896486057968283,0.5446996161926002,-0.3261910523243866,,-0.025002583068277462,-0.08287443843383384,-0.24959825156745027,-0.25051239370742767,0.004102873557581011,0.34251289261557977,,-0.2647997835541584,0.2600232467046327,-0.0010780458329441207,0.30295488029209655,0.2524838871134335,0.2395478862338866
AIBR,-0.17472332162859797,-0.5244468417037121,-0.30177535048130016,-0.14424222666673792,0.36630895792335594,-0.10299088085106786,0.37367333662107605,0.12018523986071768,-0.33706948388336394,-0.12949201408218355,-0.04011022775530717,-0.040236576966230404,0.00799254922807139,0.5989519724495409,-0.08428750191606095,0.04483333982720831,-0.07120429822451536,-0.20634685751362597,-0.08727673651896686,-0.06838844857408467,-0.06666281462101012,0.13364564303785495,-0.12598990609930533,,-0.10467523534398797,0.4935096343095174,-0.1895580387204987,0.5139850925923897,-0.2598705277743635,-0.14940765582129442,-0.29638521335148954,0.19952328164761848,,-0.1639453989125798,-0.09056369125070604,-0.11508880742340943,-0.07126851322352133,0.19588187668207838,-0.1686198942500941,-0.22991087350787978,0.28081205440947365,-0.33451307388981527,0.47894926094640955,-0.23207759099190936,0.06013367258122594,0.33243918372833703,-0.039674517236229355,-0.33587583397240894,0.11018261193515395,-0.3596717918015869,0.13931055510889362,0.1710001688232442,0.11481549253701942,0.09008085356759656,-0.11940422762372861,-0.5793329790075434,0.19820846086725455,0.3591008592187113,-0.2966447356240595,0.7938551326728046,-0.561191900744402,-0.21063724956057284,0.07395128397062989,0.11106078985714454,0.15725701107242138,-0.03475753186186233,0.8104347311465567,0.03769168311389819,-0.022393257306318755,-0.042438655771942016,-0.07307177651017396,0.27857472467176353,0.7429759253082228,-0.11004938103843591,0.788822811979904,0.9190597391987276,0.7700169579901456,-0.3794697475166165,-0.24222776890799272,,0.7750134221025462,-0.04415304638200751,-0.675022605130027,-0.08541899233818284,-0.3251198645148122,-0.07787954730965801,-0.6689905734084023,-0.05958729062311241,0.16566835167644,-0.4372564936854345,-0.5853205986882172,0.11918887028466316,-0.29099090171640896,0.07891562330504585,-0.030903867673857534,-0.22153024355368514,-0.4605034677874286,-0.1823638687549856,-0.2144884627344541,0.049047291535180344,-0.38189618815650406,-0.1853062821541423,0.2630746695947956,-0.20732768696937307,-0.5962531022469759,-0.30506612394434895,-0.38506224638304604,0.2305566872276932,-0.015298012879615568,0.1834111302279483,0.08570003588227446,0.11294120853950634,0.19882265253872483,0.023679562397956183,-0.6278978229850555,-0.04418589425728279,-0.05666157793905349,-0.49583830677412,-0.16470892276036309,-0.27522534889024325,0.284382113390404,0.1024310525218416
AVAR,-0.22907853631118347,-0.5418146115980592,-0.3834860869433877,-0.1805215577877622,0.347889352929928,-0.15429048141230073,0.3904244695073277,0.0309540029313222,-0.3999505115161552,-0.13562299662279223,-0.14430720438804362,-0.10615328732975343,-0.03558159219999429,0.6264565156687941,-0.24255152283140974,-0.05697974072642579,-0.06168207310384076,-0.26543227022745897,-0.09440280424818812,-0.032512115325764895,-0.025040559592925588,0.12371678032195084,-0.13193552256470528,,-0.093378615827939,0.5106585930046292,-0.1321268815271536,0.4992475275426539,-0.22374537163229422,-0.10696374829261013,-0.38637872868526857,0.15737821144898234,,-0.18956223613640066,-0.07099140143644671,-0.09826024602661933,-0.12610843521914455,0.21989264264191238,-0.21201514042110786,-0.242158051052739,0.289533284773295,-0.35717285549022804,0.515536829309988,-0.2431179713695168,-0.13074382009395916,0.24577843742401997,-0.06992822023120357,-0.3703372971714329,0.04565632146120074,-0.351627607048159,0.12232480759980979,0.16123440861920932,0.08957640391129226,0.030565841995977127,-0.11663627541356573,-0.7860653632493165,0.33635859830182613,0.44107529083725405,-0.34100878911660537,0.8281825984313287,-0.5066434512793624,-0.28144124604731113,-0.10755644404085941,0.1280909418367824,0.06547402440986017,-0.11006588279251406,0.8549221787966115,0.04447640639511814,0.0043348081981304494,-0.13224523514989298,-0.03159667200551482,0.17944096578701824,0.8787962158088375,-0.11167231611949179,0.853135643823617,0.7483747491985724,0.8895128017562316,-0.3416359506374759,-0.1923127180274387,0.7750134221025462,,0.14449537730229012,-0.7209294343870902,-0.10892081282290736,-0.2929018308132766,0.022472571865376656,-0.6568144660185649,-0.008235344797694305,0.2606526414408459,-0.40056818096099484,-0.5758108735727108,0.2382416330455621,-0.3437106551685819,-0.0023547341373897335,-0.1488849864728848,-0.1714916882022343,-0.3649263294270944,0.06192815057034053,-0.3377036979842787,-0.017303117254216467,-0.5694426951054252,-0.19589851042250736,0.16168334845751386,-0.2927119608151155,-0.6759096361896049,-0.31794842375312365,-0.2770821310129935,0.2716683617422649,0.01681629995871798,0.13527679901200804,0.1091937143173203,,0.11173476728146527,0.16174100798927118,-0.6868664669164961,-0.16972387471804837,-0.09022117689128195,-0.5253678095091346,-0.19997823270983198,-0.270582757859102,0.28119078599854824,-0.023537101072359748
AVKR,-0.13486864018996256,-0.14776561794541604,-0.2717068441081264,0.004175216512085293,-0.08336256491125965,-0.2811293836305228,-0.10566129332098755,-0.27788777825604316,-0.29139648915190486,-0.24465477450987652,-0.2793717602949918,-0.3517952503698596,0.006990962634899662,0.04304026739654811,-0.2495655728619528,-0.31783926455852174,0.06854054029108117,-0.009596686768635093,-0.04499842496993385,0.028546227499286654,,-0.08605235189494032,-0.0430909036791698,,0.022730489635368833,0.011847314280748658,,-0.003009143603312392,,0.01592256591310584,-0.1019520923216862,-0.41063944108139616,,-0.03729378560916423,-0.028732817057432133,,0.028336041546164363,0.14646362416999825,-0.3248117021273832,0.05958186775602411,,-0.03524457493932674,-0.5305018995631768,-0.04709537784838931,0.11542292198090312,-0.03459257927846738,,-0.00498208319690794,-0.02287899815043092,0.008503817541190055,-0.013899499194847079,,0.14606156424995892,0.05683838138589253,0.11906638576598803,,0.13960977217596673,,0.2558864072433192,0.06496699875616023,,,,-0.10876883658543995,-0.18434448635346692,,-0.09106997179663423,-0.05101932298824706,0.12954424354770805,,,0.12473616998281184,0.173941910332933,0.09993532090104584,0.32956739744244246,-0.07639984475155066,0.12607825749846643,0.2127029274497575,,-0.04415304638200751,0.14449537730229012,,,-0.20870718767420893,,-0.00024413419566973737,0.13439240029149788,0.18002501844849242,0.08238992824325198,0.1882183272583149,0.2914720516320894,0.7243582729264821,-0.07538338136551806,-0.08780691031817517,-0.13803804066533862,,0.3565164614741089,-0.13739549898276612,,-0.1253522736531158,0.3160186167156699,0.3168605714761034,-0.1016979519747165,-0.04875083734796085,,0.013158782468082067,-0.044550589387801154,0.23402502321686763,,-0.02364067739776636,,,-0.02863125095584912,,-0.13329669531240834,,-0.1276849979052221,0.10989522580791043,-0.09932953668551323,0.39394020085874165,-0.1967943266352518,-0.09724054679465255
RIBR,0.013184684357421567,0.6121793327942346,,-0.007571926249237807,-0.525893992000587,,-0.3279099994486653,-0.19679347792194646,0.3561615308184594,0.09187273032607775,-0.3395324456212663,0.19364952868974186,0.24682923323020614,-0.48292780584224154,0.047055932330467426,0.14602228734726116,0.0852568844239116,0.11100518451317187,-0.027565689696436434,-0.034550912143383954,0.2025352200791144,,0.10717998469498927,,-0.05282510871952296,-0.6337769242738072,,-0.6139319664773317,,0.0858954374515677,0.27298533961111965,-0.2939045709436692,,0.21964104752508576,0.26386583958706106,0.035191402604882925,0.08087850832321929,-0.18124555573491583,0.3916523376307126,0.21029526690626,-0.09104816882172431,0.4144186003725145,,0.2669437955212759,0.06286136656886995,-0.33015067860948133,0.1385765528425427,0.308349772344074,-0.061003590146420844,0.2013505422194505,-0.1663469794275346,-0.1539363977697249,-0.027261032312944227,-0.03690909683393985,0.40339358353060156,0.7642173963464017,-0.5515241983091033,-0.580095524137648,0.3821686668271088,-0.6875676182069479,,0.2771087159550839,-0.4170750704858689,,-0.030431470322471996,,-0.7354885795622508,0.18551404370812508,-0.31151323154350213,,,-0.21989347387663394,-0.6395136075780306,0.05702322806372115,-0.5701720927350578,-0.7046650283755072,-0.7099128877777345,0.39520082267420226,,-0.675022605130027,-0.7209294343870903,,,0.04694705913166266,0.5273534844260047,0.12167354720852011,0.9653940526824312,,-0.1619125433536042,,0.7868362273888244,,0.2090464557299918,-0.14439698394865053,-0.10296255391670259,-0.2621727049115461,0.7799173358013813,,0.526036789102552,0.11046288462362935,,0.31155776524771017,-0.21609403758645748,0.07384522307150543,,0.2750920402068669,0.038345814021126606,,0.07408761070537966,0.06043975262430538,,,0.08324566433762383,,0.7312853778108663,0.22185747722337626,0.20019074878458543,0.30999620830408153,0.29979771305810926,,,0.09322797532770044
AVL,-0.2423687445580477,0.1753098113422696,0.15926156524874902,0.0969148242158775,-0.07142934269041674,0.12870326630189607,-0.15023609109127803,-0.0991970283745066,-0.008554591804939534,0.08504271777500019,-0.0540855889672644,0.031061696821705138,0.1733526329271333,-0.022832631056161394,-0.1553649553382614,-0.0049313468173520615,0.06301702543856652,-0.06562132037662625,0.023573557940230076,0.006391281921682636,0.15795610230254092,0.015168672611613615,0.14405620288400944,,-0.036343179928003934,-0.07209450793267666,,-0.12494479987936942,,0.0474471169881574,-0.07296977994170076,-0.07727040887351606,,0.03456216389596206,0.08133148556941543,0.3778997349397845,-0.07945641856071403,0.0017972932307394607,0.027240830056019866,-0.13249515480515525,0.2111657222763404,-0.03380895223849044,0.05331791660321337,-0.06015117323824591,0.15633000537469827,-0.07404243909046092,-0.05382593030513641,-0.03289238875427881,-0.020810395865240004,-0.11017034074628085,-0.09984723937229618,-0.06663792685265242,-0.056576895283951545,0.0030432853102053555,0.10495029175764307,0.1114778266865102,-0.07077734978208382,0.02860391163337278,0.12903685450716626,-0.0986397088810077,,0.31743532758950044,-0.15151477609943093,-0.1884104706340632,0.1408666902270976,,0.16548539860095146,-0.008360850930720485,0.03489356089567228,,,0.033197451094744986,-0.3439421218310373,0.004706714130683,-0.3741469073891905,-0.08145673085350963,-0.13975904604970704,-0.011761244581908997,,-0.08541899233818284,-0.10892081282290736,-0.208707187674209,0.04694705913166266,,0.2572837183829063,0.0015362279489855278,0.040308904247956676,-0.20689115469115282,-0.010770889797343607,0.12280211026984254,0.019950465281795948,-0.12262055000715376,0.08686823510506016,-0.052881220749659494,0.08577301964185316,0.04848511479259403,0.04213160372681358,,-0.12034315223587796,0.006923708554714386,,0.06785700733470451,-0.09127102721404319,0.15401602493221472,,0.13520310702468946,-0.08386118399605633,0.02202563117834057,-0.006272358917486865,-0.22715869624818108,,,-0.27372180303996224,,0.11949449211783636,-0.339914484105506,-0.14078860961867157,-0.014541193810404307,-0.2081867552268311,,0.27820605622475525,0.3097711609347749
AVHL,0.005853116536404822,0.28602164603123015,0.22532225441571785,0.030471543901337588,-0.13223160903503703,0.06258496561693615,-0.17249511873175863,-0.06946692177778868,0.1337307322831769,0.05648910025784837,-0.034070958205815134,0.07233262611691478,0.05711061683904829,-0.22918696200417357,-0.10215245625445496,-0.042882229577499875,-0.029653707039691286,0.04813407909636317,-0.055487259913322394,0.05125324533693576,-0.005007200186453287,0.20158705798742393,0.11279029175674374,,0.08334311842408006,-0.1452217368523041,0.12058739031871968,-0.15109752599855716,0.053818772804949795,0.14038103516278316,0.10527971526978118,-0.03947219739184599,,0.15214323163019428,0.1522899680213834,0.116971019712141,0.08509503720113525,0.05220198188300071,0.04882321569189288,0.1436554002138352,-0.0787288934550188,0.25205378608737344,-0.06743329060073952,0.18718204384353768,0.137276912579814,-0.07476538516327141,0.1563688042877975,0.15195676136042974,-0.08290169071320472,0.12341855179921499,-0.07285854662894589,-0.062044965065581346,-0.08848179022603812,0.007511098128719589,0.2401194207579727,,-0.3910805826731111,-0.15141272537144806,0.21770843369534543,-0.26124709418808767,0.49595036732909614,0.11397864049942799,-0.11081623112267862,0.015516081742436941,-0.0026107406145283955,-0.15143020636692225,-0.23895203601291654,0.005431944338230329,0.00844102008911703,,0.26281747612413114,-0.07642305049805836,-0.2941007363981225,0.16406502963269393,-0.27838511169595037,-0.2910305065285608,-0.26200738838405874,0.2471626307227092,0.07523438035974163,-0.3251198645148122,-0.2929018308132766,,0.5273534844260047,0.25728371838290637,,-0.02908156598073186,0.44966557198970725,-0.0031729846267068386,-0.15392257529427453,0.03638186742587776,0.31324475163284554,,0.10712618860401373,-0.015507245580677419,0.09810445217384398,0.11679675059678292,0.5468491415145148,0.11661378340710463,-0.04488224484896888,0.03608462138329293,0.02065816624166581,0.07250987119342271,-0.21159418971628066,0.13871015238310924,0.2543469011702852,0.2202083501494733,0.20809099403199605,-0.08610473633904879,0.0476498113377802,0.07825905033949837,-0.02403839500101325,-0.0648089185659503,0.02657394001342923,-0.02750272450525524,0.3272673710598157,0.04534572918347442,0.08814358572776512,0.3148671120695814,0.16661621389795928,0.026955611633425657,-0.006585746143951615,0.03414536186593725
AINL,0.012761806030227143,-0.03702042692636207,-0.04248069788802203,0.05945421744064704,-0.05103269822389369,0.022393178159605932,-0.0014564126570535817,-0.024697681692496528,-0.0038922705562800556,-0.022383227692069983,0.007340543765539359,-0.018494259247866133,-0.006904052026990144,-0.01220578081304615,0.04389143072768514,0.0037931308447066965,0.006183609183187974,0.016176273778825526,0.08696663354836963,-0.02941830197519458,0.21414374674183506,-0.20034005539436395,0.006225095031262492,,0.006622442933421346,0.007556784457183682,-0.19079798907788864,0.08864617626536637,-0.07436561324974039,0.01944756332236989,-0.012239664961247593,-0.01655116944232896,,0.007752966283528181,0.035736782935374536,-0.013138049511093576,-0.015813084602827192,-0.015872817050875485,0.04517679612745607,0.0038429265111476012,0.04242234668855734,-0.02213956478103506,-0.06427857396909072,-0.003231246387561801,-0.09850075205798203,-0.07785095542733556,-0.07307997043761563,0.010143102304210958,0.05883571549166077,-0.060941277863188904,0.02161552377929096,-0.01909296844921074,0.029441882941184484,0.11402560775426884,0.09812518778488584,0.20829799927091688,-0.09022857633870336,0.0060736833146870775,-0.10623420555582776,-0.004641931884028344,0.15293630294372382,-0.1051601670600351,-0.21250392033122825,0.021579572642512496,0.020569309576849815,-0.28923368872501326,0.0341080366100987,0.023851832244503515,-0.04963712367369855,0.07950263200094917,0.1206962978766705,-0.05275871328647589,0.02355171315407059,0.0624124692877937,-0.027452321522502876,-0.03993728311423666,0.0605064971749463,0.002603174771637538,-0.10802012611015291,-0.07787954730965803,0.02247257186537662,-0.00024413419566973737,0.12167354720852012,0.0015362279489855278,-0.02908156598073185,,0.16627847091342945,0.056253764787113046,0.5019807286010474,0.22042702253347254,-0.048994264767057476,-0.33718317041950757,-0.02036032332129588,-0.10814446114596676,-0.04191618783586043,-0.09751229530352135,0.12381700687903605,0.04391133135997314,0.17459031096341088,0.037863839191246064,0.02686141538262739,0.07023481560816353,0.012183276254077889,-0.09340730731142434,-0.02197583103419038,-0.011952820027481511,0.1488287329978129,0.10139131346913484,0.11103471045762751,-0.08038447014070563,0.09969366009209026,0.0019369451881185607,-0.05053932382697359,0.015281740223598137,-0.050625788257275185,-0.12338576766863407,-0.006077339507845036,-0.09554954904402817,-0.05499502844352199,0.018504659091397518,0.09206121432505414,0.08827101963668725
RIBL,0.1564553231867941,0.4964030679967255,0.14028017359773906,0.12480700815241336,-0.37838998591368006,-0.004911761472137863,-0.3542704921689395,-0.16881655462144335,0.2727240504798286,0.14627214528311483,0.01393036329029428,0.12668120560184024,0.09609249016341344,-0.5303273373518959,0.041219720652861516,-0.022067088771008707,0.12727269366534366,0.2353411439308301,0.043315597680407956,-0.046938815390198035,-0.0021378510995061217,-0.08764586634891033,0.010284290834624621,,0.09780095780761605,-0.47026457569660723,0.1394987927242687,-0.4712296440709985,0.11402559807836649,0.1399202875362773,0.36988105954476364,-0.2273780007978499,,0.13495718104352872,0.06514282170077784,0.06538806154302904,0.03434452674006055,-0.18011320147666374,0.04595524426589207,0.2187229034407446,-0.3326955471162772,0.4332426937750843,-0.5488337259534332,0.3290915939559382,0.0004068639156077107,-0.28359921062645177,0.04539583490039297,0.3134908628550643,-0.06855760236546377,0.4176688970170706,-0.12073281754557806,-0.17586025457186563,-0.11209900555591608,0.024910874196641702,0.32096692453306847,0.8976602771046156,-0.4043460684778508,-0.3203937260998451,0.3015439724030887,-0.6841724368394846,0.6435631264307687,0.1544035339294136,-0.1738019318584342,-0.17239320584201037,-0.2997302587134705,-0.388698587545685,-0.7267147470805929,-0.00234568267963259,-0.013571511448027892,0.1239849419832065,0.3934520310167117,-0.1007976641854777,-0.5952848497124134,0.16796988807058952,-0.566965446900714,-0.6657039452191915,-0.6351285842421721,0.5557916036761891,0.28131417294134897,-0.6689905734084023,-0.6568144660185649,0.13439240029149788,0.9653940526824312,0.04030890424795668,0.44966557198970725,0.16627847091342945,,-0.09988464453986987,-0.0571320903906288,0.4254675811196145,0.7511343618616906,0.03693895889181123,0.2520858026847657,-0.06842709591511287,0.10500651866636879,0.12963302956068526,0.7713165758977629,0.02338022745431108,0.16968287421077052,-0.0006881274323098251,0.24678665248141718,0.2704754205674695,-0.26314214851869816,0.02903227347382161,0.6700464167617792,0.26936484672426936,0.463546453556128,-0.2268568592561507,0.06826869922426747,0.04426205312985983,-0.12685634252067052,-0.22909193105376924,0.056355394567172375,0.09350680129144356,0.6196218478949157,0.16744256702093632,0.2547970915351069,0.4703036964512338,0.3474073453198867,0.38940903157520945,-0.2753653197471207,0.04041198962150426
AIML,0.06326867658743522,0.024804457511134997,-0.16601735238450147,0.05476998512141144,0.20720721220551297,-0.15707793490620978,0.07011026317880893,-0.06626141815340078,-0.10421336515175406,-0.0763936068458995,-0.14790029035897112,-0.13230252173818333,-0.032452390890410174,0.024642922657340766,-0.0726766330776291,-0.14475342237018665,-0.012620675791617256,0.01088848356554215,0.09303440906463338,0.14661890371877323,0.3720695076062506,-0.1545319635653424,,,-0.05981504630029998,-0.013696359836755633,0.03596530909926349,0.029529307338412802,0.11193721271056217,-0.052984144182423025,0.0018329105287603735,-0.14426185950278003,,-0.014082934908341676,0.15333174516571663,0.1653200260611353,0.03649285340777328,-0.05296870461109815,0.17902423363266526,0.06178958799737791,-0.3524949367618642,-0.016972874285971214,-0.32478875275927804,0.07449046468523053,0.10164905294483523,0.12228378799488457,-0.09718507900751311,-0.0506695742712577,0.2413651186407728,0.03935640264450601,0.14656957584843325,-0.15270090207042028,0.004539259265271471,-0.2658280610774846,-0.08715083240448632,,0.14980897252710268,-0.15244013066691933,-0.03955494915822776,-0.018244151961739286,0.3078644059145283,0.10378269529394532,,0.06840915183896619,-0.08759744941358247,,-0.3526038789506595,0.025186378390955097,-0.02956006262588744,0.0988614519728022,,-0.07014961170982643,0.13543203893518693,-0.07767832019290204,0.11410199791736161,-0.05171845902766107,-0.09676629881781078,-0.11776683035540139,,-0.059587290623112465,-0.008235344797694305,0.18002501844849234,,-0.20689115469115282,-0.0031729846267068364,0.056253764787113046,-0.09988464453986987,,-0.027877287062953452,0.44888198489932796,0.276469686738708,0.37650977785874074,-0.07137865639856203,0.010953364183019046,-0.1477494193087077,0.2155036193709085,,0.12184513463483632,,-0.18474928642917252,0.22665646593292033,0.11788909586830226,-0.17526376528106768,0.15206968613265223,,0.2433489631400103,-0.6591299571982968,0.20949209044350556,0.17051805824082103,-0.19865859874739009,0.05968618144595634,0.013644674331501669,-0.287238352733768,,-0.00950349667974266,,-0.3288046566673796,0.1920534028775936,-0.15881543753483351,0.27322177586762136,,-0.10599888186368839
AINR,-0.013848457728471592,-0.19125583407435498,-0.15464932431522183,0.0024634235719060227,0.11745667015432569,-0.15027005428974563,0.11282777915704392,0.036875718713760705,-0.10383863728734606,-0.011730949173780642,0.038557493971771606,-0.03057010314215736,0.0511266545711538,0.2022780472767676,-0.010939156772291292,0.001860379968467011,0.04414806521506601,0.02972712429855528,0.022569685724957298,-0.019101794930455333,0.025011505983522586,-0.11569915550299753,-0.08600228518461275,,-0.049112005489137654,0.20985901258617234,,0.2649805883726237,,-0.0867760641151461,-0.06858726374926741,0.00728800618067588,,-0.06734273087032752,-0.056348194070259885,-0.044854772282314874,-0.030466474748021062,0.05510204663618865,-0.11637877888543842,-0.04373642562183341,0.10728357776706555,-0.10605970113338781,0.07434865230620616,-0.08471861205282868,-0.22944255716673134,-0.05304063654108201,-0.020197973452157594,-0.10059390503525956,0.022711834431621516,-0.1076686386608916,0.09684572093960785,0.11926077242033663,0.11995122777974686,0.03537790709236394,0.04050003545186619,-0.152136407353945,0.14736299939277256,0.19677451355243458,-0.2138972213061107,0.19129297046994215,-0.16138632153261814,-0.11431456335192097,-0.17246008898478893,-0.021762231106517177,-0.003925068080986013,-0.27074686784430024,0.19782666203282992,0.12288495269392488,0.022078075912240064,0.08254760701835968,0.1462783313975791,0.027971274579956452,0.3167103709416261,0.058004412585864716,0.32089295406238155,0.17068905079675595,0.24386503612705504,-0.06371682913001614,-0.2643922896412015,0.16566835167644,0.2606526414408458,0.08238992824325198,-0.1619125433536042,-0.010770889797343598,-0.15392257529427453,0.5019807286010474,-0.0571320903906288,-0.027877287062953445,,0.0812354930875006,-0.15394519544997684,-0.06861995541228501,-0.07954639456653059,-0.06615786096904788,-0.12988943797597743,-0.05907422642642142,-0.11240119448129264,-0.009504455740280013,-0.03365200419041269,-0.0221153674159297,0.032396702813894396,0.09629534202221333,0.055829039383355775,-0.04870001001788526,,-0.11228267476250235,-0.03454831963042051,0.17175462642800235,0.01857857555584544,0.10789560525222007,0.019928611504042574,0.1742689018227847,0.043236648281328526,0.10960214584917438,-0.21615119991119397,0.13583971286880758,-0.08290126908032108,-0.18848339361187802,-0.011278746748702911,-0.1351717216165855,0.02995918820657474,0.17887537331826986
AIMR,0.06625734705213122,0.24907414086485175,0.016430406710655442,0.08783215942805273,-0.2178611871251384,-0.007949174086251684,-0.22203990720659936,-0.13613368452936705,0.21504830354101964,0.1491447760237857,0.014903633920460086,-0.12349071908273843,0.03403962821006441,-0.3265713800301522,0.18700752727964412,0.02374541607141467,0.07313518324089731,0.16460999858512135,0.17109587208897364,0.03886436008591468,0.3945350017218107,-0.24504266991788395,-0.10003898287215175,,0.0696412591101072,-0.16170571236551198,0.10772822626850992,-0.1956598415062365,0.08327995380215134,0.09624660203642778,0.1599541385887583,-0.1395203374169828,,0.13714002548339693,0.14980667660728303,0.0741279293787776,0.11042601696062003,-0.10326784714179368,0.10970404525523884,0.11813492363115359,-0.33839005603252387,0.11217815113236258,-0.3803744897660348,0.11647504192742901,-0.0015075159483618934,-0.1129821388003364,-0.007532838128598865,0.14014234823946178,0.03567236868892459,0.17459525272122667,-0.22055431809964646,-0.14919888511131832,-0.08662938840787751,-0.070647539703957,0.041993289277672395,,-0.0714415421717835,-0.15605547469118908,0.12819387732212742,-0.3619270654446328,0.3453358066538735,0.08412171250647668,,-0.029608949401488543,-0.13405310413108087,,-0.39948490914169216,0.010298422822933499,0.07263166803199753,0.06971984323542514,,-0.11862060437045195,-0.30839225760324224,0.11161180409210518,-0.23655577520139764,-0.4397694797596167,-0.3964656408710504,0.29742811729624524,,-0.4372564936854345,-0.40056818096099484,0.1882183272583149,,0.12280211026984256,0.03638186742587776,0.22042702253347254,0.4254675811196145,0.44888198489932796,0.0812354930875006,,0.2559109071270352,0.0008984000579320673,0.18889082855555336,-0.045067332856245444,-0.01698817036498041,0.17576541734113024,0.28775203057895504,-0.00012336576087611933,,-0.05490037923436536,0.2641880178737854,0.22322437442080012,-0.1391309225564243,0.10531685921165573,,0.21056910348334426,0.37425350649369804,-0.10281252253138004,0.10632971759266996,-0.22427751011534605,0.007501629999963794,0.013528753430604024,-0.15240944118530628,,0.32177462905252774,,0.01667597756704929,0.2876658469095493,0.15453855047965045,0.2672034151386398,-0.1581823444321825,-0.01236148626480811
RID,0.018679683441454337,0.4730444812425317,0.17147213826796356,0.058602422328845924,-0.3168222901287348,-0.033655713848871865,-0.2587026550913373,-0.12470277640639245,0.18966863042385806,0.01628715825590882,-0.08565493710620413,-0.026203607526105042,0.018496097640877045,-0.518729034596163,0.06529234822151962,-0.12363377162135904,0.074803262151916,0.0774323452125634,-0.004565185084357821,0.03582654580249267,0.010083027641104164,-0.12339317046344382,0.0631171380145267,,0.08027915210784507,-0.41073773354173787,0.08276207867380747,-0.4449682765866602,0.09020381760442435,0.14384809181168975,0.32295995325086546,-0.18146322068133697,,0.09138681745071872,0.02270214780918235,0.11461984685789021,0.07405360292413572,-0.21948959401420662,0.09027392390804567,0.15359603254532084,-0.2271786415665488,0.40517022272567893,-0.5173057988340717,0.2977990713026616,-0.030581585642717218,-0.1296180395851479,0.10054961523026651,0.36184847718099217,-0.09932215930265544,0.41493723884289346,-0.0032653298255404554,-0.12517196688175186,-0.12685433435194207,0.012190169114851379,0.1909263990406406,0.6704696501931339,-0.36603973770287207,-0.25380215981316273,0.3377965094564612,-0.5849111298855789,0.572441151107774,0.21282363050326103,0.041410275436403576,-0.08929376876581556,-0.18051811305211982,-0.1302024936203396,-0.638901936304181,0.04107127526768208,0.026764422292095014,0.0891825817001695,0.11401996940024481,-0.13533291210209078,-0.4269809306111606,0.13551891709157365,-0.5053394389882631,-0.5852873522672145,-0.5553605471958801,0.4466851267300545,0.11510449135040135,-0.5853205986882173,-0.5758108735727108,0.29147205163208934,0.7868362273888244,0.019950465281795948,0.31324475163284554,-0.04899426476705749,0.7511343618616906,0.276469686738708,-0.15394519544997684,0.2559109071270352,,0.33727663150340875,0.10668191384678284,0.019900534170904434,0.03889715270780452,0.11214559187766367,0.4297216883253898,-0.05790339688667381,0.13364449249545843,-0.1742366421034128,0.3480937287100286,0.19658560269145547,-0.1737710216158584,0.13991005444977186,0.3791367943246254,0.19488370240366687,0.22987934265217844,-0.3705988514750866,-0.06851946358495876,0.07982649236666976,-0.16227743411078624,-0.07360341225686877,0.05037054234481183,0.07847522558360408,0.5935330536120674,0.38879871260491106,0.13545447369483066,0.3143384297981824,0.2610745728156219,0.042954903209443826,-0.17002857260087273,-0.05785848961591311
AVKL,-0.3784912635740686,-0.3683109797029423,-0.21701933195417775,-0.0712402660999701,-0.004153823607316032,-0.25053623600809444,0.20458644175784835,-0.15819587218462441,-0.342150629286036,-0.2967055579399163,-0.42047328031525877,-0.3433164696966972,,0.1073511445374778,-0.2879118165025067,-0.48139512829480147,,-0.2542108439796319,-0.0742909450045074,0.11555573630283364,,-0.03747957095431254,,,-0.0009789613933701632,0.08839373713776277,,0.0422557532258612,,-0.11425571405666388,-0.14754459549287027,-0.1181872162954408,,0.01541713447025142,-0.3696830022894346,,0.07891270569313621,0.25534769412252784,,-0.11030626497330129,-0.1982431683570115,-0.03391798800650832,-0.15221616661895432,0.09148417832548587,0.18018930837433342,-0.04987798022924662,,-0.21151926673453036,-0.13148808732679562,0.11512899462014758,0.3024941030801703,,-0.03203030840947743,,0.020179042447469375,,0.19885657556389702,0.27612004737367024,0.309996061097749,0.0943488262219231,,,,-0.056871851625166336,-0.11108574517937322,,-0.2548423756149033,,0.13334857915792936,,,0.18430913915893782,0.5024183087289107,0.0019219753576953241,0.5065593713301498,0.09472851016983735,0.24605076807978263,0.10610814973040258,,0.11918887028466316,0.23824163304556215,0.7243582729264821,,-0.12262055000715376,,-0.33718317041950746,0.03693895889181123,0.37650977785874074,-0.068619955412285,0.0008984000579320673,0.33727663150340864,,-0.2464624864265989,0.05988598730797,-0.15399220298935215,,,,0.08220273516734178,-0.2113873693119916,,,0.3620570266868398,-0.08141548220687529,,-0.14616651325394245,-0.3404721509343841,0.09356118206824751,,0.08489924472198168,,,0.12728683598257243,,-0.0824272544433298,,-0.06829765548935911,-0.34909519491376784,-0.02849822900270347,,-0.2243069207702384,-0.29272971046166707
URBL,0.400862332886539,0.14082795660246558,0.10573284929110442,0.1981611730075712,-0.022185236372325962,0.21885613742198073,-0.038529002976156315,0.07617617113674438,0.2646438772712504,0.2927295830795084,0.3280231740597216,0.2865682119615987,-0.06576847158335976,-0.08964716043774008,0.2680086614543166,0.29072017052187155,-0.014065009234527836,0.37703247956364583,0.13367225486790338,0.037837942575319375,-0.15931053664371306,-0.009738292720865776,0.1179380457175869,,0.03644069217358877,-0.23666045921070458,0.08866151802804463,-0.1786737834920017,0.026721171114692036,0.05366294243828408,0.34622039039955604,0.039121353602236945,,0.04798126759710865,0.1971627285424681,0.10085396305819705,0.08154046058621806,-0.12922595623590746,0.131460293754487,0.32679608646551717,-0.16897726344275876,0.13474549322814902,-0.14322565981597077,0.16495227616129987,0.02724741572280222,-0.08959032194443989,0.029018340643292197,0.15420370429280192,0.0034669153331171065,0.20418429720776118,-0.09810620162870068,0.04563527061958149,0.08412491384033566,-0.037003964784593786,0.027149862561382864,0.27880660146337405,-0.04632310592209981,-0.17020454525914278,-0.038258274648996275,-0.3693763789661934,0.25912433812072616,-0.07867735246277704,-0.031094137990114637,-0.010377477476303486,0.0663325969214257,-0.023246392155839384,-0.3935069953275842,0.021700669975551118,0.0647080658457362,,-0.06343884297553216,-0.00987664548811649,-0.30901770029003,0.1295088223154124,-0.20524279035661894,-0.2584644351270909,-0.35851904321650024,0.1334538775945802,-0.003275743918871347,-0.29099090171640896,-0.3437106551685819,-0.07538338136551807,0.2090464557299918,0.08686823510506013,0.10712618860401371,-0.02036032332129588,0.2520858026847657,-0.071378656398562,-0.07954639456653058,0.18889082855555336,0.10668191384678286,-0.2464624864265989,,0.044854952421383314,0.09921239331242512,0.20026811057285596,0.1473199496627084,-0.006962247742446141,0.0014344255008820958,0.1481758325220942,0.16929699505858245,0.0530658833710532,0.05232835246900331,0.23510556406341399,0.34622334874557803,0.1992735994083931,0.216987882704427,-0.027353744681840042,0.04760177584708719,-0.044471192487106306,0.10292620001732532,0.05465377790468997,0.004373050353636284,0.036572698630160966,0.2675846149965693,0.12189223295953946,0.04847701462131277,0.3425015482975206,0.0708842355713731,0.20972483033277042,-0.09928340631307753,0.04816996203940325
AIZR,0.0607069952514306,-0.0077339754959164855,-0.026482472439530527,0.05996146108583204,0.036117411360922405,0.026316193012587235,0.029672681673989856,0.020796219797318084,0.01718612997261331,0.004236727751382082,0.013426709353307318,0.027886725104235198,0.06189022760274147,0.027422838697250963,0.01068813727549209,0.016420035732314035,0.030614221893456844,0.03225845408037949,0.04749321521934381,-0.004450819333017258,0.008136720251009168,0.0672481249584666,0.060518535616591415,,0.029156708357549323,0.017400401396753716,0.06015032290136371,0.0554583005625623,0.007394571949268906,0.0018043696287297162,0.06707280952503142,0.054959279986393876,,0.004055733756702139,0.03375519981699413,0.0798605937812053,0.06468177413614012,-0.010280941857919862,0.058837449880360264,0.058994740382044844,0.01034095048985038,0.01923174556024254,0.0853821450676014,-0.012457108086684062,0.06096369172582604,0.09633935921821872,0.0765678585558269,0.033186222469420365,0.051639445230208594,0.04069095974345164,-0.04392272715182769,0.04825736893578108,0.03456419385343247,0.07493954931383434,0.0009844150311652722,-0.07000652406786625,0.03176538464021175,0.04944305282415801,0.10561311008171227,0.05644684522966433,-0.02969969707696368,0.1407885635247995,0.04171206849947145,0.030968956329204853,0.05664575930710342,0.10551125860993267,0.027249392395488257,0.07806023887839124,0.05317763166407036,0.10754724490566604,-0.09774214004194859,0.1436412036724692,0.072889253837782,0.020770863045974024,0.09220629190892134,0.051847062334739465,-0.019378909045466085,0.07582173128846643,0.09223416244445899,0.07891562330504585,-0.002354734137389725,-0.08780691031817517,-0.1443969839486505,-0.052881220749659494,-0.015507245580677419,-0.10814446114596676,-0.06842709591511287,0.010953364183019046,-0.0661578609690479,-0.04506733285624545,0.019900534170904434,0.059885987307969984,0.044854952421383314,,0.25260331256487606,0.020182871321445008,-0.008447446462564314,0.05185020473485271,-0.03385473681550921,-0.020869235387302173,0.014902798731724176,0.010450711264752948,0.023758380927359643,0.02723860238954259,-0.034885785376857846,0.00922358647523098,0.05630242111668022,-0.03701963644611607,0.05122812223955304,0.03625050248380239,-0.060861545286115586,0.04776044154674582,0.027788252258190173,0.16957156777628946,0.050636041827535255,0.018492937350892275,0.03579011406489571,0.0633375127933437,0.02439928362744457,-0.00903933765491371,0.009540001143441744,-0.009524752674617927
AIZL,0.060661988243303586,0.09892277610711918,0.0790661819201817,0.13286420546383107,0.005360069833285042,0.06598387407732648,-0.018956765296635158,0.061338235824800066,0.09189762402452697,0.026557676023389216,0.05798785335419932,0.11789124894537893,0.07181211045941747,-0.05131674806302511,-0.004403319212580344,0.06455581288563493,0.007660066541274564,0.049503433369960395,0.04408931342044221,-0.0004206730342730273,0.05856755794840456,0.1280252406890711,0.05201889650376304,,0.053783631701587765,-0.04268116826902822,0.01416251170735615,0.0022958551241264516,0.040069422287319606,0.05308475031636304,0.09974979995302038,-0.019365382049738155,,0.058903869333802046,0.016013731040467067,0.09126817237803311,0.07828774155539682,-0.0331133493187985,0.029320406969329877,0.03643627549031459,0.0012719864840742279,0.07167275720637438,0.05996297226042093,0.10147409828265606,0.11669256796026765,0.0034906068529633773,0.16420668564605942,0.035380858298872976,0.037940336667955224,0.1163988691317936,-0.023273313734064417,0.008700547797133498,-0.051816409413479425,0.07942724925851075,0.0637440268663234,-0.0418197687533144,0.010056059240104706,0.039193346821179254,0.226569175031679,-0.12425016572035905,0.030192751977956435,0.16324705872596812,0.15836370530862057,0.039259922925524465,0.07058461106565535,0.1914670095568943,-0.08356683315515313,0.04360628340509945,0.08728272225924937,0.09139994335418047,0.21344849119045733,0.16037995410766984,-0.11083339277343854,0.014864257937801472,-0.1160568300166656,-0.028954666023987958,-0.1408429770969611,0.08232003620216008,-0.03593360215012436,-0.030903867673857537,-0.1488849864728848,-0.13803804066533862,-0.10296255391670259,0.08577301964185313,0.09810445217384398,-0.04191618783586042,0.10500651866636879,-0.1477494193087077,-0.12988943797597743,-0.016988170364980404,0.03889715270780451,-0.15399220298935215,0.09921239331242512,0.25260331256487606,,0.0489683833901502,0.03854521514981337,0.06547966647771776,-0.04609453927222515,0.049181151439369825,-0.012490685129383255,-0.01706221038449268,-0.03290700780295511,0.01743380448251986,0.24762440116419562,0.07999771503245304,0.10630655160529154,-0.03121546488261771,0.04742434053813963,-0.017296209205759326,-0.02989752418333169,-0.02613594744724522,0.010504330927147072,-0.03674168834374823,0.10141924747672508,0.01560679875866684,0.10052686604158985,0.13096334476444393,0.0682544924601034,-0.0010980169298077935,-0.1149950111370883,0.06078580301041055
URBR,0.13180993978752542,0.35410916750217847,0.255819639826219,0.06811982330078487,-0.010412664979456573,0.1401671101193828,-0.0171256674482477,0.20140416081240362,0.2667449155389406,0.2668741285056223,0.05865124906047277,0.17096243351593698,-0.045015365984362954,-0.11903702988292691,0.1421060097431702,0.09070943758845185,-0.10083342468705395,0.17058740394683383,-0.0069858198403744565,0.06413086691595889,-0.12493126630178733,0.14611122265069124,0.04751772975349961,,0.16369526970535647,-0.08868190677583207,0.19122539966313068,-0.1029653450412537,0.1740164360452948,0.17599737291432102,0.16386244804132766,0.04125267197429505,,0.09880848405030158,0.08461722418507761,0.01164598577448296,0.04106053087492239,-0.06574353364314979,0.15540474977419896,0.15033119804651882,-0.17095988195791476,0.19869529353187487,-0.09417975354048459,0.05783561735645299,-0.0606829094336294,-0.02169617873897009,0.030082762054710034,0.2743277951672704,0.022263804628547986,0.24852006163437246,-0.06772523688197518,0.06344022658692007,-0.05934935671613658,-0.1283492868077582,-0.043812621522515985,,0.15186260023833048,0.00019702646436761475,0.05102365774136677,-0.13286836862199713,0.40376393826423174,0.03992044894155104,-0.1011532207673288,-0.003668303443858434,0.05132157856084142,-0.05695791246701169,-0.2330478789225073,0.03529794996589155,-0.007734613940215207,,-0.03390855493764948,-0.08528604308911451,-0.1886306860444289,0.10051134211140768,-0.15392923278538956,-0.21974483957450025,-0.16935349895970958,0.08286734857201856,0.16473742444328587,-0.22153024355368514,-0.17149168820223426,,-0.2621727049115461,0.04848511479259402,0.11679675059678292,-0.09751229530352135,0.12963302956068523,0.2155036193709085,-0.05907422642642144,0.17576541734113021,0.11214559187766364,,0.20026811057285598,0.020182871321445015,0.048968383390150215,,0.08091669939062425,0.12998745486911642,-0.021711327822546388,0.06930963574631192,0.03524663743192128,-0.02107501372890307,-0.017842023033814762,0.19215017619058555,0.02716669422769895,0.051785829274341055,0.21511249318974923,-0.026573334401597676,0.11877098176607065,0.12121897285169231,0.03614508360861123,0.006510215531232266,0.11900548814620644,0.003960213359224404,0.3385371765196485,0.04557931708898857,0.034848925278212865,0.20097878401263913,0.22425046020945713,0.04930081689753051,-0.010634735103823494,0.032717277173906496
AUAR,0.042424086325496844,0.29367450129442946,0.09059021146347973,0.08956214046635853,-0.4400385424641405,-0.005549007648671345,-0.25912897875643354,-0.24492709786722808,0.17122471092578972,0.12742844371809825,-0.100905982350515,0.030947191130036095,0.09876120986069765,-0.29985358666943723,-0.13992245209998772,-0.04181165070795348,0.16150304774758648,0.1466415949060937,0.04177839065480935,-0.07595603124844327,0.20332457243081403,0.12670410896675544,0.050699523514362556,,-0.025098233944080357,-0.39675323444103155,,-0.37825866192592644,,0.03130193732111344,0.1680172936101423,-0.2229381277449297,,0.055799341400217785,0.17398480708804678,0.06867995551467862,-0.026037987793865947,-0.05367819901451561,0.052569184223477984,0.1954878344505489,-0.10474528965885901,0.33814936602374995,-0.44463398671555515,0.22354007967525782,0.04612076080192583,-0.16468586595407902,0.12380742683529324,0.1771576961382814,0.06389594723460566,0.18143313299021446,-0.06078489962635787,-0.19495939643361074,-0.05971125603371368,0.09487418994919365,0.35283968647330727,0.7859492056768336,-0.2847018956399805,-0.17349347552256983,0.28386452349532126,-0.3953746572624855,0.8900845276518398,0.17927210016334244,-0.2400333785822157,-0.2682571991589981,-0.1468437415588411,-0.09238655240110119,-0.32661770729304934,0.047808746921658915,-0.09690260167165715,,,-0.012114550363689275,-0.47448877205974277,0.15521057640068447,-0.3783939213015284,-0.4637817332541789,-0.4553718138508609,0.41316493373631585,0.31024267201436495,-0.4605034677874286,-0.3649263294270944,0.3565164614741089,0.7799173358013812,0.04213160372681358,0.5468491415145148,0.12381700687903605,0.7713165758977629,,-0.11240119448129267,0.28775203057895504,0.4297216883253898,,0.1473199496627084,-0.00844744646256431,0.03854521514981336,0.08091669939062425,,0.04041194140079617,0.18116321084079323,0.013964709452740634,0.0916533980306086,0.26426967685763053,-0.25877631333054735,0.0016346032258707625,0.14643752635068596,0.26928479952179923,0.23891383866203564,-0.1015817011990051,0.034265659402119696,-0.013065841680350633,-0.0015228502978586675,-0.21877046979697934,0.023435838108780995,0.12331430964567949,0.4225974893280134,0.061208257116170214,0.056832049577558476,0.3623129497303586,0.137373806336789,0.350910213899013,-0.41556137328720893,-0.07603751894407197
AIYL,8.629213536204504e-05,0.12643651495207306,0.07546026825498571,0.04339125896359525,0.026107288135783512,0.1799133224926195,-0.10084533209984652,0.0897576057055556,0.08195606566453212,0.19266848330525987,-0.04959293556118915,0.03615204185990973,-0.024730138524539022,-0.17393238444736933,-0.2024294394560755,0.0005503794855335696,0.0588068247330395,-0.005424314359801885,0.09283898558558504,0.10790677502768925,,0.01278327750517525,0.1230233451632128,,0.042329907767323205,-0.008757980780845309,0.09127377874625989,0.05757637410174486,0.12332539449414132,0.10451957599154027,-0.08855366533225788,-0.02424073036430747,,0.1360912610381628,0.19673414448025273,0.11300429613350804,0.09909730599008755,,-0.0009318749880574684,0.035723666560704435,-0.12366783638456785,0.0934473633628539,0.06926612904126801,-0.05600463254348867,-0.005382827931751164,0.061597726116239815,,0.04646491833837729,0.13439123562309674,-0.1089535145922259,0.02428213843932059,-0.08520299902840382,0.0013522513670474745,-0.004885375476438802,0.07397728558953123,,,-0.028732707065538605,0.3653935919659671,0.03977609109503046,0.33328051293186584,0.2626557964945645,-0.13997928542180593,-0.054456939959128495,0.03343101549430337,-0.00043875045261078464,0.021873297042566506,-0.03945785404858785,,,,-0.08766197584778115,-0.19079909695376074,0.0173431698469098,-0.36147090240630564,-0.18342870558411062,-0.05144716521168186,0.04693023164621069,0.4644476479021589,-0.1823638687549856,0.06192815057034053,-0.13739549898276612,,,0.11661378340710463,0.04391133135997313,0.023380227454311037,0.12184513463483634,-0.009504455740280013,-0.00012336576087611933,-0.057903396886673814,,-0.00696224774244614,0.05185020473485271,0.06547966647771777,0.12998745486911642,0.04041194140079617,,,0.04749065992487608,0.13030048823165133,-0.055745753483430284,-0.13781300649946493,0.08591824191281376,,0.11028297354100064,0.12273067283403626,-0.15043101227319558,0.0667239980201879,-0.16062108928172056,0.03458616917385429,-0.024323022027363264,-0.13723848895963708,,0.1341578371508426,,-0.03677009812790597,0.2063010982354175,-0.0038490781141239595,-0.009080343368641698,0.018846802296383306,-0.2119112077916795
RIR,0.07627155239867782,0.1611397830659446,0.04831902067626032,-0.017943554662417583,-0.1759784093416642,0.0015125042578643343,-0.06771553972503705,-0.005338734113906028,0.14748726033537585,0.0115485653599667,0.010218869381667023,0.02244343824062386,0.014636634533673027,-0.14469060265320088,0.09424287995783094,-0.004052889939708993,0.11248263409986162,0.04823506425047734,-0.05462583957088719,0.08428055903125822,0.21341894980555495,-0.08782578998114071,0.1596259054232151,,0.15175874706979695,-0.16650530078538237,0.06719227634642276,-0.27300736917355234,0.10822317863356844,0.10854260384950147,-0.035968107663794366,-0.048531111548402506,,0.10363212269700454,0.01918548743950131,0.04811224544633573,0.11806900787473334,0.11085915864374539,0.15839833546395177,0.091160410248804,0.016063414676093082,0.043932353435511544,0.147528110594066,-0.11108800640911906,,-0.060422931464963164,0.0027532855151306008,0.1810422745831638,-0.13912121582477044,-0.12137911850251937,0.10685471804978464,-0.11404708316914186,0.06384084967688784,-0.11249342502683875,0.09389683323932077,0.5168903124488249,-0.4017163108944727,0.09459695475591506,0.17793186774750985,-0.2769875133523698,,0.09713744458161659,-0.13480382164749696,0.059108894091634626,0.018730049445837574,,-0.32539241725442286,-0.06351954918924231,-0.13013590455687646,,-0.07791434509936554,-0.14229941036848384,0.006333522825846476,-0.075087482702028,-0.27271101076328436,-0.22170856206233872,-0.2634767732725175,0.02131798592302877,,-0.21448846273445413,-0.3377036979842787,,0.526036789102552,-0.12034315223587796,-0.04488224484896888,0.17459031096341088,0.16968287421077055,,-0.033652004190412685,,0.13364449249545846,0.08220273516734178,0.001434425500882082,-0.033854736815509226,-0.04609453927222515,-0.021711327822546395,0.18116321084079318,,,0.1787503807090776,,0.15756264610359366,-0.1675774214688711,-0.12122444150201508,0.012527399666283752,0.029858642666985215,,-0.04480507087456816,,-0.07252129288134143,,,-0.0009756065543246086,-0.04776798817742401,0.2922950203021462,,-0.05891875204005903,0.1301331384342974,-0.0004416841575105949,,-0.2034457275772236,-0.05457851723434925
RIH,0.2501382855165598,0.019799775545788673,0.1426484388098731,0.08132272521722544,0.10346230819836562,0.1412612492212968,0.04173402965823799,0.10112707253268988,0.19715721453659743,0.24188397841263193,0.2870379496334469,0.345307616645913,0.0635195542959222,0.09262110176188722,0.08086263118550205,0.335614371615605,-0.003441040111421541,0.2739979913254846,0.006769010620324933,-0.014480103424003132,-0.013187414002379091,0.06544383935416843,-0.03221996724364514,,0.05829585710208933,0.06604417384841856,0.1107736371241519,0.08534644870999006,0.04107021612706694,0.022147823909340367,0.05608891963218825,0.23909795132539413,,0.05735672607189233,0.17797564241974081,-0.12676593383423562,0.04976559185859111,0.028862605880065877,0.13099339929524453,0.057534674517594316,0.07994303682272313,-0.03014577960716666,0.09964614684833824,-0.03839224995623276,-0.062067062359784764,0.09024260390129807,-0.027757023391642172,-0.08750093331878293,0.05145707163101317,-0.14473982965837418,0.008552217163769037,0.08085125953252535,0.13316355427989518,0.042657179487769675,0.06896624438853545,0.23315048875190558,-0.09321730254836935,-0.025723899949784825,-0.10847856651074582,-0.0005460463173266756,-0.023924631716570482,-0.07572627138927528,-0.23273073033396474,-0.0279475805767568,0.020572751401557655,-0.23307939351840778,0.02120659502032503,0.012414547774382235,-0.07428769699050464,-0.08946694173002352,0.05593931445745993,-0.0070900889921514006,-0.29439545652345817,0.06604702173450877,-0.09788241405206687,0.037460949832910435,-0.06280912367679327,-0.04566553072281728,0.102356616052364,0.04904729153518033,-0.017303117254216453,-0.1253522736531158,0.11046288462362935,0.006923708554714386,0.03608462138329293,0.03786383919124607,-0.0006881274323098251,-0.1847492864291725,-0.022115367415929683,-0.05490037923436536,-0.1742366421034128,-0.2113873693119916,0.1481758325220942,-0.020869235387302166,0.049181151439369825,0.06930963574631192,0.01396470945274062,0.04749065992487608,0.1787503807090776,,-0.03111108379445372,0.16291562576004803,0.060192126771555166,0.05922260547538302,0.18356218272377245,0.14826384719333788,0.4566417530862548,0.01423008611439442,0.052283765494242664,-0.016893879185738543,0.08893123946179814,-0.005507115618722427,0.0030686419066401674,0.10534123075688483,-0.03406305121982093,0.23628328498611395,-0.07862093133213552,0.061642678718927466,-0.06072817591096661,0.1765085005906776,-0.037991262838057004,0.03777708281579788
AIYR,0.036150398950823684,0.2624900647837897,0.1097853477428159,0.13674409352604625,-0.13502207342523004,0.0015411894872420367,-0.19013562357190494,-0.08097109124776798,0.17107507833073965,0.09153300725368292,0.04577186409287853,-0.004801881294383886,0.04506690081924731,-0.28275965181206975,0.0062583123431849,0.09276261207651065,0.08077488074416529,0.08293837199069894,0.15257830351467247,0.102274799430966,0.4344914699750415,-0.11866517853063514,0.011648893779567113,,0.03667261913473661,-0.2481024442327866,0.2939653545672375,-0.3493383656140927,0.03774497708172437,0.028817126509467127,0.029478106881585583,0.037805702416268815,,0.015250775673859013,0.09797638454309532,0.07017328541917675,0.012998660814768833,-0.3805461226155493,0.19576076096218345,0.08062758554465177,-0.3402519115719991,0.06334278623469781,-0.24984209162163132,0.08630777704654793,-0.163433100543134,0.05470887787385925,0.11833057119939128,0.15869867626529566,0.27360051747491415,0.19837529300043033,-0.05377392097601433,-0.0998271274628023,-0.007353636239463373,-0.04802379674658016,0.06328757522636345,,,-0.07275400414525757,0.03441902698325571,-0.5015957208927196,0.2306281948669783,0.16166521711409942,-0.11479178168515386,-0.08213736574062677,-0.21322919006896873,-0.02551780929533933,-0.5418375348501888,0.11908750138835253,,0.16816083947951302,,-0.10257044932828618,-0.26457218056161347,0.14970252588519115,-0.22017742415748354,-0.37719435827201664,-0.5600038465861661,0.1576787035955719,0.03154956188230097,-0.38189618815650406,-0.5694426951054252,0.31601861671566994,,,0.02065816624166581,0.026861415382627374,0.24678665248141718,0.22665646593292033,0.0323967028138944,0.2641880178737854,0.3480937287100286,,0.16929699505858245,0.014902798731724176,-0.012490685129383231,0.035246637431921274,0.09165339803060864,0.13030048823165133,,-0.031111083794453716,,0.2627563056217428,-0.09930015689879229,0.13380009364909953,,0.549808663159327,-0.0177046612074846,-0.09161809098040583,-0.12212632727330458,-0.18844136903869607,-0.11696630133966862,0.014394571519740443,-0.13389255055910498,,0.27921923866959103,,-0.22834394820250922,0.1415440326682323,-0.04833668815734249,0.3290787082030636,-0.497904976440445,-0.25581903376819454
RMDDR,0.09316480815990999,0.11996374524519267,0.09599230319397287,0.06099984967415064,-0.08135495570070757,0.032685037575506504,-0.02232590887652401,-0.027645528482725786,0.024491805062030296,0.06264382608243818,0.12673972121778232,0.08918548311290879,0.08021927567146844,-0.1310410814885346,0.043334792513485695,0.11108367610589587,0.09842348487557341,0.12227794994020319,0.051046813862683456,0.057456968260468644,0.030109889121384112,-0.0941041792926218,-0.0020341037643747464,,0.015669002933639497,-0.15307786472528082,0.11326459644190669,-0.19126005736322924,-0.042726785063963824,-0.03922737035039182,0.05488771225291625,0.02908608982750246,,0.04155951074828451,0.10425633293949702,-0.04412399269175857,0.016583643394146242,0.040688723661447865,0.15174345428229968,0.02188153247123305,-0.07779613292744594,0.008223873710434869,-0.21565626169617164,0.019490620820235262,-0.06661578681263533,-0.06535265975181317,0.07573562659784733,0.07100890129566144,0.09344863543823578,-0.01572823924821542,0.01644039764696445,-0.1314837385695015,0.038104527176007756,0.07639687729724798,0.17556701986834675,0.2632299409188807,-0.1890712208467964,-0.216709224228971,0.04469670350937808,-0.2033506114979093,-0.1281314540044515,0.07880598804855549,0.02847572746253806,-0.010418929210242461,-0.14105933415362631,-0.05391797695676187,-0.18963338641943353,0.12224955941233424,0.007235963628674634,-0.01642869705101554,-0.02349769896628933,-0.027340333814014055,-0.2266110197843833,0.037411240252578984,-0.22757975771797143,-0.15652278449260137,-0.23313165210021425,0.14924926508848024,0.04865196077413195,-0.1853062821541423,-0.19589851042250736,0.3168605714761034,0.3115577652477102,0.06785700733470451,0.07250987119342271,0.07023481560816353,0.2704754205674695,0.11788909586830225,0.09629534202221335,0.22322437442080012,0.19658560269145547,,0.05306588337105321,0.010450711264752952,-0.017062210384492685,-0.02107501372890307,0.26426967685763053,-0.055745753483430284,0.1575626461035937,0.16291562576004803,0.2627563056217428,,0.004393779025603997,0.06411558568532269,0.2603770799898158,0.28286475787552795,0.005323600509852949,0.03188562218412778,0.008258480724870168,-0.0748986038382173,-0.019529172304484844,0.05533416812765073,-0.06670028479509603,0.19104973507631867,0.12611102179028189,0.09547475842261559,-0.06342064961193757,0.06123648665525947,-0.05358071097086885,0.2685302784515805,-0.0779238583228991,0.024239472450069934
RMDVR,0.023004561209364494,-0.1945512750963962,-0.005860633719986547,-0.037846269889558797,0.07680628783373646,0.005642738924580024,0.24663917152173295,0.15777655058999213,0.01880335232221109,0.03224645381531075,0.10273314713882846,0.08426050452451338,0.018930793549167546,0.22753240448894746,0.11406096363303976,0.08654548785570312,-0.028816941830579708,0.026080691738142127,0.01862621881281674,-0.013192175280235906,-0.15278542221119898,0.007183417707616873,-0.026111340212111044,,0.012488161899394466,0.19194979827427908,-0.037130530700322587,0.23068920157505085,-0.04309361818108893,0.001015100414025379,0.010338824953208375,0.1990481304478372,,-0.059045214271545944,0.037180185446119715,-0.0496369010023367,0.06358274085598593,0.07008837920427304,0.07677088398178096,-0.04285887937950544,0.010541215554510467,-0.07496982877757759,0.13897861508312567,0.013768652715036618,-0.05533562254060018,0.11034719917136757,0.06326156020754849,0.03424259898479476,0.041166454450675766,-0.037036790716318845,0.08063292559281977,0.17055432538147322,0.054609970310049896,0.07813647463626591,-0.06033949443716851,-0.21696452237101585,0.2916873555707314,0.11836587175615859,-0.14755478639695765,0.15274821946898012,-0.29391446135345706,-0.1990688819761533,0.04395750517829897,0.1472256643817361,0.11320517142171374,-0.014862385463429925,0.18515063288930386,0.04538120044106722,0.0056879452137780315,0.027153161434410045,-0.1323547651460376,0.13521774803421108,0.1852700881710146,0.05011685894590924,0.44333951930274373,0.3048761272488905,0.1812309002612472,-0.0892828193906406,-0.05125997531774351,0.2630746695947956,0.16168334845751386,-0.10169795197471648,-0.2160940375864575,-0.09127102721404318,-0.21159418971628066,0.012183276254077892,-0.26314214851869816,-0.1752637652810677,0.055829039383355775,-0.1391309225564243,-0.1737710216158584,0.36205702668683976,0.0523283524690033,0.02375838092735964,-0.032907007802955114,-0.017842023033814762,-0.25877631333054735,-0.13781300649946493,-0.1675774214688711,0.060192126771555145,-0.09930015689879226,0.004393779025604003,,0.08424540840073774,-0.06913637038592924,-0.12631432507053306,-0.041174952046657255,0.04034056294218582,0.02927983151778262,0.09809207839198524,0.030941152674195525,0.12736731631753473,0.07640320003441442,0.2141598742242702,-0.07671011338150933,-0.032567714742418756,0.0759057843545721,-0.15537046889258782,0.03311773482493819,-0.18230114782576004,0.04788998507443101,0.074018596917775
RMDVL,0.13025585439072368,0.23629951631225862,0.23947162331852176,0.0970789868187463,-0.09080382549795497,0.10025407043039267,-0.12505662291844963,0.06530372486006586,0.2992221128108363,0.12676156919450798,0.056835217723618554,0.03597804516475984,0.006063813361399483,-0.13162262250007528,0.15447848848769766,0.006362442191161431,-0.03097983301850514,0.05906876141269135,0.11076786143317609,0.0921591662750445,0.06197628093967484,-0.059546935157629106,0.09985457696584264,,-0.01295953504041012,-0.18958467153130718,0.062410371494432605,-0.1539268997923896,0.15814654308706252,0.012062973180550246,0.16420013048304952,-0.061937997181169095,,0.03744553836669511,0.030162794690193097,-0.02809820673972239,0.024656767093321014,-0.052438598339979936,0.08691024104562409,0.13753251669835193,-0.08746873474117757,0.15881971641120238,-0.08306545290136665,0.15633715667324752,-0.0008216005123664466,-0.10314961818001768,0.10180313380924917,0.2297781786415025,-0.06681301215955296,0.2577862016119077,-0.09580398277256065,-0.031257148307394206,-0.06724432041953853,-0.07162696545718643,-0.009470023061709786,-0.08833395785695977,-0.07271154380768428,-0.08914822850096404,0.08173563132145469,-0.19326035470577238,0.20242844882428748,0.09080380775462385,0.05791842842020615,0.08736668738306236,0.0647204918919677,0.09721200536874747,-0.30307974508792457,0.13297181284903378,0.016969771123315318,0.11995628025725352,-0.11482977711523686,-0.029396418158028133,-0.27700840725129483,0.04588337666812841,-0.22400153209212684,-0.187757955175093,-0.2598583595677076,0.09512623768353225,0.1377035441942577,-0.2073276869693731,-0.2927119608151155,-0.04875083734796085,0.0738452230715054,0.15401602493221472,0.13871015238310924,-0.09340730731142433,0.02903227347382161,0.1520696861326522,-0.04870001001788526,0.10531685921165572,0.13991005444977186,-0.08141548220687529,0.23510556406341399,0.0272386023895426,0.017433804482519855,0.19215017619058555,0.001634603225870758,0.08591824191281376,-0.12122444150201508,0.05922260547538302,0.13380009364909953,0.06411558568532269,0.08424540840073773,,0.2498226519609955,0.1468447379572761,0.25525974578367633,-0.1701181109127531,0.04087540544723803,0.049374101334683174,-0.07195508994900524,-0.021167267427092577,0.053254614571502316,-0.25014830904249696,0.3075860303440192,0.2164786490002545,0.07921329822015327,0.14139274752936798,0.2281189846933682,0.15425857857421488,-0.1632666012550243,-0.08162074480652824
RMED,0.3383174965562093,0.4547558062670502,0.45927387065727077,0.28719340982792746,0.3969752101736863,0.2642250414747143,-0.18242317417533188,0.16255291350743248,0.4264425228204729,0.29968870813234055,0.46861912306650866,0.5321100442944761,,-0.4853097282404629,0.3247396909408971,0.3413862063597555,0.02693773031330843,0.4778460268408276,0.010696576853592661,,,-0.11865740713103483,,,-0.021485107297315405,-0.29150723306116244,0.11198898699554075,-0.4172691600961681,0.17801059508061326,0.10198531704176056,0.3946138859353561,0.11352835247022358,,0.23820499235038237,-0.019993521690467003,,0.054710557706806794,-0.22670086567797776,0.17693236642251664,0.0946417871511021,-0.21305503650532864,0.28559722729029463,,0.13110662498182069,,-0.2515771622946491,,,0.0679490993047055,0.22616888275887614,0.12848259007134408,,-0.11107951330601312,-0.05746998790485805,0.15984512401224463,,,-0.16881322747257038,0.26349212855137755,-0.6601113780009219,,0.08344164385951013,,-0.2510475671495849,-0.01454363184233494,,-0.6612419994046816,0.045497190626378164,-0.04724501764459421,,0.20223382807193732,-0.16679996080895054,-0.6619390496032693,0.15951154329213654,-0.6723745343900723,-0.5492016333222943,-0.6746191011369049,0.2924122990695292,,-0.5962531022469759,-0.6759096361896049,,,,0.2543469011702852,-0.02197583103419038,0.6700464167617792,,,,0.3791367943246254,,0.34622334874557803,-0.03488578537685785,0.24762440116419562,0.027166694227698927,0.14643752635068596,,0.012527399666283752,0.18356218272377245,,0.2603770799898158,-0.06913637038592924,0.2498226519609955,,0.35014687981267006,,-0.5589690385426712,-0.003837277835790145,-0.09000234476980462,-0.07603923266945654,,-0.0786424391076151,,0.5880962376696574,0.43423896712144666,0.03174601194669301,0.6867235053803005,0.1998921428243401,0.2312073632021135,-0.31853247453001954,0.16694670298810865
RMDDL,0.1319481975423058,0.24211455087373293,0.18972354902146726,0.17733583539417286,-0.04515309967618151,0.12088601676160696,-0.157579569913704,0.05543407850492175,0.17493825960664977,0.1876414898314634,0.1591036350650613,0.16892307527289305,0.07250860559428257,-0.16337887097319453,0.06565655940469692,0.1724152632399072,0.10455277375154501,0.14099983132196606,0.09490506051640515,0.07676341864778473,0.11194643730607157,-0.08133559066535688,0.057207960970710924,,0.005000309133597429,-0.20481742418601953,0.10756496152106464,-0.21087374957604613,0.023793289031328563,-0.007526396237035754,0.13151821582479178,0.037062817927586485,,0.07469849507010534,0.18961467391858677,0.07143375690947215,0.06872611058266827,-0.11207326119546979,0.17403049040619972,0.11247334958793588,-0.1635044968439587,0.10981974080846757,-0.22289482007940975,0.06341486324880047,-0.017246326715887376,0.08900098646115115,0.10061756111723723,0.1110483410542374,0.015399157156370443,0.01096991855544866,-0.06170332598686241,-0.08027132667082605,-0.004137710720108682,0.06291811082862056,0.1518366973581889,0.17579034387930534,-0.19300221785919894,-0.1521888191383826,0.12594220463517128,-0.3293419615194177,0.4718506314285111,0.16598401354585848,0.1730564164869177,-0.06591055405295324,-0.049065562269214574,0.14604123436465058,-0.28522077135543766,0.04184979955979157,0.09889271600317162,0.20491024047628567,0.03186911539857608,-0.03823735856121118,-0.41790362194908165,0.049927238560728227,-0.3485311189904412,-0.2725726292953838,-0.3811720324895316,0.13388518128774105,0.013896486057968296,-0.30506612394434895,-0.31794842375312365,0.013158782468082067,0.2750920402068669,0.13520310702468946,0.2202083501494733,-0.011952820027481518,0.26936484672426936,0.2433489631400103,-0.11228267476250238,0.21056910348334426,0.19488370240366687,-0.14616651325394245,0.1992735994083931,0.00922358647523098,0.07999771503245304,0.051785829274341055,0.26928479952179923,0.11028297354100064,0.029858642666985215,0.14826384719333785,0.5498086631593271,0.28286475787552795,-0.12631432507053306,0.1468447379572761,0.35014687981267006,,0.14634837446629073,-0.08041684127412417,-0.023842960020406454,-0.16422126259469452,-0.030178558929826262,0.013751187772418953,-0.17997822679615422,0.10857249225241752,0.3107237513513153,0.1526114594509386,-0.17011406675212104,0.3009516642086904,-0.05571369593593097,0.40443437496381857,-0.057282890013117795,0.0965431861285069
RMEV,0.24730331228194796,0.4477617622639996,0.44068295879333524,0.09149485861620377,-0.2868915710401308,0.14161146562408564,-0.20099432421369628,0.09429249501260034,0.42004870882265927,0.33109883618253005,0.18453228877893946,0.25811334023850147,0.03305855372671243,-0.29992628001907945,0.02477849769044968,0.1366869165916081,-0.0159944340548651,0.247147934670289,0.10599218895809284,-0.050316608070181124,0.0757642795937942,0.054724241116152726,-0.015332966719171216,,0.08911673699817207,-0.21296309295695212,,-0.16337078595165494,,0.18431683979016583,0.28929215814135095,0.08889614533069388,,0.15725201090138471,0.32369557142706684,-0.13671657163784312,0.14684138077418846,-0.125473395402902,0.22585223341618946,0.18624076380102833,-0.14354944314065718,0.27315292454618867,-0.1028564810744721,0.2369050489692457,-0.14372995871666763,-0.17272456110952827,0.1885053119017613,0.26142500558343845,-0.037117229688553105,0.2957305969001261,-0.12071999742007407,0.08073163821758923,-0.015168731696135807,0.10547751615448217,0.06235926033177201,,-0.014957702574026491,-0.2007979026574177,0.11236366719200017,-0.32644584796127235,0.5354529485049637,-0.05143643018807539,-0.15281636390663755,0.042680347335627034,0.015162160213311921,0.009124366174521309,-0.42816524920534155,0.10844633484684503,-0.03345681726506172,,,0.051444576777190124,-0.40381414293991025,0.20140497875341984,-0.3376078712205354,-0.415931800512115,-0.2548409092507679,0.22266357054049216,0.5446996161926002,-0.385062246383046,-0.2770821310129935,-0.044550589387801154,0.038345814021126606,-0.08386118399605633,0.20809099403199602,0.1488287329978129,0.463546453556128,-0.6591299571982968,-0.03454831963042051,0.37425350649369804,0.22987934265217844,-0.34047215093438404,0.216987882704427,0.05630242111668022,0.10630655160529154,0.21511249318974923,0.23891383866203564,0.12273067283403626,,0.4566417530862548,-0.017704661207484595,0.005323600509852935,-0.04117495204665722,0.25525974578367633,,0.14634837446629073,,-0.16559190837666637,0.007396672868455086,0.2349154465530224,0.15611246842619084,-0.18378469464486769,0.23370189028074181,-0.27334513746321454,0.5078578673738879,0.748911610532643,0.34506781186324526,0.3227644846797052,0.4471197729702462,0.350056162454946,0.14660237478356875,0.1814106713598608
URAVL,0.09046944366779583,-0.23809541053753955,-0.14725939291638168,-0.018374800877430125,0.2170427379838562,-0.06426362353831813,0.292742714543101,0.016689581461075922,-0.16157984833111178,-0.01888514542848221,0.08432874438998172,0.03290785779242838,-0.009646628412112529,0.2946824624264857,-0.02481493442757089,0.09242852241678734,-0.0067110233744565595,0.03007656995781946,-0.016957848243967455,-0.04295513920321745,,0.033773280300955895,-0.06583209750624945,,-0.02501550602942294,0.09534874002022113,-0.046439366837146494,0.07081106788106721,-0.0802490060559585,-0.10328900576625624,-0.12208292395827776,0.040445319732819424,,0.027583611155595864,-0.020393517697532875,0.01720920761781337,0.047270056410218295,0.2475637353988873,0.12991723270250763,0.015304695763886073,0.0347202682484527,-0.2235523477204617,0.10214425076620452,-0.13114408024135582,0.04639460766120315,-0.029921913811365625,-0.07216531374639035,-0.11249485653094071,0.13928879994259116,-0.15227941986117638,0.012848745664872015,0.023038313454236195,0.09062967703234047,0.00838643746905802,-0.09559468396656438,,0.11990739061055156,0.048791063392174976,-0.20072587591775828,0.3381133927541448,-0.2514489882279998,-0.0940425081902237,-0.0551851110013061,0.03010612320743895,-0.010717898225240113,-0.06723485187563637,0.2863985752269423,-0.03989737804748773,-0.002967287662860092,,,0.041984580814383846,0.3081665975992373,-0.142946743301441,0.35272504942293814,0.29217496478658933,0.2918197007833244,-0.1127855872032891,-0.32619105232438655,0.2305566872276932,0.2716683617422649,0.23402502321686763,,0.02202563117834057,-0.08610473633904879,0.10139131346913484,-0.2268568592561507,0.20949209044350556,0.17175462642800235,-0.10281252253138004,-0.37059885147508664,0.09356118206824751,-0.02735374468184004,-0.037019636446116076,-0.03121546488261771,-0.026573334401597676,-0.1015817011990051,-0.15043101227319558,-0.04480507087456816,0.014230086114394455,-0.09161809098040583,0.03188562218412778,0.04034056294218582,-0.1701181109127531,-0.5589690385426711,-0.08041684127412417,-0.16559190837666637,,0.1481704228026958,0.07986157418718402,0.12499550985503662,0.1830211196440102,0.0565954080774206,0.08749295865620653,-0.3399478085720385,-0.6248662093803903,-0.15891760607228864,-0.22905323477459874,-0.1033239026762102,0.03316977928778434,0.03633715538281796,0.11100852022206241
URADR,0.07710663229262775,0.11134119856651074,0.08970512990289402,0.024005688260196445,0.09234019995578739,0.1628938398113772,0.06189951499765448,0.23860345164537936,0.1293414863882495,0.0729104479164756,0.03860913804057349,0.08518500629160056,-0.022093740322849068,-0.013472919673342132,0.0562815034509,0.0445811581401803,-0.07394167376455446,0.06037009437753555,0.011253322944018195,0.004987614942980259,0.08462581787015071,0.052885096537920506,0.06585993958920422,,0.14767674207588746,0.024362541536975826,0.04161106533123343,0.02842861540122913,0.07868948637514996,0.12363742593989485,0.03815087089524566,0.03726876742197306,,0.10056978370480797,-0.02078926280818794,-0.04546354136086116,0.017208625754021455,0.07088892206016667,0.08380758220348121,0.08973511591290269,-0.024667469855077673,0.0512639153715751,0.024664172027244243,-0.006464181479733346,0.06202241447982229,-0.09388508410250751,0.02154463370492303,0.07956128244896031,0.03878399985430187,0.024992442235109453,-0.07733457745345956,-0.03063228403936855,-0.012670428946418065,-0.09202349145916684,-0.016512918435869686,,-0.15448380288568134,-0.014528396137071187,-0.014994251905912777,0.03475361904708943,0.00031371268039106197,-0.029672746544897308,,0.1561991831422111,0.06160454833031459,,0.07023978521667544,-0.012466256700220705,-0.07110355999938892,,,0.012175488237272507,-0.039494671297791314,-0.048422507319676684,-0.03154094261635915,0.030912739463277463,-0.0075278819088444755,-0.01765423446531007,,-0.01529801287961557,0.016816299958717976,,0.07408761070537966,-0.0062723589174868664,0.0476498113377802,0.11103471045762751,0.06826869922426747,0.17051805824082103,0.018578575555845453,0.10632971759266993,-0.06851946358495876,,0.047601775847087184,0.05122812223955304,0.04742434053813965,0.11877098176607064,0.034265659402119696,0.0667239980201879,,0.052283765494242664,-0.1221263272733046,0.008258480724870164,0.029279831517782618,0.04087540544723802,-0.003837277835790138,-0.023842960020406454,0.007396672868455086,0.14817042280269577,,-0.02824054281966937,0.1825666513809289,0.1865920271431299,-0.03204855651067196,,0.02527938958580989,0.03309843540440738,0.010734130143364037,-0.029330687748830273,0.008948221314485558,0.07125869265786866,0.035897800373503444,0.08860545272373344
RIVL,0.01011089215870062,0.017101610926826608,-0.03603136069084056,-0.018505927894310763,0.042192607645675624,-0.11957662314333573,0.1098353625512511,0.1496875443727807,0.03771490345521596,0.08392193445190296,0.04149703454717556,0.12645894897771545,0.040515244933695786,0.0790274022862271,0.022876239442465286,0.02541861445451099,-0.07567254168514574,0.044985321184549405,-0.02982478574070045,-0.07100057816756891,-0.20810063728336092,0.024327301836066746,-0.060061943441399326,,-0.01760896656359728,0.1440441117450334,-0.06027393939598746,0.08190112524397754,-0.0417493350041921,0.03050617602542428,0.12561927833724484,0.11349327937200365,,-0.04585105619459918,0.03464741049255109,-0.1595314126138104,-0.03945484760746462,0.06116959704471916,-0.005818834750815503,0.007770238911619186,0.030804423209771017,0.0814881475489553,0.17689858701742184,0.06358079032515021,-0.058812983046313425,0.008960574326808513,0.051773143842204106,0.017967599395891733,0.0023531676976352497,0.14612954760687322,0.010629408994041937,0.1122936511220571,0.007986607363641172,0.012077072470359718,-0.03813433428777024,-0.09906631026331948,0.09185433719537166,0.007133630024938323,-0.08250677524165653,0.12333162959637115,0.017290302057353713,-0.11222405862092463,0.06759372349726733,-0.016900889426591043,0.024636791759111692,-0.06101781707140832,0.1030267368210493,0.12119764261278175,0.012247281964567862,0.028817202834543764,0.14215945505061386,0.08511910989263367,0.18875301001998265,0.10984654787298871,0.29928668807580205,0.1864528010901121,0.2200981944658212,-0.0521908702772845,-0.025002583068277445,0.1834111302279483,0.13527679901200804,-0.023640677397766374,0.060439752624305405,-0.22715869624818108,0.07825905033949837,-0.08038447014070563,0.04426205312985983,-0.19865859874739009,0.10789560525222007,-0.22427751011534608,0.07982649236666976,0.08489924472198168,-0.044471192487106306,0.036250502483802384,-0.017296209205759326,0.12121897285169231,-0.013065841680350633,-0.16062108928172056,-0.07252129288134143,-0.016893879185738543,-0.18844136903869607,-0.0748986038382173,0.09809207839198524,0.049374101334683174,-0.09000234476980468,-0.16422126259469452,0.2349154465530224,0.07986157418718402,-0.02824054281966936,,0.0322030596767156,-0.0002631339144669592,0.7419943766855749,-0.21796000981489855,0.010468341200684359,0.40384711978704124,0.3237837908463047,0.013042511275340347,0.5048833589335767,-0.14464206311150582,0.11714339344519628,0.1659277557202885
URADL,0.1791924654509926,-0.13854156076654137,-0.12432550927970294,0.024596853087218956,0.2790758139077319,0.01067809880075997,0.0827338088323064,0.0641395572005703,-0.11411747517975847,0.05156395340957933,0.15025096495533688,0.17030757722890524,-0.033281135646058335,0.15607886540568774,0.10336435729616049,0.16717734491529762,-0.07204949454728554,0.1652042397931525,-0.038601833228833295,0.04169966242038384,-0.2580734435763839,-0.0022235831842001286,0.10457001278777253,,0.09043123245238427,0.02791710830435705,0.012946100451638248,0.044495587173946874,-0.04067362106717591,0.05429315129715852,0.03386324747307033,0.06322624233102984,,0.07653166982079264,0.11345671440581052,-0.11509765698761591,0.05730628320649046,0.013468914804753023,-0.02414349349854201,0.04762444585843533,0.0076068301606113066,0.0034641999093453996,0.01800365638408455,-0.02915577136141407,0.026862364480487212,0.16626406863048643,-0.06567185118999833,-0.06352398442785301,0.08599581589512433,-0.029226514207489684,-0.025030427696474684,0.052296599566539724,0.1204151806934035,0.002107829033648706,0.016870483306158528,,-0.0049431756120086046,-0.020920889407511745,-0.10846190721177401,0.059724030379022755,-0.04072731400789879,-0.06150867301762577,0.10022584057026653,0.06276063830062524,0.025625397567012657,0.28021343490227485,0.08437049784764732,-0.01715911975280804,-0.02995769213663114,-0.04613004538627654,0.08468038606894705,0.035259764031856954,0.03585880299691155,-0.04005135020515323,0.01078682109093221,0.1284855876046184,0.12690003208288134,-0.13531793489559746,-0.08287443843383384,0.08570003588227447,0.1091937143173203,,,,-0.02403839500101325,0.09969366009209028,-0.12685634252067052,0.059686181445956325,0.01992861150404257,0.0075016299999637855,-0.1622774341107862,,0.1029262000173253,-0.060861545286115586,-0.02989752418333169,0.03614508360861122,-0.0015228502978586606,0.034586169173854285,,0.08893123946179814,-0.11696630133966862,-0.019529172304484844,0.030941152674195532,-0.07195508994900524,-0.07603923266945654,-0.030178558929826266,0.15611246842619086,0.12499550985503662,0.1825666513809289,0.0322030596767156,,0.039617285515752915,0.013816796862739376,-0.19964927360156035,-0.14275948247924486,-0.19843670107020045,0.04666159974572721,0.05552850917542917,-0.028181556366328322,0.0608855110744153,0.1961973621424318,0.1127152336740951
URAVR,0.04640309340824888,-0.005019752432917059,0.06526867993997171,0.06595929385685495,0.12228775944143036,0.09408668987317542,0.19671747233146916,0.0973847800799723,-0.09097613079382683,-0.0034236257740730275,0.0841147616775404,-0.004320555568314753,0.02783637208552818,0.16381674075561403,0.22141097398030116,0.03070427497235185,-0.11388327677300875,-0.03353378593277163,0.04560005837006861,0.047425274317765824,,0.01773484359720397,,,0.03307378548021488,0.09685075794470946,0.06362328245280789,0.03105911646922486,0.061968275953265,-0.04272344779480935,-0.10825065276037543,0.12949084575389808,,0.04283878221616855,-0.12389427999618732,-0.035061330389088555,0.11127420809832407,,0.1420716637577823,0.008469891911090925,-0.05409538972658751,-0.06552924993799222,0.06057111732000723,-0.0955375195941824,-0.03583121880226535,-0.037181081897558144,,0.09604449714121575,0.025545281576443007,-0.1517733904113343,-0.014705341540165923,-0.040451842215315226,0.0312212985962862,0.02101331012413241,-0.04475889815413354,,,-0.13699662092474146,-0.10667451022434643,-0.02692552787030481,-0.26507688737786006,-0.016228958673070025,0.03484770555910903,,-0.022204545360696423,0.0627426574912141,-0.051182392403193146,-0.029906273827758824,,,,-0.05253153207228138,0.13030794445983432,-0.08381321115024029,0.10026690458782286,0.11794799301167784,-0.02103537811364493,-0.05049270112170043,-0.24959825156745027,0.11294120853950632,,,,,-0.0648089185659503,0.0019369451881185607,-0.22909193105376924,0.013644674331501669,0.1742689018227847,0.01352875343060401,-0.07360341225686874,,0.05465377790468997,0.04776044154674583,-0.026135947447245234,0.00651021553123228,-0.21877046979697934,-0.024323022027363264,,-0.005507115618722441,0.014394571519740443,0.05533416812765075,0.12736731631753476,-0.02116726742709259,,0.013751187772418946,-0.18378469464486769,0.1830211196440102,0.1865920271431299,-0.0002631339144669592,0.039617285515752915,,0.005548343924300897,,-0.10261836886887821,,-0.046136374418813623,-0.17444432924802789,-0.0018602236534953492,-0.020904866420187386,,0.11794029847685109
RIVR,0.03553167554604962,0.03109125454347242,-0.02164516952047554,0.023833755901551398,-0.010324272032370609,-0.06983125816357508,0.04317221123509513,0.16376350563448486,0.045683243130045695,0.10448332182299903,0.05419373716619473,0.1296492560529715,0.015141737249525826,0.054390796937731946,0.07555295917767132,0.042812702371905584,-0.06373889531329793,0.08605886243831873,0.01041028168606108,-0.0791813660702779,-0.06100861092333504,0.06007894534034858,-0.033807991479166764,,-0.021574530856032167,0.12312812101136054,-0.0701330761052692,0.08818360343152,-0.029450906232109463,-0.0040283291240254026,0.13633888995009144,0.14978753603823627,,-0.0457066478734585,0.006701905203046073,-0.1214811635697911,-0.009768446321546775,0.040895009086409397,-0.0022573486360479567,0.015352454586703482,0.02350331204511431,0.08296496830269144,0.1629188383308616,0.10903897785310057,-0.043160097984043425,-0.020136091740959726,0.06262973601097235,0.030173392186600267,0.03231507168126825,0.11060139015378237,-0.03358772899462966,0.13644236563985587,0.04603410831246122,-0.035951284614459796,-0.0015548098378100933,0.0008068818024393083,-0.0057428875746052925,0.010289739808592404,-0.06482277264467269,0.12671704015292304,-0.021440277989514728,-0.0790960767169343,0.05339651779123203,-0.13049937931513134,-0.02755875880625598,-0.08211587744015336,0.07884735156961313,0.14960568221146528,-0.004831485966622211,0.03288953577338021,0.11549449535825204,0.10709384172914048,0.16159696020690342,0.08685469451575926,0.28794986695824587,0.1949751545494928,0.16786744573530427,-0.033135292755738475,-0.25051239370742767,0.1988226525387248,0.11173476728146527,-0.02863125095584912,0.08324566433762383,-0.27372180303996224,0.026573940013429248,-0.0505393238269736,0.056355394567172375,-0.287238352733768,0.04323664828132853,-0.15240944118530628,0.05037054234481181,0.12728683598257243,0.004373050353636284,0.027788252258190173,0.010504330927147051,0.11900548814620644,0.023435838108780995,-0.13723848895963708,-0.0009756065543246323,0.0030686419066401696,-0.13389255055910498,-0.06670028479509603,0.07640320003441442,0.0532546145715023,-0.0786424391076151,-0.1799782267961542,0.23370189028074181,0.0565954080774206,-0.03204855651067196,0.741994376685575,0.013816796862739391,0.005548343924300911,,-0.16421902353133463,0.012564451916680595,0.6315332498672438,0.4001526397328018,0.04850901877444843,0.4557592487084318,-0.10888565745808464,0.03693810780906785,0.08808655993314513
SMDDR,0.15105331144350928,0.034541969042113686,0.0101401744616298,0.0876368789841944,-0.17068406244150167,0.05959601240134892,0.13526019474227982,0.021644962946412504,-0.01890477456371209,0.25679669549784045,0.23226668883623322,0.08847492403874761,0.12146785698443974,0.2137599479998296,0.0376244397680219,0.2672492827950871,0.13820114883685547,0.24678661205405816,0.10112689965892104,-0.006597915773696988,0.17888797850347873,,-0.18444770215520898,,0.05900994932936388,0.12773812457393988,,0.005521200575068053,,-0.0001947457716429124,0.09055357182035098,0.20714266092344194,,-0.08108977120439641,0.018956195762406647,0.25432138719562863,0.06105283580400494,0.04551538584994818,0.24939815300172805,0.06447481902733544,-0.07136299360507119,-0.020334495693253588,-0.13895562979534073,0.14624361532043234,,0.1434938476207841,0.10987155502772877,-0.08805003720525184,-0.08228496256237498,0.07155902439951327,0.13178904601070512,0.014396266259133147,0.031440002848486935,0.1613401425309049,0.10264344523502242,,0.12434810821757282,0.13958473016228395,-0.04020082274202798,-0.11136993595964906,-0.07106640340596725,0.04905915298197463,-0.343360234070502,-0.11043550188594042,-0.15735818760777265,-0.3245161597831822,0.47378894420250117,0.09630404997732213,-0.14006460518152686,,-0.11429538361976001,0.0026302240262130647,,0.1212557998777952,,0.010113783055586897,0.004842305937109076,0.2886845229133529,0.004102873557581008,0.023679562397956183,0.16174100798927118,,,,-0.027502724505255247,0.015281740223598137,0.09350680129144355,,0.10960214584917438,,0.07847522558360408,,0.03657269863016098,0.16957156777628946,-0.03674168834374823,0.003960213359224404,0.12331430964567949,,-0.04776798817742403,0.10534123075688481,,0.19104973507631873,0.21415987422427019,-0.25014830904249696,,0.10857249225241755,-0.27334513746321454,0.08749295865620653,,-0.21796000981489855,-0.19964927360156035,,-0.1642190235313346,,-0.04573486050117792,,-0.19875280217680827,0.10395857330958813,-0.1685311648421428,-0.001447900285330354,0.25604866258723336,-0.018378470849856707
RMER,0.04379103773019123,0.7107035474098775,0.48610242712626134,0.10882629898422139,-0.3951697983762242,0.21054142305923135,-0.2310547913347817,0.09216094893460625,0.5103380218877792,0.25774431776025164,0.027817185851218788,0.1773529715222892,0.028363638683241748,-0.5117104234331213,0.18033826327770797,0.06217465189554613,0.013865059967338259,0.12319993517384116,0.0745090776851893,0.07597957359712439,0.06563051440566978,-0.027472475789847184,0.11866066410226717,,0.07533189494501293,-0.44827658388462827,0.12305770455875148,-0.4292965956228481,0.17300158693340043,0.18115737565019313,0.3043611599699053,-0.056240592892277584,,0.19705706508874177,0.21505731660208602,0.15839017999639723,0.1400158989866836,-0.21492544241308553,0.27034699775712184,0.14682439544750953,-0.21953799913201827,0.365136452181218,-0.2885557862265076,0.241293632973669,-0.018371745357411907,-0.17944532064210814,0.12754547513466957,0.4397299943065812,-0.05176932307705488,0.34422314181323876,-0.09201868414063681,-0.08192431125102866,-0.15193153657765437,-0.06111426329158209,0.09738570207339525,0.6091945230588696,-0.2512275973436886,-0.25296284125416907,0.37595266065277994,-0.6767994760110292,0.5352126274248492,0.3012631528073899,0.04367675915066628,0.012326773164339066,0.00540309984731329,0.10012448138375847,-0.7166389311309711,0.07658622832445747,-0.0006807474658063542,0.09832364131788958,-0.10659413851568864,-0.12063539097358715,-0.7128952836320178,0.1364842648228068,-0.7000635963124194,-0.6279138500238681,-0.6868279499137315,0.3521577957783747,0.34251289261557977,-0.6278978229850555,-0.6868664669164961,-0.13329669531240834,0.7312853778108663,0.11949449211783633,0.3272673710598158,-0.0506257882572752,0.6196218478949157,-0.00950349667974266,-0.21615119991119397,0.32177462905252774,0.5935330536120674,-0.0824272544433298,0.2675846149965693,0.05063604182753525,0.10141924747672508,0.3385371765196485,0.4225974893280134,0.1341578371508426,0.2922950203021462,-0.03406305121982092,0.27921923866959103,0.12611102179028189,-0.07671011338150933,0.3075860303440192,0.5880962376696572,0.3107237513513153,0.5078578673738879,-0.3399478085720385,0.02527938958580989,0.010468341200684374,-0.14275948247924486,-0.10261836886887822,0.01256445191668059,-0.04573486050117792,,0.2939974615452567,0.15837402203943218,0.418982199794283,0.29874561467243854,0.1897138035826306,-0.15248324392479862,0.03230823377790726
SMBVR,0.1312500353831462,0.17092647024260182,0.08064511534121065,0.12466419888869577,0.06132595084903929,-0.013467637520956158,-0.07736986556037276,0.1667106932008111,0.2065859017194357,0.30773800629809467,0.13674753843366677,0.2558677590127006,0.003220254588633224,0.15845375549398077,0.07926730716055848,0.2391590886830579,-0.06980187970987971,0.26949143301587025,-0.04634419770254229,-0.10789069014250777,0.16559643141863273,-0.2437750845165603,-0.26257546335131776,,0.13932015435262846,0.04227854387052808,-0.029706000045719504,-0.012469758529808765,0.09221758190198404,0.10097562614568048,0.3596904083954343,0.4861875597016478,,0.17927682711381165,0.01959289674427888,-0.26050474666814183,,-0.15850723920270618,0.03044488838862941,0.094233315046643,,0.313629481706581,,0.13765519201226248,-0.34829374516166994,-0.10364403802324283,0.10425431292346621,,-0.3012313088245615,0.23525339386704036,0.30830978310054313,0.02537565261994089,-0.03912438474407814,0.00032953176158141863,0.24452322066319793,,-0.29836126442421684,-0.23827313770776232,0.026323532528700788,-0.28743083854281193,,-0.24880311371851732,,-0.1640905190943605,-0.06545793310985339,,-0.5671537918691447,0.1223005467792238,-0.009990783669513614,,,-0.12103142828943779,-0.021066464439739394,0.4647628250484777,0.035365396387707165,-0.303488894430697,-0.1781704248556302,0.025377977754710398,,-0.04418589425728281,-0.16972387471804837,,0.22185747722337626,-0.339914484105506,0.045345729183474404,-0.12338576766863406,0.16744256702093632,,0.13583971286880758,,0.38879871260491106,,0.12189223295953946,0.018492937350892268,0.015606798758666862,0.04557931708898859,0.061208257116170214,,,0.23628328498611395,,0.09547475842261559,-0.03256771474241876,0.2164786490002545,0.4342389671214466,0.15261145945093857,0.748911610532643,-0.6248662093803903,0.03309843540440738,0.4038471197870413,-0.19843670107020045,,0.6315332498672438,,0.29399746154525674,,0.17796095966582054,0.32199592441628044,0.2713108483446187,,-0.08205423032359521,-0.08155961735772382
SMDVR,0.024619973303233133,0.05309097884434622,-0.03734505833562775,0.019492121280260805,-0.09962616011461109,-0.053673212638966586,-0.07938623121114714,0.04586789465703756,0.08148496374590684,0.038185797777323935,-0.00706644590958907,0.008908181667339626,0.03487683988560294,-0.15289117149114148,0.07098698077404296,-0.06000772751008432,-0.053101389896184084,0.06624946178343784,0.01694796210067705,-0.018810338656501,-0.10253026328758148,0.08992642260986758,0.018413016563399005,,-0.008875570674487788,-0.07306137343111854,0.03223920808671365,-0.06893243835313184,0.05333774258384106,0.025115557729145213,0.23828391030096388,0.024559865419591598,,0.033272797112159136,0.002769468086749475,-0.05836554095149782,0.04800713299051242,-0.020266138359251507,0.018675030574245147,0.03384347553807738,-0.028372187469802863,0.14683838098545524,0.07794200232740575,0.1816133322523641,0.014787011589619927,-0.033666415042602905,0.04896775940615663,0.09902315987654453,-0.03660401468900982,0.26774003978480065,-0.01664872330371469,-0.03179075047232024,-0.0536780298683848,0.041909171021711746,0.03869723340443427,-0.014599658821491404,-0.15704726685188408,-0.12538383042083187,0.08689738726332052,-0.10413471638172714,0.04925914917493682,0.02979537284283696,0.1728147482258354,-0.009936133678754452,0.0013332368067701002,-0.007513072967072293,-0.049646349158981945,0.030098836120276817,0.11900449128222186,0.02006994754625827,0.190919526683131,-0.041382912264529906,-0.015357557996485171,0.06823975246807842,-0.02040021626062209,-0.06351236519483877,-0.05792419848214552,0.07477913007022688,-0.2647997835541584,-0.05666157793905353,-0.09022117689128197,-0.1276849979052221,0.20019074878458543,-0.14078860961867157,0.08814358572776512,-0.006077339507845036,0.25479709153510693,-0.3288046566673796,-0.08290126908032108,0.01667597756704929,0.13545447369483066,-0.06829765548935911,0.048477014621312764,0.03579011406489569,0.10052686604158985,0.03484892527821287,0.056832049577558476,-0.03677009812790595,-0.05891875204005903,-0.07862093133213552,-0.22834394820250922,-0.06342064961193757,0.0759057843545721,0.07921329822015327,0.031746011946693006,-0.17011406675212104,0.34506781186324526,-0.15891760607228864,0.010734130143364032,0.3237837908463047,0.04666159974572721,-0.0461363744188136,0.4001526397328018,-0.19875280217680827,0.15837402203943218,0.17796095966582054,,0.16443728009214675,0.6156548426831799,-0.18496086141365478,0.3078997467454286,0.07992985270763489
RMEL,0.3112187621640039,0.16766952588030945,0.03160922994384558,0.24470105889947202,-0.0304223131910569,0.030683491849490103,-0.29284302072433044,-0.0017164664862515714,0.1928242083854694,0.33512660861925614,0.25821390798802396,0.2514461789072268,0.014819045506730834,-0.30860381556122923,0.16774353501374792,0.2469564717598825,0.027946320581401646,0.45705086667383704,0.07168438020611206,-0.04914265134045248,0.06903088939540654,-0.06965127455604836,0.0523149063801723,,0.0837435651062476,-0.31773892270673443,0.0979238816018692,-0.3465670326724243,0.15073004037600055,0.13573478047101137,0.3831379955055189,-0.02150211737537627,,0.14825762496239314,0.14924423908040668,0.1837459765721309,0.1173886641280585,-0.16091549693870316,0.08365567276802852,0.26297730244847417,-0.22872768635869306,0.2014075140637653,-0.21430123742046203,0.1033303560902732,0.1126697972965236,-0.13692681476386453,0.04393237820808005,0.09941461138961057,0.003253680601148689,0.20637708473788707,-0.004982343085217245,-0.06123869867173135,0.06555867970743796,-0.07114062375217113,0.13008959552203028,0.111358204887994,-0.28685248674951236,-0.25636354000580774,0.19064019024382362,-0.5106057571624866,0.48039797953585744,0.17410589278258476,0.025975925352571132,-0.17827180074542553,-0.09139956801779432,0.17286633200063406,-0.5134315061103731,0.07822317044191437,0.01947095134587027,0.01505325104877116,0.08717046212514666,-0.12990036191181958,-0.624186197310249,0.1934216963423869,-0.6777733650076675,-0.5217817976778087,-0.5025879582931014,0.2662675867245997,0.2600232467046327,-0.49583830677412,-0.5253678095091346,0.10989522580791039,0.30999620830408153,-0.01454119381040429,0.3148671120695814,-0.09554954904402817,0.4703036964512338,0.1920534028775936,-0.18848339361187802,0.2876658469095493,0.3143384297981824,-0.3490951949137679,0.3425015482975206,0.0633375127933437,0.1309633447644439,0.20097878401263913,0.3623129497303586,0.2063010982354175,0.1301331384342974,0.061642678718927466,0.1415440326682323,0.06123648665525945,-0.15537046889258782,0.14139274752936798,0.6867235053803005,0.30095166420869035,0.32276448467970525,-0.22905323477459874,-0.029330687748830273,0.013042511275340347,0.05552850917542917,-0.17444432924802789,0.04850901877444842,0.10395857330958817,0.418982199794283,0.32199592441628044,0.16443728009214675,,0.23471297213973824,0.2546497680161849,-0.09343184967545617,-0.03345134216631974
SMDVL,0.06757892278595357,0.24630560828802925,0.09168988006929638,0.02724346713109705,-0.10014830152440775,-0.007444062407489666,-0.12118662147740576,0.10424413131465025,0.20595678633670214,0.1275527942683749,-0.0047938477659567585,0.036613202204630275,0.0009950367594942907,-0.2287506767803448,0.09074918347692788,-0.026671450329862886,0.0067846524790264,0.0843915264663731,0.03412762100702892,-0.015216697473850382,-0.10288284970334766,0.09360947030947715,0.07263923154433774,,-0.012655103755238066,-0.09228676797997037,0.08105859912784301,-0.13708047181086022,0.13702109255898795,0.08023550767458112,0.27054409626515197,-0.01290774925818482,,0.03116233585187481,0.04075395005590718,-0.1046672913471911,0.0639553934630503,-0.025849636391123185,0.08290802127172682,0.09319066873347928,-0.1273931060819978,0.21893607982438656,0.0014539317666777789,0.22070662574793454,-0.057679514494247484,-0.07482006761156489,0.13319106805705042,0.21113751830359492,-0.06714596125140077,0.3744390096011768,-0.022545892295016853,-0.06430408534784297,-0.1531934545121266,-0.031913801684506936,0.01907281477423455,0.1379727921603304,-0.12612943651848482,-0.04323247743099504,0.11228800283896033,-0.21193564953777447,0.28169950472151806,0.05990845007359581,-0.09755168984499056,0.007916331216085164,0.06128877156200967,-0.3390684578010458,-0.19739830234038197,0.11275128455713862,0.03615008001584463,0.0567405025942122,0.15476585927577,-0.009583700958036125,-0.11055645688573275,0.126650178060199,-0.039688589069428196,-0.14283367005387546,-0.1500674998735724,0.1695049403246775,-0.0010780458329441207,-0.16470892276036309,-0.19997823270983198,-0.09932953668551317,0.2997977130581092,-0.2081867552268311,0.16661621389795928,-0.05499502844352198,0.3474073453198867,-0.15881543753483354,-0.011278746748702911,0.1545385504796504,0.2610745728156219,-0.02849822900270347,0.07088423557137312,0.02439928362744457,0.0682544924601034,0.22425046020945713,0.13737380633678903,-0.0038490781141239695,-0.0004416841575106134,-0.0607281759109666,-0.04833668815734251,-0.05358071097086887,0.03311773482493819,0.2281189846933682,0.1998921428243401,-0.05571369593593097,0.4471197729702463,-0.1033239026762102,0.008948221314485558,0.5048833589335767,-0.028181556366328332,-0.0018602236534953354,0.4557592487084318,-0.1685311648421428,0.29874561467243854,0.2713108483446187,0.6156548426831799,0.23471297213973824,,-0.2765272835774496,0.16292149558630703,0.1382690706631637
SMDDL,0.18760407771988993,0.10280344595615962,0.13006124991812404,0.14346460631569236,-0.06707076690862378,0.07931556509674652,-0.20742219110347865,-0.04492172303042418,0.23681779814071371,0.14301337166748407,0.2541313876617772,0.08740236795651343,0.010369535527771742,-0.07955369506186222,0.06830201491213125,0.023027894655629783,-0.017793433544986723,0.17187552442419568,0.06046918319853084,0.06874219511832803,-0.2926452837956959,-0.29060655363797966,0.03282002453638896,,0.0292793775875916,-0.24820856725042653,-0.04735258390823326,-0.2448307779950001,0.051229071942047365,-0.026086791754311604,0.04388475057685154,0.031121665929268464,,0.16820657351291998,0.06328569252172879,-0.2719378379155791,0.017354278935918427,-0.07731899196104579,0.09213705980818146,0.25952456301249033,-0.11723762094847864,-0.05812806524213841,-0.2983118528734,-0.19872966804685788,-0.10885019023504505,-0.059536328109576486,0.013587681031369737,0.11553418220661205,0.042791562750351245,-0.08835396505121977,-0.13553358837261853,-0.02247687421811553,0.06948028237216017,-0.040266643532281286,0.07784343759128957,,0.16449537486085147,-0.1508841139625769,0.026393111705531287,-0.16274032508178254,-0.10812582488521151,0.16072649158823102,0.1414654202681177,-0.16948806034122346,-0.16826411322058232,0.08917861300348126,-0.24031437200008288,-0.04156647678101031,0.03942954935753393,,-0.013837088227491318,0.010094960839925551,-0.39694860996268033,0.030087448460265273,-0.11267179051904738,-0.27985474741943905,-0.3520883540965419,0.0877809925448731,0.3029548802920965,-0.2752253488902433,-0.27058275785910196,0.39394020085874165,,,0.026955611633425657,0.018504659091397518,0.38940903157520945,0.27322177586762136,-0.1351717216165855,0.26720341513863977,0.042954903209443826,,0.20972483033277037,-0.009039337654913706,-0.0010980169298077935,0.049300816897530506,0.350910213899013,-0.009080343368641698,,0.1765085005906776,0.3290787082030636,0.26853027845158045,-0.18230114782576004,0.15425857857421488,0.2312073632021135,0.40443437496381857,0.3500561624549461,0.03316977928778433,0.07125869265786866,-0.14464206311150582,0.0608855110744153,-0.02090486642018739,-0.10888565745808461,-0.0014479002853303262,0.1897138035826306,,-0.18496086141365473,0.2546497680161849,-0.2765272835774496,,-0.09411299702996151,-9.786508682644302e-05
RMDR,-0.10889554658087996,-0.21396069502900145,-0.11876830036954059,-0.11530178246951,0.1576105022479653,0.011034915877342916,0.18949877723681702,0.12198337801331893,-0.11742190568385893,0.014111603791708477,-0.050363847945345964,0.012853589490409469,0.08645254044407619,0.24527497670351212,-0.11628723142709957,-0.0684709827798992,-0.15436086768174437,-0.0839935360036675,-0.026008251318053267,-0.012467698753614607,-0.021987440809668763,0.07732065740233371,0.02705495400700043,,-0.07182594447214212,0.23185630430252346,-0.0022063357053756704,0.14017605007207226,0.011728628243411792,-0.025851307025223647,-0.07856002212742792,0.2714336504559006,,0.06342836917177938,0.08401217948082358,-0.08018622207392666,-0.01126724051402706,0.13109475347146451,0.1668911392681892,-0.07590508702708508,0.06501722631745807,-0.07842541869395817,0.3510158635572298,-0.03259254013169962,,0.16977968339302218,0.11341136878799912,-0.15044779984956072,0.007025907342510312,-0.05796640363643907,0.018988861534292745,-0.011983487845060623,-0.019725561631663693,0.09460788754113762,-0.04239328784004278,,,-0.07941704161946944,-0.10234167322454349,0.2912176924612749,0.056794691638266975,0.205997598854512,-0.12098632617098484,0.18274329722258684,0.2213913561960711,-0.29716279851383365,0.3539497402473565,0.09744712715470387,-0.0008881396294962198,,,-0.059556572169847444,0.35356173035977734,-0.004809616483006085,,0.22781290872279433,0.3001038996829081,-0.1636654255929322,0.25248388711343345,0.284382113390404,0.28119078599854824,-0.1967943266352518,,0.27820605622475525,-0.006585746143951619,0.09206121432505414,-0.2753653197471206,,0.029959188206574738,-0.1581823444321825,-0.17002857260087278,-0.22430692077023834,-0.0992834063130775,0.009540001143441744,-0.1149950111370883,-0.01063473510382348,-0.41556137328720893,0.018846802296383306,-0.2034457275772236,-0.037991262838057,-0.497904976440445,-0.07792385832289908,0.04788998507443104,-0.16326660125502426,-0.3185324745300195,-0.057282890013117774,0.14660237478356875,0.036337155382817954,0.03589780037350344,0.11714339344519628,0.19619736214243177,,0.03693810780906785,0.25604866258723336,-0.15248324392479862,-0.08205423032359523,0.3078997467454286,-0.09343184967545616,0.16292149558630706,-0.09411299702996151,,0.3328774295123935
RMDL,0.1572805577148018,0.05582993890467545,0.13338107240862174,0.03177546908778006,0.1405325659113765,0.12995970804237586,0.22478703193566923,0.1978320256281047,0.1448675551941374,0.205074889399664,0.21714577915673614,0.2609428587028038,-0.023334264101817263,0.21273967797948495,0.20133198886903647,0.2329093441005102,-0.018747122150583384,0.19046862646605836,0.01723617317678704,-0.05845295707450321,-0.22304671506312543,0.04128784073288636,0.007479315197537414,,0.018942500149845564,0.08569939990257971,-0.03267782458100967,0.05469264151635529,-0.08525359268088466,0.009525286118103361,0.08922193812957216,0.1816806199584715,,-0.0077662536268387206,0.20812182185028305,-0.08586391143484354,0.010486357222790718,0.007336561204663264,0.03512900291615194,0.03621843136777001,0.031223258816124644,-0.006439360824605398,0.2053190003477079,-0.0028690522059327084,-0.03529950483749919,-0.0002475986054683507,0.024418943996598927,0.00024322019724347542,-0.016361722783459254,-0.02104181033338459,0.0032202451729930683,0.1260766984091668,0.09283864635610752,0.12176492289647137,0.0062380010585483744,0.034205829315632506,0.0803791345838949,-0.007075481766729492,-0.09856151605026654,0.04279637833586347,0.02931211842875775,-0.11274057064643121,-0.021993971686037977,-0.014559360945431336,0.15693558689297638,-0.1844597244854326,0.12143738162881962,-0.036365762238142516,-0.0899221839475305,0.06356132663405997,0.2947039712735362,0.12104798958376979,0.3229097997557551,-0.023176398788434336,0.17925345026002912,0.1673055544911011,0.09288327717961713,-0.10100791559257391,0.23954788623388665,0.1024310525218416,-0.023537101072359748,-0.09724054679465256,0.09322797532770041,0.30977116093477486,0.034145361865937245,0.08827101963668725,0.040411989621504246,-0.10599888186368839,0.1788753733182699,-0.012361486264808118,-0.05785848961591311,-0.29272971046166707,0.04816996203940323,-0.009524752674617923,0.06078580301041055,0.03271727717390651,-0.07603751894407199,-0.2119112077916795,-0.054578517234349255,0.037777082815797884,-0.2558190337681945,0.024239472450069945,0.074018596917775,-0.08162074480652824,0.16694670298810868,0.0965431861285069,0.1814106713598608,0.11100852022206241,0.08860545272373344,0.1659277557202885,0.1127152336740951,0.11794029847685109,0.08808655993314513,-0.018378470849856707,0.03230823377790726,-0.0815596173577238,0.07992985270763489,-0.03345134216631971,0.13826907066316374,-9.786508682643191e-05,0.3328774295123935,
