,IL1L,IL1R,IL1VR,FLPL,URYDL,IL1VL,URYVR,URYDR,IL1DR,OLQDR,OLQVL,OLLR,FLPR,URYVL,IL1DL,OLLL,ADER,OLQDL,ADEL,ADLL,AQR,ASHL,ADLR,ASHR,IL2DL,ASGL,ASKL,ASGR,ASKR,IL2DR,CEPDL,OLQVR,BAGR,IL2VR,CEPVL,ASIR,IL2VL,AWAR,CEPVR,IL2L,AWAL,CEPDR,BAGL,URXR,ASIL,AWCR,ASER,IL2R,AWCL,URXL,ASEL,AWBR,AWBL,AVDR,AVDL,AVBR,SAAVR,SAAVL,RICL,AVER,AVBL,RICR,SAADR,RIAR,RIAL,SAADL,AVEL,AVJR,RMGL,ADAR,ALA,ADAL,RIMR,AVJL,RIML,AIBL,AVAL,AUAL,RIS,AIBR,AVAR,AVKR,RIBR,AVL,AVHL,AINL,RIBL,AIML,AINR,AIMR,RID,AVKL,URBL,AIZR,AIZL,URBR,AUAR,AIYL,RIR,RIH,AIYR,RMDDR,RMDVR,RMDVL,RMED,RMDDL,RMEV,URAVL,URADR,RIVL,URADL,URAVR,RIVR,SMDDR,RMER,SMBVR,SMDVR,RMEL,SMDVL,SMDDL,RMDR,RMDL
IL1L,,0.2941167790073971,0.2925902190779375,0.265519626597685,0.2864814764346543,0.29605089584907107,0.2899459134116382,0.27598537849803517,0.27311458431588,0.31013664301640537,0.25016038871713603,0.2784391149128397,0.25216156600407197,0.32454772250463154,0.24226704664783474,0.26225833204112486,0.2290853049726141,0.25175247327391326,0.2657284142337276,0.3009758967466789,0.2958939131804805,0.3207716296895669,0.34335089544329755,,0.2529204058792175,0.2962058174052755,0.2919218192681288,0.28283256869765705,0.27680479255382523,0.240561551738371,0.2772647791882457,0.30668353698086875,,0.25139156857158895,0.24522696408015354,0.31804276874978743,0.24666417932349502,0.30432543919221955,0.2561615281782401,0.24182630867190627,0.331908179463115,0.24996566067431794,0.3433760824806376,0.27772875801400815,0.3485603197065123,0.277620114416144,0.317547957015979,0.26499991758413843,0.3041766823158176,0.2874014916637146,0.3298962503269531,0.2622150039103098,0.30279743524878966,0.23537229281030395,0.21510683681736137,0.19173354821056737,0.2523860255147289,0.294255438345459,0.2729756936649091,0.32077122202128894,0.3725663628525593,0.2225038605903742,0.23290762992238076,0.33929426255911005,0.32140232589279594,0.24909496379368148,0.33033276647832627,0.23572168689629028,0.2164573579191285,0.2753297840829635,0.2636182657230612,0.3325634381502373,0.2932509536094117,0.24112804042802946,0.274964045217091,0.33123894050993513,0.3419481064790664,0.2925881969314127,0.3096804082267514,0.33980515803329264,0.32852454123294234,0.3573901665013703,0.2655971461311043,0.29168796192981594,0.2380989952528015,0.3380955061522896,0.2967231659238958,0.3724411671683713,0.2783249352732413,0.3347632078825442,0.34891919138300587,0.30164324276315263,0.23220135146845602,0.27049434420278934,0.2898126701984608,0.24453730786052666,0.270903233046069,0.2607314277121686,0.31690907914569255,0.31108572340047314,0.32758870317268174,0.2385549490152765,0.282818377696787,0.2951338594389078,0.33154622109259746,0.26983987051328595,0.276053696267222,0.3486818636564095,0.25733374829393807,0.3239926045337077,0.28466413409358704,0.2797937177247078,0.32434755984670915,0.28654147069301283,0.31822064670826133,0.3484556863153465,0.2757189995403678,0.3018168257383616,0.31262727081776004,0.25136600982923396,0.3030687807631562,0.309679331734981
IL1R,0.2941167790073971,,0.21861391672952318,0.27001403985781774,0.26042431698540747,0.3146544365951954,0.27371599067237473,0.29876179799565183,0.20886167309073359,0.2630810358678169,0.3200130511387133,0.308170982481777,0.22181670444831045,0.278625155047347,0.2627272413873528,0.33318931068556096,0.23299194702665127,0.31916806746276644,0.27213304496491353,0.3298446438307187,0.30591223078482616,0.303298399714742,0.34321252279707554,,0.2674368918878503,0.27781977218734266,0.3217440313825934,0.2402301335071753,0.27712367073666316,0.26354280535278146,0.27055389847206845,0.3246454751076723,,0.2702883007473941,0.2509806575882514,0.3372924528995478,0.2564783934497344,0.34468226015258235,0.23894002532416858,0.2670176815278083,0.3617862859100651,0.22065774170396302,0.4055834850964491,0.2695743764840843,0.35367959642029273,0.2571983159819097,0.33368799829675455,0.2558628117179537,0.3145575635753291,0.2547321573015812,0.3235933408996805,0.28252429929556755,0.2907120778651416,0.235280964107732,0.2477929149282462,0.17673363053638896,0.2773785239928932,0.2708249229470799,0.27910299360047236,0.22320831965442967,0.22794554304835002,0.27850798470222077,0.2316105223882964,0.29784572169220075,0.3063297935038357,0.21726140120047086,0.2103378615115934,0.24485515228408586,0.21823354435295,0.2336232661530459,0.35061066631536797,0.2957561738240161,0.23955645860420247,0.24961347779440624,0.24259459307173595,0.26996872428535773,0.22565226746961545,0.27732228681587995,0.3462356407348218,0.26429508261822493,0.23518889220714057,0.3018473645161168,0.2278868350000749,0.26261286017905733,0.2299329097326004,0.3368365542132219,0.2508915902803762,0.3927633510727632,0.2922334138113626,0.35348851745351517,0.27826281688425974,0.28572766979377123,0.28356694084604045,0.2825236959656398,0.28326244942913814,0.20753751349311025,0.24412422593962985,0.29327564348833457,0.3590368217414655,0.2539088853192597,0.29602245646021424,0.2607357468763156,0.25077975691068777,0.24316242798058288,0.31043405097627635,0.2563655070800677,0.25781558540580307,0.2938083718161442,0.21415318062393976,0.32717061262734054,0.26202398527310217,0.24715702001749879,0.3374275178609007,0.2562837972142246,0.17341046983575148,0.36624928533960555,0.31442537105100066,0.3613484121296733,0.30777165886454483,0.30086156286598764,0.3119200013510657,0.28146595079579856
IL1VR,0.2925902190779374,0.21861391672952318,,0.27299915954609844,0.3036277088433055,0.2490330065969756,0.2635786661000645,0.2631297228103871,0.2513941355010639,0.2635814379311885,0.3112620372408233,0.28466067805605993,0.22054174391717873,0.2970264275428165,0.28639615990494394,0.3133231865120806,0.2352764595545929,0.2978237807371564,0.26778467791173044,0.3126431102740295,,0.3358173284557915,0.30642788078902183,,0.25845123683065313,0.28926735305187046,0.32099201213242384,0.26009267804246256,0.2913556139469873,0.2716987202579305,0.2413573330924131,0.32526856869736437,,0.25897119401183755,0.2600379178150381,0.2906048751464921,0.2638703551570889,0.3015099354287356,0.23080004146486852,0.24406710105007207,0.31697943385699157,0.22779072735282746,0.3538705526379248,0.25967694642497297,0.35433910201380625,0.2892553208077552,0.32428771677455503,0.257646012190817,0.29039350056514307,0.25402539374166844,0.30982491377951404,0.2806182539302009,0.2593368431690482,0.24070850095698143,0.229624595408799,,0.3601454340811654,0.26377852108028654,0.2803642417972514,0.28923370882668287,0.3103249572624444,0.2779000154143627,0.23938358231673423,0.2756573864345169,0.3163171984347976,0.24081694524096273,0.28783918304900896,0.2775544006507951,0.21141610165555455,,0.3325523784430038,0.29166989331254073,0.25412506166008847,0.22515167439178393,0.26557504759878475,0.29651244238939023,0.27472081925117176,0.2723180140292764,0.28344612636358657,0.2890860224163067,0.2810707319224707,0.26788900947961947,,0.24826903772022152,0.23256127294477805,0.3274600949170078,0.30864976836329966,0.3459450846322425,0.29359857352833735,0.38987792439597263,0.3423344355971863,0.2184890016657198,0.2753587236693075,0.27125056700572636,0.29050634557109745,0.20206277916072393,0.24860326987967998,0.30664237951547363,0.325516927777619,0.29493114147211086,0.30967963827248984,0.25168224049925253,0.284203734669536,0.24467134964698758,0.29668254986745746,0.25864275201364756,0.28944743251603927,0.27020586411325453,0.2827145594195205,0.3340040974659548,0.26169025524935335,0.23989721066468886,0.3334280204626552,0.2542600821389958,0.24503770322272367,0.3952243263169527,0.3188409258060977,0.313846561619294,0.3275579181661066,0.3093109890546301,0.2860956660763412,0.3010806469849392
FLPL,0.265519626597685,0.27001403985781774,0.27299915954609844,,0.26848966483834485,0.2706105474549313,0.2579055216060015,0.22932014139529125,0.24175732028991972,0.26726657466174064,0.25729558636887917,0.27657873618431866,0.20171334877272784,0.2815646654646983,0.23248380537938343,0.2710170961294969,0.2286712039862955,0.2766419372826821,0.22942531276434247,0.266716848634318,0.2723003913932668,0.2812796691266299,0.2624052248770413,,0.22585152291990612,0.25030316656385504,0.2751079887894183,0.24467115937337722,0.2594182048506211,0.20665138472320882,0.2524548452648164,0.260701380659131,,0.23351274368173683,0.2405202813372324,0.2694718313931862,0.22805338999560537,0.25369045725502803,0.2364145200969411,0.20703517844141736,0.30866487237902734,0.22679925495759498,0.2622936354064569,0.22120227170432152,0.28773881910528093,0.23364154597251993,0.2761819802561943,0.21944689848165116,0.26230721221071257,0.23555941919959528,0.261032578258956,0.24065092346794495,0.2563920712383609,0.22860320498126951,0.2044806636351559,0.15942073010130417,0.2306194150601657,0.2510350163928472,0.2533720044331173,0.29527187775498553,0.29024602297811597,0.2460825971997457,0.26556205356334195,0.2608776930679565,0.2918612455797688,0.2226898928616722,0.3031588061164562,0.2152291846723489,0.21542913570538647,0.2307732080942002,0.2811535818584659,0.29533031502079804,0.30568227051326496,0.24177536147598655,0.29254581631080406,0.29763202357496077,0.2873276960535525,0.25809091161255565,0.23303501547052866,0.2895245111952555,0.2958561802155274,0.24256098849592228,0.20380679399721982,0.20959234558205955,0.22865718150771097,0.28316563186781474,0.24506618165922278,0.32215593851686464,0.26154175483100855,0.2872992285308689,0.2899239729731692,0.322397403925715,0.2284626387689826,0.25724801113449147,0.2672611675320758,0.22151764520027478,0.22228519463180116,0.29143604578601084,0.26236496330051406,0.2903366486581881,0.25512170984597843,0.25093458990828355,0.24531536866983947,0.2598817844606603,0.35049953882842483,0.23695782262341442,0.3065045077026638,0.282745951145037,0.2570781434529196,0.2850729789408262,0.23785943179313898,0.24017389158525254,0.283304708396993,0.2260711058167086,0.27870382086040435,0.3655908284787982,0.23434959640522582,0.27734237819544966,0.2666837492122596,0.2748256202125758,0.2650924437294835,0.26943483859022643
URYDL,0.2864814764346543,0.26042431698540747,0.3036277088433055,0.26848966483834485,,0.2493735508640409,0.25666873927894646,0.2284746726132789,0.28663968604547446,0.282589459074512,0.28054753075566174,0.310981546738501,0.2564842548896915,0.306411609231254,0.24305450734611656,0.2923419136108701,0.251484252476876,0.2853516163649476,0.2804167237368678,0.2944693165727205,0.3145752272862525,0.2720348524057214,0.35048563520580234,,0.2431218258515837,0.29027023416309206,0.2849658824077018,0.23792472794471603,0.30427604131009,0.2580547024978409,0.27033564423457795,0.28235769371399916,,0.26103764053326406,0.27093809003781166,0.33696767978997544,0.23564840884453558,0.30083583216110615,0.24853831831773426,0.2613140094423175,0.343178990011454,0.2325686813166205,0.34129069666981227,0.23414731682992776,0.33908291851375366,0.2675112940194986,0.3840702927962657,0.258093280716608,0.30888347432018914,0.2613567294512618,0.3180629564517014,0.2610270496931442,0.28091714621530894,0.2489983354745083,0.23776929885585008,0.23899444404096631,0.2794560816472817,0.2807267249010507,0.2703757154047333,0.2752673703899395,0.32100048777413237,0.24203465262642593,0.2932096285019511,0.32297664648855606,0.32852957232375307,0.25054705085693313,0.31466462045481153,0.24686506064570493,0.21381230342384044,0.23570978387027686,0.26975075985165925,0.3072022790235059,0.2915158211490397,0.2474634599737389,0.3047084408557657,0.3000611341884041,0.3031254479549737,0.25627104342593254,0.2685264782207098,0.2866799564251727,0.29351735951052793,0.3223503162844127,0.2534070594197825,0.28196621502971997,0.23400482774385048,0.36159265546175834,0.25450529882147155,0.28927494125323433,0.30146760110572934,0.3159442161481514,0.2928203368082915,0.34307692699970993,0.2520336631967749,0.2685472305680312,0.31260331446452655,0.22976600919187887,0.22716238549956444,0.29213578917093913,0.334680214396697,0.29585231859838834,0.2950956348398517,0.23568401422481852,0.26247596118365135,0.27220838697240635,0.30120928561781196,0.2771309069685654,0.23656388300118483,0.30778683179708033,0.28112329030705646,0.33167028300987295,0.2708497037170614,0.23356815429454408,0.3270231705995857,0.2833609677387841,0.28421344242280927,0.3210226607058999,0.26273220490099786,0.29823338141578404,0.29898612575840694,0.2519068577327774,0.2946996478576997,0.32500511660620507
IL1VL,0.29605089584907107,0.3146544365951954,0.2490330065969756,0.2706105474549313,0.24937355086404084,,0.25284602613453544,0.26622657350677176,0.2961309681567678,0.2675595519680646,0.30381425237257487,0.27579029501564184,0.2206075687816576,0.287681701070073,0.28130738701148494,0.26872316120629336,0.2011740822115288,0.2791477405850819,0.255568077819119,0.2682545708274825,0.3673934611574,0.30189374971251276,0.21451795711656385,,0.22261564760578775,0.2638215633467848,0.26687278325257907,0.24671775090871756,0.24105683586874524,0.23658018245954385,0.2683614555221486,0.293873782213567,,0.23839736854871166,0.26266658142877874,0.2841220923121987,0.22134412058747668,0.2559130553263566,0.2335999476194018,0.24772915174760593,0.2640294286584876,0.23394339187514204,0.2796800936108206,0.23810012377780476,0.3441407380888248,0.27542173941214004,0.35824803158400564,0.22509203671063957,0.25573285137549817,0.2524382864480853,0.2880983214818604,0.2577396197083666,0.25710968290071073,0.21427927188230747,0.2219406122715917,,0.38471756120641326,0.23033662302346683,0.27620588899838616,0.2968091315012476,0.36146102127352664,0.23237915790708166,0.2128863019813724,0.2797854884901975,0.28223263136947735,0.2023401791742344,0.3094249666172228,0.24719072427791994,0.2224293587018921,,0.24576382283624212,0.29600627905841786,0.2695303192763977,0.24196420800854695,0.30392976489313955,0.3003884825106813,0.28828802908122686,0.24844111107628689,0.3017518399265932,0.2980683694283462,0.3018597471262047,0.2533254991776272,,0.22444344788988813,0.20103911269133304,0.30106119426255523,0.2757053071487906,0.28163245837946427,0.2639346725647113,0.3007327962224417,0.2953867015428149,0.28945951130589714,0.2615818338249965,0.2416564844758259,0.26840661716541375,0.22603964132188778,0.24882929136237264,0.2530260155886893,0.27710684395194973,0.32426240116810223,0.24324336454904016,0.23158436567313592,0.2631389652792561,0.2767476474403219,0.3135568751170234,0.25759806771417604,0.2522737541456021,0.2824755743951667,0.24587965634287556,0.29713191252566745,0.22331618136097536,0.2030297080727921,0.28747392528955623,0.25943963176604784,0.2925021476943332,0.3779018335020922,0.29002001955183354,0.2825819631972077,0.3093350632445548,0.31748057612679403,0.2691889775707524,0.27765344841508793
URYVR,0.2899459134116382,0.27371599067237473,0.26357866610006453,0.2579055216060015,0.25666873927894646,0.25284602613453544,,0.27618952843534594,0.2698667394631139,0.2821054109427304,0.3044159187201463,0.2984530007289661,0.22437389980112363,0.21805390359036483,0.22657108692201136,0.29223299683082965,0.2025827104560328,0.2843138659633975,0.2556522246970697,0.2785720672695947,0.2821787077993437,0.27494308399874956,0.2807387949503962,,0.23514795307487146,0.24190893041618997,0.27310328419041097,0.22272334051584788,0.28289124406114147,0.22426759836761576,0.23608805898315088,0.27896472032128167,,0.26133336581389865,0.2329354940883348,0.3284835791757976,0.23206679052084683,0.28472361484785286,0.22750283784638942,0.22082218123154423,0.3251232598818365,0.21318213255100227,0.2752938899115512,0.2077048386725147,0.363251418860076,0.26396028632161644,0.3502441386805461,0.23982701562132533,0.2730445271071184,0.19805417172720766,0.27793323058210834,0.25753486565312894,0.2703922263644376,0.22014008039156463,0.22957921838248352,0.24499927809839986,0.29650353773234317,0.27293396160840994,0.25901195095915147,0.2568324028628416,0.25085032352975967,0.23209021068629407,0.23650116170325994,0.2636634585481149,0.2803354440711415,0.20496221224794015,0.2719947501445878,0.22492495484843483,0.2336513299949279,0.2641853285081922,0.3822827690106086,0.32542105812070604,0.2341508249005789,0.22831797715632487,0.28373593659138135,0.2435534229174314,0.24954684126063822,0.22835108745703495,0.167489443869287,0.2547900631587661,0.2591420757274897,0.28921671209567135,0.27607989838682834,0.2965674104122822,0.21043198051292097,0.2974137757857918,0.23630284948364125,0.31676753534027474,0.2776862384891316,0.28664013182386555,0.2564769783728951,0.40437286888615326,0.23390595830903413,0.2590185300777758,0.2764521278740451,0.23763286001998948,0.20793848927937741,0.24458960310698843,0.269837938860139,0.2622213831220508,0.28775045681770833,0.2420055672392203,0.24624403004428946,0.2346162654089377,0.35497693601363245,0.24264975932782587,0.227661481472497,0.23319866406288128,0.2191859421727186,0.2823736861254695,0.2303909378805942,0.22605226579627147,0.27264163445595324,0.21607869037117,0.23830386268962886,0.27720943636792456,0.25411288797910253,0.2615026070877373,0.2527031023742455,0.25873849334874544,0.2712671570373645,0.3030587335040997
URYDR,0.27598537849803517,0.29876179799565183,0.2631297228103871,0.22932014139529125,0.22847467261327883,0.26622657350677176,0.27618952843534594,,0.28575378156266923,0.2626559627597924,0.28359884247251704,0.26984323252409065,0.23300629355643487,0.2899477811321417,0.24200245351572183,0.2794313766841989,0.23100212440134746,0.2796610106419447,0.23837620686698494,0.24800628265307645,0.2497345808733827,0.2669044757403817,0.27845203127175766,,0.23280136329680545,0.2647956252550213,0.2674663170072476,0.2435801632444131,0.25428047217294397,0.24718132302903453,0.25335807137555444,0.2647270199956455,,0.2576875314503691,0.26553470797224465,0.29531408356728406,0.22338088109145848,0.2686957486618979,0.24180828382005876,0.24194430990700633,0.2992115132345227,0.24649576081223837,0.2466908849157372,0.23433205383819677,0.32809550074313426,0.22725344835765812,0.2894133373555832,0.27391175371715293,0.2772584493728015,0.24677794593568325,0.27526897791777094,0.26607816173782683,0.27518363469531865,0.22120509691198773,0.22322246274527863,0.2935899242793011,0.22117471817055287,0.25361041590034955,0.24510304757419632,0.2882352632401249,0.31408779125093056,0.24843260302077574,0.2624560810701388,0.2812674139442089,0.3056500576418203,0.22674506766782865,0.2828285969075053,0.2186294899708952,0.20588291527911803,0.20909138633118654,0.27250240366822037,0.2916445614760499,0.2991356637584869,0.24880696700915864,0.28156728983437546,0.2960541469958438,0.297778255485684,0.2581865075723879,0.27665711841151747,0.29135608901777527,0.2931445440784893,0.21558313520614253,0.3246133184452748,0.24522516467158686,0.2291307037927389,0.28870766328372116,0.2433031253719795,0.280707057802558,0.2720957621109146,0.27649621355667,0.2822864818980187,0.25506372684017664,0.25624250926546965,0.24409660950489673,0.26624194119080785,0.27127224185978627,0.21053441458347127,0.3130269246387333,0.3339465029675332,0.2841891069988897,0.28801759495480367,0.23289411823735767,0.2668862291013945,0.25512719192042516,0.2839512776085909,0.25962634587749345,0.2802251968212978,0.2985437689733799,0.24492987396891452,0.3061190541268614,0.27592045964926115,0.2568813718150112,0.31180189411970133,0.23012598139849624,0.29609932565071745,0.2921009138607299,0.2635328471070271,0.29379443317159604,0.30041907828331404,0.255731213243025,0.2349464769207001,0.2787197845053069
IL1DR,0.27311458431588,0.20886167309073359,0.2513941355010639,0.24175732028991978,0.28663968604547446,0.29613096815676787,0.2698667394631139,0.28575378156266923,,0.2560206278858295,0.28958651245739075,0.29646879225511147,0.24416901873506106,0.2880532093091287,0.2264174678630704,0.3041746831281662,0.19590492711843663,0.2797127173806238,0.2413211037449081,0.2932989658347976,0.26514841248042265,0.31508903744299155,0.30584439834235133,,0.243875928866442,0.25159060215474066,0.29730755656936936,0.22194988485878414,0.24664693387029396,0.24141298577728196,0.25175964077457524,0.29115677848329813,,0.24862256726846899,0.24273299209742016,0.31537281439973514,0.23713961073363668,0.2886158692532816,0.22667085109287383,0.254462762598373,0.2882116000723528,0.23606450219631095,0.33249050245773065,0.2442770575122827,0.4025523083048793,0.2493228638790233,0.3217684054629911,0.225789502622929,0.2971744408414159,0.2467335055092555,0.28925085978708737,0.28120093197128665,0.2822926012578914,0.23053020000352714,0.22310520721283839,0.29512780072101374,0.30282713279457246,0.2502880518041534,0.2998748454571901,0.26455574470555526,0.275651665399461,0.2617777826759913,0.23423599264194928,0.2651528680642321,0.3075493432570754,0.21430713151752592,0.24390759651702348,0.23113674906366619,0.19711346451899783,0.17187142968065755,0.2830974337644355,0.27492191678885647,0.2858074116322326,0.23525693848746004,0.2549846338721009,0.27722004051745996,0.2584517382115478,0.2563652661270067,0.3043747212575995,0.2772139047868588,0.2482107245800433,0.25705837179003066,0.2559258138215699,0.29432906299354444,0.235554724135484,0.27811409282712335,0.28122624762531234,0.26897282419988733,0.29043104097120725,0.2892611930908448,0.29768363743939613,0.28361879400163714,0.25782999821746944,0.26214812184881015,0.2895502059041592,0.2424936275136244,0.2217128611294149,0.28833515470981536,0.28395686954782684,0.2817733598899794,0.31967943691223955,0.2504109706526739,0.2583056112811012,0.22836534571605688,0.32811531358191426,0.25819619841526337,0.26346822939591535,0.3032865581220716,0.2367929089678884,0.316737174600868,0.26980404160388666,0.24190346666434503,0.31622940349740203,0.21701212353113464,0.22842608525601688,0.33586167547561385,0.2746151988198736,0.3057069714149604,0.308437938314652,0.23311361380217188,0.3061801943401434,0.3100669422455646
OLQDR,0.31013664301640537,0.2630810358678169,0.2635814379311885,0.26726657466174064,0.282589459074512,0.2675595519680646,0.2821054109427304,0.2626559627597924,0.2560206278858295,,0.27287552769016704,0.22881177166913352,0.22537407597595083,0.2795527472560461,0.24495491424383495,0.23185185491382385,0.24211776656401815,0.26923884223885985,0.25421972123821174,0.2704143555548926,0.2671186257357317,0.31393989558774754,0.3293442301972868,,0.23740617360200178,0.293773593716446,0.2935623548356677,0.2569321123290798,0.30829124823648285,0.25755053165195085,0.2605664415051707,0.2687777905346462,,0.26670852343611223,0.24517911904633954,0.31674366401090376,0.2509111191622412,0.2909090283963778,0.22127959254217094,0.23921143390869332,0.3210954436959497,0.24466946863886307,0.34409758561168663,0.27615788463491947,0.3567699296753951,0.25607950766544046,0.3382447169421847,0.272780684561224,0.28962143381564986,0.26480126473966986,0.3117116368048822,0.28648659482019184,0.3147269138064286,0.22943899702433415,0.23327092680650743,0.2998350968296462,0.2859580948423164,0.25892519741600156,0.26731518533030924,0.28899568123607816,0.33638595080533834,0.22959070000229576,0.23759728391722135,0.2775148171035784,0.30056781463994936,0.2413980841980245,0.3112940332892052,0.23185151748346197,0.2110648842083521,0.25572305863364625,0.2951767701208604,0.29152905144410735,0.24837040642614863,0.24354287147483988,0.27455573724230325,0.3033764467126298,0.29942298103985376,0.28698394353795686,0.2569827756513902,0.3095797765013782,0.3123538320423625,0.24412967299711,0.27464561895131706,0.28752547073720736,0.2507514986352921,0.2788158151304507,0.2863243992078211,0.3180151480720679,0.27954315776968136,0.3012781837746483,0.34053662153466985,0.31452452604272485,0.23781136877818565,0.2530016329838562,0.29381307855175187,0.23794332377788854,0.26948703770871857,0.2790547006202751,0.3436605759970738,0.28979992124506243,0.32989271739862075,0.24049710178048547,0.28894810764289874,0.28236839431346017,0.32126570572523067,0.2686779048998608,0.27682837808840216,0.3117592145963131,0.25855487124851423,0.33994405796706684,0.26039813308119103,0.20312127298058558,0.3318397601866945,0.22938236597732028,0.2890109190350713,0.34363891993333723,0.2960448261168235,0.28522641687007594,0.2990445275013858,0.2727974228773545,0.2994391774453651,0.2886471685925991
OLQVL,0.25016038871713603,0.3200130511387133,0.3112620372408233,0.25729558636887917,0.28054753075566174,0.30381425237257487,0.30441591872014634,0.28359884247251704,0.28958651245739075,0.27287552769016704,,0.27679234565701083,0.2515447799393187,0.31895544972979184,0.26612075225832976,0.22250808704456448,0.2291380821504561,0.2401413252276206,0.2653644115997053,0.2748870958971806,0.2812159261492678,0.3119136222352325,0.3039797198833241,,0.2512149793726672,0.29181882144202653,0.29561151166128474,0.2743360783096944,0.3553393569645867,0.26827106043832916,0.27172713712906527,0.27216567507528405,,0.2765618474405596,0.2539611922452425,0.32224732752794677,0.23652576007210271,0.33396164645583026,0.2580163199999361,0.2718574996251818,0.35802554727119,0.2713315135076897,0.3674252755884509,0.2710285489795932,0.37401640121946556,0.2932367133372284,0.34445492209200784,0.28324748696853214,0.31568997934250365,0.29415700291393204,0.339890162507925,0.2967154053329973,0.30193035998825424,0.25194792804395516,0.23410242293628997,0.1895002847623753,0.2605406989216259,0.2714488369142993,0.29166252264118053,0.32032519194635845,0.36133596091324804,0.25901753784873743,0.2684817423395008,0.31913125983300394,0.3172170257421729,0.263435976517266,0.33347852731751254,0.23872383091202512,0.24116094464172777,0.2362720997832176,0.3301656495099124,0.32388590725587973,0.3037670556546616,0.2765500815098085,0.3063331820798402,0.3555935624380366,0.3282347058205213,0.3013063813047124,0.32990860751665085,0.37074036698098234,0.30775352942397116,0.32512076229354825,0.28615067501913427,0.27519824895071265,0.26571010513983095,0.33612438615978807,0.3284995234196588,0.3465039791826127,0.301837883615632,0.3652829046910452,0.3587053946274542,0.3251354127843565,0.24641511959834056,0.2828532127379651,0.304693996201234,0.28602094512427617,0.3128650175803449,0.30523623096198504,0.3478347205559835,0.28927856283882647,0.3292147826632422,0.2616673555184386,0.26386769826593537,0.2922210161623251,0.29446109454385766,0.2818976318327625,0.28867864610159993,0.3419640542693414,0.27559206713781126,0.33694583242732895,0.2770871222297661,0.2706867320496654,0.3388023030551038,0.25673729287411334,0.3143448469974983,0.35814700217525774,0.2790813985231236,0.31454929904982304,0.30285144235356665,0.2496503604753455,0.27315354053819874,0.31068426711857217
OLLR,0.2784391149128396,0.308170982481777,0.2846606780560599,0.27657873618431866,0.310981546738501,0.27579029501564184,0.2984530007289661,0.2698432325240907,0.29646879225511147,0.22881177166913355,0.27679234565701083,,0.23587803000382923,0.3109314563642423,0.2525518690335931,0.1464485931736622,0.23397966675026513,0.24494873060585146,0.2790332131938294,0.3101990973337661,0.2843049377596295,0.3237318039555002,0.3212110716269937,,0.24648263929518024,0.3163541960174458,0.29871582903742916,0.28395894956272283,0.3051426203976127,0.2635889711435053,0.26075026197039364,0.2276283892239894,,0.2666231189973798,0.26053410125164117,0.367317851351841,0.248852006979628,0.3284983392732357,0.2319571302406458,0.251189946217225,0.34541131515232043,0.26763612886664995,0.3667645739047205,0.27248907314568094,0.40261077682261137,0.29026028842346385,0.35275184481963084,0.28040282192663346,0.32604293433027937,0.28243602216155744,0.33190159880546866,0.3067204509708907,0.3205874038877356,0.24703590248312166,0.23894093022692114,0.38123704726608165,0.28104133206952,0.3006186774565219,0.3106866769915299,0.3413575667653178,0.4233743613610541,0.2653276259227636,0.3170136679855176,0.3019930808882412,0.34103346745848057,0.2511195091579824,0.3257447919183624,0.2436538971942811,0.21389875943868897,0.2309531666522896,0.25731258971313775,0.3136849898754781,0.3384135952442687,0.2734533491317548,0.33035291269188327,0.35373135393482674,0.35282560039161326,0.2974287992617063,0.38501393433122455,0.3569178899833458,0.33498540094951734,0.28265238542098753,0.345738712182101,0.2698066271100786,0.2750667792976687,0.3424505484708626,0.3258453146227868,0.38519928855860125,0.3027561363975757,0.34821491582065256,0.3542338031985605,0.32127717535110023,0.2597890516404379,0.2812623833553396,0.31081998955180934,0.24153716422132337,0.3131730431357191,0.3449511901472848,0.3651080291550352,0.28318976266023504,0.32690523145565714,0.2594114968435373,0.28800063172641455,0.29480687416308765,0.24951178245293307,0.27986535476438357,0.3362346749926468,0.31069387394731607,0.27666431514630224,0.3354103390031869,0.2732402363430068,0.28786108079017836,0.34829459335667884,0.26897352555223136,0.3262594833386331,0.34065984614328493,0.3019852513025006,0.31947621796459064,0.3108136360657322,0.3006793424422976,0.310107849678308,0.294316525186073
FLPR,0.25216156600407197,0.22181670444831045,0.22054174391717873,0.20171334877272784,0.2564842548896915,0.2206075687816576,0.22437389980112363,0.23300629355643487,0.24416901873506106,0.22537407597595083,0.2515447799393187,0.23587803000382923,,0.23436598055523017,0.21906179245168517,0.23151656150722838,0.19642309247420411,0.25110124716387155,0.23225372682023868,0.21009923044663772,0.20733845565620923,0.22879536889568886,0.22326292353510013,,0.2238333138637468,0.21857865893402129,0.16284245599430117,0.2241305741802182,0.1770267425623328,0.1941637707771151,0.21696772650656027,0.2622302290518926,,0.20269184999625614,0.18854316625692055,0.23138456951566808,0.1844629176864374,0.24183865443754737,0.17182812710103387,0.21850438539128425,0.2569140802196052,0.1951061343466226,0.2718764229497853,0.2033183723550506,0.23513241838168442,0.24578996134279862,0.24353037850346046,0.21503772276138924,0.22806011753040867,0.24616452684783915,0.22267266057651428,0.2387242286995812,0.20773886191690996,0.199851587426126,0.19612136475854558,,0.2019798463485895,0.22460658022887467,0.22292945336433367,0.2681767341248022,0.26434774641368,0.21359877937264632,0.21712689235449834,0.2456401253951742,0.2284058489486246,0.1626646488249074,0.25948327274420807,0.19748995105079908,0.2148268297241171,0.16567707347528093,,0.2160501374647837,0.2526777351393148,0.2251657351638557,0.24102191041415758,0.2566731472136073,0.25494281584685324,0.23951790131657183,0.22202964419074414,0.2607187658036338,0.24915515756975448,0.2550888921240281,0.20926954373411055,0.20330607011242835,0.20746488170389732,0.20954462086657402,0.23683100928769713,0.2436550173489406,0.22375437184462518,0.22787915411896964,0.23554586708327402,,0.21113895070841313,0.21889318170053088,0.23259524559089395,0.20726826758193015,0.2328109852064853,0.23619067400308671,0.26497529140801185,0.20609485056165325,0.2043037511145943,0.203545903134362,0.22296609373905146,0.22014959220459898,,0.23597006568890389,0.22188223109066268,0.21046485207764254,0.18872222244505868,0.24965412356254074,0.20775860343128943,0.17816351250935086,0.25328822732619943,0.20084468798403993,0.23582473784584174,0.25051155170112843,0.20659195572038444,0.2463392150676955,0.22578731913097083,0.23952098092270402,0.22417389347878525,0.24708640708930915
URYVL,0.32454772250463154,0.278625155047347,0.2970264275428165,0.2815646654646983,0.306411609231254,0.287681701070073,0.21805390359036483,0.2899477811321417,0.2880532093091287,0.2795527472560461,0.3189554497297919,0.31093145636424224,0.23436598055523014,,0.24564881035744573,0.3118392375102674,0.25380345087433637,0.3284844973179954,0.28345298097754734,0.31976191116209185,0.2784656156952509,0.3421542064661529,0.3694339960092662,,0.26571981908741144,0.2794407901342363,0.3105362746391932,0.24156616657461819,0.307901453433531,0.25629470101960794,0.2751279841064065,0.27778916896206995,,0.2825933504676468,0.263238389965113,0.350639890979804,0.25903343527491707,0.33408637597691837,0.27506799352823375,0.2735365540043052,0.354362179615493,0.245150271758665,0.3134209426752899,0.2501654375192279,0.39817402804753127,0.2709137154411663,0.4046561948812714,0.25736293642767466,0.32783506585916505,0.2519257503414701,0.336560857906972,0.29904813549215464,0.29895143710839844,0.2263572762749182,0.25317320680276045,0.29722055210408205,0.3036064403461709,0.3043529194548481,0.2755071332525208,0.25993145457557093,0.33715837334442833,0.24633010234404132,0.27671633023247194,0.30936977521604836,0.335811055813358,0.32494708147696394,0.2247754695738535,0.25530916873642934,0.2543943878496485,0.26633097639401954,0.30435966218302685,0.3318918633048147,0.2509278825555593,0.24276778453188388,0.23487453054044174,0.23917824330986012,0.25556717297529674,0.2483305233862384,0.3196536272098282,0.2535162476327937,0.23218021909227798,0.35670130544710515,0.28403270735235847,0.272388647761965,0.24561880308274933,0.3650864272269207,0.25214794322464684,0.33554734492113775,0.33614793216365424,0.3666533641267018,0.26501362677474344,0.3490750558006446,0.2806196097046741,0.29070393070982065,0.3251322680557104,0.24947963756411917,0.2598943073638781,0.26725786102400934,0.3217757817137439,0.2852768697835621,0.2789100588801716,0.2860064992111479,0.25230486209189934,0.2752287532420853,0.3131689780568466,0.285918154717991,0.2549249755318385,0.31974936366254664,0.28085013111041557,0.3289495977429111,0.2927326530855824,0.2486249422321749,0.34115382381583054,0.24323568983107624,0.27064726857538485,0.3482444833982265,0.27762982962971644,0.3135230756569879,0.3059504526338668,0.30381250653088526,0.2986159466488794,0.34647153836135264
IL1DL,0.24226704664783474,0.26272724138735293,0.28639615990494394,0.23248380537938343,0.24305450734611656,0.28130738701148494,0.22657108692201136,0.24200245351572183,0.2264174678630704,0.24495491424383495,0.26612075225832976,0.2525518690335931,0.21906179245168517,0.2456488103574457,,0.25143897583546976,0.1930623191665093,0.25007443456706163,0.24710628859131958,0.24053776398086094,0.26338879822101574,0.31064951421884907,0.23810157984315547,,0.21872588695310716,0.24157690536007073,0.27497429856570105,0.22638942098331252,0.2626546503338761,0.2360809527905247,0.235899323121923,0.2784740925871453,,0.24392691047124973,0.22112902041740198,0.2813637706666738,0.2362393076339016,0.24019594666281435,0.2381743517496007,0.23154515436836212,0.26561345778838674,0.2259408574337979,0.298613018114674,0.2245416784422799,0.32352088662881723,0.247625910572274,0.2717080667560298,0.2417900438460619,0.27094581909078147,0.2504601475869233,0.27723038705987624,0.22209117496941314,0.25873853505859545,0.20809726678237767,0.202839851845906,0.256618721323874,0.2332864224721963,0.25563513941540367,0.2529423699386136,0.24510939826965059,0.2422881531061181,0.21320798672990365,0.2381389691255321,0.2697100311824026,0.2754458237516079,0.2154465152242721,0.27449527327732093,0.2353128446037722,0.18968418451098118,0.21575768391965275,0.29880593155795965,0.2762989399928412,0.2267706003699447,0.23421921813737281,0.24722562204033904,0.266658430278381,0.2700062530621864,0.23974245705213948,0.27695175679309775,0.2692819692419238,0.26219554386767885,0.2471736023829625,0.24262100165104528,0.2113364076095216,0.2012366403936666,0.26514784622846144,0.2600593636100268,0.2740428626039195,0.23864482598898157,0.3085724359376641,0.2835301231543201,0.25046492392776265,0.22319710066112383,0.23709804354935737,0.2848298405372576,0.19923132520117617,0.18726714787461535,0.24693612142083793,0.2606024732128092,0.29889201952563554,0.27098843711981413,0.22718941629105943,0.24288603545092965,0.2601277592559828,0.2859973086618185,0.25776343591682754,0.19940554453467207,0.2844783808838871,0.21312674486721894,0.29093808499281454,0.24528434048543982,0.23568243141987083,0.295788959315305,0.2011305193723656,0.2534815068163404,0.31719264238971123,0.26665120713915846,0.2643798183889463,0.280550443042976,0.2528441355131746,0.2841167712449586,0.2819649382009157
OLLL,0.2622583320411248,0.33318931068556096,0.3133231865120806,0.2710170961294969,0.2923419136108701,0.26872316120629336,0.29223299683082965,0.2794313766841989,0.30417468312816615,0.23185185491382387,0.2225080870445645,0.1464485931736622,0.23151656150722838,0.3118392375102674,0.25143897583546976,,0.24474104134220462,0.21483079784622383,0.2806295507047897,0.2825335114169363,0.28975005109539337,0.3228733388939031,0.31609935887764257,,0.25575222562799155,0.3151888154377031,0.3021411154883145,0.2787796178508243,0.3370651182620737,0.26673656903517146,0.2662186892590592,0.2296763090310594,,0.2816517694725121,0.25338799448452104,0.3590995544485363,0.24487438309352558,0.3319036301425915,0.23840923680334036,0.26617598736381254,0.35246046403769504,0.2819593819254284,0.3762333808589306,0.26871456266883204,0.3898549338704827,0.2900348559195131,0.37520446492427323,0.2846767441576723,0.31851902097834456,0.2856568761611866,0.3301694694658211,0.30022532740891833,0.31680203978928506,0.24310699500417318,0.24753186477901465,0.3640392790058963,0.3076102586792618,0.30709206490488367,0.3043717337509754,0.35079855426636164,0.42653278101470327,0.2521721148703722,0.27330075104894946,0.30638140228489225,0.3387866544393741,0.2713329124810395,0.3504629907324583,0.24214865561039167,0.20900860215055084,0.2479821562116686,0.279073643196793,0.33100682135199444,0.3516579603612808,0.2851315304637796,0.3606471087832176,0.3625504305510351,0.3524458085655849,0.31385262384748863,0.3672045891917366,0.3776335207911013,0.3496045495024274,0.25279683799140773,0.3412370503299915,0.30130821257219387,0.3038722907077479,0.34385267687596693,0.3504151505156514,0.3790291360882582,0.30996876779572746,0.3525145773444027,0.37138684092180885,0.27487495933313,0.24344610361676175,0.2849493989774704,0.31849421698054375,0.25229333270302035,0.32361370975169773,0.31975378109085356,0.3590332827733027,0.2791367805008686,0.3160922080505592,0.27506901330377664,0.2908941464193605,0.30704808811387346,0.3441906239850125,0.28926150352429564,0.3418317041506569,0.32096675807588587,0.2932685241051235,0.35256862856234045,0.29194751899521726,0.2653195216036449,0.3622177884981794,0.23921914943954586,0.33748374251695334,0.3393537819341857,0.30255274229759344,0.3249697627432541,0.31977720485759603,0.29723500191990293,0.3029004892283451,0.3068944666745752
ADER,0.2290853049726141,0.23299194702665127,0.2352764595545929,0.2286712039862955,0.251484252476876,0.2011740822115288,0.2025827104560328,0.23100212440134746,0.19590492711843663,0.24211776656401818,0.2291380821504561,0.23397966675026513,0.19642309247420411,0.25380345087433637,0.1930623191665093,0.24474104134220462,,0.23747581097394604,0.20140759933596414,0.20336180405802962,0.22960178187619137,0.24672735061382256,0.20224655426824495,,0.179096259947407,0.22680277714141556,0.24482954728291,0.23795238468516627,0.29892571820344505,0.18762327468090859,0.19587763694019086,0.22189508417308632,,0.22018234605383144,0.21503815638194895,0.21175133400481316,0.20202320642932287,0.21384286354432297,0.192075221228369,0.18672823875254696,0.24639456124473033,0.2036918933740608,0.29409189223494536,0.21846129508265405,0.2357101751103047,0.1876544281270045,0.21708366385485514,0.18457802120193353,0.22604359509989597,0.21988435522097277,0.22782048338720892,0.21403011718929865,0.19561549824370908,0.2023785229903304,0.18725165849969047,0.21247042151028395,0.19239975895704683,0.21372481138964064,0.21769319754804253,0.24450364580129666,0.23886233705973448,0.20346670682957668,0.18872917802065486,0.2451752516188034,0.2413556133209093,0.20617506322394263,0.2433501476241681,0.18619212311611252,0.20014343062441403,0.18664180341412667,0.3037225301198014,0.2476807731770246,0.26740813099300675,0.1949804722344635,0.2516192684265566,0.22529126357156107,0.24789514018758455,0.22837081728239172,,0.23935413276324669,0.25336418292898016,0.2062383166848333,0.21587119705329338,0.20596343631239775,0.19772808689152166,0.2160306040794807,0.2298912864896227,0.2434722754104128,0.22493860728251128,0.23434780000953215,0.25371605935129393,,0.1774282654894511,0.20279431822945418,0.2254665694910511,0.20654564146728202,0.17500580724196524,0.20295012270433893,0.27828736292989587,0.20720717268623426,0.21156202760212195,0.2025544012107023,0.20268194193950584,0.21481807565626482,0.3827482804937564,0.21273184582338445,0.23614043117450692,0.20409788722497646,0.19048590264839768,0.248554873400454,0.19273846220420096,0.17129344021397816,0.24155212383403002,0.22230605565173306,0.224843226296294,0.21386402043144406,0.21587515575847813,0.25080821064620296,0.25398612678775473,0.24007313905674402,0.20497710956641726,0.2504654144288906
OLQDL,0.25175247327391326,0.31916806746276644,0.2978237807371564,0.2766419372826821,0.2853516163649476,0.2791477405850819,0.2843138659633975,0.27966101064194476,0.2797127173806238,0.2692388422388599,0.2401413252276206,0.24494873060585146,0.25110124716387155,0.32848449731799534,0.25007443456706163,0.21483079784622386,0.23747581097394604,,0.272374607392358,0.2953139957296839,0.30599959011061273,0.3268689352729771,0.361088850097369,,0.24639202847088998,0.31592532576277266,0.30896701898460127,0.29835933616350774,0.31547743537776207,0.26130375417984475,0.23588730431932817,0.28408889310628016,,0.2797910462095435,0.2501909773541464,0.35448417041893376,0.25255020652975674,0.3137655867075402,0.24108910376632203,0.2553471152054187,0.3451134215787143,0.25997518085985516,0.3634079706649172,0.26990357788256675,0.38111228012566967,0.30539003776452084,0.3371222877901248,0.27349261191719554,0.31838632356980917,0.2864592814199548,0.3183539888641101,0.28622309735951845,0.30796775016244604,0.25259642351977296,0.22448960355853195,0.3904933942274097,0.2665943518118992,0.28407640254541905,0.28813620605331847,0.34248908399602185,0.394124449954856,0.2581601911159705,0.2598106933116804,0.2883560238644299,0.3279541168006583,0.25723519838707487,0.34904703237002144,0.25925755683829166,0.21972992985153747,0.23904739653433166,0.2865295389186079,0.33956958579942254,0.32243059486739967,0.26885364190090244,0.3394054158287051,0.3647028931469664,0.357961815317878,0.3146610344164593,0.3103171206963809,0.37080590476408665,0.3369885236210847,0.29677892343538775,0.3694210027242866,0.2908129950094978,0.26333781641171644,0.3485154730350963,0.3354460793027953,0.33562806051614924,0.30331268551213175,0.3223228689453022,0.3627609183484014,0.3375964319073269,0.24343572741685296,0.2921382529928339,0.3113574618756477,0.25838206019961873,0.32513244403170644,0.32193972865420867,0.3802487913829677,0.2926993702008404,0.3194213386012655,0.23045681635418805,0.2718428850130629,0.3053018407600041,0.26119637120867595,0.2861655272428324,0.3121120324265286,0.30407529748434486,0.2435803257684545,0.3424371092943114,0.27790043929368985,0.2636612922446893,0.34411041578905105,0.27442580276009326,0.3412752406059352,0.3277132640287663,0.2786082026461107,0.26587817085420684,0.30921986173354,0.27185105016315314,0.2876375826192972,0.33201647832410125
ADEL,0.2657284142337276,0.2721330449649135,0.26778467791173044,0.22942531276434247,0.2804167237368678,0.255568077819119,0.2556522246970697,0.23837620686698494,0.2413211037449081,0.2542197212382117,0.2653644115997053,0.27903321319382945,0.23225372682023868,0.28345298097754734,0.24710628859131964,0.2806295507047897,0.20140759933596414,0.272374607392358,,0.2688306073350765,0.2899689353232202,0.2789456614953313,0.2913649666258504,,0.21557286861219527,0.25610542390106833,0.2534111217206943,0.22810753275961201,0.24081769207657364,0.21813798739911577,0.2646609935260029,0.25386749412099385,,0.25604331833771166,0.23907149667825592,0.2949409883637564,0.23368423871971414,0.2675520170522024,0.22901043369954488,0.23620586024306287,0.2792148005131052,0.23355145387010828,0.30040413098594676,0.2199877234169759,0.36203786794779497,0.23756225235660486,0.3070820597009295,0.23047354567841083,0.25717357813881203,0.24287154169716763,0.2813484794976698,0.22234551648992265,0.2518792558869532,0.2284693237146519,0.2127896565615392,0.16913996359080344,0.24929571235223624,0.24228591671537003,0.25643863674191697,0.2935885579936037,0.26154857141820664,0.2658174630499588,0.2404295325202098,0.24572412422321555,0.28116174123374577,0.23819383927856808,0.2881607082026885,0.21900139952599745,0.21041401924457348,0.23410050279955036,0.19091078299872083,0.2761040276179099,0.354258550347486,0.2285619067004144,0.3104779002641362,0.29602844299451053,0.2903726968228981,0.244438204762801,0.2872804087627567,0.2901644719492163,0.28751810290729146,0.28844912458527494,0.2944702265815913,0.2103125673606293,0.23140856901778106,0.2990691110503003,0.28352320865659536,0.34174283198814764,0.25684061413299386,0.30948911789035816,0.27819293297444925,0.3144934908645145,0.2417309359376133,0.23318856703817073,0.2594684872542436,0.22881156402238317,0.2375571332222807,0.2638136077839117,0.22257861607133822,0.2681808416190203,0.2757865703398432,0.2535845829842332,0.22898667995708932,0.22520413136895326,0.3088891980359246,0.23166354524805127,0.32953601143585165,0.26959798170628135,0.22659140269362535,0.30197627041950387,0.25493652787426896,0.2924576024217468,0.30237944354043084,0.2302635158857187,0.2834900564436254,0.3444867077012188,0.2612597035444258,0.28164576771028177,0.2770960985815012,0.29608453120882083,0.2672178364232386,0.27780701526283924
ADLL,0.3009758967466789,0.32984464383071876,0.3126431102740296,0.266716848634318,0.2944693165727205,0.2682545708274825,0.2785720672695947,0.24800628265307645,0.2932989658347976,0.2704143555548926,0.2748870958971805,0.3101990973337661,0.21009923044663772,0.31976191116209185,0.24053776398086096,0.2825335114169363,0.20336180405802962,0.2953139957296839,0.2688306073350765,,0.2788167755018285,0.3002230516905068,0.280340107336729,,0.2330149180018895,0.27351676659066426,0.25204546873004313,0.24342511517353976,0.22758915912176195,0.2284778857256909,0.2647237703834176,0.2823682220835226,,0.22920410573993014,0.21083399276486894,0.29581045506833636,0.2308737176612607,0.2673389823278007,0.2535723019806631,0.27359669504492434,0.33511250545068466,0.2317216192589491,0.3041938358687924,0.2381885768217314,0.30927213769223666,0.27630722642945066,0.3254142676039346,0.29447882746730386,0.2911138479433252,0.26386040931054794,0.30991358355327503,0.30783526243179143,0.2877957470327444,0.23843916544178728,0.23461991693999204,,0.2609918357022389,0.2615991418151478,0.2902886195591656,0.2933451960838189,0.32421705374680765,0.27538740242714366,0.33411540548998203,0.3016110993309491,0.2829839361662464,0.2477426581036954,0.3223575780042272,0.2248898677609772,0.20130223598421473,0.24405538169207536,,0.28686588773704513,0.3221330584340202,0.2566559368863224,0.29578097232362305,0.32780975651469396,0.3287766484982655,0.2683906268362695,0.24694325156566677,0.3175204728338057,0.32745358191327256,0.3033537180584988,0.2961037854656384,0.24382515427642315,0.22964539024263123,0.33245108387411665,0.31855005050885304,0.36670713472166067,0.27350253566318083,0.3574652160488381,0.3318209742698289,0.2432551442086553,0.26476194614152165,0.2608879152842547,0.3146196026608848,0.23942820871915563,0.2689593400478434,0.27434627869374567,0.20347490426327797,0.337142080731297,0.3232185109222923,0.2329474322669057,0.2544568677628584,0.27644003508400106,,0.2681986894616044,0.2792597348012788,0.25446378264152636,0.23805384608682498,0.31907130429077313,0.3066804238387337,0.29947337912178007,0.32290918928078816,0.21324253207663615,0.3274817634581004,0.27180626275995096,0.2927367987709255,0.29914582677708257,0.32164169641842194,0.28938976722236914,0.2454807111818434,0.27991547312102927
AQR,0.2958939131804805,0.30591223078482616,,0.2723003913932668,0.3145752272862525,0.36739346115740007,0.2821787077993437,0.2497345808733827,0.2651484124804226,0.2671186257357317,0.2812159261492678,0.28430493775962945,0.20733845565620923,0.2784656156952509,0.26338879822101574,0.28975005109539337,0.22960178187619137,0.30599959011061273,0.2899689353232202,0.27881677550182854,,,0.2773046600128555,,0.2633184649542347,0.26513802656167396,,0.27201936413595035,,0.23798784684962865,0.25331696245644114,0.2991970600353486,,0.2524663580140275,0.24879017708004528,0.3634692199739208,0.22321726112660234,0.31900716709865684,0.24626189070548726,0.28618152109112,0.3253722988523673,0.27361963010867446,0.2737870123511392,0.23819892458906966,0.3880376854452844,0.32032706728004817,0.36818527971536813,0.25687144653775296,0.31956397870682673,0.2753767284082632,0.39523785661814365,0.26913927168846163,0.26176158503583863,0.23420606228591132,0.2599337245960334,0.2645267904112597,0.30090408831927756,0.3014370082028677,0.2931396242858101,0.25156815671636407,0.35878388824336876,0.30572623764764534,0.2855227304676874,0.30680538528349605,0.2510355773036501,0.4075031604563682,0.22532245909502344,0.19309309576741887,0.23789848216125548,0.18199530206656428,,0.36165684375358814,0.4205589801863884,0.2747720957602224,0.36784387437670696,0.29310900233632586,0.2786935423450964,0.25968685803133057,0.38435286785221745,0.30262913724984486,0.27714726049686217,,0.31625386401533373,0.3355909564503404,0.28122132157137325,0.29814275799080536,0.2553076675425398,0.3878960637570492,0.2573410279169519,0.3684111569245151,0.2690420167362065,,0.23742237341325126,0.2656497126094883,0.3404024092163553,0.23236463780838204,0.2628713564976397,,0.26883687920269533,0.3185112050004558,0.25054228268816786,0.21184011959814647,0.2572218424787676,0.26412001998018103,,0.2904831342268076,0.34144475086843334,,0.17877847160028967,0.35451000215365075,0.29595279250802736,,0.3609984567323432,0.2478427181897188,0.2815843089157868,0.3215265270947749,0.27339229744077664,0.34703083218801667,0.29690172866346426,0.2441147711157592,0.34453740656909104,0.3225411196073419
ASHL,0.3207716296895669,0.303298399714742,0.3358173284557915,0.2812796691266299,0.2720348524057214,0.30189374971251276,0.27494308399874956,0.2669044757403817,0.31508903744299155,0.31393989558774754,0.3119136222352325,0.3237318039555002,0.22879536889568886,0.3421542064661529,0.31064951421884907,0.3228733388939031,0.24672735061382256,0.3268689352729771,0.2789456614953313,0.3002230516905068,,,0.3788558475466555,,0.23641561996779784,0.29381972009073437,0.30650452766476166,0.2981085584455573,0.30188032175843893,0.23434546681717952,0.29114375192852965,0.2828574818579699,,0.24797374637624311,0.25169933905345865,0.28666443551017284,0.24372951683900426,0.2603443025863156,0.26721399713270005,0.2733199664038613,0.31451856444943166,0.24880893249492503,0.3090148653871493,0.2251472726508892,0.3649333617331871,0.29285174996966645,0.2632939332823123,0.2775318444816818,0.2744587004709827,0.25930628764766184,0.3031194077076371,0.27747180827831736,0.2918727470687951,0.2558079992688086,0.24427860778421856,,0.3302421557230784,0.24745824565763805,0.2933533398273191,0.3311532008656989,0.23363956214878043,0.24763242949506978,0.277204614862152,0.23690728882705583,0.2927396769006447,0.2414808710516744,0.3496345335812361,0.31587859357302545,0.23608974844387365,,,0.304393679273518,0.38704981232626995,0.25526402896501393,0.3763476673166073,0.3528780771492537,0.35675620517537004,0.2614134043494131,0.3161800893564092,0.3317039481762608,0.34048066516327774,0.28166599341411985,,0.25737108705223616,0.27065470373668254,0.3401008536646079,0.26713068775127113,0.2984512926354303,0.3078673987616193,0.3132785533752493,0.3113210406254071,0.33313617448513017,0.2898718646439757,0.25669117226354726,0.32234015748561845,0.24742056231217768,0.21902562771699807,0.3127564855246592,0.264145821580562,0.29722757132236427,0.28224928068455274,0.2323785574816788,0.2926333058340149,0.2798488677695896,0.37833887632635194,0.30912010322676214,0.3161592802227839,0.28340770894918427,0.24636338051574644,0.3384395383509265,0.24415224844820602,0.23812596654216334,0.33012303904734874,,0.34408118814066463,0.3229126325538826,0.28978397338678946,0.3810783949154992,0.30757546084452775,0.24370498722621975,0.275142803134556,0.3206264352930734
ADLR,0.34335089544329755,0.34321252279707554,0.30642788078902183,0.2624052248770413,0.35048563520580234,0.21451795711656385,0.2807387949503962,0.27845203127175766,0.30584439834235133,0.32934423019728676,0.3039797198833241,0.3212110716269937,0.22326292353510013,0.3694339960092662,0.23810157984315547,0.31609935887764257,0.20224655426824495,0.361088850097369,0.2913649666258503,0.2803401073367289,0.2773046600128555,0.3788558475466555,,,0.23965241075167704,0.2697555590170486,,0.23676667054606793,,0.21539356511959526,0.26248431394385935,0.30571720721687085,,0.26001453569951316,0.24106567287487984,0.304950232158153,0.23621282675420954,0.3461717183194916,0.24277074928528908,0.28885297632106066,0.3946439134515498,0.2898019478960616,0.3161578872863389,0.23560305215313704,0.2975689137248114,0.27731751552600964,0.32994903388861024,0.26425775001995616,0.3383940921375014,0.2721601046246439,0.3142214150668304,0.32203924308005044,0.2957571974123466,0.2359844715584476,0.21289923709508468,0.23311566481411564,0.2666706615006889,0.3692704181071032,0.3368109148739714,0.3401691533024974,0.29415119846456705,0.26426740454087577,0.3284350449183495,0.3175094839351352,0.3240663966752425,0.21780720231538886,0.3088996486384646,0.22734649074868662,0.19709519299075035,,,0.2947704588328513,0.3975415868763456,0.2655064273229565,0.38010959856951754,0.364884151737464,0.3484064762288394,0.30762087030438073,,0.3579952956102256,0.34931881447768387,0.3007457675186203,0.27943401820133174,0.30569377570662104,0.2597391598188855,0.3364001683578217,0.30849764100048527,,0.31254113344950685,0.40040447369184534,0.329804556905763,,0.2596426866189751,0.27522684352009896,0.3488478461416413,0.25469505118442926,0.2373166831928299,0.2789551830765519,0.2359003672697715,0.2562448041214988,0.2705819788677086,0.2565487241674168,0.25836883423076606,0.308944606782689,,0.2683453953738354,0.32542088367239563,0.25286185396792327,0.26291356664860277,0.34860692420005346,0.25812705450497353,,0.3490822430358168,0.30423981809053313,0.3291687037948801,0.2914621284405431,0.28191245647697327,0.3539966746592963,0.34992476020657876,0.28557498462829894,0.24552164104165067,0.32787434016768574
ASHR,,,,,,,,,,,,,,,,,,,,,,,,,,,,,,,,,,,,,,,,,,,,,,,,,,,,,,,,,,,,,,,,,,,,,,,,,,,,,,,,,,,,,,,,,,,,,,,,,,,,,,,,,,,,,,,,,,,,,,,,,,
IL2DL,0.2529204058792175,0.2674368918878503,0.2584512368306532,0.22585152291990612,0.2431218258515837,0.22261564760578775,0.23514795307487146,0.23280136329680545,0.243875928866442,0.23740617360200175,0.2512149793726672,0.24648263929518024,0.2238333138637468,0.2657198190874115,0.21872588695310716,0.25575222562799155,0.17909625994740697,0.24639202847088995,0.21557286861219527,0.2330149180018895,0.2633184649542347,0.23641561996779784,0.23965241075167706,,,0.24941371297288273,0.21863852262136318,0.24288048372389112,0.19629622916510525,0.1899580709004905,0.22474374042769574,0.2518429763741837,,0.2158623556687074,0.22201118997823824,0.24088963130748026,0.22138169695681967,0.2478070261112486,0.2322421686655213,0.20488445111906964,0.2672104921498008,0.2317299642497284,0.30661575865611995,0.21491829943753674,0.30402612747688834,0.2228356873752988,0.2793659608697223,0.24329843585382624,0.25776357506934044,0.268703420194911,0.26890257155890257,0.248108130615372,0.24458810880556314,0.19736159209017298,0.19025702590994267,0.2593633511783604,0.21225661860624342,0.2462029475241474,0.24879716840357213,0.2842733848745512,0.3088205862332672,0.2131050420910779,0.26082798823039904,0.2439346785151984,0.26361704235906724,0.21902878003898926,0.2933681382415113,0.21512233994007812,0.19751222107601954,0.2020895618305239,0.25465053038642194,0.24471376365397407,0.26132054766088647,0.23640426635802897,0.2499034298313614,0.26034197412656035,0.2767743605134852,0.2524543956786273,0.2742056300258087,0.2724314302286993,0.26997790302355346,0.27154543892009475,0.2770675318951556,0.2395145626257192,0.2375227590064838,0.250085171441367,0.2706164470490514,0.2717309727379856,0.23783925855299953,0.29065499792957494,0.2889515874348216,0.23181051154664845,0.22475318363712501,0.23367033686055488,0.2396754453884101,0.24036106620564593,0.24513054567919204,0.27285421960270106,0.2166076590689793,0.2543285423131017,0.24219187371473627,0.21689944755463214,0.22757669661590277,0.24935302736814755,0.2874961439679425,0.23020718154878686,0.3039569586300811,0.251718666394493,0.21765243315467364,0.3008476558618115,0.23219531744840025,0.20829830980546885,0.30608362956537255,0.22639858283330327,0.2765952234749625,0.36596063638415793,0.2569675437928749,0.26126365514339295,0.28849246202534157,0.24822996360395422,0.24810088934151936,0.25438669800282626
ASGL,0.2962058174052755,0.27781977218734266,0.28926735305187046,0.25030316656385504,0.29027023416309206,0.2638215633467848,0.24190893041618997,0.2647956252550213,0.2515906021547406,0.293773593716446,0.29181882144202653,0.3163541960174458,0.21857865893402129,0.2794407901342363,0.24157690536007073,0.3151888154377031,0.22680277714141558,0.31592532576277266,0.25610542390106833,0.27351676659066426,0.26513802656167396,0.29381972009073437,0.2697555590170486,,0.24941371297288273,,0.3141063544473146,0.13572667154330686,0.314524443472072,0.2406559375549504,0.2787249666018139,0.2656209539794462,,0.2517146878757097,0.24106957448636748,0.31407561209691565,0.2319907850477709,0.2758495083223984,0.23660462993535214,0.23424599801186655,0.33794885894481463,0.2313092746126071,0.26985246350736947,0.21691304099669792,0.3443463096956997,0.27082484407180624,0.3548261988499481,0.23026101548741307,0.29028482904260366,0.24278709761191064,0.3245755685589386,0.25989751304753195,0.29244999980050473,0.22473808508210658,0.23313772324810778,0.1637272220139379,0.25317888680693973,0.29730520639363467,0.2795117391097424,0.2478657437778493,0.2597963522244851,0.25577626264497844,0.2496087901493076,0.2980470501722069,0.2947506143963123,0.29056360528613173,0.23298792697336523,0.2395089041319207,0.21456680059459532,0.21460482080636165,0.2706078066702574,0.2864014154027067,0.28964088766123935,0.24526705571365795,0.28495840853582194,0.26319945337205447,0.2485792231429889,0.23120115169260247,0.2899032137903631,0.2559928166689927,0.24375206155607088,0.2875768551418152,0.1991671441313923,0.24025712165111812,0.2125095427873103,0.3235505911687769,0.22661498401332195,0.3234299654657162,0.2945793491924066,0.3143174757138363,0.2853233164679128,0.33758845655363057,0.2531244272356138,0.24594833348893974,0.28592540230704,0.23189278261322957,0.20689134471704992,0.26041610935613085,0.31602499640204007,0.28278052704842377,0.23411368313364636,0.2400443935967889,0.24813893236242734,0.2501633059893821,0.312963770566855,0.25418276412934093,0.2715233683864608,0.2912675700187983,0.23713539739604214,0.30005221876749755,0.2770644388167598,0.2526966186890408,0.30130020006352387,0.2519305612505254,0.27140050092426077,0.3621557287215756,0.2783672953252543,0.28469839935215896,0.2969129370053272,0.272925844998674,0.28534545986682847,0.28411242830099825
ASKL,0.2919218192681288,0.3217440313825934,0.32099201213242384,0.2751079887894183,0.2849658824077018,0.2668727832525791,0.2731032841904109,0.2674663170072476,0.29730755656936936,0.2935623548356677,0.29561151166128474,0.29871582903742916,0.16284245599430117,0.3105362746391932,0.27497429856570105,0.3021411154883145,0.24482954728291,0.30896701898460127,0.25341112172069424,0.25204546873004313,,0.30650452766476166,,,0.21863852262136316,0.3141063544473146,,0.2598519806072207,0.25691790217854343,0.2113808808086599,0.2778239175128701,0.31046917692449594,,0.23130556159138638,0.22470014003048625,,0.21123480071402473,0.31254712500319365,0.287080738926904,0.21561788682542654,0.259506356017968,0.23411642300576363,0.31410442000474637,0.27216741778835574,0.2576031817127228,0.2609440779306084,,0.28584042807765897,0.29932908439516326,0.2533717169814876,0.3231391771876723,0.2506358354905296,0.25314950948932674,0.20717349791339745,0.25143995253594587,,,0.25756013356727675,0.22928508271131243,0.33459619039479455,,0.2705015755951432,,0.2640247186373003,0.3053759908826978,,0.34246622124878323,0.224335689979483,0.232520698017288,,0.25164896197944375,0.27522665277957015,0.28994008880002964,0.24841249252365372,0.29795998295478376,0.34071705440428207,0.33441342549392444,0.30082033606360686,,0.32435615482535973,0.32890372118677946,,,,0.2150604027243166,0.281614219940396,0.3063214620457076,0.2677160240398914,,0.2668941187256399,0.32751976435075925,,0.2680704927091152,0.2515685395887026,0.2987263730915453,0.2173233689607853,,0.2068401079573577,0.31141380476739255,0.2997324209410897,0.2723746102322948,0.2470692829843737,0.2654029421834838,0.29382256230205755,0.3263641609170863,0.2815898002536065,,0.28638098948966967,0.23678691070248975,0.3012132019907784,0.2330144820049098,0.2547741012976773,0.31977879358713845,,0.3548434772113497,0.3316343025386471,0.3095822126110269,0.32754766572805577,0.3194559284792443,0.39478582752700264,0.3704968388853035,0.3251729287324807
ASGR,0.28283256869765705,0.2402301335071753,0.26009267804246256,0.24467115937337722,0.23792472794471597,0.24671775090871756,0.22272334051584788,0.2435801632444131,0.22194988485878414,0.25693211232907986,0.2743360783096944,0.28395894956272283,0.22413057418021823,0.24156616657461813,0.22638942098331252,0.2787796178508243,0.23795238468516627,0.29835933616350774,0.22810753275961201,0.24342511517353976,0.27201936413595035,0.29810855844555734,0.23676667054606793,,0.24288048372389112,0.13572667154330686,0.25985198060722065,,0.24872283720407298,0.2228016412392652,0.2558964808577961,0.275971768783146,,0.25291397469037774,0.21097670169309093,0.2922627147933161,0.24282743528006948,0.29601172019134864,0.21922457685555718,0.20568452201249365,0.3221279214069789,0.22103131181794525,0.28154649266744797,0.21706867596679866,0.3257601348873905,0.2542391714928455,0.32541015724497147,0.21169378604781577,0.2544549742461756,0.2193922501803188,0.3116884828895498,0.24410563147014555,0.2838906839205741,0.21599599689488522,0.21031597829635099,0.15066269417329098,0.22029315940130395,0.2794916546671503,0.23547357944984604,0.24193733546955162,0.32080615189648215,0.22499257368621098,0.2530167211390471,0.19069580562949373,0.2710807669981572,0.2951098402317417,0.23350947760547594,0.22070153742993856,0.21522128980416294,,0.31149866508843566,0.2660818831212347,0.25203462770819884,0.21839681690187956,0.24056811931231956,0.22592761166278985,0.2268264590505174,0.21840546464276014,0.26277041280693036,0.23548294659641167,0.21967383504963617,0.23126566293242398,0.16748865177063071,0.19810092845716737,0.21848487248983325,0.2860797910624136,0.20859053490376664,0.2850262567332585,0.25923596831027484,0.2970778678539278,0.2481797079451983,0.2877786499000794,0.24791810618484791,0.23993983880861436,0.2709523191892912,0.2419967013095928,0.19954383378151427,0.24942233966171135,0.2674382940953414,0.263324958177965,0.2067533085197828,0.23698337450759943,0.22311991317417615,0.24532668770395066,0.26940890874675116,0.23574838362856523,0.2520873244501772,0.250542780242864,0.20833004377418363,0.28007612658049746,0.2518015281403875,0.27909838528821046,0.2846723406599124,0.22060954471556393,0.24138331316467207,0.3377389834571707,0.2600089753019288,0.2705721958257176,0.2545873101092759,0.25840734792552816,0.2631816034799768,0.2748301272547365
ASKR,0.27680479255382523,0.27712367073666316,0.2913556139469873,0.2594182048506211,0.30427604131008995,0.24105683586874524,0.28289124406114147,0.25428047217294397,0.24664693387029396,0.30829124823648285,0.3553393569645867,0.30514262039761264,0.17702674256233283,0.307901453433531,0.2626546503338761,0.3370651182620737,0.29892571820344505,0.31547743537776207,0.24081769207657358,0.22758915912176195,,0.30188032175843893,,,0.19629622916510528,0.314524443472072,0.2569179021785434,0.24872283720407298,,0.27861443602668307,0.24939218153709133,0.3166941009774494,,0.2717286238823226,0.23227589196345144,,0.2520571762903669,0.23207091391754803,0.2867348885996951,0.253874510019324,0.3315665201466529,0.20826512425999236,0.30017754335075597,0.25965602760953893,0.34900374816394775,0.24362591922089144,,0.23324039176318068,0.311403266872218,0.25239127223797175,0.28091448511977285,0.34569867772981233,0.2548990282263175,0.24659545168549396,0.26314691102275806,,,0.28080223528425,0.2368901959033507,0.28734948185627035,,0.2449230748683036,,0.27442267833635964,0.30683311472541197,,0.2901259408177755,0.26249559611427536,0.1871533639630912,,0.28624357637269027,0.30565423179306866,0.28554606447898523,0.2681099301539831,0.28322839300124275,0.29468783447298547,0.3041431932468625,0.28291914525672196,,0.2769584687858611,0.2719889323840197,,,,0.254057934901747,0.3413505702837004,0.30549684774861524,0.4148065401820963,,0.39064354451176286,0.315290299356944,,0.2955972192544384,0.26488369887510455,0.31021641169994124,0.26141899629729837,,0.25409435038174893,0.25036924675980704,0.3232342385383127,0.23682182260320125,0.30545560123064597,0.25878023533783,0.28130771652830094,0.3024512888504247,0.27952444630644396,,0.2842462393251153,0.28677154728519083,0.30642103696041456,0.23661339142763482,0.2812905546620961,0.32201730961628827,,0.3358499494931231,0.29707037777106715,0.3096786059860918,0.31663432895778326,0.33822359632751736,0.36923028007606046,0.32060268676466636,0.2644708676947298
IL2DR,0.240561551738371,0.26354280535278146,0.2716987202579305,0.20665138472320882,0.25805470249784096,0.23658018245954385,0.22426759836761576,0.24718132302903453,0.24141298577728196,0.25755053165195085,0.26827106043832916,0.2635889711435053,0.1941637707771151,0.25629470101960794,0.23608095279052468,0.26673656903517146,0.18762327468090859,0.26130375417984475,0.21813798739911577,0.2284778857256909,0.23798784684962865,0.23434546681717952,0.21539356511959526,,0.1899580709004905,0.24065593755495038,0.2113808808086599,0.22280164123926527,0.27861443602668307,,0.23889318094360965,0.264887437576132,,0.22904588288743857,0.2240172244329727,0.2644418054414043,0.20770984931024974,0.22928545596135244,0.22194182399515536,0.2125070912773823,0.26897997982315824,0.22465263269609928,0.28624237162121396,0.2130489188377761,0.2898542114332837,0.22394525300702753,0.27804392700118513,0.22596625479736515,0.2532000666582711,0.24804678884683234,0.24972747975851248,0.24733533233737598,0.2424798121300641,0.2174681527544344,0.19574416254086105,0.22776820611934662,0.23647813134820495,0.2528301984600332,0.2445534599562204,0.26215648689567017,0.2875695023371306,0.22484136642846644,0.22584096875903895,0.2522222523163567,0.25731622818173594,0.22930500530496467,0.26908163017667797,0.2308656160180799,0.20969460686917546,0.2123976936893355,0.2907080633835426,0.2474038676626651,0.25943412688434664,0.22870182241475204,0.25567255319393484,0.2550288675363503,0.2704279349975242,0.23581408172731547,0.24644641361686923,0.272728254587506,0.26181869656606604,0.26251443598398483,0.21444624069155474,0.2306856677612089,0.21137853644812488,0.25551569373539956,0.24841521115454515,0.2851275233684747,0.2358357584786013,0.24368245889854356,0.2759807371567294,0.24372391610510508,0.22751396602759294,0.22403265320234017,0.2552365514554924,0.2513329792271136,0.21118251078024994,0.20806754482330483,0.26375616606952174,0.2646724729976499,0.2309337237168967,0.22785846305299753,0.234059477013397,0.2559324308804547,0.29613803617721074,0.22945460847492066,0.24593346455451948,0.24813440235252684,0.21636997321192142,0.29295931327337155,0.23730333865296055,0.21699732165018454,0.30212748053073846,0.2320798972959064,0.2602969299824019,0.2918622805825067,0.2831950828801686,0.2590912760936972,0.28835379089078506,0.24147202861384928,0.24777222674906654,0.24346747808673522
CEPDL,0.2772647791882457,0.27055389847206845,0.2413573330924131,0.2524548452648164,0.27033564423457795,0.2683614555221486,0.23608805898315088,0.25335807137555444,0.25175964077457524,0.2605664415051707,0.27172713712906527,0.26075026197039364,0.21696772650656027,0.2751279841064065,0.235899323121923,0.2662186892590592,0.19587763694019086,0.23588730431932808,0.264660993526003,0.2647237703834176,0.25331696245644114,0.29114375192852965,0.2624843139438594,,0.22474374042769574,0.2787249666018139,0.2778239175128701,0.2558964808577961,0.24939218153709133,0.23889318094360965,,0.2721057524434209,,0.22619300336423614,0.24657445583254758,0.29723060978755883,0.21399242897563975,0.2618046560215329,0.21166916430622146,0.2341159244706633,0.3229283652143872,0.21486056449356214,0.2781292438948012,0.23597147803642213,0.2925247728794612,0.24609086825481508,0.3043027721273156,0.22894383666843812,0.2867725406326139,0.22144942723457803,0.29356682212089774,0.26347921140560987,0.2559057781030003,0.22812705776877795,0.23557052353523142,0.2696415101361537,0.2647292893045522,0.25888427988053775,0.25408966697304985,0.28151754473178137,0.30720252889796146,0.23550436951850626,0.23724748865794842,0.2846342722358795,0.28256892149104434,0.22588849697456412,0.27117606127283567,0.23531380488157214,0.21380514817661647,0.19694071476228886,0.3112778677507242,0.2901234195031134,0.261078976094012,0.23302512989405025,0.2602492400653573,0.2846492822299559,0.2978218979827603,0.24155761383336702,0.23956042557716062,0.28714401470081324,0.297662969800039,0.2857391499523384,0.25879114996897995,0.244028071206959,0.24151074623313362,0.3086921806917976,0.24440341873190255,0.2736303922041835,0.2548842550838715,0.28375055651154935,0.2811450902536501,0.2727506121502979,0.2361414293721594,0.2611594398083902,0.2646331665268636,0.22443230852107052,0.23370363348351694,0.22735803341204833,0.3381802230028115,0.2789038783727472,0.2627317161226662,0.2303095219590464,0.2330264383599315,0.25510688778303764,0.26332293824325487,0.27269842407394107,0.237158679678813,0.2554888389322905,0.2293584023499027,0.30335627816540117,0.2589672153225209,0.1905476645030619,0.2996121083718016,0.23227625445237393,0.25491084609399783,0.2821248559730528,0.23522037884850955,0.2488290656841633,0.26334662533333353,0.22021423865547818,0.2770179633072752,0.2723796297528163
OLQVR,0.30668353698086875,0.3246454751076723,0.32526856869736437,0.260701380659131,0.2823576937139991,0.293873782213567,0.27896472032128167,0.2647270199956455,0.29115677848329813,0.2687777905346462,0.27216567507528405,0.2276283892239894,0.2622302290518926,0.27778916896207,0.2784740925871453,0.2296763090310594,0.22189508417308626,0.28408889310628016,0.25386749412099385,0.2823682220835226,0.29919706003534857,0.2828574818579699,0.30571720721687085,,0.2518429763741837,0.2656209539794462,0.3104691769244959,0.275971768783146,0.3166941009774494,0.264887437576132,0.2721057524434209,,,0.2690720553361844,0.23966939757343958,0.29756063910382347,0.2295369410114088,0.3024021957956155,0.21771909288219143,0.24041978357072358,0.34075345619836317,0.23978659478041373,0.27405042789240636,0.24111363317295784,0.3278681527588608,0.27157673134100463,0.32479278424918834,0.27947418963934406,0.3002911421735152,0.2856563237140144,0.2958722612212211,0.29865185123963467,0.2941680977194029,0.22620196247571922,0.21103637044154083,0.24292235970346177,0.25390637952828565,0.29197045611913053,0.24615773557421522,0.28310805287063256,0.374034095112777,0.2588015319357733,0.23882472880746577,0.3209815788534011,0.29564925759424715,0.29241592721996473,0.2778313125956683,0.23328184749973616,0.2263527158746541,,0.2743424768461482,0.3275839552253957,0.29907172653537917,0.24305045654432555,0.2822664123067832,0.3196485878998327,0.3044038113198227,0.2629462914627621,0.3225161715877107,0.3240892204984916,0.30563536874979125,0.278545958966466,0.28628092077977013,0.31146356034736217,0.24583837105236214,0.3184058742977532,0.28789523206869205,0.2995054811722037,0.28584313546937357,0.31791569356171934,0.3301311487542265,0.2394032145157786,0.275208301462069,0.2597074013481846,0.2893339254898109,0.277911778639703,0.25739993745564427,0.2632715685986096,0.314655534491332,0.2931764009640374,0.2747252218366721,0.25629339660824263,0.24902109972286338,0.257158369948454,0.38906238995465425,0.30103256867644074,0.30278477247660396,0.23416447925059775,0.23790471704319627,0.346852858201379,0.2769716811523488,0.21090524141645728,0.3434387588502272,0.24446001813268683,0.3108486605212671,0.37010566231170045,0.29599366262893084,0.3319299430323788,0.308611237895048,0.319002012497282,0.26740107671525026,0.2981017937991984
BAGR,,,,,,,,,,,,,,,,,,,,,,,,,,,,,,,,,,,,,,,,,,,,,,,,,,,,,,,,,,,,,,,,,,,,,,,,,,,,,,,,,,,,,,,,,,,,,,,,,,,,,,,,,,,,,,,,,,,,,,,,,,
IL2VR,0.25139156857158895,0.27028830074739413,0.25897119401183755,0.23351274368173683,0.2610376405332641,0.23839736854871166,0.26133336581389865,0.2576875314503691,0.24862256726846899,0.26670852343611223,0.2765618474405596,0.2666231189973798,0.20269184999625614,0.2825933504676468,0.24392691047124973,0.2816517694725121,0.2201823460538314,0.2797910462095435,0.2560433183377117,0.22920410573993014,0.25246635801402756,0.24797374637624311,0.26001453569951316,,0.2158623556687074,0.2517146878757097,0.23130556159138638,0.25291397469037774,0.2717286238823226,0.22904588288743857,0.22619300336423614,0.2690720553361844,,,0.23840157101735895,0.2826508024439494,0.2040560162442186,0.2659505391018729,0.20954534990992676,0.21947716180816804,0.2751346031598967,0.23235359960615368,0.26221288911055984,0.22650488597799903,0.31597899506486804,0.2428896503789187,0.27997805435392215,0.22088137362730356,0.28117479494890674,0.2283382745879632,0.25805983573418534,0.24387566442973757,0.25225683802581006,0.22191167510907758,0.2102408952915795,0.19864872823655633,0.23842085182448347,0.2674636283822231,0.23909208814272823,0.2703392691149386,0.2875177174600605,0.23915721953079383,0.2846205578363203,0.25875977989226573,0.2820142349173761,0.2889397242646323,0.25913323230966584,0.2103391337376004,0.18405981354444767,0.22013203095991857,0.27478579169269185,0.2629584546947828,0.27319821917739656,0.22222851469713747,0.2814526346913223,0.27951351027682103,0.2756943857972088,0.23916691013401897,0.2577508582467225,0.28135435364161715,0.2765730010991829,0.2984634142880774,0.24119410647831846,0.2223564519284276,0.20470143656214668,0.2748671484357293,0.26228371454152627,0.2859581417724192,0.26346367078071803,0.3047083507136454,0.26718498008287506,0.2673003301705138,0.23324658607069298,0.2420229615354081,0.25704541226233263,0.22656256228119806,0.23702779822464082,0.26057148792331847,0.25855396465309316,0.2544864397053838,0.26244748469821744,0.24416080025717513,0.23191710455761302,0.242702021797254,0.29506711134424557,0.23052249609788975,0.28417725482247597,0.2453733612078647,0.21113986996953824,0.3013232775441095,0.25645966778681634,0.2170938252334616,0.3030919156817677,0.2945072101977292,0.2686801569161642,0.3184403860573195,0.3026689681745031,0.2824514920517058,0.30858393256305666,0.2918339208588905,0.2517223458393908,0.26797654298470247
CEPVL,0.24522696408015354,0.2509806575882514,0.26003791781503804,0.2405202813372324,0.2709380900378118,0.26266658142877874,0.2329354940883348,0.26553470797224465,0.24273299209742016,0.24517911904633954,0.2539611922452425,0.26053410125164117,0.18854316625692052,0.263238389965113,0.22112902041740198,0.25338799448452104,0.21503815638194895,0.2501909773541464,0.23907149667825597,0.21083399276486894,0.24879017708004528,0.2516993390534587,0.24106567287487984,,0.22201118997823827,0.24106957448636748,0.22470014003048627,0.21097670169309093,0.23227589196345144,0.2240172244329727,0.24657445583254758,0.23966939757343958,,0.23840157101735895,,0.26107764896454433,0.21940390541335003,0.26226527523009524,0.18187174954363,0.22160702704003069,0.2963414309179068,0.22984524109674798,0.29209529977695187,0.24120698070461444,0.3413692166243743,0.23882498304415364,0.2676807134818738,0.2542922506019101,0.26996875652150437,0.2286770742684885,0.2586466354297171,0.24703102984331227,0.25956758078709546,0.2326932506342695,0.22373806274548808,0.311750720401141,0.2311384929178977,0.2622602345881212,0.23960361835060992,0.26068596592985976,0.27933617156982715,0.22807185363188523,0.22250537428682196,0.27648627622427974,0.2727869920090358,0.2137183170949899,0.26633456321258486,0.22240662244862364,0.18058179055957296,0.16250518611955359,0.23316522475911727,0.2568716835237105,0.2374727692250435,0.24959246478405353,0.2134255786136947,0.26914559451171866,0.26767632501917077,0.2474136547619065,0.21845250308999345,0.26722496723998185,0.2574755567240191,0.24325081934756065,0.26192618839080617,0.22953257024122348,0.20538304758789777,0.2421848076462264,0.23999038311745777,0.2874474143018575,0.23931978635393,0.27012004348526414,0.27586840970582,0.2353920337635269,0.2388917877871227,0.24898619235823716,0.26178203728667054,0.21598872211832407,0.2120238184377157,0.21465331351487643,0.28864546025485494,0.22611307207664685,0.25563461245807634,0.22352356036341856,0.22985343470711297,0.24981476958339113,0.3090633128162181,0.22609655641215756,0.24627609491848085,0.2872493561770279,0.2321010487577442,0.26819605960790505,0.24354394070138416,0.2588245216562387,0.2671236239439887,0.23643947973691806,0.2484397274049789,0.27618011126107,0.2700970958393322,0.26211998182402513,0.26484698704302573,0.2852732912147548,0.21300327441305233,0.24871846284801402
ASIR,0.3180427687497875,0.33729245289954773,0.2906048751464921,0.2694718313931862,0.3369676797899753,0.2841220923121987,0.3284835791757976,0.29531408356728406,0.31537281439973514,0.3167436640109038,0.32224732752794677,0.367317851351841,0.23138456951566808,0.350639890979804,0.2813637706666738,0.35909955444853636,0.21175133400481316,0.35448417041893376,0.2949409883637564,0.2958104550683364,0.3634692199739208,0.2866644355101729,0.304950232158153,,0.24088963130748026,0.31407561209691565,,0.29226271479331606,,0.2644418054414043,0.29723060978755883,0.29756063910382347,,0.2826508024439494,0.2610776489645444,,0.23581203616851013,0.380250289665633,0.2507168692049974,0.29305153528828115,0.4129169956995955,0.2867307501196169,0.44164718154199417,0.2737049090429495,0.3562180400265651,0.36876135291010637,0.31503897601965647,0.28958501001556564,0.36050855063084436,0.34136749395878824,0.33967141602417156,0.2838922307313534,0.29053868595358695,0.23813361764954313,0.24741259842542748,,0.2866879687721755,0.3587891529667986,0.3269196568639649,0.3529655305555828,0.3632783865023841,0.2919977492907905,0.3089070580260216,0.3656850981817448,0.28481662308936634,0.2924244704210908,0.3620526838673581,0.24034646241748417,0.24252491780132468,0.24245775611195958,,0.31917042596941864,0.39215839008209796,0.28568627092239673,0.39818823297859407,0.3927562944022202,0.3828281239822922,0.33117322745973105,0.3531075687881549,0.39342115857016086,0.3771694869340896,,0.32877435226964646,0.23908806481097925,0.2519454249939291,0.38018253831230997,0.35348121424000356,0.5147018893082598,0.3270835231322327,0.46002826104195027,0.35342694407489894,,0.29004812541162706,0.2749237387502776,0.335219169041831,0.24983416530557906,0.3026041506603129,0.3689825557197045,0.5303752514176172,0.32344103029860904,0.2981016497479509,0.26315294585264054,0.29351570807565086,0.282602304450278,,0.3022374463802994,0.31342710921820854,0.24597733989745524,0.19539615239327293,0.32477462354090464,0.3046427996904912,0.31997869806407986,0.33172355863505837,0.41895510766658534,0.3189368611053163,0.3563242057066121,0.29006786302588883,0.38791045533504614,0.34082036185605685,0.30738902845467,0.27868733646897864,0.3419703165160224
IL2VL,0.24666417932349502,0.2564783934497344,0.2638703551570889,0.22805338999560537,0.23564840884453558,0.22134412058747668,0.23206679052084683,0.22338088109145846,0.23713961073363668,0.2509111191622412,0.23652576007210271,0.248852006979628,0.1844629176864374,0.25903343527491707,0.23623930763390164,0.24487438309352558,0.20202320642932287,0.25255020652975674,0.23368423871971414,0.23087371766126075,0.22321726112660234,0.24372951683900432,0.23621282675420954,,0.22138169695681967,0.2319907850477709,0.21123480071402473,0.24282743528006948,0.2520571762903669,0.2077098493102497,0.21399242897563975,0.2295369410114088,,0.2040560162442186,0.21940390541335,0.23581203616851013,,0.23251043464350415,0.17666025969783472,0.23042427155680717,0.2843430054739637,0.21095809768318904,0.23502419709524972,0.20874948924435924,0.2879746052409021,0.22834077229390234,0.22699689464210132,0.21827788627919095,0.2272908763129573,0.22183153312675574,0.2295077883889985,0.22666310586758764,0.2515380458163516,0.21126306916604282,0.19447744564566588,0.17240655397967292,0.17680711261896193,0.252669477922778,0.267599100171909,0.25766513719100764,0.2720485203969451,0.21524062661522633,0.18706299443153757,0.22269140280383484,0.2506521386403229,0.1893382522982409,0.2656469800838126,0.18588265598697026,0.1647376750889076,0.26365694215299174,,0.2716268403731129,0.27358725068860484,0.20870343051818094,0.27161257781370163,0.275396174564814,0.25603125261202403,0.24390658140808813,0.24134434489837578,0.274242572585408,0.26696486788217655,0.207121120751202,0.17591934535380635,0.23116483184061135,0.20753902306138297,0.2408932007376159,0.22556374740708482,0.2730856451965631,0.23907614063989613,0.2454700104199262,0.25858515931082293,0.25513103879820365,0.21926572422148258,0.2180863792735428,0.24195582208305857,0.24039811557221535,0.21585163114145364,0.24625383976217516,0.21883143098390792,0.2324124947804319,0.21634602437784706,0.22113833842124858,0.2223803813197462,0.22664369971694512,0.3450184408767089,0.23808493032677522,0.2430157765825193,0.23340366814032337,0.25600695164863907,0.2819521757055969,0.22009591482408514,0.2329457213917554,0.2710106438524956,0.29698163445682474,0.25507668372527204,,0.21760104350599377,0.26894647428700197,0.25773572595519767,0.24889625043597566,0.26718535778091074,0.23579212533544402
AWAR,0.3043254391922196,0.34468226015258235,0.3015099354287356,0.253690457255028,0.30083583216110615,0.2559130553263566,0.28472361484785286,0.2686957486618979,0.2886158692532816,0.2909090283963778,0.33396164645583026,0.3284983392732357,0.24183865443754735,0.33408637597691837,0.24019594666281435,0.33190363014259144,0.213842863544323,0.3137655867075402,0.2675520170522024,0.26733898232780073,0.31900716709865684,0.2603443025863156,0.3461717183194916,,0.2478070261112486,0.27584950832239846,0.31254712500319365,0.29601172019134864,0.23207091391754806,0.22928545596135239,0.2618046560215329,0.30240219579561556,,0.2659505391018729,0.26226527523009524,0.380250289665633,0.23251043464350413,,0.2415650846682832,0.24698705742088065,0.24006869737423686,0.24734964938771575,0.28054119325194155,0.24709062539782356,0.35159205242563024,0.28065879205387995,0.30952863198769087,0.265679324056678,0.28244390017323456,0.23386437020962358,0.2955337252231653,0.27246060283483375,0.2612857741320638,0.23745229556399913,0.2395533457299019,0.29639799009950163,0.2701606763210179,0.3122287591495906,0.3127905034240033,0.33881091689632753,0.228466903079717,0.32203379826931344,0.30908501282495005,0.2534116520367441,0.32429019417856164,0.22129607437715187,0.31482616476521247,0.2326523745039267,0.19703027886017174,0.21568600184909253,,0.3086699671594385,0.354980492453654,0.23536077517699747,0.3975249236255913,0.3462783221194676,0.3415758128342384,0.2816837361749908,0.25100717930168476,0.36990940180223664,0.31819891242094367,0.19569530176616984,0.30880654932200824,0.33318991400789455,0.23205159345101214,0.31453791788681107,0.2986843391580051,0.24022683286685398,0.3155397051366446,0.26707523125560234,0.31249435164136025,0.20994841656581137,0.2749964740967071,0.2623806293551884,0.32124259070224415,0.2666608997044635,0.2972035755455315,,0.39997720230509426,0.3278690876365244,0.2547322526892395,0.24336679580135723,0.286352846416667,0.3161532846289034,0.3589848518901749,0.28020414473933014,0.2989893489063884,0.22011600970832337,0.2173183111721565,0.3561797412855129,0.2577510488317306,,0.34932964452057763,0.319609233930738,0.3315194917002013,0.28615338674679835,0.26994550795436917,0.3453504933734204,0.29905495765504997,0.30292535928453773,0.23346035124423736,0.3066383191121643
CEPVR,0.25616152817824006,0.23894002532416858,0.23080004146486852,0.2364145200969411,0.24853831831773426,0.2335999476194018,0.22750283784638942,0.24180828382005876,0.22667085109287383,0.22127959254217094,0.2580163199999361,0.2319571302406458,0.17182812710103387,0.27506799352823375,0.2381743517496007,0.23840923680334036,0.192075221228369,0.24108910376632203,0.22901043369954488,0.2535723019806631,0.24626189070548726,0.26721399713270005,0.2427707492852891,,0.2322421686655213,0.23660462993535214,0.28708073892690406,0.21922457685555718,0.2867348885996951,0.22194182399515536,0.21166916430622146,0.21771909288219143,,0.20954534990992676,0.18187174954363,0.2507168692049974,0.17666025969783472,0.2415650846682832,,0.23464547403905575,0.28697209894995146,0.21718469464072013,0.2882769092549523,0.22215830160031855,0.2708802287725581,0.23212018037525692,0.2920260095904826,0.2065584921985146,0.26645424979290727,0.23495010190587318,0.2569194002369827,0.2500963516918062,0.25507869882439665,0.21579456898466934,0.2057972115813258,0.2914344706358756,0.2285520368717427,0.227363401588415,0.24006618448146164,0.2535542013614717,0.2947598782612127,0.2642175962280853,0.216836798998657,0.2445794949235501,0.2587311266343801,0.24707141029669336,0.27093613952079093,0.19075951726845958,0.1979197450890898,0.2325314119470025,0.3362558198352568,0.26444990204431373,0.2433515821403636,0.21292726764712602,0.2627830717751212,0.27578522028169206,0.24122311557738113,0.21128779438742637,0.25473078099790525,0.2735206370249721,0.260349786226526,0.19454063686948478,0.2173882564241633,0.22955201547706428,0.20286069712403712,0.24827975652777537,0.23910191679774503,0.34276561161001284,0.2117729696377086,0.302976407603152,0.25641269124277655,,0.2294501793455816,0.2260946257950503,0.23952278685434075,0.20623092236374058,0.20798339249875322,0.22448654585282468,0.21165818412412002,0.22422814100227967,0.22662949775461363,0.21296517056838923,0.22898730674129528,0.21933846836729837,0.2515168616434919,0.20816849139517862,0.19969118303440353,0.3087170602922517,0.21044990062390903,0.28642948235405413,0.25040009030839105,0.24246432444003851,0.2945859113016712,0.17295504829246536,0.22223493565751837,0.24885803599136824,0.2409661443594842,0.26377440313433764,0.25124190574635125,0.2931437143411075,0.23597221323667783,0.28243928437637494
IL2L,0.24182630867190621,0.2670176815278083,0.24406710105007207,0.20703517844141736,0.2613140094423175,0.24772915174760599,0.22082218123154423,0.24194430990700633,0.254462762598373,0.23921143390869332,0.2718574996251818,0.251189946217225,0.21850438539128425,0.2735365540043052,0.23154515436836212,0.2661759873638125,0.18672823875254696,0.2553471152054187,0.2362058602430629,0.2735966950449243,0.28618152109112,0.2733199664038613,0.28885297632106066,,0.20488445111906967,0.23424599801186655,0.21561788682542654,0.20568452201249365,0.253874510019324,0.2125070912773823,0.2341159244706633,0.24041978357072358,,0.21947716180816804,0.22160702704003069,0.29305153528828115,0.23042427155680717,0.24698705742088065,0.23464547403905575,,0.2719825096035002,0.21679281626495134,0.2783542649017576,0.2483336555041344,0.3259250739210007,0.23773451865967513,0.25278264525302513,0.2540530840389803,0.24897221118437354,0.2543216329446452,0.24369660848347333,0.24601051126279724,0.2793187586441816,0.20547515619847478,0.19187163904277876,0.1831537531885974,0.19019986066092995,0.24727238205251523,0.2420756629760358,0.2796986533246808,0.2948515345588718,0.2100655744953401,0.21006414144520907,0.24491867536156423,0.26349257464750536,0.2026368677231382,0.2548854650181118,0.21205620012449833,0.182847736801367,0.2461550131465638,0.17846751974013522,0.23277224057415133,0.2843830097482075,0.22312602448415184,0.26136213568051525,0.2643911523702441,0.2971928600680901,0.2267570248579556,0.23226072761025732,0.26712806738792044,0.2618538732161462,0.27016871868403547,0.22340992953558197,0.24473425919668915,0.22880873404931062,0.27883870229340124,0.27796316092698226,0.32428360805763906,0.26342134512859017,0.28432605814994266,0.2635443345461765,0.3550554704929504,0.21344545652757396,0.21807249860565509,0.2403698400332084,0.21833399134735523,0.208288591082459,0.25508316566223077,0.2677967604319807,0.2630694025624282,0.2946965295644662,0.2168836053881456,0.23084778056812258,0.22071427063098167,0.2887993003365127,0.22475236067448423,0.255444420870693,0.25625606011371926,0.24406989755997036,0.27046660397684297,0.2381600384627379,0.21563821292007745,0.2685372255720152,0.21470849491937533,0.2816371887488927,0.21471116400491905,0.2391095884379021,0.2395446552275605,0.2739479063264091,0.20468794211913305,0.23132373377005053,0.26460567120045214
AWAL,0.331908179463115,0.3617862859100651,0.31697943385699157,0.30866487237902734,0.34317899001145397,0.2640294286584876,0.3251232598818365,0.2992115132345227,0.2882116000723528,0.3210954436959497,0.35802554727119,0.34541131515232043,0.2569140802196052,0.354362179615493,0.26561345778838674,0.35246046403769504,0.24639456124473033,0.3451134215787143,0.27921480051310515,0.3351125054506847,0.3253722988523673,0.31451856444943166,0.3946439134515498,,0.2672104921498008,0.33794885894481475,0.259506356017968,0.3221279214069789,0.3315665201466529,0.26897997982315824,0.3229283652143872,0.34075345619836317,,0.2751346031598967,0.2963414309179068,0.4129169956995955,0.2843430054739637,0.24006869737423686,0.2869720989499514,0.2719825096035002,,0.2670190512891561,0.32865443300323716,0.29170543134211147,0.48064674926742246,0.2912716382849359,0.3313073708948592,0.31107374815869243,0.33345518121203555,0.28166550238813404,0.36650544661686457,0.27841532678671643,0.29014754723785446,0.2843557111801601,0.2421763222102077,0.3201029558051943,0.26132476176201314,0.35642005270152644,0.33326669376236195,0.3673919809015793,0.3450601362116368,0.3354272070136588,0.31987339482350335,0.3538478979550648,0.34783679933757045,0.28483652256730024,0.35755801162845857,0.2640435516779025,0.18843415912164685,0.25596299699192676,0.3286874411903251,0.33812580338888726,0.39119791732978115,0.2859130523698605,0.40747240973035526,0.39339895076391357,0.4051265863900989,0.31667133325567265,0.26532732769789225,0.40467766686028167,0.39092361081092675,,0.34020930137289446,0.35955558245508634,0.2555153300396368,0.39852850184072475,0.32371888265020327,0.41795113441500265,0.3785452050449413,0.3789998639015897,0.360113102375747,0.2923438413389177,0.30801888750502815,0.29459470792030995,0.3556781333498432,0.2946856905256724,0.2994597418330986,0.32490084973324346,0.3605555300507802,0.37288363845951267,0.27491108450408797,0.27393545136979486,0.33676538766725816,0.31920832210692823,0.3587599872385785,0.3529771395706217,0.3737712616686235,0.30164888802486495,0.3381563823570246,0.39103358270732386,0.35537017726454834,0.3047918971161119,0.38746103466947385,0.32137530823644844,0.3874698419360753,,0.3081474163220365,0.3903874050330086,0.3349657362109457,0.3293712305086209,0.24116610538336447,0.3136569784209541
CEPDR,0.24996566067431794,0.22065774170396302,0.22779072735282746,0.22679925495759498,0.2325686813166205,0.23394339187514204,0.21318213255100227,0.24649576081223837,0.23606450219631095,0.24466946863886307,0.2713315135076897,0.26763612886665,0.1951061343466226,0.245150271758665,0.2259408574337979,0.2819593819254284,0.2036918933740608,0.2599751808598552,0.23355145387010828,0.2317216192589491,0.27361963010867446,0.24880893249492503,0.2898019478960616,,0.23172996424972842,0.2313092746126071,0.23411642300576363,0.22103131181794525,0.20826512425999233,0.22465263269609928,0.21486056449356214,0.23978659478041373,,0.23235359960615368,0.22984524109674798,0.2867307501196169,0.21095809768318902,0.24734964938771575,0.21718469464072013,0.21679281626495134,0.2670190512891561,,0.24697694962024014,0.21145576737402486,0.3460592315256156,0.237464591474874,0.3123760230705399,0.21312693707259606,0.2520524900411365,0.19320659380525249,0.2632308914340869,0.24488133554951,0.25884221709511673,0.2121113642354069,0.20698517481874432,0.20768105487514096,0.24009231594482924,0.22984713134857587,0.23374115698664835,0.24494205321028897,0.2998113829941833,0.21317178729597347,0.19162974582792025,0.2758912783841784,0.26434365473846505,0.19733668791664785,0.2527661218806175,0.21629688316050277,0.20560545696243332,0.19649976383061918,0.22774461005671442,0.24522094805238634,0.25122713922336465,0.21364848746426943,0.24512358710691637,0.2478346740329143,0.24895488471854488,0.23536815574909298,0.24129516425126152,0.2514719395630286,0.24979204545343472,0.25763387963193796,0.19155372380132532,0.20720819878372962,0.198122217548531,0.24466174187618603,0.20688340636422048,0.2633005666829645,0.234813060623518,0.24855807837128197,0.22330543694747326,0.2716712838120316,0.21999594160246394,0.2318696497270639,0.23511778388060528,0.19389342890801484,0.19964129021226437,0.22002025386516824,0.2595545788111575,0.2434237967307135,0.24417003889873884,0.21775291337952488,0.24144112704027443,0.23709409322081468,0.28529271216457713,0.2609467159802491,0.2647819661700743,0.24883583980172416,0.2142779170262198,0.2571191219970159,0.23332717104356915,0.18918869076394546,0.2616899995372202,0.23900491477075594,0.23012801512552153,0.23056810811329892,0.2348542591500885,0.2408374465204089,0.2541729723509015,0.21351441185673284,0.2664704331230833,0.2594109124627717
BAGL,0.3433760824806376,0.4055834850964491,0.3538705526379248,0.2622936354064569,0.34129069666981227,0.2796800936108206,0.2752938899115512,0.2466908849157372,0.33249050245773065,0.34409758561168663,0.3674252755884509,0.3667645739047205,0.2718764229497853,0.3134209426752899,0.298613018114674,0.3762333808589306,0.2940918922349453,0.3634079706649172,0.3004041309859467,0.3041938358687924,0.2737870123511392,0.3090148653871493,0.3161578872863389,,0.30661575865611995,0.26985246350736947,0.31410442000474637,0.28154649266744797,0.30017754335075597,0.28624237162121396,0.27812924389480115,0.27405042789240636,,0.26221288911055984,0.29209529977695187,0.44164718154199417,0.23502419709524972,0.28054119325194155,0.2882769092549523,0.2783542649017576,0.32865443300323716,0.24697694962024014,,0.2496780851719603,0.3573936882483938,0.3475976229515487,0.3736096549795792,0.2552616160015556,0.2956861381096136,0.2569697726886417,0.3597164550411096,0.2581727428376307,0.2826378488719398,0.2940708435800733,0.247643398201147,,,0.24904669198333113,0.37151837342325433,0.37674348351335235,0.3877012623404054,0.3495823511713917,0.25716520368641416,0.3014954300018939,0.2484205964413333,0.2655822344774803,0.3363626288296005,0.267864211909382,0.19584057019770348,0.29636299551652173,,0.3296626349622133,0.3692429237596197,0.2715742872861971,0.40644954876469575,0.34539337770095585,0.3939492893432271,0.2559057996289006,0.338308545622544,0.3421924882969864,0.31034355881699993,0.1714939988164873,,0.4122191218640902,0.2321928333897533,0.322156966501037,0.319235201440801,0.39785583267554014,0.3033181323118248,0.3657358348858923,0.3043570702870921,0.32895746348977617,0.3043364668735797,0.2914384294991321,0.32019149999145463,0.2684445572147148,0.29039540659198,0.30054492710212827,0.346092416728916,0.3589265868796127,0.2670307908339363,0.23658521412802838,0.31214588685475775,0.3132837155601033,,0.3194653499711105,0.35545254915760266,0.30245595245894125,0.3119541938990553,0.3610824209031737,0.30048928774252276,0.2644679715904603,0.3787839066661214,0.291283672114069,0.40137817198966635,,0.3147463258940539,0.3972328023677237,0.3359254085830099,0.29508801610435736,0.23435509957360967,0.32423387330994885
URXR,0.27772875801400815,0.2695743764840843,0.25967694642497297,0.22120227170432152,0.23414731682992776,0.23810012377780476,0.2077048386725147,0.23433205383819683,0.2442770575122827,0.27615788463491947,0.2710285489795932,0.27248907314568094,0.2033183723550506,0.2501654375192279,0.2245416784422799,0.26871456266883204,0.21846129508265405,0.26990357788256675,0.2199877234169759,0.2381885768217314,0.23819892458906966,0.2251472726508892,0.23560305215313704,,0.21491829943753674,0.21691304099669792,0.27216741778835574,0.21706867596679866,0.25965602760953893,0.2130489188377761,0.23597147803642207,0.24111363317295784,,0.22650488597799903,0.24120698070461452,0.27370490904294953,0.20874948924435924,0.24709062539782356,0.22215830160031855,0.2483336555041344,0.29170543134211147,0.21145576737402488,0.2496780851719603,,0.2983167813014753,0.22550360695968302,0.3254812226387442,0.20911186368046925,0.2211796451122699,0.19046634143585936,0.23533187936151823,0.23484646832588552,0.23444757972118752,0.22035063397304908,0.19620376850806856,0.1780033530291978,0.1782619228408379,0.24656830787836445,0.2613190656094065,0.2583466632743941,0.22537149037371598,0.2512966925699155,0.16139609918608616,0.3020980209652799,0.26417828545913596,0.14094364813625984,0.2739229874908297,0.2058829478932516,0.19835308226408674,0.20932920363631177,0.22056404216426614,0.24029615826279377,0.2442125497141871,0.20838881466191475,0.25561979525620615,0.2728521564799857,0.27316887496236447,0.22268548864674975,0.235547934221366,0.2612539152375037,0.26546289410855406,0.19788270267719382,0.20676860161673874,0.2185482847607473,0.196596459488924,0.23767964341993691,0.22857159599326415,0.24605256561936825,0.23740843281847884,0.21818565919034327,0.27094277175095177,0.23663474415258667,0.21795429191817647,0.2212387622664808,0.25991141079018976,0.2191288372652996,0.2090352201590084,0.1890867791335575,0.28887176920853747,0.2529253302246431,0.21474792343288052,0.22229680968292018,0.22687112352262293,0.23754593080441228,0.3033407993432091,0.23992971617227288,0.22378953248926456,0.2705334007907046,0.24515650550120788,0.27258013075022564,0.26046712717198617,0.23544951338503187,0.27118097949730297,0.3291142927462274,0.2563595509833385,0.328439759478278,0.21366802453112368,0.27192636501695894,0.25413640125826115,0.24074257277096778,0.2479697669997949,0.2660354968910973
ASIL,0.34856031970651224,0.3536795964202928,0.35433910201380625,0.2877388191052809,0.3390829185137537,0.3441407380888248,0.363251418860076,0.32809550074313426,0.4025523083048793,0.3567699296753951,0.37401640121946556,0.40261077682261137,0.23513241838168447,0.39817402804753127,0.3235208866288173,0.3898549338704827,0.23571017511030476,0.38111228012566967,0.36203786794779497,0.30927213769223666,0.3880376854452844,0.3649333617331871,0.2975689137248114,,0.30402612747688834,0.3443463096956997,0.2576031817127228,0.3257601348873904,0.34900374816394775,0.28985421143328366,0.2925247728794612,0.3278681527588608,,0.31597899506486804,0.3413692166243743,0.35621804002656504,0.2879746052409021,0.35159205242563024,0.2708802287725581,0.3259250739210007,0.48064674926742246,0.3460592315256156,0.3573936882483938,0.2983167813014753,,0.2982458433357294,0.4824189585528399,0.32317998412923216,0.37883727149268454,0.2989073136740441,0.3654760521053081,0.3722510276944397,0.3717255527101459,0.2695430802206497,0.3093132858467846,,0.33358413497320455,0.34189593577889804,0.41413690425651783,0.3634192075318384,0.45618163611642804,0.3238625306608309,0.3923963339356254,0.3124604602498445,0.351349727667496,0.33840360061864216,0.4203094624572289,0.2557429069227045,0.21821708641717244,,,0.3889369579351136,0.41875547526915985,0.298992818890928,0.40780406797323676,0.4293380430179434,0.41667944358412257,0.342849705614382,0.4394073555526724,0.43686367964946643,0.41944871504422254,0.30113262853032874,0.4546234627273418,0.19671561416188033,0.3112472694960852,0.3485381889289448,0.4605383314010744,0.3337856961217319,0.33727117312400035,0.3634125317665019,0.40530083637987024,0.3704209246475592,0.2946778717399162,0.3164849157984734,0.3635216249938081,0.3077028273052075,0.45193030869524164,0.3468873147675604,,0.36115395922840565,0.28407076327531394,0.3122663921366369,0.34926917205386476,0.33254427325395186,,0.3647067052599022,0.3792728128726918,0.3176396376843285,0.2909291908331999,0.37359542677444185,0.30144436234699734,0.30199731567338267,0.35475715982232786,,0.41864530158060365,0.33308361324938357,0.3203514983220261,0.47207264764987406,0.3742787269611461,0.34971157310098777,,0.37203267946734436
AWCR,0.277620114416144,0.2571983159819097,0.2892553208077552,0.23364154597251993,0.2675112940194986,0.27542173941214004,0.26396028632161644,0.22725344835765812,0.2493228638790233,0.2560795076654404,0.2932367133372284,0.29026028842346385,0.2457899613427986,0.2709137154411663,0.247625910572274,0.2900348559195131,0.1876544281270045,0.30539003776452084,0.23756225235660483,0.27630722642945066,0.32032706728004817,0.29285174996966645,0.2773175155260097,,0.2228356873752988,0.27082484407180624,0.2609440779306085,0.2542391714928455,0.24362591922089144,0.22394525300702753,0.24609086825481508,0.27157673134100463,,0.24288965037891871,0.23882498304415364,0.36876135291010637,0.22834077229390234,0.28065879205387995,0.23212018037525692,0.23773451865967513,0.2912716382849359,0.237464591474874,0.3475976229515487,0.22550360695968305,0.2982458433357294,,0.2835455509764986,0.22807169360143734,0.2701426955984784,0.24112179513593443,0.26661142606407906,0.2359562869949216,0.252273911625049,0.21043730391081664,0.20689752097644987,0.19538156488858321,0.23165867747545374,0.27083664633773064,0.2679917053766738,0.307188364091545,0.3771656314807392,0.22620941881745935,0.23116704601361446,0.22389602734993455,0.3027289917523163,0.3003161660920604,0.2975040970343194,0.21727679631708183,0.21270285401484945,,0.19389324517199905,0.2770227930464426,0.3001601266061864,0.2298625832809826,0.2966165653944002,0.2667269880668854,0.28521931037364445,0.2559957050805178,0.3345428023296597,0.26729848366680203,0.2967561119420315,0.2999961235082754,0.24303438785910886,0.27349643313675603,0.2161348372897921,0.29618665824165286,0.29043082134129744,0.30188870005597607,0.2817731363950664,0.32640908600127877,0.28791546899384624,0.3448462417219329,0.27504437078693217,0.2316924570008716,0.27553668007947396,0.26917997490229384,0.23017617079152733,0.2597816443442911,0.3015900513544106,0.30049707814680776,0.30182431031478996,0.224893731753163,0.23286945951388538,0.24960388244639423,0.29794355696915914,0.24656880968564185,0.2638360660427232,0.2690037427090201,0.23499151845326327,0.3079718566651152,0.21164098733164466,0.2770769742251609,0.3098966641173409,0.18933635174751523,0.26617703180932567,0.3432369558223782,0.25775408281359374,0.3001321225010931,0.2898473555036745,0.2766441301507317,0.31265307479298754,0.30840202933115557
ASER,0.317547957015979,0.33368799829675455,0.32428771677455503,0.2761819802561943,0.3840702927962657,0.3582480315840057,0.3502441386805461,0.2894133373555832,0.3217684054629911,0.3382447169421847,0.34445492209200784,0.35275184481963084,0.24353037850346046,0.4046561948812714,0.2717080667560298,0.37520446492427323,0.21708366385485514,0.3371222877901248,0.3070820597009295,0.3254142676039346,0.36818527971536813,0.2632939332823123,0.32994903388861024,,0.2793659608697223,0.3548261988499481,,0.32541015724497147,,0.27804392700118513,0.3043027721273156,0.32479278424918834,,0.27997805435392215,0.26768071348187383,0.31503897601965647,0.22699689464210132,0.3095286319876909,0.2920260095904826,0.25278264525302513,0.3313073708948592,0.3123760230705399,0.3736096549795792,0.32548122263874424,0.4824189585528399,0.28354555097649864,,0.32360408129346363,0.3312846564740978,0.35355878893967463,0.2857888211087325,0.2993118104476285,0.2979256671367621,0.2573165471733641,0.24394570357554918,0.3459984605221448,0.30597915896072037,0.3236701131863158,0.32654388901342923,0.3794501900879533,0.3471968975820229,0.29030848192953124,0.3654246147799116,0.3572718279265352,0.31996091564327644,0.29949948759738965,0.3760686803663277,0.208847158271987,0.19964306269482904,0.2188453300127116,0.27082425280820843,0.31132787160783026,0.45996689279327313,0.2709146385556032,0.4810538397163294,0.3973966155601718,0.403386270176307,0.33524954887558,0.26421648255496716,0.39876758523613426,0.38541714039404285,,0.3752618227123414,0.38273022574442583,0.3108966273830807,0.3541753472577,0.35609745611665855,0.48824453817352975,0.33689968862581327,0.4230353725666099,0.3993117835140417,,0.27620033073727795,0.2858044663050471,0.3477090993467846,0.28682608247650265,0.3304812325634841,,0.3505359933492863,0.3316173581403057,0.38744676647801907,0.25758008518348363,0.30082532503473064,0.2957343115415885,,0.30037192520199835,0.3931884881939307,0.3274553001164646,0.252051286036778,0.3910880607565562,0.2902202870376388,,0.39858618231006365,0.33389584643180126,0.3910311723773926,0.4575593881454786,0.3247929767646882,0.4034619126920594,0.3738863528408194,0.32284695157127485,0.30391371255995653,0.3459774336713026
IL2R,0.26499991758413843,0.2558628117179537,0.257646012190817,0.21944689848165116,0.258093280716608,0.22509203671063963,0.23982701562132533,0.27391175371715293,0.225789502622929,0.272780684561224,0.2832474869685322,0.28040282192663346,0.21503772276138924,0.25736293642767466,0.2417900438460619,0.2846767441576723,0.18457802120193353,0.27349261191719554,0.23047354567841083,0.29447882746730386,0.25687144653775296,0.2775318444816818,0.26425775001995616,,0.2432984358538263,0.23026101548741307,0.28584042807765897,0.21169378604781577,0.23324039176318068,0.22596625479736515,0.2289438366684381,0.27947418963934406,,0.22088137362730356,0.25429225060191,0.28958501001556564,0.21827788627919095,0.265679324056678,0.2065584921985146,0.2540530840389803,0.31107374815869243,0.21312693707259606,0.2552616160015556,0.20911186368046925,0.32317998412923216,0.22807169360143734,0.32360408129346363,,0.286553763100192,0.26515134279444147,0.26806948356487326,0.2749792983704455,0.24100730973849374,0.21275676823143713,0.21170065276227404,0.2608496821749672,0.24245848893701516,0.242238416617477,0.2713844194016112,0.24889499618948144,0.2858786912246058,0.26218356247567426,0.22185982286849978,0.2540341866453804,0.26966603538676537,0.25067092411872427,0.23614380318237788,0.23485841263033005,0.19786260684079213,0.21805489417369903,0.3003501527863837,0.24361336464815964,0.24179667374333538,0.23614393311626933,0.22909403905035175,0.24908706794943752,0.2624187295103418,0.2350838838524235,0.29061779469836013,0.24827020689355903,0.25487496993355285,0.26762002596884943,0.21250672434836226,0.22037939796864803,0.23198987379017963,0.26506854475412617,0.24246684181944583,0.2990146804568706,0.27132205054083675,0.2958494673821614,0.2860281193641736,0.29579570436700703,0.244744274927935,0.2462024796792389,0.2743004098652163,0.22175513291354743,0.21374054531012596,0.20902224012967474,0.1983077341943516,0.26209932173361705,0.2748651109787444,0.22350179232924058,0.2459706281450498,0.2172953021999827,,0.2554728928090199,0.2561728164545203,0.24622915222421166,0.25826148561011497,0.29117020324595655,0.26597430819212836,0.20293719871079388,0.3095096698644333,0.24468145071312655,0.2364403483341636,,0.27323766233484803,0.2868052975402432,0.28489599644513364,0.24457006798274836,0.2712217406570905,0.3011529563852508
AWCL,0.3041766823158176,0.3145575635753291,0.29039350056514307,0.26230721221071257,0.30888347432018914,0.25573285137549817,0.2730445271071184,0.2772584493728015,0.29717444084141587,0.28962143381564986,0.31568997934250365,0.32604293433027937,0.22806011753040872,0.32783506585916505,0.27094581909078147,0.31851902097834456,0.226043595099896,0.3183863235698091,0.25717357813881203,0.2911138479433252,0.31956397870682673,0.2744587004709827,0.3383940921375014,,0.25776357506934044,0.2902848290426036,0.29932908439516326,0.25445497424617547,0.311403266872218,0.2532000666582711,0.2867725406326139,0.3002911421735152,,0.2811747949489067,0.2699687565215043,0.36050855063084447,0.2272908763129573,0.28244390017323456,0.26645424979290727,0.24897221118437354,0.33345518121203555,0.25205249004113656,0.2956861381096136,0.2211796451122699,0.37883727149268454,0.2701426955984784,0.3312846564740978,0.2865537631001919,,0.26257339441755506,0.2974178635466235,0.28166845230847637,0.29001376317334016,0.21893164901624387,0.22669492962884324,0.300022029511531,0.27584636152135045,0.28918667753316807,0.28480828784431905,0.3330856754074806,0.3483331750958424,0.28561463087060907,0.27477124059623104,0.3048178383229524,0.31328003213691163,0.31537566545295975,0.3261898417020613,0.22693661978980126,0.20850972792807543,0.2308707787161407,0.2547259080615393,0.3037225417918105,0.38111640261487567,0.2611430529368556,0.36044177802516647,0.32441111578638987,0.34439219268722976,0.3155672755488472,0.30696797668077996,0.33202508419950794,0.3356771410090949,0.2822759620819487,0.3265915233680415,0.2953150783208973,0.26233277070386135,0.31242702811739725,0.309362917436221,0.30048216622415763,0.30430185753063893,0.32055339228913754,0.30328238942357016,0.2707479389675093,0.28364606496077366,0.27563452457337345,0.29820274388322626,0.25526684854631465,0.29143072688489013,0.31019936067507903,0.34425123826312265,0.31871754202292013,0.27409935195043195,0.22897020342667454,0.28168764368555427,0.2694874514951658,0.3401056815046825,0.2796757607661301,0.32012688520983,0.26586540521259727,0.26166622934655187,0.3355838546093383,0.2715664299211002,0.21790069235488133,0.3399981636417884,0.3009527610497723,0.3232149861205247,0.3081495721721413,0.2815628197041795,0.317590189103643,0.30812511901124645,0.2692286565172835,0.3059909218182907,0.3273223889709229
URXL,0.2874014916637146,0.2547321573015812,0.25402539374166844,0.23555941919959528,0.2613567294512618,0.2524382864480853,0.19805417172720766,0.2467779459356832,0.2467335055092555,0.26480126473966986,0.29415700291393204,0.28243602216155744,0.2461645268478391,0.2519257503414701,0.25046014758692325,0.2856568761611866,0.2198843552209728,0.2864592814199548,0.24287154169716763,0.26386040931054794,0.2753767284082632,0.25930628764766184,0.2721601046246439,,0.268703420194911,0.24278709761191064,0.2533717169814876,0.2193922501803188,0.25239127223797175,0.2480467888468323,0.22144942723457803,0.2856563237140144,,0.2283382745879632,0.2286770742684885,0.3413674939587883,0.22183153312675574,0.2338643702096236,0.23495010190587318,0.2543216329446452,0.28166550238813404,0.1932065938052525,0.2569697726886417,0.19046634143585936,0.2989073136740441,0.24112179513593443,0.35355878893967463,0.26515134279444147,0.26257339441755506,,0.2650882275632011,0.2444365058497497,0.24439333257435655,0.2537271523302306,0.21690931778310268,0.2544235182154101,0.20685986048736252,0.23225291300176307,0.26309851678667295,0.24488060035977904,0.30040808849575934,0.28968266332758047,0.2377367710201898,0.2785679986087075,0.24445739676158418,0.40951960331763104,0.24386647100467584,0.23755960991524772,0.19785912287664714,0.1952660852586593,0.2776511573491969,0.24410183432572902,0.25533417639036354,0.22057906178296283,0.28307366316464844,0.2757534581475544,0.28835995497448985,0.2157295935628492,0.31413324248652036,0.2786837316123413,0.26430685584069424,0.22836892294917516,0.2591316179607273,0.2554978392008331,0.2422377958416137,0.2589526932966742,0.23147336590071577,0.2742416401459997,0.26004553272535724,0.24752025439603675,0.2605961689452751,0.2216926962091994,0.24498553217783336,0.24362044324214616,0.2652432779469106,0.27268490094255154,0.24092565496506219,0.1938406458646396,0.3279194231187714,0.2834671479657204,0.2230300571425364,0.24010415937298257,0.24816366994056785,0.23391229027916385,0.28479670323529066,0.24599772477148124,0.2486987128315185,0.25893476583495084,0.2226973962304471,0.3112401457331242,0.2570637031858295,0.20353853835928795,0.2962764067795746,0.26473894335586023,0.24089710421517063,0.19381411390885783,0.25431582232236655,0.289435439323465,0.2638456852045226,0.2732797837761668,0.22851711743621073,0.27913084564838425
ASEL,0.3298962503269531,0.3235933408996805,0.30982491377951404,0.261032578258956,0.3180629564517014,0.2880983214818604,0.27793323058210834,0.2752689779177709,0.2892508597870873,0.3117116368048822,0.339890162507925,0.33190159880546866,0.22267266057651425,0.336560857906972,0.27723038705987624,0.33016946946582104,0.22782048338720892,0.3183539888641101,0.2813484794976698,0.30991358355327503,0.39523785661814365,0.3031194077076371,0.3142214150668304,,0.26890257155890257,0.3245755685589386,0.3231391771876724,0.3116884828895498,0.28091448511977285,0.24972747975851245,0.2935668221208977,0.2958722612212211,,0.25805983573418534,0.2586466354297172,0.33967141602417156,0.2295077883889985,0.2955337252231653,0.2569194002369827,0.24369660848347338,0.36650544661686457,0.26323089143408684,0.3597164550411096,0.23533187936151823,0.3654760521053081,0.26661142606407906,0.2857888211087325,0.26806948356487326,0.2974178635466235,0.2650882275632011,,0.28629628144885344,0.2887943685895898,0.2515959817159195,0.2492911133316296,0.2721286440227904,0.3106831788077956,0.3059253633420238,0.30632987197165573,0.3716490024216066,0.3538777160804798,0.2893525267838967,0.3074097785956665,0.2772042289343887,0.3025643882757111,0.2678114775917489,0.3580486291123894,0.2898361912623481,0.211191573587487,,0.23587040935477976,0.31439914960130194,0.3938796600305225,0.26555998769625233,0.40843917056920326,0.36004063968192546,0.38129801105569067,0.293220914040758,0.3036816201446945,0.37079422505810683,0.3717282670757873,0.336864326838775,0.3417776899017469,0.25812549402492685,0.29229351035154144,0.3553154401734692,0.3384098116725142,0.3584139498160492,0.30862755018037685,0.33952703176705956,0.3492995512449997,0.39915537452185296,0.28274262385540294,0.28579481540098156,0.3044585775101029,0.2679942324916779,0.28611508074040126,0.2875896034258934,0.321792653807563,0.315095739418816,0.32400504643132694,0.2860972839384376,0.287828027067604,0.3132681128843423,0.36472264186189973,0.30357892749361376,0.3208931162134671,0.2694275052464829,0.24956768888430603,0.33994289593183796,0.26046571439901883,0.22010484163427504,0.34743544601769083,0.29329592818252315,0.3455060744018726,0.3385778980277329,0.3071845035513944,0.35194160570915706,0.3093121886381049,0.3194090275467052,0.30780177630861283,0.3329134131963614
AWBR,0.2622150039103098,0.28252429929556755,0.2806182539302009,0.24065092346794495,0.26102704969314416,0.2577396197083666,0.25753486565312894,0.2660781617378268,0.28120093197128665,0.28648659482019184,0.2967154053329973,0.3067204509708907,0.23872422869958124,0.29904813549215464,0.22209117496941314,0.30022532740891833,0.21403011718929865,0.28622309735951856,0.22234551648992265,0.3078352624317915,0.26913927168846163,0.2774718082783174,0.32203924308005044,,0.248108130615372,0.25989751304753195,0.25063583549052965,0.24410563147014555,0.3456986777298123,0.24733533233737598,0.26347921140560987,0.29865185123963467,,0.24387566442973757,0.24703102984331227,0.2838922307313534,0.22666310586758764,0.2724606028348337,0.2500963516918062,0.24601051126279724,0.2784153267867164,0.24488133554951,0.2581727428376307,0.23484646832588552,0.3722510276944397,0.2359562869949216,0.2993118104476285,0.2749792983704455,0.28166845230847637,0.2444365058497497,0.28629628144885344,,0.2159530453243485,0.22293834456410935,0.21281517701312458,0.3133391627864087,0.22845872293595615,0.2871221125593818,0.2742170710214817,0.31982780380777953,0.30710774218038034,0.2418416434040051,0.3032383811448242,0.2944675280561134,0.30376730178830036,0.2686498745046407,0.32287388545133333,0.24896387336291337,0.18599672225308597,0.1827058964439869,0.33613301524852485,0.2740577510861458,0.33539265343122837,0.23729110914048343,0.28440885238852265,0.3087422746025926,0.34250925675469424,0.2847453846233581,0.260694232258854,0.32509560168410034,0.33961597185659903,,0.3106099362776292,0.26353992074586247,0.24442382737611162,0.28099519657247296,0.28211781574497574,0.3497476839866309,0.2719640888709625,0.3127149655251591,0.31779874649665313,,0.2773248716784734,0.2634910598311312,0.29828039334442213,0.2667560495074695,0.24735202585570693,0.2899926001057436,0.23597404394327848,0.29750457194437196,0.25358372611324204,0.24649882288090005,0.26515924638942834,0.2459109486247801,,0.2756091580852349,0.3243549276012898,0.27362434070587793,0.2566083806464396,0.3126277343340278,0.26604062464652933,0.29981437790663223,0.3010594485019879,0.27672001267234947,0.3321641159125008,0.32527670241514095,0.2500899834631523,0.30782432289346684,0.2728556102103452,0.26907341800518,0.28945618678134,0.2871403339179415
AWBL,0.30279743524878966,0.2907120778651416,0.2593368431690482,0.2563920712383609,0.28091714621530894,0.25710968290071073,0.2703922263644376,0.2751836346953187,0.2822926012578914,0.3147269138064286,0.3019303599882542,0.32058740388773554,0.20773886191691,0.2989514371083984,0.25873853505859545,0.316802039789285,0.19561549824370905,0.30796775016244604,0.2518792558869532,0.2877957470327444,0.26176158503583863,0.2918727470687951,0.2957571974123466,,0.24458810880556314,0.29244999980050473,0.25314950948932674,0.2838906839205741,0.2548990282263175,0.2424798121300641,0.2559057781030003,0.2941680977194029,,0.25225683802581006,0.25956758078709546,0.29053868595358695,0.2515380458163516,0.2612857741320638,0.25507869882439665,0.2793187586441816,0.29014754723785446,0.25884221709511673,0.2826378488719398,0.23444757972118754,0.3717255527101459,0.252273911625049,0.2979256671367621,0.24100730973849374,0.29001376317334016,0.24439333257435655,0.2887943685895898,0.21595304532434847,,0.24217494921564967,0.2218515018455607,0.32709015080875703,0.2560498135921986,0.2785133489382812,0.2745081699714647,0.3041885582962052,0.3294048851101654,0.24445642875002452,0.2664031413222656,0.2854651021181934,0.3016063210575121,0.24555934190167603,0.3123326212932368,0.2235513883454691,0.19475119335703153,0.1848557560980318,0.2500019381813132,0.2861753845281482,0.33895901422066477,0.2427395203023125,0.2937447492298381,0.32019595804259227,0.3322395375881025,0.255630354521034,0.2830534334929186,0.3300985869228437,0.32522332040703533,0.29721323237855174,0.3337648630535414,0.29466105436050316,0.24558516674956263,0.2972481770462008,0.3089497434229468,0.35304360099640375,0.2776195985192398,0.34214481682656617,0.3156281989430941,0.2552657935727306,0.28457080458795564,0.27462631687124417,0.27916346820138466,0.27168029698509333,0.26138488725663056,0.2866447144962658,0.29753430863520997,0.3097355632020053,0.3196997648203142,0.24112777028901314,0.24726461487332196,0.2616101896508228,0.29044445916356526,0.2770382441363246,0.32478433814503277,0.28414343623082783,0.24577091636204534,0.3050788845034755,0.26077540395299625,0.23434868378765944,0.31834266715980286,0.2839715975129927,0.30901081778166284,0.3229222432258745,0.282804440955759,0.3136214060223539,0.2781799426784692,0.30611913035620136,0.2577869273468839,0.26744197528205044
AVDR,0.23537229281030395,0.235280964107732,0.24070850095698143,0.22860320498126951,0.24899833547450834,0.21427927188230747,0.22014008039156463,0.22120509691198773,0.23053020000352714,0.22943899702433415,0.25194792804395516,0.24703590248312166,0.199851587426126,0.22635727627491822,0.20809726678237767,0.2431069950041732,0.2023785229903304,0.25259642351977296,0.22846932371465187,0.23843916544178728,0.2342060622859113,0.2558079992688086,0.2359844715584476,,0.19736159209017304,0.22473808508210652,0.20717349791339745,0.21599599689488522,0.246595451685494,0.2174681527544344,0.22812705776877795,0.22620196247571922,,0.22191167510907758,0.23269325063426943,0.23813361764954313,0.21126306916604282,0.2374522955639991,0.2157945689846693,0.20547515619847478,0.2843557111801601,0.2121113642354069,0.2940708435800733,0.22035063397304905,0.2695430802206497,0.21043730391081664,0.25731654717336416,0.2127567682314371,0.21893164901624387,0.2537271523302306,0.2515959817159195,0.22293834456410935,0.24217494921564972,,0.18385408471512604,0.20149171116504025,0.19518936481064153,0.23235559188924373,0.23061295196447218,0.27347604354615695,0.3006264524362527,0.1997395327072641,0.20546398072937727,0.26686638036117805,0.2589154363211066,0.19812210254894463,0.2535074065027659,0.19443580579155653,0.18808990909127743,,0.2579213322629516,0.2313988684622644,0.23555192815027085,0.2123188019400397,0.23353510834353727,0.23851567110565502,0.2549408559937982,0.2263409756797797,0.23445126700442565,0.252671728965184,0.24991731640799,0.28668926446866044,0.21336402138048408,0.21104842978285565,0.2077097774785547,0.25233324966129234,0.23160168353454116,0.4053141499438354,0.24452878472901501,0.3328471060220387,0.2539717368409181,,0.22648387445291068,0.2148665984795853,0.24195796169740746,0.2429314321350794,0.21270412852056508,0.22736880421571357,0.2512681061963456,0.2394587744916477,0.2469845441085227,0.20983170364247608,0.22130374343766607,0.22189074704353526,0.26080551190921397,0.24863241466147729,0.2658361154953584,0.2549749278184456,0.20996735747155115,0.2617923956055438,0.2260158464833153,0.17336799211087178,0.26521810160830067,0.24142327602440417,0.24526471487656565,0.29135186512628714,0.24686927542115786,0.238091738671004,0.2557162925742336,0.29465797707082597,0.26823870095086,0.2350448832735087
AVDL,0.21510683681736137,0.2477929149282462,0.229624595408799,0.2044806636351559,0.23776929885585005,0.2219406122715917,0.22957921838248352,0.22322246274527863,0.22310520721283839,0.23327092680650743,0.23410242293628997,0.23894093022692114,0.19612136475854558,0.25317320680276045,0.202839851845906,0.24753186477901465,0.18725165849969047,0.22448960355853204,0.2127896565615392,0.23461991693999204,0.2599337245960334,0.2442786077842186,0.2128992370950847,,0.1902570259099427,0.23313772324810778,0.25143995253594587,0.21031597829635099,0.26314691102275806,0.19574416254086105,0.23557052353523142,0.21103637044154083,,0.2102408952915795,0.2237380627454881,0.24741259842542748,0.19447744564566588,0.2395533457299019,0.2057972115813258,0.1918716390427788,0.2421763222102077,0.20698517481874432,0.247643398201147,0.19620376850806862,0.3093132858467846,0.20689752097644987,0.24394570357554923,0.21170065276227404,0.22669492962884324,0.21690931778310268,0.2492911133316296,0.21281517701312458,0.2218515018455607,0.18385408471512604,,0.18782739408090457,0.21033035327951954,0.20842426930109434,0.2117977477049348,0.2565497131657513,0.22735570376431313,0.20760651000604094,0.23523808345555888,0.18925599185549843,0.229460136617303,0.23414652385144574,0.26082891123883767,0.19887788229007952,0.1792129217997425,,0.1546619982694786,0.23749182846757744,0.260158772867514,0.1986678707667733,0.2566687000919206,0.24972468167136386,0.254259598929605,0.2335252772503776,0.2549491970535797,0.25432141151045135,0.24024092967858993,0.26558800074034544,0.17312513783505967,0.22360412375695074,0.2262779180584104,0.24747987151744544,0.2163507433672579,0.30133705227974716,0.20642389239314288,0.26635210706148876,0.24294292932473194,0.3019640805101492,0.21361604195306663,0.22126818417831082,0.24113711585791067,0.20852461913025966,0.19633717215877275,0.23797748767158602,0.22369167028713827,0.23625554907466995,0.23513333348595475,0.21438028426628727,0.19890834900635268,0.22597461972271912,0.2438322227272863,0.2121523839518795,0.2631607207297907,0.21674249588673142,0.20786322226285092,0.2380538643083241,0.20515297315711414,0.2143538100620862,0.23790767900713877,0.23473330027313755,0.25619193002900925,0.24728829632874444,0.21199805219216727,0.22648678634795089,0.23218956106520688,0.2600232324739232,0.2465090596232459,0.248299491310963
AVBR,0.19173354821056737,0.176733630536389,,0.1594207301013042,0.2389944440409663,,0.2449992780983998,0.2935899242793011,0.29512780072101374,0.2998350968296462,0.1895002847623753,0.38123704726608165,,0.29722055210408205,0.256618721323874,0.3640392790058963,0.21247042151028395,0.3904933942274097,0.16913996359080344,,0.2645267904112597,,0.23311566481411564,,0.2593633511783604,0.1637272220139379,,0.15066269417329098,,0.2277682061193466,0.2696415101361537,0.24292235970346177,,0.19864872823655633,0.311750720401141,,0.17240655397967292,0.29639799009950163,0.2914344706358756,0.18315375318859742,0.3201029558051943,0.20768105487514096,,0.1780033530291978,,0.19538156488858321,0.3459984605221448,0.2608496821749672,0.300022029511531,0.2544235182154101,0.2721286440227904,0.3133391627864087,0.32709015080875703,0.20149171116504028,0.18782739408090457,,0.2005450709949999,0.33485349802542397,0.18335417668322887,0.1976350405868329,,0.18963540825157152,0.22301209790466825,,0.3293964458925543,,0.15563436079713536,0.19222612193873836,0.14795850353369533,,,0.25062979540916647,0.24938104859822036,0.2241763568531049,0.17271012294476237,0.19165168265385096,0.1854626653766705,0.18448956579326636,,0.2065346147907478,0.1404358367996374,,0.14470242282650453,0.3233566720451604,,0.27837515527365514,0.044851725784302854,,0.29293149285348935,,0.15750710350368588,,0.27253635789061487,0.20732121154189542,0.23749514677710457,,0.058288339311283834,,0.17796711168214,0.2922661470856246,,0.1827937975258199,0.23588574259253417,0.2500062224783319,,0.27288914412696125,,,,0.2923511487932786,,,0.2819564714396058,,0.2055166684830498,,0.21936685065199826,0.2926652163862483,0.250597993941971,,,0.37191186267780885
SAAVR,0.2523860255147289,0.2773785239928932,0.3601454340811654,0.2306194150601657,0.2794560816472817,0.38471756120641326,0.29650353773234317,0.2211747181705529,0.30282713279457246,0.2859580948423164,0.26054069892162596,0.28104133206952,0.2019798463485895,0.3036064403461709,0.2332864224721963,0.3076102586792618,0.19239975895704683,0.2665943518118992,0.24929571235223624,0.2609918357022389,0.30090408831927756,0.3302421557230784,0.2666706615006889,,0.21225661860624342,0.25317888680693973,,0.22029315940130395,,0.23647813134820495,0.2647292893045522,0.25390637952828565,,0.23842085182448347,0.2311384929178977,0.2866879687721755,0.17680711261896193,0.2701606763210179,0.2285520368717427,0.19019986066092995,0.2613247617620131,0.24009231594482924,,0.1782619228408379,0.33358413497320455,0.23165867747545374,0.30597915896072037,0.24245848893701516,0.2758463615213504,0.20685986048736257,0.3106831788077956,0.22845872293595615,0.25604981359219864,0.19518936481064153,0.21033035327951954,0.2005450709949999,,0.2152990156255647,0.2732107623205214,0.32744314624555404,,0.2652054773130063,0.26430389286628514,0.16022007138018365,0.27922384212202417,0.2067047367423274,0.23026401473345487,0.185554955817033,0.18832748027932966,,,0.2726454864587082,0.38003616824430114,0.23666011755042682,0.3402207737241696,0.2977888064798407,0.28861237015241936,0.2752452250723811,,0.2994640558604948,0.29541624480346806,0.32127920157942114,0.17674832344682387,0.22761109911400615,0.22305731586258215,0.2685142507124763,0.23714153003397653,0.4041009258300413,0.22967403268149325,0.2694351386480086,0.22077358462797003,0.38667266261160266,0.24973290811835075,0.23463597414453663,0.29452121786813784,0.2314129251709777,0.1981625611865395,,0.18766260553725372,0.21410895662244117,,0.2247060039502329,0.20994621761461785,0.26447072319406034,,0.2125301470897703,0.29234008582125776,0.24018272140803182,0.18245616119364433,0.2673347334204596,0.2677185672248969,,0.2501301608059979,0.18584414351395773,0.27714975605416425,0.1975139078263032,0.23454660488836884,0.26736966832660275,0.2636687474736857,0.29102752514861696,,0.2722243210294469
SAAVL,0.294255438345459,0.27082492294707994,0.2637785210802866,0.2510350163928472,0.2807267249010508,0.23033662302346683,0.27293396160840994,0.25361041590034955,0.2502880518041534,0.2589251974160016,0.2714488369142993,0.3006186774565219,0.22460658022887467,0.3043529194548481,0.25563513941540367,0.3070920649048837,0.21372481138964064,0.28407640254541905,0.24228591671537003,0.2615991418151478,0.3014370082028677,0.24745824565763808,0.3692704181071032,,0.2462029475241474,0.29730520639363467,0.25756013356727675,0.2794916546671503,0.28080223528425,0.2528301984600332,0.25888427988053775,0.29197045611913053,,0.26746362838222304,0.26226023458812114,0.35878915296679853,0.252669477922778,0.3122287591495906,0.227363401588415,0.24727238205251523,0.35642005270152644,0.22984713134857587,0.24904669198333113,0.24656830787836445,0.34189593577889804,0.2708366463377307,0.3236701131863158,0.242238416617477,0.28918667753316807,0.23225291300176307,0.3059253633420238,0.2871221125593818,0.2785133489382812,0.23235559188924376,0.2084242693010944,0.334853498025424,0.2152990156255647,,0.2651511961292247,0.31550089112561036,0.3378870140784488,0.2750131576469246,0.21614520879771926,0.27084125796363206,0.28906884717842374,0.28755918289323124,0.327640617525927,0.2315296619968969,0.24031648202079312,,0.2521174748920202,0.30203268588678295,0.35316867999090573,0.22765002347987667,0.3356794926491047,0.2889778372982162,0.30306442713889536,0.2731373629294632,0.2862528900299179,0.2940241700632721,0.2701069895814843,,0.2072927265767033,0.3180013854272417,0.26407300413012263,0.2628414402828271,0.2434066789539837,0.2941502142447104,0.29666568520483483,0.3161602367464352,0.2771258831577186,0.27145989166239887,0.28043972723963306,0.2674324593421432,0.2736522838382808,0.2508414432842733,0.2723744499115846,0.27239189852611084,0.3100969747466257,0.30007913833879507,0.32326857088748356,0.24229606168363307,0.26951155459505266,0.2704193551827365,0.2989966343165501,0.266102764616492,0.27986465576992864,0.28332301455133535,0.26425447113524947,0.2922464533233955,0.23872988599547237,0.22714591466325873,0.29005884657248815,0.22805730907614302,0.29472133738244594,0.26251286637038074,0.244209905907846,0.30475517658548124,0.2658372679016841,0.27124810839635594,0.31314927241842755,0.32074371161638365
RICL,0.27297569366490915,0.27910299360047236,0.2803642417972514,0.2533720044331173,0.27037571540473326,0.27620588899838616,0.25901195095915147,0.24510304757419632,0.2998748454571901,0.26731518533030924,0.29166252264118053,0.3106866769915299,0.22292945336433367,0.2755071332525208,0.2529423699386136,0.30437173375097554,0.21769319754804256,0.28813620605331847,0.25643863674191697,0.2902886195591656,0.2931396242858101,0.2933533398273191,0.3368109148739714,,0.24879716840357213,0.2795117391097424,0.22928508271131243,0.23547357944984598,0.2368901959033507,0.24455345995622038,0.25408966697304985,0.24615773557421522,,0.23909208814272823,0.23960361835060992,0.3269196568639649,0.267599100171909,0.3127905034240033,0.24006618448146166,0.2420756629760358,0.3332666937623619,0.23374115698664835,0.37151837342325433,0.2613190656094065,0.41413690425651783,0.2679917053766738,0.32654388901342923,0.2713844194016112,0.284808287844319,0.26309851678667295,0.30632987197165573,0.2742170710214817,0.2745081699714647,0.23061295196447218,0.2117977477049348,0.18335417668322887,0.2732107623205213,0.2651511961292247,,0.28155979901153366,0.33162968482954086,0.19215866044343238,0.2403320823029077,0.27147771538405346,0.27712648910141124,0.2498064596220805,0.2700831885491283,0.2239084660093302,0.20207020107799437,0.25801750783019783,0.2288336279912317,0.2933544954753228,0.3042472083433729,0.2245969078231479,0.2805580973752887,0.2899411293283776,0.27958761274552313,0.26664605474272685,0.2789233495336657,0.3040629514293218,0.2654710682756795,0.373425049048642,0.23629419178188382,0.2969100448864292,0.22502938076088744,0.3096626370133752,0.2790512213547279,0.4053051705022395,0.29815955564118735,0.3867680319299944,0.2677832774269834,0.3577687004836995,0.2387074650525282,0.2580950897568882,0.2689023605846763,0.22794675139740306,0.24756201619719506,0.29943647922530775,0.312702185054477,0.2705075802407118,0.3052326970286329,0.24482683545700715,0.2532914154260022,0.26988846017385665,0.27270939011975553,0.27054862907468896,0.286790153121162,0.26382662521627126,0.24730458029293562,0.31912274402128005,0.24248269501553282,0.2961980811956001,0.3186178872828927,0.24397777923223601,0.27268911712725064,0.27320888122670445,0.2641774152166886,0.2940517480382719,0.2909561348233,0.2524539703311113,0.22985561264528476,0.319743822223395
AVER,0.32077122202128894,0.22320831965442972,0.28923370882668287,0.2952718777549855,0.2752673703899395,0.2968091315012476,0.2568324028628416,0.28823526324012483,0.26455574470555526,0.28899568123607816,0.32032519194635845,0.34135756676531775,0.2681767341248022,0.25993145457557093,0.24510939826965064,0.35079855426636164,0.24450364580129666,0.34248908399602185,0.2935885579936037,0.293345196083819,0.25156815671636407,0.3311532008656989,0.3401691533024974,,0.2842733848745512,0.2478657437778493,0.33459619039479455,0.24193733546955162,0.28734948185627035,0.26215648689567017,0.28151754473178137,0.28310805287063256,,0.2703392691149386,0.26068596592985976,0.3529655305555828,0.25766513719100764,0.33881091689632753,0.2535542013614717,0.2796986533246808,0.3673919809015793,0.244942053210289,0.37674348351335235,0.2583466632743941,0.3634192075318384,0.307188364091545,0.3794501900879533,0.24889499618948144,0.3330856754074806,0.24488060035977904,0.3716490024216066,0.31982780380777953,0.3041885582962052,0.27347604354615695,0.2565497131657513,0.1976350405868329,0.32744314624555404,0.31550089112561036,0.28155979901153366,,0.2671134703696546,0.27190337650442253,0.27031350946631216,0.32989685948152614,0.3510512918461358,0.4423754519478583,0.0639124197653593,0.25455174970034405,0.2468385328337075,0.27907426294348087,0.247712425824584,0.33956354496187235,0.14874542575711014,0.24161659050858286,0.12761866183757056,0.17445546903199746,0.1441773667692608,0.2537081917155554,0.36997709025019443,0.17165901983960083,0.13689906124077333,0.30992715029535695,0.1884300131387535,0.27588950054765726,0.24645749877882772,0.34131743025805217,0.20304035272989684,0.3188825665523531,0.3228105239833286,0.33734117541146497,0.24477168230940724,0.35738845176241857,0.2712765941043305,0.3113811496132312,0.34570492539268943,0.2707075539509704,0.24297643166079902,0.28107018239271997,0.34683877844139815,0.31843770084227946,0.2327576321733206,0.24333851836418866,0.29763016878890075,0.2412906697869217,0.2576768078029026,0.2680577055033854,0.2513004145852022,0.3260764659618352,0.28869853073783186,0.3494901483760304,0.32634799519082824,0.2692650940370774,0.3449033659210709,0.3429080114829107,0.20187224332605488,0.2764362857229126,0.3006199217268024,0.28978347270296584,0.3141688359470311,0.3026505248276093,0.2948110585106857,0.33411309924958643
AVBL,0.3725663628525593,0.22794554304835002,0.3103249572624444,0.29024602297811597,0.32100048777413237,0.36146102127352664,0.2508503235297596,0.31408779125093056,0.275651665399461,0.33638595080533834,0.36133596091324804,0.4233743613610541,0.26434774641368,0.3371583733444283,0.2422881531061181,0.42653278101470327,0.23886233705973448,0.39412444995485596,0.26154857141820664,0.32421705374680765,0.35878388824336876,0.23363956214878034,0.29415119846456705,,0.3088205862332672,0.2597963522244851,,0.32080615189648215,,0.2875695023371306,0.30720252889796146,0.374034095112777,,0.2875177174600605,0.27933617156982715,0.3632783865023841,0.2720485203969451,0.228466903079717,0.2947598782612127,0.2948515345588718,0.3450601362116368,0.2998113829941833,0.3877012623404054,0.22537149037371598,0.45618163611642804,0.37716563148073917,0.3471968975820229,0.2858786912246058,0.3483331750958424,0.30040808849575934,0.35387771608047974,0.30710774218038045,0.3294048851101654,0.3006264524362527,0.22735570376431308,,,0.3378870140784488,0.33162968482954086,0.2671134703696546,,0.2797972823524959,0.3053363498069853,0.36563413864031014,0.4138538505822191,0.2919852953117745,0.26111073428655995,0.31069320645369436,0.26476148058743787,0.20961012739088505,,0.38125835330179497,0.21088817941272478,0.25532871697150644,0.2532513167546003,0.29982603177339767,0.312724960340655,0.2690021333580948,0.29670616286567536,0.29178076231058864,0.29317367148075235,,,,0.1795887855114389,0.34909333527609,0.18061063009691777,0.29112793270249415,0.34615715504526895,0.282134210170416,0.29439259962356185,,0.32567581505155385,0.3028907466113959,0.37685046154695384,0.23773154205251612,0.05346384839942403,0.2996057083625561,,0.3262927955982234,0.22970570855492545,0.2827875509161604,0.2904882031181344,0.26213633176783974,,0.32047214873524493,0.23328733345301486,0.33461685141276,0.3919945078712834,0.3943140656168784,0.3911767934951172,0.269508532281138,0.36252557012437164,0.2764688792481294,0.28743472951880106,,0.2993799469982831,0.3679839264529938,0.34456849227047215,0.3441969008424076,0.3416791371936174,0.3550093490464439
RICR,0.2225038605903742,0.27850798470222077,0.27790001541436277,0.2460825971997457,0.2420346526264259,0.23237915790708166,0.23209021068629407,0.24843260302077574,0.2617777826759913,0.22959070000229576,0.25901753784873743,0.2653276259227636,0.21359877937264632,0.24633010234404132,0.21320798672990365,0.2521721148703722,0.20346670682957668,0.25816019111597055,0.2658174630499588,0.27538740242714366,0.30572623764764534,0.24763242949506978,0.26426740454087577,,0.2131050420910779,0.25577626264497844,0.2705015755951432,0.22499257368621098,0.2449230748683036,0.22484136642846644,0.2355043695185063,0.2588015319357733,,0.23915721953079383,0.22807185363188523,0.2919977492907904,0.21524062661522633,0.32203379826931344,0.2642175962280853,0.21006557449534008,0.3354272070136588,0.21317178729597347,0.3495823511713917,0.25129669256991544,0.323862530660831,0.22620941881745935,0.29030848192953124,0.26218356247567426,0.28561463087060907,0.28968266332758047,0.2893525267838967,0.2418416434040051,0.24445642875002452,0.1997395327072641,0.20760651000604094,0.18963540825157152,0.2652054773130063,0.2750131576469246,0.19215866044343238,0.27190337650442253,0.2797972823524959,,0.205242612457231,0.26531874995731325,0.2465438459323421,0.2476835547245297,0.28340508724819735,0.20125598583521528,0.19826090005935545,0.2533664373904116,0.23005006616760057,0.2825678058080116,0.2704332064417582,0.21218591861118583,0.2684617189597428,0.28064162634568934,0.2820290927650088,0.2616034824974569,0.2713241935669946,0.2790788422425742,0.27184329148956615,,0.24935450475964985,0.3015164492087953,0.19977368694003422,0.28390353104094784,0.2721460665616495,0.4223456193737246,0.24268338711488344,0.4279013729901775,0.28709631294761706,,0.21248914877204664,0.24166192656525087,0.24569084504269056,0.22647780171786344,0.2309673789964724,0.2616413995459591,0.28928913993501393,0.24694061253307262,0.273494546409375,0.23678145625584068,0.22248403411289946,0.24795536502451712,0.34496010551942796,0.25559426372795757,0.2441646403071668,0.23874875117736383,0.21718075347323576,0.30126073230365463,0.24726699580495143,0.24030287107706613,0.2955275251008124,0.25338029634840425,0.25355536025141295,0.3535818911551632,0.26262590471622643,0.2618107522156975,0.2806712975997906,0.26029149960518877,0.20034265963347422,0.28243577035627504
SAADR,0.23290762992238076,0.2316105223882964,0.2393835823167343,0.26556205356334195,0.29320962850195115,0.2128863019813724,0.23650116170325997,0.2624560810701388,0.23423599264194928,0.23759728391722135,0.26848174233950084,0.31701366798551756,0.21712689235449834,0.27671633023247194,0.2381389691255321,0.27330075104894946,0.18872917802065486,0.2598106933116804,0.24042953252020974,0.33411540548998203,0.2855227304676874,0.277204614862152,0.3284350449183495,,0.26082798823039904,0.2496087901493076,,0.2530167211390471,,0.22584096875903895,0.23724748865794845,0.23882472880746577,,0.2846205578363203,0.22250537428682196,0.3089070580260216,0.18706299443153757,0.30908501282495005,0.216836798998657,0.21006414144520907,0.31987339482350335,0.19162974582792025,0.25716520368641416,0.16139609918608616,0.3923963339356254,0.23116704601361446,0.3654246147799116,0.2218598228684998,0.274771240596231,0.23773677102018984,0.3074097785956665,0.3032383811448242,0.2664031413222656,0.2054639807293773,0.2352380834555589,0.22301209790466828,0.26430389286628514,0.21614520879771926,0.2403320823029077,0.27031350946631216,0.3053363498069854,0.20524261245723097,,0.39341285119187147,0.25170916696078105,0.2811637909148875,0.24121789865750012,0.25751189348802644,0.23142375673644558,,,0.3008693319666629,0.27465766199367414,0.21828910704852963,0.2762724701647407,0.2885913899040462,0.27353130807258874,0.22996745735345664,0.24957992149292474,0.29165585489790824,0.26188074780313175,,0.2311481955019656,0.264090599900324,0.240186494442085,0.28224355699058923,0.217081306728393,,0.28608325152748626,,0.22349123493969836,,0.24354197946446499,0.25550051444009725,0.30820368799079784,0.23843743104851273,0.20273813197225624,0.28710391945681335,0.28182374329498044,0.20198765636433166,0.22066496395737942,0.24941578487629668,0.21811850473915903,0.23860039786974654,,0.2583249572789641,0.24429766041761214,0.24626003758687187,,0.29766368393421705,0.26926704145609104,0.2874824319720911,0.3254196645031608,0.23502191840292053,0.20527095540839918,,0.2677081492245306,0.2900681627559005,0.2422143442954657,0.2551541262927011,0.28799539075472436,0.26528791917477795
RIAR,0.33929426255911005,0.29784572169220075,0.27565738643451687,0.26087769306795644,0.322976646488556,0.2797854884901975,0.2636634585481149,0.2812674139442089,0.2651528680642321,0.2775148171035784,0.31913125983300394,0.3019930808882412,0.24564012539517424,0.30936977521604836,0.2697100311824026,0.30638140228489225,0.2451752516188034,0.2883560238644299,0.24572412422321555,0.3016110993309491,0.30680538528349605,0.2369072888270558,0.3175094839351352,,0.24393467851519843,0.29804705017220684,0.26402471863730026,0.1906958056294938,0.27442267833635964,0.2522222523163567,0.2846342722358795,0.3209815788534011,,0.2587597798922657,0.2764862762242798,0.3656850981817448,0.22269140280383484,0.25341165203674404,0.2445794949235501,0.2449186753615642,0.3538478979550648,0.2758912783841784,0.3014954300018939,0.3020980209652799,0.31246046024984453,0.22389602734993455,0.3572718279265352,0.2540341866453804,0.3048178383229524,0.2785679986087075,0.2772042289343887,0.2944675280561134,0.2854651021181934,0.26686638036117805,0.18925599185549843,,0.16022007138018365,0.27084125796363206,0.27147771538405346,0.32989685948152614,0.3656341386403101,0.26531874995731325,0.39341285119187147,,0.27691039059353767,0.2630780902859801,0.3451772886527784,0.26134210539606456,0.22410576923095626,0.29629429389413237,0.34750378583543007,0.3031270394529517,0.31613162483283935,0.24696066825575724,0.33441786320832256,0.29727454705013107,0.33469932132464764,0.2843967932267929,0.3081267459726023,0.3272546438343214,0.33878310230495223,0.28497275326480703,,0.17035700001515375,0.2655674497796396,0.2873729826252856,0.3128731112203734,0.38280317866533253,0.2973663257650844,0.3207371804182408,0.3422455666286451,0.32706341773219455,0.28359362254218895,0.2420947190244924,0.29356567925871296,0.23508265389945948,0.26220832786352,0.25460235487026645,0.34722270764880664,0.32172009452190536,0.27947651814193686,0.2383814685073015,0.25186508507762656,0.2973886774293694,0.3277561932302957,0.2845917870619996,0.3116707662849479,0.31808533812169787,0.30032450070294286,0.3136650472586221,0.27897995405688014,,0.31221354658362727,0.19861170375057768,0.32478178701963384,0.27671929966102227,0.2880572530658473,0.3101510800995778,0.28906972287839694,0.2119047585303883,0.25991201680670073,0.31243726448633774
RIAL,0.32140232589279594,0.3063297935038357,0.31631719843479766,0.2918612455797688,0.32852957232375307,0.28223263136947735,0.2803354440711415,0.3056500576418203,0.30754934325707545,0.30056781463994936,0.3172170257421729,0.34103346745848057,0.2284058489486246,0.335811055813358,0.2754458237516079,0.3387866544393741,0.2413556133209093,0.3279541168006583,0.28116174123374577,0.2829839361662464,0.2510355773036501,0.2927396769006447,0.3240663966752425,,0.26361704235906724,0.2947506143963123,0.3053759908826978,0.2710807669981572,0.3068331147254119,0.25731622818173594,0.28256892149104434,0.29564925759424715,,0.2820142349173761,0.2727869920090358,0.28481662308936634,0.2506521386403229,0.32429019417856164,0.2587311266343801,0.26349257464750536,0.34783679933757045,0.26434365473846505,0.2484205964413333,0.26417828545913596,0.351349727667496,0.3027289917523163,0.31996091564327644,0.26966603538676537,0.31328003213691163,0.24445739676158418,0.3025643882757111,0.30376730178830036,0.3016063210575121,0.2589154363211066,0.229460136617303,0.3293964458925543,0.27922384212202417,0.28906884717842374,0.27712648910141124,0.3510512918461358,0.4138538505822191,0.2465438459323421,0.25170916696078105,0.27691039059353767,,0.24723070847732723,0.3479073461540173,0.2604241291493342,0.20961367191337701,,0.3763922469968259,0.33472847715760384,0.3911667887035004,0.2671466342620772,0.3781870491955043,0.3486430628892125,0.36284466000687016,0.306282407409265,0.2945871724337352,0.34517858255859424,0.3583620453921111,0.3552656695087998,0.31720087096215244,0.28407644366688567,0.21619134737280693,0.31994236986001756,0.31789706874756296,0.3613604928243157,0.2836408225289616,0.34327084283421744,0.3281992929344094,0.38165738638813285,0.2644352907247252,0.2734106795708534,0.31835521600617206,0.24233919986268598,0.20524811487917863,0.2651371147257805,0.3186923896151879,0.3124851123361277,0.2922614570764993,0.2587303786528393,0.2860678182308045,0.2625844467214462,0.4078902726969438,0.29106922283408926,0.32510186652273293,0.31871548239094205,0.27472495093510946,0.34366687661971745,0.284283080583323,0.2563761681460411,0.3426704409747863,0.2815297163947277,0.324033644711507,0.2989201506296973,0.25468289873934696,0.3382612082176502,0.30223699011674965,0.2878452127191841,0.2983720175939202,0.33593686625047126
SAADL,0.24909496379368148,0.21726140120047083,0.24081694524096273,0.2226898928616722,0.25054705085693313,0.2023401791742344,0.20496221224794015,0.22674506766782865,0.21430713151752598,0.2413980841980245,0.263435976517266,0.2511195091579824,0.1626646488249074,0.32494708147696394,0.2154465152242721,0.2713329124810395,0.20617506322394263,0.25723519838707487,0.23819383927856813,0.24774265810369536,0.4075031604563682,0.2414808710516744,0.21780720231538886,,0.21902878003898926,0.29056360528613173,,0.29510984023174164,,0.22930500530496467,0.22588849697456412,0.29241592721996473,,0.2889397242646323,0.2137183170949899,0.29242447042109077,0.1893382522982409,0.22129607437715187,0.24707141029669336,0.2026368677231382,0.2848365225673002,0.19733668791664782,0.2655822344774803,0.14094364813625984,0.33840360061864216,0.3003161660920604,0.29949948759738965,0.25067092411872427,0.31537566545295975,0.40951960331763104,0.2678114775917489,0.2686498745046407,0.24555934190167597,0.1981221025489446,0.23414652385144577,,0.20670473674232745,0.28755918289323124,0.2498064596220805,0.4423754519478583,0.2919852953117745,0.2476835547245297,0.2811637909148875,0.2630780902859801,0.2472307084773272,,0.3205102541391894,0.2584556929699486,0.22371465255630651,,,0.3102390692399692,0.3308542624737379,0.22199381916086477,0.3623405953676179,0.3231995180270444,0.3093621908398276,0.25323597632272726,0.28421251919473733,0.3034298674767215,0.3047898948081562,,,,0.19974094546371104,0.26076777045983196,0.25806387510135415,,0.2612968722847806,,0.38325882602104494,,0.24568341921538558,0.2299832015065163,0.2591590692287545,0.21516954267703764,0.19280833385958282,0.30467447537897446,,0.34694249496707613,0.21018096122291238,0.21433662322375777,0.21542026137280698,0.2660477356554634,,0.2643113748427963,0.2521997288182314,0.23757623652682153,,0.2564870932717749,0.21486216822935014,0.3191839158065058,0.2787797376208614,0.23370515995938873,0.32018223235623894,,0.2450705777776089,0.2520655141727179,0.28937707425760545,0.23619331306632224,0.1921463616099888,0.26754597962782917
AVEL,0.33033276647832627,0.2103378615115934,0.28783918304900896,0.3031588061164562,0.3146646204548116,0.3094249666172228,0.2719947501445878,0.2828285969075053,0.2439075965170235,0.3112940332892052,0.33347852731751254,0.3257447919183624,0.25948327274420807,0.2247754695738535,0.27449527327732093,0.3504629907324583,0.2433501476241681,0.34904703237002144,0.2881607082026885,0.3223575780042272,0.22532245909502344,0.3496345335812361,0.3088996486384646,,0.29336813824151126,0.23298792697336523,0.34246622124878323,0.23350947760547594,0.2901259408177755,0.26908163017667797,0.27117606127283567,0.2778313125956683,,0.25913323230966584,0.2663345632125849,0.36205268386735817,0.2656469800838126,0.31482616476521247,0.27093613952079093,0.2548854650181118,0.35755801162845857,0.2527661218806175,0.3363626288296005,0.27392298749082966,0.42030946245722894,0.2975040970343194,0.3760686803663277,0.23614380318237788,0.3261898417020613,0.24386647100467584,0.3580486291123894,0.32287388545133333,0.3123326212932368,0.2535074065027659,0.2608289112388376,0.15563436079713536,0.23026401473345487,0.327640617525927,0.2700831885491283,0.06391241976535929,0.26111073428655995,0.2834050872481974,0.24121789865750012,0.3451772886527784,0.3479073461540173,0.3205102541391894,,0.2602101873078394,0.25246379279786674,0.26532020660381356,0.25884988808838644,0.3300789058903987,0.07017121603949754,0.2502336053845668,0.08192481518777683,0.1431617410928549,0.11220480494441837,0.22175711857907873,0.3697634589931148,0.15328465590939805,0.12667836197701351,0.2905910719989741,0.14833053240890937,0.3941388362757332,0.27050741474067636,0.36588005626631104,0.16246965900859847,0.3886610472065699,0.34358095497141006,0.3659863814500605,0.20517910636073103,0.3508763218249237,0.2597595585347547,0.3060113216715987,0.34495474268063187,0.29658368277692093,0.22206030074444771,0.28877838770151476,0.3078113904126167,0.3017670557320144,0.21358377148368501,0.2463649879334783,0.28276153741260607,0.2473029350398813,0.2653774746745173,0.2529164675511009,0.26057032066670516,0.3033016971922593,0.3367564311166378,0.34134374949925306,0.307460427055685,0.2583502532693205,0.3437384539358314,0.23698285072699993,0.18051549344169018,0.27839880840169606,0.3230395264493349,0.29496497656829485,0.3270260674112865,0.28963804577695756,0.2933089832097341,0.34328152264959794
AVJR,0.23572168689629036,0.24485515228408586,0.2775544006507951,0.2152291846723489,0.24686506064570493,0.24719072427791994,0.22492495484843483,0.2186294899708952,0.23113674906366619,0.23185151748346197,0.2387238309120251,0.24365389719428107,0.19748995105079908,0.25530916873642934,0.2353128446037722,0.24214865561039167,0.18619212311611255,0.25925755683829166,0.21900139952599745,0.2248898677609772,0.19309309576741887,0.31587859357302545,0.22734649074868662,,0.2151223399400782,0.2395089041319207,0.224335689979483,0.22070153742993856,0.26249559611427536,0.2308656160180799,0.23531380488157214,0.23328184749973616,,0.2103391337376004,0.22240662244862364,0.24034646241748417,0.18588265598697026,0.2326523745039267,0.19075951726845958,0.21205620012449833,0.2640435516779025,0.21629688316050277,0.267864211909382,0.2058829478932516,0.25574290692270457,0.21727679631708183,0.208847158271987,0.23485841263033005,0.22693661978980126,0.2375596099152477,0.2898361912623481,0.24896387336291337,0.2235513883454691,0.19443580579155653,0.19887788229007955,0.19222612193873836,0.185554955817033,0.2315296619968969,0.2239084660093302,0.25455174970034405,0.31069320645369436,0.20125598583521528,0.25751189348802644,0.2613421053960645,0.2604241291493342,0.2584556929699486,0.2602101873078394,,0.17219314948851847,0.17400393323597219,0.2052604449303282,0.24105404597528443,0.24492907242905604,0.22367125675754704,0.25243742127336793,0.24557975504005067,0.24589686311844916,0.2529624208396521,0.24229876483634988,0.2588562494181997,0.26053424081036725,0.26295822456604634,0.17587959388582763,0.2181411298800214,0.24469977314485178,0.2337798742282886,0.24217400408431392,0.3223739947868814,0.24272519696621245,0.30850364958960597,0.242182742720751,,0.21336006856966358,0.21853827391790132,0.24705945114187688,0.23813880971304244,0.22277143667335197,0.2867096550423081,0.2392685277135782,0.2614364078662541,0.22440322101839494,0.215376172774715,0.22285925876034554,0.23140673612836712,0.3424825119620199,0.2401750500490837,0.2490376613023783,0.21479450190491123,0.1970939866557456,0.26916447804033244,0.21354327183314314,0.2284916118492279,0.2633494627638486,0.2414755395326878,0.2570570694470693,0.17058284364773854,0.25502373010108675,0.26066146884076574,0.26103712617092323,0.25647546415665606,0.23986135172757345,0.2504135816436515
RMGL,0.2164573579191285,0.21823354435294998,0.21141610165555455,0.21542913570538647,0.21381230342384044,0.22242935870189207,0.2336513299949279,0.20588291527911803,0.19711346451899783,0.2110648842083521,0.24116094464172777,0.21389875943868897,0.2148268297241171,0.2543943878496485,0.18968418451098124,0.20900860215055084,0.20014343062441398,0.21972992985153747,0.21041401924457348,0.20130223598421473,0.23789848216125548,0.23608974844387365,0.19709519299075035,,0.19751222107601954,0.21456680059459537,0.232520698017288,0.21522128980416294,0.1871533639630912,0.20969460686917546,0.21380514817661647,0.2263527158746541,,0.1840598135444477,0.18058179055957296,0.24252491780132468,0.1647376750889076,0.19703027886017174,0.1979197450890898,0.182847736801367,0.18843415912164685,0.20560545696243332,0.19584057019770348,0.19835308226408674,0.21821708641717244,0.21270285401484945,0.19964306269482904,0.19786260684079213,0.20850972792807543,0.19785912287664714,0.211191573587487,0.18599672225308603,0.19475119335703153,0.18808990909127743,0.17921292179974255,0.14795850353369533,0.18832748027932966,0.24031648202079312,0.20207020107799442,0.24683853283370746,0.26476148058743787,0.19826090005935545,0.23142375673644558,0.22410576923095626,0.20961367191337701,0.22371465255630651,0.25246379279786674,0.1721931494885185,,,,0.21404780766249118,0.23812255422388043,0.20333441387481507,0.21267765830844093,0.24033934614924135,0.2508994158044448,0.2107565917084363,0.30401068593569736,0.24261186528176615,0.2521962681997997,0.23301541069270232,0.1567682062416839,0.19021977211346552,0.21937137093294512,0.2424323710373109,0.2107453458258676,0.2849842345923599,0.20673475243177963,0.18155052964765653,0.23553756291868957,0.23569296957163335,0.22735546881203575,0.2095246205478086,0.20845424387831443,0.22517737859719933,0.15880015204627118,,0.14009700249962398,0.21549685790403797,,0.20153969311658648,0.2263116814374768,0.21464974464185851,0.3324032549694208,0.19115822289761297,0.2077862148232485,0.24001266766966553,0.17077344740381176,0.2090393298588463,0.16970299564573343,,0.22465928584275888,0.2522949664787867,0.23256490716864286,0.32263156828603723,0.1971094435458593,0.24622970541374545,0.23184383069792447,0.25346911690179674,0.22883254173690504,0.2582234932302534
ADAR,0.27532978408296355,0.2336232661530459,,0.23077320809420016,0.23570978387027686,,0.2641853285081922,0.20909138633118654,0.17187142968065755,0.25572305863364625,0.2362720997832176,0.2309531666522896,0.16567707347528093,0.26633097639401954,0.21575768391965272,0.2479821562116686,0.18664180341412667,0.23904739653433166,0.23410050279955036,0.24405538169207536,0.18199530206656428,,,,0.2020895618305239,0.21460482080636165,,,,0.21239769368933545,0.19694071476228886,,,0.2201320309599186,0.16250518611955359,0.24245775611195958,0.26365694215299174,0.21568600184909253,0.2325314119470025,0.2461550131465638,0.25596299699192676,0.19649976383061918,0.29636299551652173,0.20932920363631177,,,0.2188453300127116,0.21805489417369903,0.2308707787161407,0.19526608525865932,,0.1827058964439869,0.18485575609803176,,,,,,0.25801750783019783,0.27907426294348087,0.20961012739088505,0.2533664373904116,,0.29629429389413237,,,0.26532020660381356,0.17400393323597219,,,,,,0.16972271084218726,,0.24006100566744437,0.23934199649927673,,,0.2656416175177773,0.2330953671621061,,,,,0.26113282211227157,0.22939384753976377,0.25418179734111346,0.23849070218767676,0.22802890086975572,0.22522034123160603,,,0.2010274986676781,0.2293635822381339,,,,,0.22956346727607,0.23350467590701976,0.19445630795150726,0.2426959738454675,0.20973681678949183,,0.2173932943539468,,,,0.2563828617087199,0.24229727404798865,,0.24205748424949028,,0.20423708548380323,,0.21114357155531846,0.2824583674780456,0.23584434182547379,,,0.24602134289645253
ALA,0.2636182657230612,0.35061066631536797,0.3325523784430038,0.2811535818584659,0.26975075985165925,0.24576382283624212,0.3822827690106086,0.2725024036682203,0.2830974337644355,0.2951767701208604,0.3301656495099124,0.25731258971313775,,0.3043596621830268,0.29880593155795965,0.27907364319679295,0.3037225301198014,0.2865295389186079,0.19091078299872083,,,,,,0.25465053038642194,0.2706078066702574,0.25164896197944375,0.3114986650884356,0.2862435763726903,0.2907080633835426,0.3112778677507242,0.2743424768461482,,0.27478579169269185,0.23316522475911727,,,,0.3362558198352568,0.17846751974013522,0.3286874411903251,0.22774461005671442,,0.22056404216426614,,0.19389324517199907,0.2708242528082084,0.3003501527863837,0.2547259080615393,0.2776511573491969,0.23587040935477976,0.33613301524852485,0.2500019381813132,0.25792133226295166,0.15466199826947857,,,0.25211747489202024,0.2288336279912317,0.24771242582458397,,0.23005006616760057,,0.34750378583543007,0.37639224699682583,,0.2588498880883865,0.2052604449303282,,,,0.32113489821227553,0.28834929193349074,0.2127679445607501,0.29570428324073184,0.35647400972848914,0.3628884154046942,0.27657621782415515,,0.3495090531233042,0.36856625059490566,,,,0.252173653840652,0.37089374692496974,0.26242993554230903,,0.3169743612063748,,0.31210153051727557,,0.25193634447397123,0.2507713287494719,0.27325490839997946,0.35320430794015484,,,0.3021115846323238,0.28586544554400184,,0.2665451266443564,0.2844155731864163,0.25471268002705916,0.27639641107400786,0.2958564028188947,,,,0.320411612829532,0.27605863927965874,,0.3053120916938573,0.2866678433680317,0.44196015773950853,,0.2683922116903762,0.33281164747029107,0.28065209903111865,0.19617862631551547,,0.2848495277061832
ADAL,0.3325634381502373,0.2957561738240161,0.29166989331254073,0.29533031502079804,0.3072022790235059,0.29600627905841786,0.32542105812070604,0.2916445614760499,0.27492191678885647,0.29152905144410735,0.32388590725587973,0.3136849898754781,0.2160501374647837,0.3318918633048147,0.2762989399928412,0.33100682135199444,0.24768077317702455,0.33956958579942254,0.2761040276179099,0.2868658877370451,0.36165684375358814,0.304393679273518,0.29477045883285125,,0.24471376365397407,0.28640141540270664,0.27522665277957015,0.2660818831212347,0.30565423179306866,0.2474038676626651,0.2901234195031134,0.3275839552253957,,0.2629584546947828,0.2568716835237105,0.31917042596941864,0.2716268403731129,0.3086699671594385,0.2644499020443137,0.23277224057415133,0.33812580338888726,0.24522094805238634,0.3296626349622133,0.24029615826279377,0.3889369579351136,0.2770227930464426,0.31132787160783026,0.24361336464815964,0.3037225417918105,0.24410183432572902,0.31439914960130194,0.2740577510861457,0.2861753845281482,0.23139886846226437,0.23749182846757744,0.25062979540916647,0.2726454864587082,0.30203268588678295,0.2933544954753228,0.33956354496187235,0.38125835330179497,0.2825678058080116,0.3008693319666629,0.3031270394529517,0.3347284771576038,0.3102390692399692,0.3300789058903986,0.24105404597528443,0.21404780766249118,,0.3211348982122755,,0.34076340308614095,0.27082630693239623,0.3360763774616697,0.3359507444355494,0.3532548733954556,0.29050429278370066,0.3499493783675278,0.3318037284320679,0.3414701142822962,0.3075204916920967,0.2331723274264378,0.23546864425751393,0.2637168167925852,0.3492414488317193,0.2988792947102247,0.3526823398965583,0.3068784616358744,0.31604876679886834,0.34605063840941214,0.3384576928209414,0.27690992520920854,0.25389732411490146,0.29932510028473464,0.2602458305951966,0.25926093299587166,0.29632984831830156,0.29348697419828973,0.3179197865833149,0.2212267921564251,0.2635847675781898,0.27144493690889226,0.2760539076084398,0.35088802411392866,0.27596443068849086,0.3004021259235178,0.32471619642200833,0.2624893756936002,0.37479194924153497,0.2809739622183849,0.2620155564518485,0.353169516158159,0.30140719776584063,0.3296463666043433,0.33944660931969645,0.2880254866276114,0.3479900223753941,0.31383800336253787,0.3149354329142912,0.30563740245462,0.33925008201856005
RIMR,0.2932509536094117,0.23955645860420247,0.25412506166008847,0.30568227051326496,0.2915158211490397,0.2695303192763977,0.23415082490057895,0.29913566375848694,0.2858074116322326,0.24837040642614863,0.3037670556546616,0.3384135952442687,0.2526777351393148,0.2509278825555593,0.2267706003699447,0.3516579603612808,0.26740813099300675,0.32243059486739967,0.354258550347486,0.3221330584340203,0.4205589801863884,0.38704981232626995,0.3975415868763456,,0.26132054766088647,0.28964088766123935,0.28994008880002964,0.25203462770819884,0.2855460644789853,0.25943412688434664,0.26107897609401204,0.29907172653537917,,0.27319821917739656,0.2374727692250435,0.39215839008209796,0.27358725068860484,0.354980492453654,0.2433515821403636,0.2843830097482075,0.39119791732978115,0.2512271392233647,0.3692429237596197,0.2442125497141871,0.41875547526915985,0.30016012660618646,0.4599668927932731,0.2417966737433354,0.38111640261487567,0.25533417639036354,0.39387966003052255,0.33539265343122837,0.33895901422066477,0.23555192815027085,0.260158772867514,0.24938104859822036,0.38003616824430114,0.35316867999090573,0.3042472083433729,0.14874542575711014,0.2108881794127248,0.2704332064417582,0.27465766199367414,0.31613162483283935,0.39116678870350047,0.3308542624737379,0.07017121603949754,0.24492907242905604,0.23812255422388043,,0.28834929193349074,0.34076340308614095,,0.24630653359757249,0.07151214172380543,0.18694440173028773,0.10297892052997067,0.2735376226479475,0.12618237053674058,0.20104245188945072,0.09921635666807782,0.3527999009493986,0.22690208375098136,0.2109973666426479,0.23629418600899935,0.3965773140678242,0.23072134378646184,0.353201889400115,0.33311094766215454,0.40019244703929874,0.283356572786903,0.38596618654792586,0.2919948928538031,0.34989146542684235,0.3364997681314158,0.23066326206651744,0.21217154453988998,0.3052842751533356,0.43246409337255753,0.25668525890761545,0.3024368856382698,0.2615998002053443,0.25220205109902694,0.25918941924658945,0.2280163694633036,0.2222368352657158,0.20815465971293393,0.3254555461890296,0.2636602694470846,0.34608668910289114,0.305581215605562,0.3073574331523805,0.3559235000717122,,0.1908450871287596,0.3237474632273612,0.3145787434552371,0.21049935664823424,0.34818810563867053,0.313260444752254,0.23387059814023017,0.2491781747112606
AVJL,0.24112804042802946,0.24961347779440624,0.22515167439178393,0.24177536147598655,0.2474634599737389,0.24196420800854695,0.22831797715632487,0.2488069670091586,0.23525693848746004,0.24354287147483986,0.2765500815098085,0.2734533491317548,0.2251657351638557,0.24276778453188388,0.2342192181373728,0.2851315304637796,0.1949804722344635,0.2688536419009024,0.2285619067004144,0.2566559368863224,0.2747720957602224,0.25526402896501393,0.2655064273229565,,0.23640426635802897,0.24526705571365795,0.24841249252365372,0.21839681690187956,0.2681099301539831,0.22870182241475204,0.23302512989405025,0.24305045654432555,,0.22222851469713747,0.2495924647840535,0.28568627092239673,0.20870343051818094,0.23536077517699752,0.21292726764712602,0.2231260244841518,0.2859130523698604,0.21364848746426943,0.2715742872861971,0.2083888146619148,0.298992818890928,0.2298625832809826,0.2709146385556032,0.23614393311626933,0.2611430529368556,0.2205790617829628,0.26555998769625233,0.23729110914048343,0.2427395203023125,0.2123188019400397,0.19866787076677325,0.2241763568531049,0.23666011755042682,0.22765002347987667,0.2245969078231479,0.24161659050858283,0.25532871697150644,0.2121859186111858,0.21828910704852963,0.24696066825575724,0.2671466342620772,0.22199381916086477,0.2502336053845668,0.22367125675754704,0.20333441387481507,0.16972271084218726,0.21276794456075013,0.27082630693239623,0.24630653359757249,,0.24820500918706964,0.25503482390899873,0.258338005177368,0.2315412153814139,0.28664548990773214,0.263202208617294,0.24807496555937888,0.2842062641404021,0.2426954238458581,0.2095054349991664,0.24702839252277792,0.2587341055366997,0.23408077600773547,0.3172044102075322,0.24174950812980806,0.2779600773540848,0.24932126041174027,0.27789519950329034,0.22917236123430476,0.24566062964512286,0.259248126063436,0.20300548272371602,0.20598810162208417,0.29105353969978515,0.24049931170453442,0.2558109511605535,0.2728919356273279,0.21164636971989556,0.22781607370985738,0.23902567220621834,0.2833086739868856,0.21950541578578378,0.2434066434494387,0.215121192266827,0.25325869919556715,0.2792470141970546,0.23096003203385962,0.2091849146594416,0.2744318409581115,0.22282053143985997,0.24407565766476103,0.17738911940359128,0.25735446964840514,0.25459588167206504,0.2516956343398937,0.24677831054250052,0.2616413789333165,0.27850688362101567
RIML,0.274964045217091,0.24259459307173595,0.26557504759878475,0.29254581631080406,0.30470844085576565,0.30392976489313955,0.28373593659138135,0.28156728983437546,0.2549846338721009,0.27455573724230325,0.3063331820798402,0.33035291269188327,0.24102191041415758,0.23487453054044174,0.24722562204033904,0.3606471087832176,0.2516192684265566,0.33940541582870515,0.3104779002641362,0.2957809723236231,0.36784387437670696,0.3763476673166073,0.38010959856951754,,0.2499034298313614,0.28495840853582194,0.29795998295478376,0.24056811931231956,0.2832283930012428,0.25567255319393484,0.2602492400653573,0.2822664123067832,,0.2814526346913223,0.2134255786136947,0.398188232978594,0.27161257781370163,0.3975249236255913,0.2627830717751213,0.26136213568051525,0.40747240973035526,0.2451235871069164,0.40644954876469575,0.2556197952562061,0.40780406797323676,0.2966165653944002,0.4810538397163294,0.22909403905035175,0.36044177802516647,0.28307366316464844,0.40843917056920326,0.28440885238852265,0.2937447492298381,0.2335351083435373,0.2566687000919206,0.17271012294476235,0.3402207737241696,0.3356794926491047,0.28055809737528864,0.12761866183757056,0.2532513167546003,0.2684617189597428,0.27627247016474066,0.33441786320832256,0.3781870491955043,0.3623405953676179,0.08192481518777682,0.25243742127336793,0.21267765830844096,,0.29570428324073184,0.3360763774616697,0.07151214172380545,0.24820500918706964,,0.1493695610360664,0.09399196217640775,0.28628684288885264,0.17379212740837857,0.15785371318859173,0.09814457317471263,0.2801641763152678,0.1984011885966141,0.23555269714369478,0.2390673748376374,0.33948844275658085,0.24938740816795643,0.3803961110391543,0.3289068038937561,0.42067981082878303,0.2935244661262745,0.2734510618210568,0.28318163244335204,0.3121590190122591,0.3152028192471532,0.25677591697397684,0.2606165801989919,0.30706708988573095,0.3117384093763801,0.24232498717918896,0.3166835830712288,0.2684160564435735,0.22068174139649183,0.26434929493514586,0.26398541279320586,0.23484328339492724,0.22473568919241238,0.303654278066048,0.26372473410261776,0.29997398096429323,0.3398368879494723,0.31155113953618996,0.31061406285976595,,0.19797160251357013,0.3163336654349516,0.32535763146027363,0.20334975426984417,0.3477112199032567,0.40560494931220725,,0.32271437286559634
AIBL,0.33123894050993513,0.26996872428535773,0.29651244238939023,0.29763202357496077,0.3000611341884041,0.3003884825106813,0.24355342291743143,0.2960541469958438,0.27722004051745996,0.3033764467126298,0.3555935624380365,0.3537313539348268,0.2566731472136073,0.23917824330986012,0.266658430278381,0.3625504305510351,0.22529126357156107,0.3647028931469664,0.29602844299451064,0.32780975651469396,0.2931090023363259,0.3528780771492537,0.364884151737464,,0.26034197412656035,0.2631994533720545,0.34071705440428207,0.22592761166278985,0.29468783447298547,0.2550288675363503,0.2846492822299559,0.3196485878998327,,0.27951351027682103,0.26914559451171866,0.3927562944022202,0.275396174564814,0.3462783221194676,0.27578522028169206,0.2643911523702441,0.39339895076391357,0.2478346740329143,0.34539337770095585,0.2728521564799857,0.4293380430179434,0.2667269880668854,0.3973966155601718,0.24908706794943752,0.3244111157863898,0.2757534581475544,0.36004063968192546,0.3087422746025926,0.3201959580425922,0.23851567110565502,0.24972468167136386,0.19165168265385096,0.2977888064798407,0.2889778372982162,0.2899411293283776,0.17445546903199746,0.29982603177339767,0.2806416263456893,0.2885913899040462,0.29727454705013107,0.34864306288921243,0.3231995180270444,0.14316174109285493,0.24557975504005067,0.24033934614924132,0.2400610056674444,0.35647400972848914,0.3359507444355494,0.1869444017302877,0.25503482390899873,0.1493695610360664,,0.1801995576946604,0.26508863374006897,0.2923555113957344,0.08827252451861979,0.18461950317357623,0.3284917908022199,0.14636319052465324,0.26727736756515263,0.23464607729116835,0.3410716057199124,0.23823255509684138,0.34319272544070145,0.34482591570743143,0.36806838403752834,0.27261326487821275,0.3828923031625425,0.2860121725427369,0.3093213927704826,0.3284101885559152,0.24620080731714353,0.2395761303433697,0.30522596289252396,0.3786402495240909,0.3153297160566144,0.2675504757424905,0.2685221083706359,0.2658143796466417,0.2671604452664455,0.3188800641518255,0.26493387607298957,0.28559843659405354,0.2998465704099256,0.2909346024241255,0.3271694217214048,0.30586152232616337,0.2854340415450066,0.33417069621179435,0.25911397139442605,0.23819512409679502,0.29747098496767443,0.3214480443795617,0.29830755016344984,0.3397103711651592,0.2993811670431114,0.31523733358986206,0.34908942621078687
AVAL,0.3419481064790664,0.22565226746961545,0.27472081925117176,0.2873276960535525,0.30312544795497376,0.28828802908122686,0.24954684126063825,0.297778255485684,0.2584517382115478,0.29942298103985376,0.3282347058205212,0.3528256003916132,0.25494281584685324,0.2555671729752968,0.2700062530621864,0.3524458085655849,0.24789514018758457,0.357961815317878,0.2903726968228981,0.3287766484982655,0.2786935423450964,0.35675620517536993,0.3484064762288394,,0.2767743605134852,0.2485792231429889,0.33441342549392444,0.2268264590505174,0.3041431932468625,0.2704279349975242,0.2978218979827603,0.3044038113198227,,0.2756943857972088,0.26767632501917077,0.38282812398229227,0.25603125261202403,0.3415758128342384,0.24122311557738113,0.2971928600680901,0.4051265863900988,0.24895488471854488,0.3939492893432271,0.27316887496236447,0.41667944358412257,0.2852193103736444,0.403386270176307,0.2624187295103418,0.34439219268722976,0.2883599549744899,0.38129801105569067,0.34250925675469424,0.3322395375881025,0.2549408559937982,0.254259598929605,0.18546266537667047,0.28861237015241936,0.30306442713889536,0.27958761274552313,0.14417736676926077,0.312724960340655,0.2820290927650088,0.27353130807258874,0.33469932132464764,0.36284466000687016,0.30936219083982763,0.11220480494441838,0.24589686311844916,0.2508994158044448,0.23934199649927673,0.3628884154046942,0.3532548733954556,0.10297892052997067,0.258338005177368,0.09399196217640773,0.1801995576946604,,0.25706843801510176,0.362836874584444,0.17948068582002857,0.08754541181850675,0.3302496252757522,0.20490260244663014,0.2902618247160197,0.2559720449026726,0.3628820529504518,0.2304167006094145,0.39656121670262046,0.35048660325511727,0.37009641632540496,0.27325225317292656,0.34972108191945783,0.29322654256794045,0.32225663824140777,0.35627402764622135,0.27492935140695834,0.24159996673163214,0.32327005821586924,0.37670381091074157,0.3305734080586834,0.22778735387688467,0.27891532092005694,0.2807597314278923,0.2458448121175358,0.2722248813589545,0.25028981094878977,0.26747939936816995,0.31953874618596373,0.30005795829825166,0.36167020214476936,0.31185894721034935,0.3247943737349077,0.3695131029589754,0.2456658328836754,0.20537005309673848,0.36466972487599314,0.31724386315171915,0.3191368079850893,0.3649053128534886,0.28139480735841776,0.31602061350328475,0.3601004275946724
AUAL,0.2925881969314127,0.27732228681587995,0.2723180140292764,0.25809091161255565,0.25627104342593254,0.24844111107628689,0.22835108745703495,0.2581865075723879,0.2563652661270067,0.28698394353795686,0.3013063813047123,0.2974287992617063,0.23951790131657183,0.2483305233862384,0.23974245705213948,0.31385262384748863,0.22837081728239172,0.3146610344164593,0.24443820476280104,0.2683906268362695,0.25968685803133057,0.2614134043494131,0.30762087030438073,,0.2524543956786273,0.23120115169260247,0.30082033606360686,0.21840546464276014,0.28291914525672196,0.23581408172731547,0.24155761383336702,0.2629462914627621,,0.23916691013401897,0.2474136547619065,0.33117322745973105,0.24390658140808813,0.2816837361749908,0.2112877943874264,0.2267570248579556,0.31667133325567265,0.23536815574909298,0.2559057996289006,0.22268548864674975,0.342849705614382,0.2559957050805177,0.33524954887558,0.23508388385242343,0.3155672755488472,0.2157295935628492,0.293220914040758,0.2847453846233581,0.25563035452103405,0.2263409756797797,0.2335252772503776,0.18448956579326636,0.2752452250723811,0.2731373629294632,0.26664605474272685,0.2537081917155554,0.2690021333580948,0.2616034824974569,0.22996745735345664,0.28439679322679295,0.306282407409265,0.2532359763227272,0.22175711857907873,0.2529624208396521,0.21075659170843627,,0.27657621782415515,0.29050429278370066,0.2735376226479475,0.2315412153814139,0.28628684288885264,0.26508863374006897,0.25706843801510176,,0.3296082581989252,0.2550641614045355,0.25577408339298474,0.25806542485064166,0.2702960905331484,0.3074545690712924,0.2165749523678264,0.30813237815031536,0.21554492548776294,0.3405478221057975,0.3151403831905962,0.30696461401976544,0.2519056144198785,0.2857864916372903,0.2476515806815702,0.2617536842193029,0.27492026847135304,0.25143775444950994,0.2182521968192929,0.2782466229614544,0.37907711104398745,0.29280887997442423,0.20129417404732466,0.2278860746451328,0.2616816726430597,0.27646424810602965,0.34834945204565254,0.23764482780814103,0.22717004451043152,0.29256621149165546,0.25385491151238515,0.31696029644636986,0.24027010350602354,0.24939358053711358,0.3138920471776893,0.23353290740218485,0.24116497692245628,0.30418869684397765,0.26788278199693427,0.3024104143682416,0.29138063053888097,0.2870178733002314,0.26959530138573246,0.30015074145601217
RIS,0.3096804082267514,0.3462356407348218,0.28344612636358657,0.23303501547052866,0.2685264782207098,0.3017518399265932,0.167489443869287,0.27665711841151747,0.3043747212575995,0.2569827756513902,0.32990860751665085,0.38501393433122455,0.22202964419074414,0.3196536272098282,0.2769517567930977,0.3672045891917366,,0.31031712069638095,0.28728040876275673,0.24694325156566677,0.38435286785221734,0.3161800893564092,,,0.2742056300258087,0.2899032137903631,,0.26277041280693036,,0.24644641361686917,0.2395604255771606,0.3225161715877107,,0.2577508582467225,0.21845250308999348,0.3531075687881549,0.24134434489837578,0.2510071793016847,0.25473078099790525,0.23226072761025737,0.26532732769789225,0.24129516425126152,0.338308545622544,0.235547934221366,0.4394073555526724,0.33454280232965966,0.26421648255496716,0.29061779469836013,0.30696797668077996,0.31413324248652036,0.3036816201446945,0.260694232258854,0.2830534334929186,0.23445126700442565,0.2549491970535797,,,0.2862528900299179,0.2789233495336657,0.3699770902501944,0.2967061628656753,0.2713241935669946,0.24957992149292474,0.3081267459726023,0.2945871724337352,0.28421251919473733,0.3697634589931148,0.24229876483634988,0.30401068593569736,,,0.3499493783675278,0.12618237053674056,0.28664548990773214,0.17379212740837857,0.2923555113957344,0.362836874584444,0.3296082581989252,,0.3183172857110298,0.33423123682463185,,,,0.25735057821889423,0.3387037605930059,0.30597344653352,,0.335307452605236,,0.3442073764474153,,0.26084282073997456,0.28407031787869547,0.3219542284880986,0.20394964102122193,0.2662092191668032,0.290092783652748,,0.24538920280128582,0.3071906460975756,0.21629829500204698,0.26774921029918886,0.30898345815277944,,0.24226806337063322,0.21141590401391777,0.3055378237423388,,0.28302116819596296,0.3888975617230543,0.2803853862108719,0.2536440563214104,0.23619791999843506,0.30160196036972,,0.23891658743138233,0.18052245244200193,0.3668334657175192,0.2183371163068558,0.2685420442504149,0.24926588595883525
AIBR,0.33980515803329264,0.264295082618225,0.2890860224163067,0.2895245111952555,0.2866799564251727,0.2980683694283462,0.2547900631587661,0.29135608901777527,0.2772139047868588,0.30957977650137825,0.37074036698098234,0.3569178899833457,0.2607187658036338,0.2535162476327937,0.26928196924192377,0.3776335207911013,0.23935413276324669,0.37080590476408665,0.2901644719492163,0.3175204728338057,0.30262913724984486,0.3317039481762608,0.3579952956102256,,0.2724314302286993,0.2559928166689927,0.32435615482535973,0.2354829465964117,0.27695846878586117,0.272728254587506,0.28714401470081324,0.3240892204984916,,0.28135435364161715,0.26722496723998185,0.39342115857016086,0.274242572585408,0.36990940180223664,0.2735206370249721,0.26712806738792044,0.40467766686028167,0.2514719395630286,0.3421924882969864,0.26125391523750374,0.43686367964946643,0.26729848366680203,0.3987675852361342,0.24827020689355903,0.33202508419950794,0.2786837316123413,0.3707942250581068,0.32509560168410034,0.3300985869228437,0.252671728965184,0.25432141151045135,0.20653461479074778,0.2994640558604948,0.2940241700632721,0.30406295142932177,0.17165901983960086,0.29178076231058864,0.2790788422425741,0.29165585489790824,0.3272546438343214,0.34517858255859424,0.3034298674767215,0.15328465590939802,0.2588562494181997,0.24261186528176615,0.2656416175177773,0.3495090531233042,0.3318037284320679,0.20104245188945072,0.263202208617294,0.15785371318859173,0.08827252451861979,0.17948068582002857,0.2550641614045355,0.3183172857110298,,0.17403360840823406,0.3132219579551742,0.15581545033234495,0.24413095807493945,0.24148877652996048,0.3360428223574681,0.24062226975591,0.3412810296625574,0.35502786675906256,0.36142341817161466,0.2797329061637834,0.3842544548270477,0.2823302753409111,0.3136341821110632,0.3389910026410525,0.252524584421278,0.23127307664398905,0.30934764491228356,0.3797769890684974,0.31605324222806436,0.2774795102446044,0.2733458477049596,0.2926323277957909,0.26119637935583195,0.29681874399375696,0.2650694086582864,0.2862208002197875,0.3289715384843232,0.31725009585569963,0.34440572206869846,0.3128621469239186,0.2969678419194352,0.34579944925978534,0.24468028982298778,0.25187394853440503,0.27596077433029154,0.32089526915296473,0.30525110117760246,0.35425410964564824,0.2937622099816626,0.3211540267251617,0.3664684211792367
AVAR,0.32852454123294234,0.23518889220714057,0.2810707319224707,0.2958561802155274,0.29351735951052793,0.3018597471262047,0.2591420757274897,0.2931445440784893,0.2482107245800433,0.3123538320423625,0.30775352942397116,0.33498540094951734,0.24915515756975448,0.23218021909227798,0.26219554386767885,0.34960454950242736,0.25336418292898016,0.3369885236210847,0.2875181029072915,0.32745358191327256,0.27714726049686217,0.34048066516327774,0.3493188144776838,,0.26997790302355346,0.24375206155607088,0.32890372118677946,0.21967383504963617,0.2719889323840197,0.26181869656606604,0.297662969800039,0.3056353687497912,,0.2765730010991829,0.2574755567240191,0.3771694869340896,0.26696486788217655,0.31819891242094367,0.260349786226526,0.26185387321614617,0.39092361081092675,0.24979204545343472,0.31034355881699993,0.26546289410855406,0.41944871504422254,0.2967561119420315,0.3854171403940428,0.25487496993355285,0.3356771410090949,0.26430685584069424,0.3717282670757873,0.33961597185659903,0.32522332040703533,0.24991731640799,0.24024092967858993,0.1404358367996374,0.29541624480346806,0.2701069895814843,0.2654710682756795,0.13689906124077333,0.29317367148075235,0.27184329148956615,0.26188074780313175,0.33878310230495223,0.3583620453921111,0.3047898948081562,0.12667836197701351,0.26053424081036725,0.2521962681997997,0.2330953671621061,0.36856625059490566,0.3414701142822961,0.09921635666807785,0.24807496555937888,0.09814457317471263,0.18461950317357623,0.08754541181850675,0.25577408339298474,0.3342312368246318,0.17403360840823406,,0.3188048048300961,0.18727035947771076,0.2720578591504325,0.23446758470950174,0.3406119192021342,0.2155563841714362,0.30549776854180266,0.3392693968080583,0.3421597338401401,0.24945195613736482,0.3425095203679759,0.27427494079224907,0.30705416014528353,0.34009242610980644,0.28678873337450606,0.24433131084978393,0.36308259260882597,0.3233998600503337,0.28915475531753587,0.24943610637287894,0.2720345693727378,0.2877676839238164,0.24100445368562387,0.26581440726147293,0.25667844834696546,0.270834706168768,0.33386681282192177,0.2819185982482582,0.3504208313528747,0.3176047703791493,,0.3488103802221993,0.19161607766617372,0.20875004089753324,0.35485898277284356,0.3169130081718066,0.30473520120595765,0.34639345822000034,0.2695956918405583,0.32738195205507015,0.3779293293659604
AVKR,0.3573901665013703,0.3018473645161168,0.2678890094796195,0.24256098849592228,0.3223503162844127,0.25332549917762726,0.28921671209567135,0.21558313520614253,0.25705837179003066,0.24412967299711003,0.32512076229354825,0.28265238542098753,0.2550888921240281,0.35670130544710515,0.2471736023829625,0.25279683799140773,0.2062383166848333,0.2967789234353878,0.2884491245852749,0.3033537180584988,,0.2816659934141198,0.3007457675186203,,0.27154543892009475,0.2875768551418152,,0.23126566293242395,,0.26251443598398483,0.2857391499523384,0.278545958966466,,0.2984634142880774,0.24325081934756065,,0.20712112075120198,0.19569530176616984,0.19454063686948478,0.2701687186840355,,0.25763387963193796,0.1714939988164873,0.19788270267719382,0.30113262853032874,0.2999961235082754,,0.26762002596884943,0.2822759620819487,0.22836892294917516,0.336864326838775,,0.29721323237855174,0.28668926446866044,0.2655880007403455,,0.3212792015794212,,0.37342504904864204,0.309927150295357,,,,0.284972753264807,0.3552656695087998,,0.2905910719989741,0.2629582245660464,0.2330154106927023,,,0.3075204916920967,0.35279990094939856,0.28420626414040207,0.28016417631526774,0.3284917908022199,0.3302496252757522,0.25806542485064166,,0.3132219579551742,0.3188048048300961,,,0.197572328104407,,0.31188017973906473,0.3517948957256102,0.3732106048056711,0.3513304085164044,0.3279607346156923,0.37580357870988823,0.12377445360093428,0.3032190968756502,0.3161864300497039,0.27240874887680805,,0.22968097386954683,0.2693437785678855,,0.3451881960756946,0.27466914665282544,0.23883248509737012,0.29096680523474855,0.3374380052721822,,0.22637942206693207,0.3175402931074544,0.2305669053006377,,0.31907464541752273,,,0.33738974822590173,,0.32957782954392634,,0.2781994112667465,0.29042977854483976,0.2727002775374966,0.25519693636255963,0.27578642412707877,0.3187643284104789
RIBR,0.2655971461311043,0.2278868350000749,,0.20380679399721982,0.2534070594197825,,0.27607989838682834,0.3246133184452748,0.2559258138215699,0.27464561895131706,0.28615067501913427,0.345738712182101,0.20926954373411055,0.28403270735235847,0.24262100165104528,0.3412370503299916,0.21587119705329338,0.3694210027242866,0.2944702265815913,0.2961037854656384,0.31625386401533373,,0.27943401820133174,,0.2770675318951555,0.19916714413139233,,0.1674886517706307,,0.21444624069155474,0.25879114996897995,0.2862809207797701,,0.24119410647831846,0.2619261883908061,0.32877435226964646,0.17591934535380635,0.30880654932200824,0.21738825642416326,0.22340992953558197,0.34020930137289446,0.1915537238013253,,0.20676860161673874,0.4546234627273418,0.24303438785910886,0.3752618227123414,0.21250672434836226,0.3265915233680415,0.2591316179607273,0.34177768990174695,0.3106099362776292,0.3337648630535414,0.21336402138048408,0.17312513783505967,0.14470242282650453,0.17674832344682387,0.2072927265767033,0.23629419178188382,0.1884300131387535,,0.24935450475964985,0.2311481955019656,,0.3172008709621525,,0.14833053240890937,0.17587959388582763,0.1567682062416839,,,0.23317232742643784,0.22690208375098134,0.2426954238458581,0.1984011885966141,0.14636319052465324,0.20490260244663014,0.27029609053314835,,0.15581545033234495,0.18727035947771076,,,0.30733594440066664,0.18263625508365547,0.2853211277411252,0.026330445717208214,,0.2537720704924592,,0.10766365195318545,,0.2708210016074622,0.2613061603462702,0.23418480685810908,0.23616766313517137,0.07983987631568201,,0.195701108548042,0.2528546498731626,,0.20596492952460355,0.24080692751377994,0.25095466637175934,,0.21264737154072866,0.3282665009031463,,0.18641283153595437,0.26769554602141393,,,0.2792120767196686,,0.17057317214357817,0.2976252572038794,0.20419795303657623,0.2613213431147914,0.24810451862231742,,,0.3943329608678865
AVL,0.29168796192981594,0.26261286017905733,0.24826903772022152,0.20959234558205955,0.28196621502971997,0.22444344788988813,0.2965674104122822,0.24522516467158686,0.29432906299354444,0.28752547073720736,0.27519824895071265,0.2698066271100786,0.20330607011242835,0.272388647761965,0.2113364076095216,0.30130821257219387,0.20596343631239777,0.2908129950094978,0.2103125673606293,0.24382515427642315,0.3355909564503404,0.25737108705223616,0.30569377570662104,,0.2395145626257192,0.24025712165111812,,0.19810092845716737,,0.2306856677612089,0.244028071206959,0.3114635603473621,,0.22235645192842762,0.22953257024122348,0.23908806481097925,0.2311648318406114,0.33318991400789455,0.22955201547706428,0.24473425919668912,0.3595555824550864,0.20720819878372962,0.4122191218640902,0.2185482847607473,0.19671561416188033,0.27349643313675603,0.38273022574442583,0.22037939796864803,0.2953150783208973,0.2554978392008331,0.25812549402492685,0.26353992074586247,0.29466105436050316,0.21104842978285565,0.22360412375695074,0.3233566720451604,0.22761109911400615,0.31800138542724166,0.2969100448864292,0.27588950054765726,,0.3015164492087953,0.264090599900324,0.17035700001515375,0.28407644366688567,,0.39413883627573326,0.2181411298800214,0.1902197721134655,,,0.23546864425751393,0.2109973666426479,0.2095054349991664,0.23555269714369476,0.26727736756515263,0.2902618247160197,0.3074545690712924,,0.24413095807493942,0.2720578591504325,0.19757232810440697,0.30733594440066664,,0.12952985901435998,0.23042257358369575,0.2822891332626592,0.16282632307192615,0.29708077342724487,0.2136348743796532,0.3257339654587051,0.29376071525269426,0.20784803379588573,0.22861211004660814,0.23473034009158472,0.24331646715726402,0.3039809479507154,,0.2996744325312135,0.2901194698427378,,0.22704075261975953,0.26624871128517513,0.20235765360266603,,0.26780177249321613,0.19531566745330753,0.2677520728020928,0.13805998486069343,0.2452936995287447,,,0.22095842567551716,,0.278975956777718,0.2792936037257899,0.19888466756243697,0.3215373221724913,0.20606417997405216,,0.36423237009205583,0.32459410493965346
AVHL,0.2380989952528015,0.22993290973260033,0.23256127294477805,0.22865718150771097,0.23400482774385048,0.20103911269133304,0.21043198051292097,0.2291307037927389,0.235554724135484,0.2507514986352921,0.26571010513983095,0.2750667792976687,0.20746488170389732,0.24561880308274933,0.2012366403936666,0.3038722907077479,0.19772808689152166,0.26333781641171644,0.2314085690177811,0.22964539024263123,0.28122132157137325,0.27065470373668254,0.2597391598188855,,0.2375227590064838,0.2125095427873103,0.2150604027243166,0.21848487248983325,0.254057934901747,0.21137853644812488,0.24151074623313362,0.24583837105236214,,0.20470143656214668,0.20538304758789777,0.25194542499392913,0.20753902306138297,0.23205159345101217,0.20286069712403718,0.22880873404931062,0.2555153300396368,0.198122217548531,0.2321928333897533,0.19659645948892404,0.3112472694960852,0.2161348372897921,0.3108966273830807,0.23198987379017963,0.26233277070386135,0.2422377958416137,0.29229351035154144,0.24442382737611162,0.24558516674956266,0.2077097774785547,0.2262779180584104,,0.22305731586258215,0.26407300413012263,0.22502938076088744,0.24645749877882772,0.1795887855114389,0.19977368694003425,0.240186494442085,0.2655674497796396,0.21619134737280699,0.19974094546371104,0.27050741474067636,0.2446997731448518,0.2193713709329451,,0.252173653840652,0.2637168167925852,0.23629418600899932,0.24702839252277786,0.23906737483763735,0.23464607729116835,0.2559720449026726,0.2165749523678264,0.25735057821889423,0.24148877652996056,0.23446758470950174,,0.18263625508365547,0.12952985901436,,0.26182769844220166,0.17365956823085113,0.37338793814905574,0.25211483898568776,0.3169020970344033,0.2431583610043888,,0.2216659142648491,0.23088952705029875,0.2563010571538188,0.18957214278125661,0.13457604237147,0.2507401780424832,0.23120733077322397,0.2273205690814275,0.22260709444740034,0.21678569843824896,0.24146319326998528,0.21418965558183717,0.19627918675927578,0.21325299341063214,0.22030097242442703,0.26346762121665895,0.2069224611329251,0.265807882488506,0.22822852380946196,0.21940497382195195,0.2794499905867895,0.15293160313491858,0.24503595349405777,0.23653742173220046,0.25589704225311727,0.21978322080946847,0.245813532808409,0.2479560914876265,0.2313918688071014,0.25188339757438116
AINL,0.3380955061522896,0.3368365542132219,0.3274600949170078,0.28316563186781474,0.36159265546175834,0.30106119426255523,0.2974137757857918,0.2887076632837212,0.27811409282712335,0.2788158151304507,0.3361243861597882,0.3424505484708626,0.20954462086657408,0.3650864272269207,0.26514784622846144,0.34385267687596693,0.2160306040794807,0.3485154730350963,0.2990691110503003,0.33245108387411665,0.29814275799080536,0.3401008536646079,0.3364001683578217,,0.250085171441367,0.3235505911687769,0.281614219940396,0.2860797910624136,0.3413505702837004,0.25551569373539956,0.3086921806917976,0.3184058742977532,,0.2748671484357293,0.24218480764622644,0.38018253831230997,0.2408932007376159,0.31453791788681107,0.24827975652777537,0.27883870229340124,0.39852850184072475,0.24466174187618603,0.3221569665010369,0.23767964341993691,0.3485381889289448,0.29618665824165286,0.35417534725769995,0.26506854475412617,0.31242702811739725,0.2589526932966742,0.3553154401734692,0.28099519657247296,0.2972481770462008,0.25233324966129234,0.24747987151744544,0.27837515527365514,0.26851425071247625,0.262841440282827,0.3096626370133752,0.34131743025805217,0.34909333527609,0.2839035310409478,0.28224355699058923,0.2873729826252856,0.31994236986001756,0.26076777045983196,0.36588005626631104,0.23377987422828855,0.2424323710373109,0.26113282211227157,0.37089374692496974,0.3492414488317193,0.3965773140678242,0.2587341055366997,0.33948844275658085,0.3410716057199124,0.36288205295045184,0.30813237815031536,0.3387037605930059,0.3360428223574681,0.3406119192021342,0.3118801797390648,0.2853211277411252,0.23042257358369575,0.26182769844220166,,0.32575287604027964,0.3486544670626104,0.24389193265466144,0.37519748758192906,0.3527188766005624,0.3143083193736654,0.29038450805738836,0.26839383864222294,0.3256997837807837,0.23409233211971917,0.2991127217554622,0.26023171398608735,0.31441412788804146,0.3474193529804581,0.28989819181056364,0.2417689173812961,0.2648121040207895,0.3140539806067857,0.36613695512014927,0.2854305893226744,0.30434535806249935,0.3469304395260726,0.2222065644535021,0.34381740971895725,0.3000636682578792,0.23375972526889147,0.34691127912452047,0.28303926819002484,0.34404790409161934,0.3423458407718549,0.3070559635463374,0.3299993216212109,0.3133751888818335,0.31264816729412603,0.3092520931764804,0.362252816451503
RIBL,0.2967231659238958,0.2508915902803762,0.3086497683632996,0.24506618165922278,0.25450529882147155,0.2757053071487906,0.23630284948364122,0.2433031253719795,0.28122624762531234,0.28632439920782116,0.3284995234196588,0.3258453146227868,0.23683100928769713,0.25214794322464684,0.2600593636100268,0.3504151505156514,0.22989128648962268,0.3354460793027953,0.28352320865659536,0.31855005050885293,0.2553076675425398,0.26713068775127113,0.3084976410004852,,0.2706164470490514,0.22661498401332195,0.3063214620457076,0.2085905349037666,0.30549684774861524,0.24841521115454515,0.24440341873190255,0.28789523206869205,,0.26228371454152627,0.23999038311745777,0.35348121424000356,0.22556374740708485,0.2986843391580051,0.23910191679774506,0.27796316092698226,0.3237188826502032,0.20688340636422048,0.3192352014408009,0.22857159599326415,0.4605383314010744,0.29043082134129744,0.35609745611665855,0.24246684181944583,0.309362917436221,0.23147336590071577,0.3384098116725142,0.2821178157449757,0.3089497434229468,0.23160168353454116,0.2163507433672579,0.04485172578430284,0.2371415300339765,0.2434066789539837,0.2790512213547279,0.20304035272989682,0.18061063009691777,0.2721460665616495,0.217081306728393,0.3128731112203734,0.31789706874756296,0.25806387510135415,0.16246965900859847,0.24217400408431392,0.2107453458258676,0.22939384753976377,0.26242993554230903,0.2988792947102247,0.23072134378646184,0.23408077600773547,0.24938740816795643,0.23823255509684138,0.2304167006094145,0.21554492548776294,0.30597344653352,0.24062226975591003,0.21555638417143622,0.35179489572561023,0.02633044571720821,0.2822891332626592,0.17365956823085113,0.32575287604027964,,0.23682184215025642,0.29217897218935035,0.3105005565871543,0.14822870898452514,0.38276983074910537,0.2663666601438673,0.2760036697306985,0.29307539473239136,0.18792853986647928,0.10257545879262894,0.2608974827653039,0.3340983628508711,0.30993667021931215,0.24487627732405978,0.20451127126108212,0.2549356295493617,0.2677081767034558,0.16099511047736229,0.24650332258089508,0.2261247373716031,0.29097514814152464,0.1773823369368304,0.29879218056710816,0.3802834966851604,0.2917059406740818,0.30451183791929526,0.3040669269695613,0.21628499525107167,0.2787439870045093,0.26886327040293445,0.2828604440979787,0.26235253326526226,0.2599039824208512,0.2352437614024708,0.2841720878201202
AIML,0.3724411671683713,0.3927633510727631,0.3459450846322425,0.32215593851686464,0.2892749412532343,0.28163245837946427,0.31676753534027474,0.28070705780255795,0.2689728241998874,0.3180151480720679,0.3465039791826127,0.38519928855860125,0.24365501734894057,0.33554734492113775,0.2740428626039195,0.3790291360882582,0.2434722754104128,0.33562806051614924,0.34174283198814764,0.36670713472166067,0.3878960637570492,0.29845129263543035,,,0.2717309727379856,0.3234299654657162,0.2677160240398914,0.2850262567332585,0.4148065401820963,0.28512752336847474,0.27363039220418345,0.2995054811722037,,0.2859581417724192,0.2874474143018575,0.5147018893082598,0.2730856451965631,0.24022683286685398,0.34276561161001284,0.32428360805763906,0.41795113441500265,0.2633005666829645,0.39785583267554014,0.2460525656193682,0.3337856961217319,0.30188870005597607,0.4882445381735297,0.2990146804568706,0.30048216622415763,0.2742416401459997,0.3584139498160492,0.3497476839866309,0.35304360099640375,0.40531414994383536,0.3013370522797472,,0.40410092583004126,0.2941502142447104,0.4053051705022395,0.3188825665523531,0.29112793270249415,0.4223456193737246,,0.38280317866533253,0.3613604928243157,,0.3886610472065699,0.3223739947868814,0.2849842345923599,0.2541817973411134,,0.3526823398965583,0.353201889400115,0.3172044102075322,0.3803961110391543,0.34319272544070145,0.39656121670262046,0.3405478221057975,,0.3412810296625574,0.30549776854180266,0.373210604805671,,0.16282632307192613,0.37338793814905574,0.3486544670626104,0.23682184215025645,,0.3188563513770261,0.17336288921859913,0.44418196813248906,0.35043128668929957,0.2603716566739663,0.2966719640163965,0.34774083470855155,0.2924562758587404,,0.33884631945626226,,0.41107643326125276,0.3508228562364009,0.3513700328825766,0.32052661567436,0.37693425060772834,,0.36845707894206914,0.1726653248039497,0.3006768770944951,0.29422289547077607,0.3755435648051389,0.33634463796780933,0.2664690594869862,0.36764710577390547,,0.37896471505730184,,0.30965738646124735,0.42415868043111354,0.34571229959005073,0.42086938063337204,,0.4222704034592047
AINR,0.2783249352732413,0.2922334138113626,0.29359857352833735,0.26154175483100855,0.30146760110572934,0.2639346725647113,0.27768623848913165,0.2720957621109146,0.29043104097120725,0.27954315776968136,0.3018378836156321,0.3027561363975757,0.22375437184462518,0.33614793216365424,0.23864482598898157,0.3099687677957275,0.22493860728251128,0.30331268551213175,0.25684061413299386,0.27350253566318083,0.25734102791695185,0.30786739876161934,0.31254113344950685,,0.23783925855299953,0.2945793491924066,,0.25923596831027484,,0.2358357584786013,0.2548842550838716,0.28584313546937357,,0.26346367078071803,0.23931978635393,0.3270835231322327,0.23907614063989613,0.3155397051366446,0.2117729696377086,0.26342134512859017,0.3785452050449413,0.234813060623518,0.30331813231182475,0.23740843281847882,0.3372711731240003,0.28177313639506635,0.33689968862581327,0.27132205054083675,0.304301857530639,0.26004553272535724,0.30862755018037696,0.2719640888709625,0.2776195985192398,0.244528784729015,0.20642389239314288,0.29293149285348935,0.22967403268149322,0.29666568520483483,0.29815955564118735,0.3228105239833285,0.34615715504526895,0.24268338711488344,0.28608325152748626,0.29736632576508437,0.2836408225289616,0.2612968722847806,0.34358095497141006,0.24272519696621245,0.20673475243177966,0.2384907021876768,0.3169743612063748,0.3068784616358744,0.33311094766215454,0.24174950812980806,0.3289068038937561,0.3448259157074315,0.35048660325511727,0.3151403831905962,0.335307452605236,0.35502786675906256,0.3392693968080583,0.3513304085164044,0.2537720704924592,0.29708077342724487,0.25211483898568776,0.24389193265466144,0.29217897218935035,0.3188563513770261,,0.3084500244454858,0.3207346684675605,0.39032744153744864,0.2611061436425803,0.2614453183046002,0.3125279306951668,0.24010169904785908,0.2734175838549551,0.34383907104138256,0.2989022867866132,0.2799160991183083,0.3010646700309789,0.21866578024482178,0.25989340469796396,0.28251193677037556,,0.27995428290090973,0.3009186218725743,0.2939650597510623,0.22816428763551752,0.31987464628053597,0.3020722109098896,0.30829364887141086,0.3094180381621276,0.27586316611661105,0.30656857870759996,0.24408357814409598,0.26066851046794304,0.29463276496502333,0.2803832668017754,0.26319696683323,0.2917218654113835,0.3112819758217625
AIMR,0.3347632078825442,0.3534885174535152,0.3898779243959727,0.2872992285308689,0.3159442161481514,0.3007327962224417,0.2866401318238656,0.27649621355667003,0.2892611930908448,0.3012781837746484,0.3652829046910451,0.34821491582065256,0.2278791541189696,0.3666533641267017,0.3085724359376641,0.3525145773444027,0.23434780000953215,0.32232286894530227,0.30948911789035816,0.357465216048838,0.3684111569245151,0.3132785533752493,0.40040447369184534,,0.29065499792957494,0.3143174757138363,0.2668941187256399,0.2970778678539278,0.39064354451176286,0.24368245889854356,0.28375055651154935,0.31791569356171934,,0.3047083507136454,0.27012004348526414,0.46002826104195027,0.2454700104199262,0.2670752312556023,0.302976407603152,0.28432605814994266,0.3789998639015897,0.24855807837128197,0.36573583488589234,0.21818565919034327,0.36341253176650185,0.32640908600127877,0.42303537256660995,0.2958494673821614,0.32055339228913754,0.24752025439603675,0.33952703176705956,0.3127149655251591,0.3421448168265662,0.3328471060220387,0.26635210706148876,,0.26943513864800855,0.3161602367464352,0.3867680319299944,0.33734117541146497,0.282134210170416,0.4279013729901775,,0.3207371804182408,0.3432708428342173,,0.3659863814500605,0.30850364958960597,0.18155052964765653,0.22802890086975575,,0.31604876679886834,0.40019244703929874,0.27796007735408484,0.42067981082878303,0.36806838403752834,0.37009641632540496,0.30696461401976544,,0.36142341817161466,0.3421597338401401,0.3279607346156923,,0.2136348743796532,0.3169020970344033,0.37519748758192906,0.3105005565871543,0.1733628892185992,0.3084500244454858,,0.3721022690062476,0.335971002585339,0.302518989361658,0.30675923989511383,0.33446983126988167,0.3032602431714944,0.23188824842774866,0.3103746033953104,,0.38629791709216504,0.3334403036828933,0.2958919116535954,0.31518038484056704,0.34930935503470684,,0.3143368932867838,0.3193443029784079,0.271468802844375,0.2907868264413236,0.38586190210663146,0.3118892929877235,0.28843853615230397,0.3679758723294832,,0.3840600812036774,,0.2790734960976627,0.3803924599794066,0.30401745490836685,0.3002622053344791,0.2557221334395852,0.36716597106362603
RID,0.34891919138300587,0.27826281688425974,0.3423344355971864,0.2899239729731692,0.2928203368082915,0.2953867015428149,0.2564769783728951,0.28228648189801864,0.29768363743939613,0.34053662153466985,0.35870539462745415,0.3542338031985605,0.23554586708327402,0.26501362677474344,0.2835301231543201,0.37138684092180885,0.25371605935129393,0.3627609183484014,0.27819293297444925,0.331820974269829,0.2690420167362065,0.311321040625407,0.329804556905763,,0.2889515874348215,0.2853233164679128,0.32751976435075925,0.2481797079451983,0.315290299356944,0.2759807371567294,0.2811450902536501,0.3301311487542265,,0.26718498008287506,0.27586840970582,0.3534269440748989,0.25858515931082293,0.31249435164136025,0.25641269124277655,0.2635443345461765,0.360113102375747,0.22330543694747326,0.3043570702870921,0.27094277175095177,0.40530083637987024,0.28791546899384624,0.3993117835140417,0.28602811936417366,0.30328238942357016,0.2605961689452751,0.34929955124499973,0.31779874649665313,0.3156281989430941,0.2539717368409181,0.24294292932473194,0.15750710350368585,0.22077358462797003,0.2771258831577186,0.2677832774269834,0.24477168230940724,0.2943925996235618,0.28709631294761706,0.22349123493969836,0.3422455666286451,0.32819929293440947,0.38325882602104494,0.20517910636073103,0.242182742720751,0.23553756291868957,0.225220341231606,0.31210153051727557,0.34605063840941214,0.283356572786903,0.24932126041174027,0.2935244661262744,0.27261326487821275,0.27325225317292656,0.25190561441987847,0.34420737644741534,0.2797329061637833,0.24945195613736482,0.3758035787098881,0.10766365195318545,0.3257339654587051,0.2431583610043888,0.3527188766005624,0.14822870898452514,0.44418196813248906,0.3207346684675605,0.37210226900624765,,0.3140354894458066,0.29408672994326845,0.2962138594736491,0.31101384411421384,0.2766921577242434,0.2108126565325033,0.24992805168543003,0.347433746383786,0.29603460416104427,0.2556949482234349,0.23881798760400624,0.2760407691760824,0.2736238987919481,0.31063721302421093,0.27564805218242366,0.32975257774401023,0.2821790245668144,0.28982478309796483,0.3352248398843492,0.3085144566980297,0.3035248460506426,0.35329347940009576,0.30421027929771455,0.2436143174356055,0.26858747164585667,0.31080495133729136,0.3388154457067129,0.3003129709575718,0.29349366453701037,0.2809343499519505,0.3476603991755865
AVKL,0.3016432427631526,0.28572766979377123,0.21848900166571977,0.322397403925715,0.34307692699970993,0.28945951130589714,0.4043728688861532,0.25506372684017664,0.28361879400163714,0.31452452604272485,0.3251354127843565,0.32127717535110023,,0.3490750558006446,0.25046492392776265,0.27487495933313,,0.3375964319073269,0.3144934908645145,0.2432551442086553,,0.33313617448513017,,,0.23181051154664842,0.3375884565536305,,0.2877786499000794,,0.24372391610510508,0.27275061215029794,0.23940321451577862,,0.2673003301705138,0.23539203376352688,,0.25513103879820365,0.20994841656581137,,0.3550554704929504,0.2923438413389177,0.2716712838120316,0.3289574634897762,0.23663474415258667,0.3704209246475592,0.3448462417219329,,0.29579570436700703,0.2707479389675093,0.2216926962091994,0.39915537452185296,,0.2552657935727306,,0.3019640805101493,,0.38667266261160266,0.27145989166239887,0.3577687004836995,0.35738845176241857,,,,0.32706341773219455,0.38165738638813285,,0.3508763218249237,,0.23569296957163335,,,0.33845769282094135,0.38596618654792586,0.27789519950329034,0.2734510618210568,0.3828923031625425,0.34972108191945783,0.2857864916372903,,0.3842544548270477,0.3425095203679759,0.12377445360093428,,0.2937607152526942,,0.31430831937366543,0.38276983074910537,0.3504312866892996,0.39032744153744864,0.33597100258533896,0.3140354894458066,,0.34981544550311494,0.30740023645968295,0.302457743699768,,,,0.36991469861954984,0.3669483573098559,,,0.23662963645563198,0.244092585343693,,0.27211103252836844,0.31800398523745876,0.32475333765537395,,0.3529191847551183,,,0.34261904442980934,,0.3003565263855502,,0.3536552810454285,0.2622062339317283,0.31571856202256865,,0.3008537181312521,0.3187784564881499
URBL,0.23220135146845602,0.28356694084604045,0.2753587236693075,0.2284626387689826,0.2520336631967749,0.2615818338249965,0.2339059583090341,0.2562425092654697,0.25782999821746944,0.23781136877818565,0.24641511959834056,0.25978905164043786,0.2111389507084131,0.2806196097046741,0.22319710066112383,0.24344610361676175,0.1774282654894511,0.24343572741685296,0.2417309359376133,0.26476194614152165,0.23742237341325131,0.2898718646439757,0.2596426866189751,,0.22475318363712501,0.2531244272356138,0.2680704927091152,0.24791810618484797,0.2955972192544384,0.2275139660275929,0.23614142937215937,0.275208301462069,,0.23324658607069298,0.2388917877871227,0.29004812541162706,0.21926572422148252,0.2749964740967071,0.2294501793455816,0.21344545652757396,0.30801888750502815,0.21999594160246394,0.3043364668735797,0.21795429191817647,0.2946778717399162,0.27504437078693217,0.27620033073727795,0.244744274927935,0.28364606496077366,0.24498553217783336,0.28274262385540294,0.2773248716784734,0.2845708045879556,0.2264838744529107,0.21361604195306666,0.27253635789061487,0.24973290811835078,0.28043972723963306,0.2387074650525282,0.2712765941043305,0.32567581505155385,0.21248914877204664,0.243541979464465,0.28359362254218895,0.2644352907247252,0.24568341921538558,0.2597595585347547,0.21336006856966358,0.22735546881203575,,0.2519363444739712,0.27690992520920854,0.29199489285380315,0.22917236123430476,0.28318163244335204,0.28601217254273686,0.29322654256794045,0.2476515806815702,0.2608428207399745,0.2823302753409111,0.27427494079224907,0.3032190968756502,0.2708210016074622,0.20784803379588573,0.22166591426484916,0.29038450805738836,0.2663666601438673,0.2603716566739662,0.2611061436425802,0.302518989361658,0.2940867299432685,0.3498154455031149,,0.25182517740254684,0.27928908653731477,0.21074144372828968,0.24478739156141663,0.2395040616695061,0.3122525991700608,0.26594160665094063,0.23753153457802856,0.20797952157412852,0.23336824600101388,0.2763263221105415,0.3296057370839519,0.2555174479064896,0.24020551068571136,0.28758550005267486,0.21843696509653932,0.2833511757987198,0.23868022882743448,0.23411702864735923,0.2753315245820566,0.220439497043331,0.2873512837253106,0.2789974044135668,0.2541264817830982,0.25834569478548236,0.27039726915780904,0.244656235355204,0.29388987328225996,0.29060912829978197
AIZR,0.27049434420278934,0.2825236959656398,0.27125056700572636,0.2572480111344915,0.2685472305680312,0.2416564844758259,0.2590185300777758,0.24409660950489667,0.26214812184881015,0.2530016329838562,0.2828532127379651,0.2812623833553396,0.21889318170053088,0.29070393070982065,0.23709804354935737,0.2849493989774704,0.20279431822945415,0.29213825299283386,0.23318856703817073,0.2608879152842547,0.2656497126094883,0.25669117226354726,0.27522684352009896,,0.23367033686055486,0.24594833348893977,0.2515685395887026,0.23993983880861436,0.26488369887510455,0.22403265320234017,0.2611594398083902,0.2597074013481846,,0.2420229615354081,0.24898619235823716,0.2749237387502776,0.2180863792735428,0.2623806293551884,0.22609462579505035,0.2180724986056551,0.29459470792030995,0.2318696497270639,0.2914384294991321,0.2212387622664808,0.3164849157984734,0.2316924570008716,0.28580446630504713,0.2462024796792389,0.27563452457337345,0.24362044324214616,0.28579481540098156,0.2634910598311312,0.27462631687124417,0.2148665984795853,0.22126818417831087,0.20732121154189542,0.23463597414453663,0.2674324593421432,0.2580950897568882,0.3113811496132312,0.3028907466113959,0.24166192656525087,0.25550051444009725,0.2420947190244924,0.2734106795708534,0.2299832015065163,0.3060113216715987,0.21853827391790132,0.2095246205478086,0.20102749866767813,0.2507713287494719,0.25389732411490146,0.34989146542684235,0.24566062964512286,0.3121590190122591,0.3093213927704826,0.3222566382414079,0.26175368421930295,0.28407031787869547,0.31363418211106325,0.30705416014528353,0.3161864300497039,0.2613061603462702,0.22861211004660814,0.23088952705029875,0.268393838642223,0.2760036697306985,0.2966719640163965,0.2614453183046002,0.30675923989511383,0.2962138594736491,0.30740023645968295,0.25182517740254684,,0.2575936264353666,0.22446709920822824,0.242781357694702,0.28667072910573,0.287329031780539,0.27398849238910045,0.27708305590932747,0.23603875296233368,0.259219635288514,0.27912988166972713,0.29934123108800204,0.25713292826095285,0.28089598579286346,0.2655655840176593,0.22113166618632077,0.29672154328227596,0.24151456841930483,0.2330200592771164,0.2960305340461857,0.2859539702167241,0.28684888892639715,0.32699041507892557,0.2537904776300674,0.3082827989647085,0.2698203808686156,0.27836527462541993,0.2523892948518311,0.2843805906505967
AIZL,0.2898126701984608,0.28326244942913814,0.29050634557109745,0.2672611675320758,0.31260331446452655,0.26840661716541375,0.2764521278740451,0.26624194119080785,0.2895502059041592,0.29381307855175187,0.304693996201234,0.31081998955180934,0.23259524559089395,0.3251322680557104,0.2848298405372576,0.31849421698054375,0.2254665694910511,0.3113574618756477,0.2594684872542436,0.3146196026608848,0.3404024092163553,0.32234015748561845,0.3488478461416413,,0.2396754453884101,0.28592540230704,0.2987263730915453,0.2709523191892912,0.31021641169994124,0.2552365514554924,0.2646331665268636,0.2893339254898109,,0.25704541226233263,0.26178203728667054,0.335219169041831,0.24195582208305857,0.32124259070224415,0.23952278685434075,0.2403698400332084,0.3556781333498432,0.2351177838806053,0.32019149999145463,0.2599114107901897,0.3635216249938081,0.27553668007947396,0.3477090993467846,0.27430040986521625,0.29820274388322626,0.2652432779469106,0.3044585775101029,0.29828039334442213,0.27916346820138466,0.24195796169740746,0.24113711585791067,0.23749514677710454,0.29452121786813784,0.2736522838382808,0.2689023605846763,0.34570492539268943,0.37685046154695384,0.24569084504269056,0.30820368799079784,0.29356567925871296,0.318355216006172,0.2591590692287545,0.34495474268063187,0.24705945114187688,0.20845424387831443,0.2293635822381339,0.27325490839997946,0.29932510028473464,0.3364997681314158,0.259248126063436,0.3152028192471532,0.32841018855591525,0.35627402764622135,0.27492026847135304,0.3219542284880986,0.3389910026410525,0.34009242610980644,0.272408748876808,0.23418480685810905,0.23473034009158472,0.2563010571538188,0.3256997837807836,0.29307539473239136,0.34774083470855155,0.3125279306951668,0.3344698312698816,0.31101384411421384,0.302457743699768,0.27928908653731477,0.2575936264353666,,0.24587573648330613,0.258145636039167,0.332540735643365,0.3393706210239273,0.30096872432436667,0.28543207999033127,0.24654027958986421,0.28549760689929377,0.3005040636285554,0.31313143712044883,0.2804414274556908,0.2887392302993357,0.32025144299597547,0.2897981092375321,0.3542010827693443,0.2665222780327998,0.28167198477901756,0.34506776284253105,0.28263176657159206,0.3127049760789023,0.3484278161191328,0.2783950987301827,0.3204988612640201,0.29334485325436976,0.29270320150631773,0.3189261442944037,0.31845539438559894
URBR,0.24453730786052666,0.20753751349311028,0.2020627791607239,0.22151764520027478,0.22976600919187887,0.22603964132188784,0.23763286001998948,0.27127224185978627,0.2424936275136244,0.23794332377788854,0.28602094512427617,0.24153716422132337,0.20726826758193012,0.24947963756411917,0.19923132520117617,0.2522933327030204,0.20654564146728202,0.25838206019961873,0.22881156402238317,0.23942820871915563,0.23236463780838204,0.24742056231217768,0.2546950511844293,,0.24036106620564587,0.23189278261322954,0.2173233689607853,0.2419967013095928,0.2614189962972984,0.2513329792271136,0.22443230852107052,0.277911778639703,,0.22656256228119806,0.21598872211832407,0.24983416530557906,0.24039811557221535,0.2666608997044635,0.20623092236374058,0.21833399134735523,0.2946856905256724,0.19389342890801484,0.2684445572147148,0.2191288372652996,0.3077028273052075,0.2691799749022938,0.2868260824765027,0.22175513291354743,0.25526684854631465,0.27268490094255154,0.2679942324916779,0.2667560495074695,0.2716802969850933,0.2429314321350794,0.20852461913025966,,0.23141292517097767,0.2508414432842733,0.22794675139740303,0.2707075539509704,0.23773154205251612,0.22647780171786347,0.23843743104851273,0.23508265389945943,0.24233919986268598,0.21516954267703764,0.29658368277692093,0.23813880971304244,0.22517737859719936,,0.35320430794015484,0.2602458305951966,0.23066326206651747,0.20300548272371602,0.25677591697397684,0.24620080731714353,0.2749293514069584,0.25143775444950994,0.2039496410212219,0.252524584421278,0.28678873337450606,,0.23616766313517137,0.24331646715726402,0.18957214278125661,0.23409233211971917,0.18792853986647926,0.2924562758587404,0.24010169904785908,0.3032602431714944,0.2766921577242433,,0.21074144372828968,0.22446709920822824,0.24587573648330613,,0.2108373895579753,0.20378676297727394,0.2178509298768272,0.19807542132958778,0.2630858161159556,0.23089910330111882,0.24805087581110052,0.2375533280179278,0.3186078259247113,0.2434119402443627,0.25637856659897523,0.23565996603852996,0.18693685336467603,0.29116795605513623,0.22189966929969773,0.20264410768205426,0.28905687883763853,0.21657052037770008,0.22549269318556447,0.3489217911356522,0.265721748457011,0.2482107472477486,0.2701724855318506,0.25426567238316505,0.260514347430319,0.23212085562249482
AUAR,0.270903233046069,0.24412422593962985,0.24860326987967998,0.22228519463180116,0.22716238549956444,0.24882929136237264,0.20793848927937741,0.21053441458347127,0.2217128611294149,0.2694870377087186,0.3128650175803449,0.3131730431357191,0.23281098520648524,0.2598943073638781,0.18726714787461535,0.32361370975169773,0.17500580724196524,0.32513244403170644,0.2375571332222807,0.2689593400478434,0.2628713564976397,0.21902562771699807,0.2373166831928299,,0.24513054567919204,0.20689134471704992,,0.19954383378151427,,0.21118251078024994,0.23370363348351694,0.25739993745564427,,0.23702779822464085,0.2120238184377157,0.30260415066031293,0.21585163114145364,0.2972035755455315,0.20798339249875322,0.208288591082459,0.29945974183309865,0.19964129021226432,0.29039540659198,0.2090352201590084,0.45193030869524164,0.23017617079152738,0.3304812325634841,0.21374054531012596,0.29143072688489013,0.24092565496506219,0.28611508074040126,0.24735202585570695,0.26138488725663056,0.21270412852056508,0.19633717215877275,0.05828833931128386,0.1981625611865395,0.2723744499115846,0.24756201619719506,0.24297643166079902,0.05346384839942406,0.2309673789964724,0.20273813197225632,0.26220832786352,0.20524811487917863,0.19280833385958282,0.22206030074444771,0.22277143667335195,0.15880015204627118,,,0.2592609329958717,0.21217154453988998,0.20598810162208417,0.2606165801989919,0.2395761303433697,0.24159996673163214,0.21825219681929284,0.2662092191668032,0.23127307664398905,0.244331310849784,0.22968097386954683,0.07983987631568201,0.30398094795071534,0.13457604237147,0.29911272175546216,0.10257545879262897,,0.2734175838549551,0.2318882484277486,0.2108126565325033,,0.24478739156141666,0.242781357694702,0.258145636039167,0.21083738955797524,,0.24841197819456984,0.3787579773728841,0.23826148310037734,0.21851472865781107,0.1869503638197146,0.22556858573134694,0.25654205195226054,0.3848507191608904,0.2104549849612405,0.2368910341577445,0.21937543318669933,0.16523718900671178,0.282826147673895,0.19738830864891288,0.2822006085349123,0.2825081613158443,0.28225080716439427,0.21442850036670694,0.3206896817096769,0.20142798299245018,0.25239110432348927,0.26257667916374583,0.20933157012150883,0.13984176201516169,0.2664304634899911
AIYL,0.2607314277121687,0.29327564348833457,0.30664237951547363,0.29143604578601084,0.29213578917093913,0.2530260155886893,0.2445896031069885,0.3130269246387333,0.28833515470981536,0.2790547006202751,0.30523623096198504,0.3449511901472848,0.23619067400308671,0.26725786102400934,0.24693612142083787,0.31975378109085356,0.20295012270433896,0.32193972865420867,0.26381360778391166,0.27434627869374567,,0.31275648552465923,0.27895518307655187,,0.27285421960270106,0.26041610935613085,0.2068401079573577,0.24942233966171135,0.25409435038174893,0.20806754482330483,0.22735803341204833,0.2632715685986096,,0.26057148792331847,0.21465331351487643,0.3689825557197045,0.2462538397621752,,0.22448654585282468,0.25508316566223077,0.32490084973324346,0.22002025386516824,0.30054492710212827,0.1890867791335575,0.34688731476756035,0.25978164434429113,,0.20902224012967474,0.31019936067507903,0.19384064586463962,0.2875896034258934,0.2899926001057437,0.2866447144962658,0.2273688042157136,0.23797748767158602,,,0.27239189852611084,0.29943647922530775,0.28107018239271997,0.29960570836255623,0.2616413995459591,0.2871039194568134,0.25460235487026645,0.26513711472578044,0.30467447537897446,0.28877838770151476,0.2867096550423081,,,,0.29632984831830156,0.3052842751533356,0.29105353969978515,0.30706708988573095,0.30522596289252396,0.32327005821586924,0.2782466229614544,0.29009278365274793,0.3093476449122835,0.363082592608826,0.26934377856788555,,,0.2507401780424832,0.26023171398608735,0.2608974827653039,0.33884631945626226,0.34383907104138256,0.3103746033953104,0.24992805168543009,,0.2395040616695061,0.28667072910573,0.332540735643365,0.20378676297727394,0.24841197819456984,,,0.2915758214269768,0.2800658546063751,0.23584898285193448,0.27854030958859605,0.2513458280556394,,0.2538902709043995,0.2539360836170873,0.25696905888201493,0.3010374290982906,0.3220668223742909,0.19884751595858025,0.2788749325582601,0.3050209162022986,,0.27567167823947386,,0.2489964118437726,0.2894057731584694,0.2874831816023973,0.2655482601639476,0.21868948133895227,0.2889123422756433
RIR,0.31690907914569255,0.3590368217414655,0.325516927777619,0.2623649633005141,0.334680214396697,0.27710684395194973,0.269837938860139,0.3339465029675332,0.2839568695478269,0.3436605759970738,0.3478347205559835,0.36510802915503526,0.26497529140801185,0.32177578171374394,0.2606024732128092,0.3590332827733027,0.27828736292989587,0.38024879138296774,0.22257861607133828,0.20347490426327797,0.26883687920269533,0.264145821580562,0.2359003672697715,,0.2166076590689793,0.31602499640204007,0.31141380476739255,0.2674382940953414,0.25036924675980704,0.26375616606952174,0.3381802230028115,0.314655534491332,,0.25855396465309316,0.288645460254855,0.5303752514176172,0.21883143098390792,0.3999772023050942,0.21165818412412002,0.2677967604319807,0.3605555300507802,0.2595545788111575,0.34609241672891594,0.28887176920853747,,0.3015900513544106,0.35053599334928626,0.1983077341943516,0.34425123826312265,0.3279194231187714,0.321792653807563,0.23597404394327848,0.29753430863520997,0.2512681061963456,0.22369167028713827,0.17796711168214,0.18766260553725372,0.3100969747466258,0.312702185054477,0.34683877844139815,,0.28928913993501393,0.28182374329498044,0.34722270764880664,0.3186923896151879,,0.3078113904126167,0.23926852771357818,0.140097002499624,,0.3021115846323238,0.29348697419828973,0.4324640933725575,0.24049931170453442,0.3117384093763801,0.3786402495240909,0.37670381091074157,0.37907711104398745,,0.3797769890684974,0.3233998600503338,,0.195701108548042,0.2996744325312135,0.23120733077322395,0.31441412788804146,0.3340983628508711,,0.2989022867866132,,0.347433746383786,0.36991469861954984,0.3122525991700608,0.287329031780539,0.3393706210239273,0.2178509298768272,0.3787579773728841,,,0.2904453095948462,,0.2377914511074255,0.215149676733766,0.29880011329361233,0.43246753573568325,0.3066686740473172,,0.25567761277218515,,0.34926445508423243,,,0.37092662537682847,0.4399570267826838,0.34257478182180234,,0.31072383010016624,0.4170269000009931,0.33190935171795694,,0.3507611692504281,0.37889779939078433
RIH,0.31108572340047314,0.2539088853192597,0.29493114147211086,0.2903366486581881,0.29585231859838834,0.32426240116810223,0.2622213831220507,0.2841891069988897,0.2817733598899794,0.28979992124506243,0.28927856283882647,0.28318976266023504,0.20609485056165325,0.28527686978356204,0.29889201952563554,0.2791367805008686,0.20720717268623426,0.2926993702008404,0.2681808416190203,0.337142080731297,0.3185112050004558,0.29722757132236427,0.2562448041214988,,0.2543285423131017,0.28278052704842377,0.2997324209410897,0.263324958177965,0.3232342385383126,0.26467247299765,0.2789038783727472,0.2931764009640374,,0.2544864397053838,0.22611307207664685,0.32344103029860904,0.2324124947804319,0.3278690876365244,0.22422814100227967,0.26306940256242817,0.37288363845951267,0.2434237967307135,0.3589265868796127,0.2529253302246431,0.36115395922840565,0.30049707814680776,0.3316173581403057,0.26209932173361705,0.31871754202292013,0.2834671479657204,0.3150957394188161,0.29750457194437196,0.3097355632020053,0.2394587744916477,0.23625554907466992,0.2922661470856246,0.21410895662244117,0.30007913833879507,0.2705075802407118,0.31843770084227946,0.3262927955982234,0.24694061253307262,0.20198765636433166,0.32172009452190536,0.3124851123361277,0.34694249496707613,0.3017670557320144,0.26143640786625416,0.21549685790403797,0.22956346727607,0.28586544554400184,0.3179197865833149,0.25668525890761545,0.2558109511605535,0.24232498717918896,0.3153297160566144,0.3305734080586834,0.29280887997442423,0.24538920280128584,0.31605324222806436,0.28915475531753587,0.3451881960756947,0.2528546498731626,0.2901194698427378,0.22732056908142745,0.3474193529804582,0.30993667021931215,0.41107643326125276,0.27991609911830834,0.38629791709216504,0.29603460416104427,0.3669483573098559,0.26594160665094063,0.27398849238910045,0.30096872432436667,0.19807542132958778,0.23826148310037734,0.29157582142697674,0.2904453095948462,,0.3023316123427086,0.2555187872017041,0.2588551901160229,0.283877248426844,0.2948679201706404,0.2726913459239177,0.1952135165127318,0.2926285385420209,0.26792106056518056,0.33579501639729825,0.2617696583996688,0.2965190526129212,0.3563609715782856,0.3159946161114028,0.27436995042152984,0.32503363025998033,0.2678127760040168,0.315739013836053,0.2916421849233628,0.28115893206967235,0.306921080466847,0.3121792002304873
AIYR,0.32758870317268174,0.29602245646021424,0.3096796382724898,0.25512170984597843,0.2950956348398517,0.24324336454904016,0.2877504568177084,0.28801759495480367,0.31967943691223955,0.32989271739862075,0.3292147826632422,0.3269052314556572,0.2043037511145943,0.2789100588801716,0.27098843711981413,0.3160922080505592,0.21156202760212195,0.3194213386012655,0.2757865703398432,0.3232185109222923,0.25054228268816786,0.2822492806845527,0.2705819788677086,,0.24219187371473627,0.2341136831336464,0.2723746102322948,0.2067533085197828,0.23682182260320123,0.2309337237168967,0.2627317161226662,0.2747252218366721,,0.26244748469821744,0.2556346124580764,0.2981016497479509,0.21634602437784706,0.2547322526892395,0.22662949775461363,0.2946965295644662,0.27491108450408797,0.24417003889873884,0.2670307908339363,0.2147479234328805,0.28407076327531394,0.30182431031478996,0.38744676647801907,0.2748651109787444,0.27409935195043195,0.2230300571425364,0.32400504643132694,0.25358372611324204,0.31969976482031426,0.2469845441085227,0.23513333348595475,,,0.32326857088748356,0.3052326970286329,0.2327576321733206,0.22970570855492545,0.27349454640937493,0.22066496395737942,0.27947651814193686,0.2922614570764993,0.21018096122291235,0.21358377148368501,0.22440322101839494,,0.23350467590701976,,0.2212267921564251,0.3024368856382698,0.2728919356273279,0.3166835830712288,0.2675504757424906,0.22778735387688465,0.20129417404732466,0.3071906460975756,0.2774795102446044,0.24943610637287894,0.2746691466528255,,,0.22260709444740032,0.28989819181056364,0.24487627732405978,0.35082285623640086,0.3010646700309789,0.3334403036828933,0.2556949482234349,,0.23753153457802856,0.27708305590932747,0.28543207999033127,0.2630858161159556,0.21851472865781107,0.2800658546063751,,0.3023316123427086,,0.22117683052124804,0.2499839407545123,0.27364860075053693,,0.19018025970818742,0.30712875517794835,0.27372264008207026,0.2191791504796665,0.29279146288882263,0.30746308641455666,0.19219972810666378,0.2958321349607253,,0.2699671170649311,,0.24604411646370825,0.36188824725668617,0.2674891841880076,0.24866637630561197,0.20753705725468802,0.3387597170795562
RMDDR,0.2385549490152765,0.2607357468763156,0.25168224049925253,0.25093458990828355,0.23568401422481852,0.23158436567313592,0.2420055672392203,0.2328941182373577,0.2504109706526739,0.24049710178048547,0.2616673555184386,0.2594114968435373,0.203545903134362,0.2860064992111479,0.22718941629105943,0.27506901330377664,0.2025544012107023,0.23045681635418805,0.25358458298423314,0.2329474322669057,0.2118401195981465,0.2323785574816788,0.2565487241674168,,0.21689944755463214,0.2400443935967889,0.24706928298437367,0.23698337450759943,0.30545560123064597,0.22785846305299753,0.2303095219590464,0.25629339660824263,,0.24416080025717507,0.22352356036341856,0.26315294585264054,0.22113833842124858,0.24336679580135723,0.2129651705683892,0.2168836053881456,0.27393545136979486,0.21775291337952488,0.23658521412802838,0.22229680968292012,0.3122663921366369,0.224893731753163,0.25758008518348363,0.22350179232924056,0.22897020342667454,0.24010415937298257,0.2860972839384376,0.24649882288090008,0.24112777028901314,0.20983170364247608,0.21438028426628727,0.1827937975258199,0.2247060039502329,0.24229606168363307,0.2448268354570071,0.24333851836418866,0.28278755091616037,0.23678145625584066,0.24941578487629668,0.23838146850730152,0.2587303786528393,0.21433662322375777,0.2463649879334783,0.215376172774715,0.20153969311658648,0.19445630795150726,0.2665451266443564,0.2635847675781898,0.2615998002053443,0.21164636971989556,0.2684160564435735,0.2685221083706359,0.278915320920057,0.2278860746451328,0.21629829500204698,0.2733458477049597,0.2720345693727378,0.23883248509737012,0.20596492952460355,0.22704075261975953,0.21678569843824896,0.2417689173812961,0.20451127126108215,0.3513700328825766,0.21866578024482178,0.2958919116535954,0.23881798760400624,,0.20797952157412852,0.23603875296233368,0.24654027958986421,0.23089910330111882,0.1869503638197146,0.23584898285193448,0.2377914511074255,0.2555187872017041,0.22117683052124804,,0.23534423968236204,0.2364754331590459,0.28069655838852037,0.22396240756057634,0.2833156276838003,0.23495581760143014,0.23642062698100053,0.2641757233357579,0.23069090963488112,0.23355380907132833,0.2676658571773368,0.30717496238134473,0.2560730159698954,0.27389753088030744,0.23362472914473448,0.258304059858282,0.22946694417054392,0.26283321416601185,0.2049615003366112,0.2799782549996013
RMDVR,0.282818377696787,0.25077975691068777,0.284203734669536,0.24531536866983947,0.26247596118365135,0.2631389652792561,0.24624403004428946,0.2668862291013945,0.2583056112811012,0.28894810764289874,0.26386769826593537,0.28800063172641455,0.22296609373905146,0.25230486209189934,0.2428860354509296,0.2908941464193605,0.20268194193950584,0.2718428850130629,0.22898667995708932,0.2544568677628584,0.25722184247876767,0.2926333058340149,0.258368834230766,,0.22757669661590277,0.24813893236242734,0.2654029421834838,0.22311991317417615,0.25878023533783,0.234059477013397,0.2330264383599315,0.24902109972286338,,0.23191710455761302,0.22985343470711297,0.29351570807565086,0.2223803813197462,0.28635284641666703,0.22898730674129528,0.23084778056812258,0.33676538766725816,0.24144112704027443,0.3121458868547578,0.22687112352262293,0.34926917205386476,0.23286945951388538,0.30082532503473064,0.2459706281450498,0.28168764368555427,0.2481636699405679,0.287828027067604,0.26515924638942834,0.247264614873322,0.22130374343766607,0.1989083490063527,0.2358857425925342,0.20994621761461785,0.26951155459505266,0.2532914154260022,0.2976301687889008,0.29048820311813445,0.22248403411289946,0.21811850473915903,0.25186508507762656,0.2860678182308045,0.21542026137280695,0.28276153741260607,0.22285925876034554,0.22631168143747682,0.2426959738454675,0.2844155731864163,0.27144493690889226,0.25220205109902694,0.22781607370985732,0.22068174139649183,0.2658143796466417,0.28075973142789235,0.2616816726430597,0.26774921029918886,0.2926323277957909,0.28776768392381646,0.29096680523474855,0.24080692751377994,0.26624871128517513,0.24146319326998528,0.2648121040207895,0.25493562954936166,0.32052661567436,0.25989340469796396,0.31518038484056704,0.2760407691760824,0.23662963645563195,0.23336824600101388,0.259219635288514,0.2854976068992937,0.24805087581110052,0.22556858573134694,0.27854030958859605,0.21514967673376595,0.2588551901160229,0.2499839407545123,0.23534423968236204,,0.24452468635080726,0.3058459304796438,0.24155232902078005,0.26882585957588434,0.282795569323236,0.27291314903248665,0.277164785532538,0.23519539519106114,0.24420943095934866,0.2827229972911273,0.21564546108611365,0.2615466655187564,0.28128356178559943,0.24468982078189366,0.2748673435926378,0.28176197373429607,0.2783231177281512,0.2446274304272169,0.27582992680400215
RMDVL,0.29513385943890774,0.24316242798058288,0.2446713496469876,0.25988178446066035,0.27220838697240635,0.2767476474403219,0.2346162654089377,0.25512719192042516,0.22836534571605688,0.28236839431346017,0.2922210161623251,0.2948068741630877,0.22014959220459898,0.2752287532420853,0.26012775925598286,0.30704808811387346,0.21481807565626485,0.3053018407600041,0.22520413136895326,0.27644003508400106,0.26412001998018103,0.2798488677695896,0.308944606782689,,0.24935302736814755,0.2501633059893821,0.29382256230205755,0.24532668770395066,0.28130771652830094,0.2559324308804547,0.2551068877830377,0.257158369948454,,0.242702021797254,0.24981476958339116,0.282602304450278,0.22664369971694512,0.3161532846289034,0.21933846836729834,0.22071427063098167,0.31920832210692823,0.23709409322081468,0.3132837155601033,0.23754593080441228,0.33254427325395186,0.24960388244639423,0.2957343115415885,0.2172953021999827,0.26948745149516584,0.23391229027916385,0.3132681128843423,0.24591094862478008,0.2616101896508228,0.22189074704353526,0.22597461972271912,0.2500062224783319,0.26447072319406034,0.2704193551827365,0.26988846017385665,0.2412906697869217,0.26213633176783974,0.24795536502451712,0.23860039786974654,0.2973886774293694,0.26258444672144615,0.2660477356554634,0.24730293503988127,0.23140673612836712,0.21464974464185851,0.20973681678949183,0.25471268002705916,0.2760539076084398,0.25918941924658945,0.23902567220621837,0.26434929493514586,0.2671604452664455,0.2458448121175358,0.2764642481060297,0.30898345815277944,0.26119637935583195,0.24100445368562387,0.3374380052721822,0.25095466637175934,0.20235765360266603,0.21418965558183717,0.31405398060678574,0.26770817670345576,0.37693425060772834,0.28251193677037556,0.3493093550347069,0.2736238987919481,0.244092585343693,0.2763263221105415,0.27912988166972713,0.3005040636285554,0.2375533280179278,0.2565420519522605,0.2513458280556393,0.29880011329361233,0.283877248426844,0.27364860075053693,0.2364754331590459,0.24452468635080726,,0.2842287891026288,0.2497726489953087,0.2653653309202116,0.2854721137446727,0.27761667093387576,0.31340908129121103,0.2517148712369575,0.23557901241901225,0.3083890780356611,0.24752940544012478,0.22277839796136997,0.25814224202922464,0.2627399745263771,0.28352715602336004,0.29889772380381535,0.27111037363977303,0.2825482671710853,0.3003463045979787
RMED,0.33154622109259746,0.31043405097627635,0.29668254986745746,0.35049953882842483,0.30120928561781196,0.3135568751170234,0.35497693601363245,0.2839512776085909,0.3281153135819143,0.32126570572523067,0.29446109454385766,0.24951178245293312,,0.3131689780568466,0.2859973086618185,0.3441906239850125,0.3827482804937564,0.26119637120867595,0.30888919803592463,,,0.37833887632635194,,,0.2874961439679425,0.312963770566855,0.3263641609170863,0.26940890874675116,0.3024512888504247,0.29613803617721074,0.26332293824325487,0.38906238995465425,,0.2950671113442456,0.3090633128162181,,0.3450184408767089,0.358984851890175,0.2515168616434919,0.2887993003365127,0.3587599872385784,0.28529271216457713,,0.3033407993432091,,0.29794355696915914,,,0.3401056815046825,0.28479670323529066,0.36472264186189973,,0.29044445916356526,0.26080551190921397,0.24383222272728625,,,0.2989966343165501,0.27270939011975553,0.2576768078029026,,0.34496010551942796,,0.3277561932302957,0.4078902726969438,,0.2653774746745173,0.3424825119620199,0.3324032549694208,,0.27639641107400786,0.35088802411392866,0.2280163694633036,0.2833086739868856,0.26398541279320586,0.3188800641518255,0.2722248813589545,0.34834945204565254,,0.29681874399375696,0.26581440726147293,,,,0.19627918675927575,0.36613695512014927,0.16099511047736229,,,,0.31063721302421093,,0.3296057370839519,0.29934123108800204,0.31313143712044883,0.3186078259247113,0.3848507191608904,,0.43246753573568325,0.2948679201706404,,0.28069655838852037,0.3058459304796438,0.2842287891026288,,0.2577721079492676,,0.27268520636757354,0.2615063329625922,0.37218976023531464,0.2645874044180837,,0.3144133331536299,,0.2635877649739512,0.33947577687450226,0.34451743406393415,0.24341368013280937,0.3233727463492069,0.4030947295827539,0.37206017676428715,0.3713115340062372
RMDDL,0.269839870513286,0.25636550708006767,0.25864275201364756,0.23695782262341442,0.2771309069685654,0.25759806771417604,0.24264975932782587,0.25962634587749345,0.25819619841526337,0.2686779048998608,0.2818976318327625,0.2798653547643836,0.23597006568890389,0.285918154717991,0.25776343591682754,0.28926150352429564,0.21273184582338445,0.2861655272428324,0.23166354524805127,0.2681986894616044,0.29048313422680755,0.30912010322676214,0.26834539537383534,,0.23020718154878686,0.254182764129341,0.2815898002536065,0.23574838362856523,0.2795244463064439,0.22945460847492066,0.27269842407394107,0.30103256867644074,,0.23052249609788975,0.22609655641215756,0.3022374463802994,0.23808493032677522,0.28020414473933014,0.20816849139517862,0.22475236067448423,0.3529771395706217,0.2609467159802491,0.3194653499711105,0.23992971617227288,0.36470670525990223,0.24656880968564185,0.30037192520199835,0.25547289280901997,0.2796757607661301,0.24599772477148124,0.30357892749361387,0.27560915808523484,0.2770382441363246,0.24863241466147729,0.21215238395187946,0.27288914412696125,0.2125301470897703,0.266102764616492,0.27054862907468896,0.2680577055033854,0.32047214873524493,0.25559426372795757,0.2583249572789641,0.2845917870619996,0.29106922283408926,0.2643113748427963,0.2529164675511009,0.2401750500490837,0.19115822289761294,0.2173932943539468,0.29585640281889464,0.27596443068849086,0.22223683526571575,0.21950541578578375,0.23484328339492724,0.26493387607298957,0.25028981094878977,0.23764482780814103,0.24226806337063322,0.2650694086582864,0.25667844834696546,0.2263794220669321,0.21264737154072869,0.26780177249321613,0.21325299341063214,0.2854305893226744,0.24650332258089508,0.36845707894206914,0.27995428290090973,0.3143368932867838,0.27564805218242366,0.27211103252836844,0.2555174479064896,0.25713292826095285,0.28044142745569073,0.2434119402443627,0.2104549849612405,0.2538902709043995,0.3066686740473172,0.2726913459239177,0.19018025970818742,0.22396240756057634,0.24155232902078005,0.24977264899530865,0.2577721079492676,,0.2417303631545294,0.29410442351802785,0.2790514143890928,0.2673866182138575,0.2619686456361286,0.24304427302697548,0.27306120190688626,0.27537255000675664,0.25606765444085317,0.2847350844345759,0.2421167513768794,0.2671208061846802,0.27845280616254026,0.24049185095675515,0.2532102643634455,0.2766628694964506
RMEV,0.276053696267222,0.25781558540580307,0.28944743251603927,0.3065045077026638,0.23656388300118483,0.2522737541456021,0.227661481472497,0.2802251968212978,0.26346822939591524,0.27682837808840216,0.28867864610159993,0.3362346749926468,0.22188223109066268,0.2549249755318385,0.19940554453467205,0.3418317041506569,0.23614043117450695,0.3121120324265286,0.32953601143585165,0.2792597348012788,0.34144475086843334,0.3161592802227839,0.32542088367239563,,0.3039569586300811,0.2715233683864608,,0.2520873244501772,,0.24593346455451953,0.237158679678813,0.30278477247660396,,0.28417725482247597,0.24627609491848085,0.31342710921820854,0.2430157765825193,0.2989893489063884,0.19969118303440353,0.255444420870693,0.3737712616686235,0.2647819661700743,0.35545254915760266,0.22378953248926456,0.3792728128726918,0.2638360660427232,0.39318848819393076,0.2561728164545203,0.32012688520983,0.24869871283151845,0.3208931162134671,0.3243549276012898,0.32478433814503277,0.2658361154953584,0.2631607207297907,,0.29234008582125776,0.27986465576992864,0.286790153121162,0.2513004145852022,0.23328733345301486,0.2441646403071668,0.24429766041761214,0.3116707662849479,0.32510186652273293,0.2521997288182314,0.26057032066670516,0.2490376613023783,0.2077862148232485,,,0.3004021259235178,0.20815465971293393,0.2434066434494387,0.22473568919241238,0.2855984365940536,0.26747939936816995,0.22717004451043146,0.21141590401391777,0.2862208002197875,0.270834706168768,0.3175402931074544,0.3282665009031463,0.1953156674533075,0.220300972424427,0.30434535806249935,0.2261247373716031,0.17266532480394972,0.3009186218725743,0.3193443029784078,0.32975257774401023,0.3180039852374588,0.24020551068571136,0.28089598579286346,0.2887392302993357,0.2563785665989753,0.2368910341577445,0.2539360836170873,,0.19521351651273178,0.30712875517794835,0.2833156276838003,0.26882585957588434,0.2653653309202116,,0.2417303631545294,,0.27844611379332906,0.2626226660525507,0.2966504338561949,0.2545274381454979,0.2532388339930819,0.3034390401221942,0.3408193291494477,0.21183367685089402,0.13218394084284127,0.23709848332446984,0.2678974240890836,0.2624365424395606,0.2636448455555674,0.25613492414048683,0.25855405423420896
URAVL,0.3486818636564095,0.2938083718161443,0.27020586411325453,0.282745951145037,0.30778683179708033,0.2824755743951667,0.23319866406288128,0.2985437689733799,0.3032865581220716,0.3117592145963131,0.3419640542693414,0.31069387394731607,0.21046485207764254,0.3197493636625466,0.2844783808838871,0.3209667580758859,0.20409788722497646,0.30407529748434486,0.26959798170628135,0.25446378264152636,,0.28340770894918427,0.25286185396792327,,0.251718666394493,0.29126757001879827,0.28638098948966967,0.250542780242864,0.2842462393251153,0.24813440235252684,0.2554888389322905,0.23416447925059777,,0.24537336120786468,0.2872493561770279,0.24597733989745524,0.23340366814032337,0.22011600970832337,0.3087170602922517,0.25625606011371926,0.301648888024865,0.24883583980172416,0.30245595245894125,0.2705334007907046,0.3176396376843285,0.26900374270902006,0.3274553001164646,0.24622915222421166,0.26586540521259727,0.25893476583495084,0.2694275052464829,0.273624340705878,0.2841434362308278,0.2549749278184456,0.21674249588673142,,0.24018272140803176,0.28332301455133535,0.26382662521627126,0.3260764659618352,0.33461685141276,0.23874875117736383,0.24626003758687187,0.31808533812169787,0.31871548239094205,0.23757623652682153,0.3033016971922593,0.21479450190491123,0.24001266766966553,,,0.32471619642200833,0.32545554618902955,0.215121192266827,0.303654278066048,0.2998465704099256,0.31953874618596373,0.29256621149165546,0.3055378237423388,0.3289715384843232,0.33386681282192177,0.2305669053006377,,0.2677520728020928,0.26346762121665895,0.34693043952607255,0.2909751481415246,0.3006768770944951,0.2939650597510623,0.271468802844375,0.2821790245668144,0.324753337655374,0.28758550005267486,0.2655655840176593,0.32025144299597547,0.23565996603852996,0.21937543318669933,0.25696905888201493,0.25567761277218515,0.292628538542021,0.27372264008207026,0.23495581760143014,0.282795569323236,0.28547211374467274,0.27268520636757354,0.29410442351802785,0.278446113793329,,0.26758344335227346,0.3137241321429859,0.22770811514508932,0.21404198220171808,0.3001706834278386,0.24850534504659674,0.2813919311786753,0.2077761261144966,0.28795730545933607,0.258597128976085,0.3187277180223396,0.2759057115636627,0.32411568858275785,0.33134837711485904
URADR,0.25733374829393807,0.21415318062393976,0.2827145594195205,0.25707814345291957,0.28112329030705646,0.24587965634287556,0.2191859421727186,0.24492987396891452,0.2367929089678884,0.25855487124851423,0.27559206713781126,0.27666431514630224,0.18872222244505873,0.2808501311104156,0.21312674486721894,0.2932685241051235,0.19048590264839768,0.2435803257684545,0.22659140269362535,0.23805384608682498,0.17877847160028965,0.2463633805157464,0.26291356664860277,,0.21765243315467364,0.23713539739604209,0.23678691070248975,0.20833004377418363,0.28677154728519083,0.2163699732119214,0.22935840234990273,0.23790471704319627,,0.21113986996953824,0.2321010487577442,0.19539615239327293,0.25600695164863907,0.2173183111721565,0.21044990062390903,0.2440698975599704,0.3381563823570246,0.2142779170262198,0.3119541938990553,0.24515650550120788,0.2909291908331999,0.23499151845326327,0.252051286036778,0.25826148561011497,0.26166622934655187,0.2226973962304471,0.24956768888430603,0.2566083806464396,0.2457709163620453,0.20996735747155115,0.20786322226285092,,0.18245616119364436,0.26425447113524947,0.24730458029293562,0.28869853073783186,0.3919945078712834,0.21718075347323576,,0.30032450070294286,0.27472495093510946,,0.3367564311166377,0.1970939866557456,0.17077344740381176,,,0.2624893756936002,0.2636602694470846,0.25325869919556715,0.26372473410261776,0.2909346024241255,0.30005795829825166,0.25385491151238515,,0.31725009585569963,0.2819185982482582,,0.18641283153595437,0.13805998486069343,0.20692246113292512,0.2222065644535021,0.1773823369368304,0.29422289547077607,0.22816428763551752,0.2907868264413236,0.28982478309796483,,0.21843696509653934,0.22113166618632077,0.2897981092375321,0.18693685336467603,0.16523718900671175,0.3010374290982906,,0.26792106056518056,0.2191791504796665,0.23642062698100053,0.27291314903248665,0.27761667093387576,0.2615063329625922,0.2790514143890928,0.2626226660525507,0.26758344335227346,,0.3029286905351729,0.2478727130044628,0.2530662313034117,0.2736260942363375,,0.27485468351181164,0.2245855477630993,0.2383675622016179,0.2607642790505338,0.2940555358450604,0.33675522934066365,0.29296738152569085,0.3246429529026249
RIVL,0.3239926045337077,0.32717061262734054,0.3340040974659548,0.2850729789408263,0.3316702830098729,0.29713191252566745,0.2823736861254695,0.3061190541268614,0.3167371746008679,0.33994405796706684,0.3369458324273289,0.3354103390031869,0.24965412356254074,0.3289495977429111,0.29093808499281454,0.35256862856234045,0.248554873400454,0.3424371092943114,0.30197627041950387,0.31907130429077313,0.35451000215365075,0.3384395383509265,0.34860692420005346,,0.3008476558618115,0.30005221876749755,0.3012132019907784,0.28007612658049746,0.30642103696041456,0.2929593132733715,0.30335627816540117,0.346852858201379,,0.3013232775441095,0.268196059607905,0.32477462354090464,0.2819521757055969,0.3561797412855129,0.28642948235405413,0.27046660397684297,0.39103358270732386,0.2571191219970159,0.3610824209031737,0.27258013075022564,0.37359542677444185,0.3079718566651153,0.3910880607565562,0.29117020324595655,0.3355838546093383,0.3112401457331242,0.33994289593183796,0.3126277343340278,0.3050788845034755,0.2617923956055438,0.2380538643083241,0.2923511487932786,0.2673347334204596,0.2922464533233955,0.31912274402128005,0.3494901483760304,0.3943140656168784,0.30126073230365463,0.29766368393421705,0.3136650472586221,0.34366687661971745,0.2564870932717749,0.34134374949925306,0.2691644780403325,0.2090393298588463,0.2563828617087199,0.320411612829532,0.37479194924153497,0.34608668910289114,0.2792470141970546,0.29997398096429323,0.32716942172140473,0.36167020214476936,0.31696029644636986,0.28302116819596296,0.34440572206869846,0.3504208313528747,0.31907464541752273,0.26769554602141393,0.2452936995287447,0.26580788248850606,0.34381740971895725,0.29879218056710816,0.3755435648051389,0.31987464628053597,0.3858619021066315,0.3352248398843492,0.3529191847551183,0.2833511757987198,0.29672154328227596,0.3542010827693443,0.2911679560551361,0.282826147673895,0.3220668223742909,0.3492644550842324,0.33579501639729825,0.29279146288882263,0.2641757233357579,0.277164785532538,0.3134090812912111,0.37218976023531464,0.2673866182138575,0.2966504338561949,0.3137241321429859,0.3029286905351729,,0.30788032036108187,0.31271206035024834,0.22546462132627193,0.2751399334207966,0.34529439037502074,0.3298326186654037,0.2806869010209058,0.3484749908755287,0.3133855574827837,0.26596771178902207,0.2930374536954147,0.3362871072099341
URADL,0.28466413409358704,0.2620239852731021,0.26169025524935335,0.23785943179313898,0.2708497037170614,0.22331618136097536,0.23039093788059417,0.27592045964926115,0.2698040416038866,0.26039813308119103,0.2770871222297661,0.2732402363430068,0.20775860343128943,0.29273265308558244,0.24528434048543982,0.29194751899521715,0.19273846220420093,0.27790043929368985,0.25493652787426896,0.3066804238387337,0.29595279250802736,0.24415224844820602,0.25812705450497353,,0.23219531744840033,0.2770644388167598,0.2330144820049098,0.2518015281403875,0.23661339142763482,0.23730333865296055,0.2589672153225209,0.2769716811523488,,0.25645966778681634,0.24354394070138416,0.30464279969049124,0.22009591482408514,0.2577510488317306,0.25040009030839105,0.2381600384627379,0.35537017726454834,0.2333271710435692,0.30048928774252276,0.26046712717198617,0.30144436234699734,0.2116409873316447,0.2902202870376388,0.26597430819212836,0.2715664299211002,0.2570637031858295,0.26046571439901883,0.26604062464652933,0.26077540395299625,0.2260158464833153,0.20515297315711414,,0.2677185672248969,0.23872988599547237,0.24248269501553282,0.32634799519082824,0.3911767934951172,0.24726699580495143,0.2692670414560911,0.27897995405688014,0.284283080583323,0.21486216822935014,0.307460427055685,0.21354327183314314,0.16970299564573343,0.24229727404798865,0.27605863927965874,0.2809739622183849,0.305581215605562,0.23096003203385956,0.3398368879494723,0.30586152232616337,0.31185894721034935,0.24027010350602354,0.38889756172305434,0.31286214692391867,0.3176047703791493,,,,0.22822852380946196,0.3000636682578792,0.3802834966851605,0.33634463796780933,0.3020722109098896,0.3118892929877235,0.3085144566980297,,0.23868022882743448,0.2415145684193048,0.2665222780327998,0.22189966929969773,0.19738830864891285,0.19884751595858027,,0.2617696583996688,0.30746308641455666,0.23069090963488112,0.23519539519106114,0.2517148712369575,0.2645874044180837,0.2619686456361286,0.25452743814549794,0.22770811514508932,0.2478727130044628,0.30788032036108187,,0.19627139711524733,0.32727559976269044,0.2202356194373884,0.2755845158853049,0.22477147679500525,0.2520817510673638,0.2813411629006491,0.2683217601583417,0.2434207722744785,0.29862917720544224,0.30311526568449093
URAVR,0.2797937177247078,0.24715702001749879,0.2398972106646889,0.2401738915852526,0.23356815429454408,0.20302970807279208,0.22605226579627147,0.25688137181501114,0.24190346666434503,0.20312127298058558,0.2706867320496654,0.28786108079017836,0.17816351250935086,0.2486249422321749,0.23568243141987083,0.2653195216036449,0.17129344021397816,0.2636612922446893,0.2924576024217468,0.29947337912178,,0.23812596654216336,,,0.20829830980546885,0.2526966186890408,0.2547741012976773,0.27909838528821046,0.28129055466209607,0.21699732165018454,0.19054766450306188,0.21090524141645725,,0.2170938252334616,0.2588245216562387,0.3199786980640799,0.2329457213917554,,0.24246432444003851,0.21563821292007745,0.30479189711611193,0.18918869076394546,0.26446797159046026,0.2354495133850319,0.3019973156733827,0.2770769742251609,,0.2029371987107939,0.2179006923548813,0.20353853835928792,0.22010484163427502,0.29981437790663223,0.23434868378765944,0.17336799211087178,0.2143538100620862,,,0.22714591466325873,0.2961980811956001,0.2692650940370774,0.269508532281138,0.24030287107706613,0.2874824319720911,,0.25637616814604114,0.3191839158065058,0.2583502532693205,0.2284916118492279,,,,0.2620155564518485,0.3073574331523805,0.2091849146594416,0.31155113953618996,0.2854340415450066,0.3247943737349076,0.24939358053711358,0.2803853862108719,0.2969678419194352,,,,,0.21940497382195195,0.2337597252688915,0.2917059406740818,0.2664690594869862,0.30829364887141086,0.28843853615230397,0.3035248460506426,,0.23411702864735923,0.2330200592771164,0.28167198477901756,0.20264410768205426,0.2822006085349123,0.2788749325582601,,0.2965190526129212,0.19219972810666378,0.23355380907132833,0.2442094309593487,0.23557901241901225,,0.2430442730269755,0.2532388339930819,0.21404198220171805,0.25306623130341166,0.31271206035024834,0.19627139711524733,,0.30158226375683694,,0.26168081502472906,,0.2595524749407046,0.27686304854805244,0.29247523193669944,0.26391559518884133,,0.249929501028469
RIVR,0.32434755984670915,0.3374275178609007,0.3334280204626552,0.283304708396993,0.32702317059958563,0.28747392528955623,0.27264163445595324,0.31180189411970133,0.31622940349740203,0.3318397601866945,0.3388023030551038,0.34829459335667884,0.25328822732619943,0.34115382381583054,0.295788959315305,0.3622177884981794,0.24155212383403002,0.34411041578905105,0.30237944354043084,0.3229091892807882,0.36099845673234315,0.33012303904734874,0.3490822430358168,,0.30608362956537266,0.30130020006352387,0.31977879358713845,0.2846723406599124,0.32201730961628827,0.30212748053073846,0.2996121083718016,0.3434387588502272,,0.3030919156817677,0.2671236239439887,0.33172355863505837,0.2710106438524956,0.34932964452057763,0.2945859113016712,0.2685372255720152,0.38746103466947385,0.2616899995372202,0.37878390666612133,0.27118097949730297,0.35475715982232786,0.3098966641173409,0.39858618231006365,0.3095096698644333,0.3399981636417884,0.2962764067795747,0.34743544601769083,0.3010594485019879,0.3183426671598029,0.26521810160830067,0.23790767900713877,0.2819564714396058,0.2501301608059979,0.29005884657248815,0.3186178872828927,0.3449033659210709,0.36252557012437164,0.2955275251008124,0.3254196645031608,0.3122135465836272,0.3426704409747863,0.2787797376208614,0.3437384539358314,0.2633494627638486,0.22465928584275888,0.24205748424949028,0.3053120916938573,0.353169516158159,0.3559235000717122,0.2744318409581115,0.31061406285976595,0.33417069621179435,0.36951310295897527,0.3138920471776893,0.2536440563214104,0.3457994492597854,0.3488103802221993,0.33738974822590173,0.2792120767196686,0.22095842567551713,0.2794499905867895,0.34691127912452047,0.30451183791929526,0.36764710577390547,0.3094180381621276,0.3679758723294832,0.35329347940009576,0.34261904442980934,0.2753315245820566,0.2960305340461857,0.345067762842531,0.28905687883763853,0.2825081613158443,0.30502091620229854,0.3709266253768286,0.35636097157828567,0.2958321349607253,0.2676658571773368,0.2827229972911273,0.3083890780356611,0.31441333315362985,0.2730612019068862,0.3034390401221942,0.3001706834278386,0.2736260942363375,0.22546462132627193,0.32727559976269044,0.30158226375683694,,0.29044588278541517,0.3662139838592671,0.19671157434640174,0.2912628468717731,0.31863277231193804,0.3303176328623927,0.27151324614063665,0.28440005323414347,0.34334813596523556
SMDDR,0.28654147069301283,0.25628379721422456,0.2542600821389958,0.2260711058167086,0.2833609677387841,0.25943963176604784,0.21607869037117,0.23012598139849624,0.21701212353113464,0.22938236597732028,0.2567372928741133,0.26897352555223136,0.20084468798403993,0.24323568983107627,0.2011305193723656,0.23921914943954584,0.22230605565173306,0.27442580276009326,0.2302635158857187,0.2132425320766362,0.2478427181897188,,0.30423981809053313,,0.22639858283330327,0.2519305612505254,,0.22060954471556393,,0.2320798972959064,0.23227625445237388,0.2444600181326868,,0.2945072101977292,0.23643947973691806,0.4189551076665854,0.2969816344568248,0.319609233930738,0.17295504829246536,0.21470849491937533,0.32137530823644844,0.23900491477075594,0.291283672114069,0.3291142927462274,,0.18933635174751523,0.33389584643180126,0.24468145071312652,0.3009527610497723,0.26473894335586023,0.29329592818252315,0.27672001267234947,0.28397159751299267,0.24142327602440417,0.23473330027313755,,0.18584414351395773,0.22805730907614302,0.24397777923223601,0.3429080114829107,0.27646887924812946,0.25338029634840425,0.23502191840292053,0.19861170375057768,0.2815297163947277,0.23370515995938873,0.23698285072699993,0.2414755395326878,0.2522949664787867,,0.2866678433680317,0.30140719776584063,,0.22282053143985997,,0.25911397139442605,0.24566583288367544,0.23353290740218485,0.23619791999843506,0.24468028982298778,0.19161607766617372,,,,0.15293160313491855,0.28303926819002484,0.3040669269695613,,0.27586316611661105,,0.30421027929771455,,0.220439497043331,0.28595397021672414,0.28263176657159206,0.21657052037770005,0.28225080716439427,,0.4399570267826838,0.3159946161114028,,0.3071749623813447,0.21564546108611365,0.24752940544012478,,0.27537255000675664,0.3408193291494477,0.24850534504659672,,0.2751399334207966,0.2202356194373884,,0.29044588278541517,,0.2320097891459862,,0.28320679477645855,0.21625534854888526,0.26503375656323097,0.23084920269729473,0.2609718640154903,0.2446496485385748
RMER,0.31822064670826133,0.17341046983575148,0.24503770322272367,0.27870382086040435,0.28421344242280927,0.29250214769433314,0.2383038626896289,0.2960993256507175,0.2284260852560169,0.2890109190350713,0.3143448469974984,0.3262594833386331,0.23582473784584174,0.27064726857538485,0.2534815068163404,0.33748374251695334,0.224843226296294,0.3412752406059352,0.28349005644362535,0.3274817634581004,0.2815843089157868,0.3440811881406646,0.3291687037948801,,0.2765952234749625,0.2714005009242607,0.3548434772113497,0.24138331316467207,0.3358499494931231,0.2602969299824019,0.25491084609399783,0.3108486605212671,,0.2686801569161642,0.2484397274049789,0.3189368611053163,0.25507668372527204,0.3315194917002013,0.22223493565751837,0.2816371887488927,0.3874698419360753,0.23012801512552147,0.4013781719896663,0.2563595509833385,0.41864530158060365,0.26617703180932567,0.3910311723773926,0.2364403483341636,0.3232149861205247,0.24089710421517066,0.3455060744018726,0.3321641159125008,0.30901081778166284,0.24526471487656565,0.25619193002900925,0.20551666848304978,0.27714975605416425,0.29472133738244594,0.27268911712725064,0.20187224332605494,0.287434729518801,0.25355536025141295,0.20527095540839918,0.3247817870196338,0.324033644711507,0.32018223235623894,0.18051549344169018,0.2570570694470693,0.23256490716864278,0.20423708548380323,0.44196015773950864,0.3296463666043434,0.1908450871287596,0.24407565766476105,0.19797160251357013,0.23819512409679505,0.20537005309673845,0.24116497692245628,0.30160196036972,0.251873948534405,0.20875004089753327,0.32957782954392645,0.17057317214357817,0.278975956777718,0.24503595349405777,0.34404790409161934,0.21628499525107167,0.37896471505730184,0.30656857870759996,0.38406008120367746,0.2436143174356055,0.3003565263855502,0.2873512837253106,0.28684888892639715,0.3127049760789023,0.22549269318556447,0.21442850036670694,0.27567167823947386,0.3425747818218023,0.2743699504215299,0.2699671170649311,0.2560730159698954,0.2615466655187563,0.22277839796137,0.2635877649739512,0.25606765444085317,0.21183367685089396,0.28139193117867534,0.2748546835118116,0.34529439037502074,0.27558451588530486,0.26168081502472906,0.3662139838592671,0.2320097891459862,,0.3142808509012772,0.2957167009206727,0.2913206503302638,0.31015904308026515,0.2942409801732355,0.3182791011984698,0.32388657742613947
SMBVR,0.3484556863153465,0.36624928533960555,0.3952243263169527,0.3655908284787982,0.32102266070589996,0.3779018335020922,0.27720943636792456,0.2921009138607299,0.33586167547561385,0.34363891993333723,0.35814700217525774,0.34065984614328493,0.25051155170112843,0.3482444833982265,0.31719264238971123,0.3393537819341857,0.21386402043144406,0.3277132640287663,0.34448670770121886,0.27180626275995096,0.3215265270947749,0.3229126325538826,0.2914621284405431,,0.36596063638415793,0.36215572872157553,0.3316343025386471,0.33773898345717074,0.29707037777106715,0.29186228058250663,0.2821248559730528,0.37010566231170045,,0.3184403860573195,0.27618011126107,0.3563242057066121,,0.28615338674679835,0.24885803599136824,0.21471116400491905,,0.2305681081132989,,0.328439759478278,0.33308361324938357,0.3432369558223782,0.4575593881454786,,0.3081495721721413,0.19381411390885783,0.33857789802773286,0.325276702415141,0.3229222432258745,0.29135186512628714,0.24728829632874444,,0.19751390782630318,0.26251286637038074,0.27320888122670445,0.2764362857229126,,0.3535818911551632,,0.27671929966102227,0.2989201506296973,,0.278398808401696,0.17058284364773854,0.32263156828603723,,,0.3394466093196964,0.3237474632273612,0.17738911940359128,0.3163336654349516,0.29747098496767443,0.36466972487599314,0.30418869684397765,,0.27596077433029154,0.35485898277284356,,0.2976252572038794,0.2792936037257899,0.23653742173220046,0.3423458407718549,0.2787439870045093,,0.24408357814409598,,0.26858747164585667,,0.2789974044135668,0.32699041507892557,0.3484278161191328,0.3489217911356522,0.32068968170967693,,,0.32503363025998033,,0.27389753088030744,0.28128356178559943,0.2581422420292246,0.33947577687450226,0.28473508443457585,0.13218394084284127,0.2077761261144966,0.2245855477630993,0.3298326186654037,0.22477147679500525,,0.19671157434640174,,0.3142808509012772,,0.30995781048619375,0.25186585047094917,0.30392957557765393,,0.3726019766727542,0.418828849975918
SMDVR,0.2757189995403678,0.31442537105100066,0.3188409258060977,0.23434959640522582,0.2627322049009979,0.29002001955183354,0.25411288797910253,0.2635328471070271,0.2746151988198736,0.2960448261168235,0.2790813985231236,0.3019852513025006,0.20659195572038444,0.27762982962971644,0.26665120713915846,0.30255274229759344,0.21587515575847813,0.2786082026461107,0.2612597035444258,0.2927367987709255,0.27339229744077664,0.2897839733867894,0.2819124564769733,,0.2569675437928749,0.2783672953252543,0.3095822126110269,0.2600089753019288,0.3096786059860918,0.2831950828801686,0.23522037884850955,0.29599366262893084,,0.3026689681745031,0.2700970958393322,0.2900678630258889,0.21760104350599377,0.26994550795436917,0.24096614435948416,0.23910958843790212,0.3081474163220365,0.2348542591500885,0.3147463258940539,0.21366802453112368,0.3203514983220261,0.25775408281359374,0.3247929767646882,0.273237662334848,0.2815628197041795,0.25431582232236666,0.3071845035513944,0.2500899834631523,0.282804440955759,0.24686927542115786,0.21199805219216727,0.21936685065199826,0.23454660488836887,0.24420990590784597,0.2641774152166886,0.30061992172680235,0.2993799469982831,0.26262590471622643,0.2677081492245306,0.2880572530658473,0.25468289873934696,0.2450705777776089,0.3230395264493349,0.25502373010108675,0.19710944354585927,0.2111435715553185,0.2683922116903762,0.2880254866276114,0.3145787434552371,0.25735446964840514,0.3253576314602737,0.3214480443795617,0.31724386315171915,0.26788278199693427,0.23891658743138233,0.32089526915296473,0.3169130081718066,0.2781994112667465,0.20419795303657623,0.19888466756243697,0.25589704225311727,0.30705596354633735,0.26886327040293445,0.30965738646124735,0.26066851046794304,0.2790734960976627,0.31080495133729136,0.3536552810454285,0.25412648178309827,0.25379047763006735,0.27839509873018264,0.265721748457011,0.20142798299245018,0.2489964118437726,0.31072383010016624,0.2678127760040168,0.24604411646370825,0.23362472914473448,0.24468982078189366,0.2627399745263771,0.34451743406393415,0.24211675137687938,0.23709848332446987,0.2879573054593361,0.2383675622016179,0.2806869010209059,0.2520817510673638,0.25955247494070455,0.2912628468717731,0.28320679477645855,0.2957167009206727,0.30995781048619375,,0.2900642419015729,0.21786389587994517,0.2543981528186185,0.21562081107284606,0.2877429731508282
RMEL,0.30181682573836166,0.3613484121296733,0.313846561619294,0.27734237819544966,0.2982333814157841,0.28258196319720774,0.2615026070877373,0.29379443317159604,0.3057069714149604,0.28522641687007594,0.31454929904982304,0.31947621796459064,0.2463392150676955,0.3135230756569879,0.26437981838894625,0.3249697627432541,0.25080821064620296,0.2658781708542068,0.28164576771028177,0.29914582677708257,0.34703083218801667,0.3810783949154993,0.3539966746592963,,0.261263655143393,0.28469839935215896,0.32754766572805577,0.2705721958257176,0.31663432895778326,0.2590912760936972,0.2488290656841633,0.3319299430323788,,0.2824514920517058,0.2621199818240252,0.3879104553350461,0.26894647428700197,0.34535049337342044,0.26377440313433764,0.2395446552275605,0.39038740503300867,0.24083744652040892,0.3972328023677238,0.27192636501695894,0.47207264764987406,0.3001321225010931,0.40346191269205933,0.28680529754024325,0.31759018910364306,0.28943543932346494,0.35194160570915706,0.30782432289346684,0.31362140602235383,0.238091738671004,0.22648678634795089,0.2926652163862483,0.26736966832660275,0.30475517658548124,0.2940517480382719,0.28978347270296584,0.3679839264529938,0.2618107522156975,0.2900681627559005,0.3101510800995778,0.3382612082176502,0.2520655141727179,0.29496497656829485,0.26066146884076574,0.24622970541374545,0.2824583674780456,0.33281164747029107,0.3479900223753941,0.21049935664823424,0.25459588167206504,0.20334975426984417,0.29830755016344984,0.3191368079850893,0.3024104143682416,0.18052245244200193,0.30525110117760246,0.30473520120595765,0.29042977854483976,0.2613213431147914,0.3215373221724913,0.21978322080946847,0.3299993216212109,0.2828604440979788,0.42415868043111354,0.29463276496502333,0.3803924599794066,0.3388154457067129,0.26220623393172826,0.25834569478548236,0.3082827989647085,0.3204988612640201,0.24821074724774864,0.25239110432348927,0.2894057731584694,0.417026900000993,0.315739013836053,0.3618882472566861,0.258304059858282,0.27486734359263787,0.28352715602336004,0.24341368013280937,0.2671208061846802,0.2678974240890836,0.258597128976085,0.2607642790505338,0.3484749908755287,0.2813411629006491,0.27686304854805244,0.31863277231193804,0.21625534854888528,0.2913206503302638,0.25186585047094917,0.2900642419015729,,0.3222143502877342,0.2918679907830035,0.3242274269191849,0.30861011362884433
SMDVL,0.31262727081776004,0.3077716588645448,0.3275579181661065,0.2666837492122596,0.29898612575840694,0.3093350632445548,0.2527031023742455,0.30041907828331404,0.308437938314652,0.2990445275013858,0.30285144235356665,0.3108136360657322,0.22578731913097083,0.3059504526338668,0.28055044304297594,0.31977720485759603,0.25398612678775473,0.30921986173354,0.2770960985815012,0.321641696418422,0.29690172866346426,0.30757546084452775,0.34992476020657876,,0.28849246202534157,0.2969129370053272,0.3194559284792443,0.2545873101092759,0.33822359632751736,0.28835379089078506,0.26334662533333353,0.308611237895048,,0.30858393256305666,0.26484698704302573,0.34082036185605685,0.25773572595519767,0.29905495765504997,0.25124190574635125,0.2739479063264091,0.3349657362109457,0.2541729723509015,0.3359254085830099,0.2541364012582612,0.3742787269611461,0.2898473555036745,0.3738863528408194,0.28489599644513364,0.30812511901124645,0.2638456852045226,0.3093121886381049,0.2728556102103452,0.2781799426784692,0.2557162925742336,0.23218956106520688,0.2505979939419711,0.2636687474736857,0.26583726790168405,0.2909561348233,0.3141688359470311,0.34456849227047215,0.28067129759979065,0.24221434429546565,0.28906972287839694,0.30223699011674965,0.2893770742576055,0.3270260674112865,0.26103712617092323,0.23184383069792447,0.23584434182547379,0.28065209903111865,0.31383800336253787,0.3481881056386705,0.2516956343398937,0.3477112199032567,0.3397103711651592,0.3649053128534886,0.29138063053888097,0.3668334657175192,0.35425410964564824,0.3463934582200003,0.2727002775374966,0.24810451862231744,0.2060641799740522,0.245813532808409,0.3133751888818335,0.26235253326526226,0.34571229959005073,0.2803832668017754,0.30401745490836685,0.3003129709575718,0.31571856202256865,0.270397269157809,0.2698203808686156,0.29334485325436976,0.2701724855318506,0.2625766791637459,0.2874831816023973,0.33190935171795694,0.29164218492336286,0.2674891841880076,0.2294669441705439,0.281761973734296,0.29889772380381535,0.3233727463492069,0.27845280616254026,0.2624365424395606,0.3187277180223396,0.2940555358450604,0.31338555748278374,0.2683217601583417,0.29247523193669944,0.33031763286239263,0.26503375656323097,0.31015904308026515,0.30392957557765393,0.21786389587994517,0.3222143502877342,,0.23146080175296957,0.3137503252133936,0.3344721526668466
SMDDL,0.25136600982923396,0.30086156286598764,0.3093109890546301,0.2748256202125758,0.2519068577327774,0.31748057612679403,0.2587384933487455,0.255731213243025,0.23311361380217188,0.2727974228773545,0.2496503604753455,0.3006793424422976,0.23952098092270402,0.30381250653088526,0.2528441355131746,0.29723500191990293,0.24007313905674402,0.27185105016315314,0.29608453120882083,0.28938976722236914,0.2441147711157592,0.24370498722621975,0.2855749846282989,,0.24822996360395422,0.272925844998674,0.3947858275270027,0.25840734792552816,0.3692302800760604,0.24147202861384928,0.22021423865547818,0.319002012497282,,0.2918339208588905,0.2852732912147548,0.30738902845467,0.24889625043597566,0.30292535928453773,0.2931437143411075,0.20468794211913305,0.3293712305086209,0.21351441185673287,0.29508801610435736,0.24074257277096775,0.34971157310098777,0.2766441301507317,0.32284695157127485,0.24457006798274836,0.2692286565172835,0.27327978377616685,0.3194090275467052,0.26907341800518,0.30611913035620136,0.29465797707082597,0.2600232324739232,,0.2910275251486169,0.27124810839635594,0.2524539703311112,0.3026505248276093,0.3441969008424076,0.26029149960518877,0.25515412629270107,0.21190475853038834,0.2878452127191841,0.23619331306632224,0.28963804577695756,0.25647546415665606,0.25346911690179674,,0.19617862631551547,0.3149354329142912,0.313260444752254,0.24677831054250046,0.40560494931220725,0.29938116704311135,0.28139480735841776,0.2870178733002314,0.21833711630685582,0.2937622099816626,0.2695956918405583,0.25519693636255963,,,0.2479560914876265,0.312648167294126,0.2599039824208512,0.42086938063337204,0.26319696683323,0.300262205334479,0.29349366453701037,,0.244656235355204,0.27836527462541993,0.29270320150631773,0.25426567238316505,0.20933157012150883,0.2655482601639476,,0.28115893206967235,0.24866637630561197,0.26283321416601185,0.2783231177281512,0.27111037363977303,0.4030947295827539,0.24049185095675518,0.2636448455555674,0.2759057115636628,0.33675522934066365,0.26596771178902207,0.2434207722744785,0.26391559518884133,0.2715132461406367,0.23084920269729473,0.2942409801732355,,0.2543981528186185,0.2918679907830035,0.2314608017529695,,0.1874856076497856,0.279293726995968
RMDR,0.3030687807631562,0.31192000135106573,0.2860956660763412,0.26509244372948354,0.2946996478576997,0.2691889775707524,0.2712671570373645,0.2349464769207001,0.3061801943401434,0.2994391774453651,0.27315354053819874,0.310107849678308,0.22417389347878525,0.29861594664887947,0.2841167712449586,0.3029004892283451,0.20497710956641726,0.2876375826192972,0.2672178364232386,0.2454807111818434,0.3445374065690911,0.275142803134556,0.24552164104165067,,0.24810088934151936,0.28534545986682847,0.3704968388853035,0.2631816034799768,0.32060268676466636,0.24777222674906657,0.2770179633072752,0.26740107671525026,,0.25172234583939074,0.21300327441305233,0.27868733646897864,0.26718535778091074,0.2334603512442373,0.2359722132366778,0.23132373377005053,0.24116610538336453,0.2664704331230833,0.23435509957360967,0.2479697669997949,,0.31265307479298754,0.30391371255995653,0.2712217406570905,0.3059909218182907,0.2285171174362107,0.30780177630861283,0.28945618678134,0.2577869273468839,0.26823870095086,0.2465090596232459,,,0.31314927241842755,0.22985561264528476,0.2948110585106857,0.34167913719361737,0.2003426596334742,0.2879953907547244,0.25991201680670073,0.2983720175939202,0.19214636160998882,0.2933089832097341,0.23986135172757345,0.22883254173690504,,,0.30563740245462,0.23387059814023017,0.2616413789333165,,0.31523733358986206,0.3160206135032847,0.26959530138573246,0.2685420442504149,0.3211540267251618,0.32738195205507015,0.2757864241270788,,0.36423237009205583,0.2313918688071014,0.3092520931764804,0.2352437614024708,,0.29172186541138356,0.2557221334395852,0.2809343499519505,0.3008537181312521,0.29388987328225996,0.2523892948518311,0.3189261442944037,0.260514347430319,0.1398417620151617,0.21868948133895227,0.3507611692504281,0.306921080466847,0.20753705725468807,0.2049615003366112,0.2446274304272169,0.2825482671710853,0.37206017676428715,0.2532102643634455,0.25613492414048683,0.32411568858275785,0.29296738152569085,0.2930374536954147,0.29862917720544224,,0.28440005323414347,0.2609718640154903,0.3182791011984698,0.3726019766727542,0.21562081107284603,0.32422742691918494,0.3137503252133935,0.1874856076497856,,0.2584611323869817
RMDL,0.309679331734981,0.2814659507957986,0.30108064698493914,0.26943483859022643,0.32500511660620507,0.27765344841508793,0.3030587335040997,0.2787197845053069,0.31006694224556464,0.2886471685925991,0.31068426711857217,0.29431652518607304,0.24708640708930915,0.34647153836135264,0.2819649382009158,0.3068944666745752,0.2504654144288906,0.33201647832410125,0.27780701526283924,0.27991547312102927,0.32254111960734194,0.3206264352930734,0.32787434016768574,,0.25438669800282626,0.28411242830099825,0.3251729287324807,0.2748301272547365,0.2644708676947298,0.2434674780867352,0.2723796297528163,0.2981017937991984,,0.26797654298470247,0.24871846284801402,0.3419703165160224,0.23579212533544402,0.3066383191121643,0.28243928437637494,0.26460567120045214,0.3136569784209541,0.2594109124627717,0.32423387330994885,0.2660354968910973,0.3720326794673444,0.30840202933115557,0.3459774336713026,0.3011529563852508,0.3273223889709229,0.27913084564838425,0.3329134131963614,0.2871403339179415,0.2674419752820505,0.2350448832735087,0.24829949131096304,0.37191186267780885,0.2722243210294469,0.32074371161638365,0.319743822223395,0.33411309924958643,0.3550093490464439,0.28243577035627504,0.265287919174778,0.31243726448633774,0.33593686625047126,0.26754597962782917,0.34328152264959794,0.2504135816436515,0.25822349323025345,0.2460213428964525,0.2848495277061832,0.33925008201856005,0.2491781747112606,0.27850688362101567,0.32271437286559634,0.34908942621078687,0.3601004275946724,0.30015074145601217,0.24926588595883525,0.3664684211792367,0.3779293293659604,0.3187643284104789,0.3943329608678865,0.3245941049396535,0.25188339757438116,0.362252816451503,0.2841720878201202,0.4222704034592047,0.3112819758217624,0.36716597106362603,0.3476603991755865,0.31877845648814995,0.29060912829978197,0.28438059065059673,0.31845539438559894,0.23212085562249482,0.2664304634899911,0.2889123422756433,0.37889779939078444,0.3121792002304873,0.3387597170795562,0.2799782549996013,0.27582992680400215,0.3003463045979787,0.3713115340062372,0.2766628694964506,0.25855405423420896,0.33134837711485904,0.3246429529026249,0.33628710720993416,0.30311526568449093,0.249929501028469,0.34334813596523556,0.24464964853857485,0.32388657742613947,0.418828849975918,0.2877429731508282,0.30861011362884433,0.3344721526668466,0.279293726995968,0.2584611323869817,
