roi,atlas_region,ito_neuropil_block,ito_block_order,base_region,side,side_order,label,plot_order,side_key,mean_FCV_all_other,mean_FCV_excl_same_side_key,n_available_targets,n_available_targets_excl_same_side_key,big_group,n_cells,n_postdca_cells,mean_DCA,median_DCA,mean_DCA_positive,median_DCA_positive,mean_PostDCA,median_PostDCA,weighted_PostDCA,mean_PostDCA_positive,median_PostDCA_positive,weighted_PostDCA_positive,mean_mapping_confidence,mean_FCV_all_other_z,mean_FCV_excl_same_side_key_z,fcv_source,postdca_source
250,AL_R,AL,306,AL,R,0,AL_R_250,0,AL_R,0.27355687993165967,0.2731883444388633,718,696,olfactory system,2608,2464,-0.0004501606873249,0.0,0.0012772040103911,0.0,0.0561545807743888,0.0313220148340448,0.0730352197635629,0.0669363001194896,0.0356353679117152,0.0857275920246856,0.9849493712215768,0.0517104139020593,-0.0405249034372948,"Branson999 full FCV matrix, w15_step5_hp030",FlyWire783 cell-level side-aware median_PostDCA_positive
251,AL_R,AL,304,AL,R,0,AL_R_251,1,AL_R,0.2757941915172875,0.27541961423961714,718,696,olfactory system,2608,2464,-0.0004501606873249,0.0,0.0012772040103911,0.0,0.0561545807743888,0.0313220148340448,0.0730352197635629,0.0669363001194896,0.0356353679117152,0.0857275920246856,0.9849493712215768,0.6953985817119547,0.6050493984853603,"Branson999 full FCV matrix, w15_step5_hp030",FlyWire783 cell-level side-aware median_PostDCA_positive
252,AL_R,AL,319,AL,R,0,AL_R_252,2,AL_R,0.27504558971863424,0.2749548156378397,718,696,olfactory system,2608,2464,-0.0004501606873249,0.0,0.0012772040103911,0.0,0.0561545807743888,0.0313220148340448,0.0730352197635629,0.0669363001194896,0.0356353679117152,0.0857275920246856,0.9849493712215768,0.48002128545614847,0.4705690085407075,"Branson999 full FCV matrix, w15_step5_hp030",FlyWire783 cell-level side-aware median_PostDCA_positive
253,AL_R,AL,318,AL,R,0,AL_R_253,3,AL_R,0.277230770680024,0.27698650388266555,718,696,olfactory system,2608,2464,-0.0004501606873249,0.0,0.0012772040103911,0.0,0.0561545807743888,0.0313220148340448,0.0730352197635629,0.0669363001194896,0.0356353679117152,0.0857275920246856,0.9849493712215768,1.1087111552112894,1.0583982885026344,"Branson999 full FCV matrix, w15_step5_hp030",FlyWire783 cell-level side-aware median_PostDCA_positive
254,AL_R,AL,303,AL,R,0,AL_R_254,4,AL_R,0.2745303131351811,0.2742761679196596,718,696,olfactory system,2608,2464,-0.0004501606873249,0.0,0.0012772040103911,0.0,0.0561545807743888,0.0313220148340448,0.0730352197635629,0.0669363001194896,0.0356353679117152,0.0857275920246856,0.9849493712215768,0.33177307450111965,0.274215556901867,"Branson999 full FCV matrix, w15_step5_hp030",FlyWire783 cell-level side-aware median_PostDCA_positive
255,AL_R,AL,308,AL,R,0,AL_R_255,5,AL_R,0.2690330667747016,0.2689316055195216,718,696,olfactory system,2608,2464,-0.0004501606873249,0.0,0.0012772040103911,0.0,0.0561545807743888,0.0313220148340448,0.0730352197635629,0.0669363001194896,0.0356353679117152,0.0857275920246856,0.9849493712215768,-1.2498181801580597,-1.2721291027109953,"Branson999 full FCV matrix, w15_step5_hp030",FlyWire783 cell-level side-aware median_PostDCA_positive
256,AL_R,AL,307,AL,R,0,AL_R_256,6,AL_R,0.27485028521258104,0.2745049257399992,718,696,olfactory system,2608,2464,-0.0004501606873249,0.0,0.0012772040103911,0.0,0.0561545807743888,0.0313220148340448,0.0730352197635629,0.0669363001194896,0.0356353679117152,0.0857275920246856,0.9849493712215768,0.42383098971281935,0.3404021606578047,"Branson999 full FCV matrix, w15_step5_hp030",FlyWire783 cell-level side-aware median_PostDCA_positive
257,AL_R,AL,312,AL,R,0,AL_R_257,7,AL_R,0.27678783062742296,0.27630300324663104,718,696,olfactory system,2608,2464,-0.0004501606873249,0.0,0.0012772040103911,0.0,0.0561545807743888,0.0313220148340448,0.0730352197635629,0.0669363001194896,0.0356353679117152,0.0857275920246856,0.9849493712215768,0.9812746046923905,0.8606407399432486,"Branson999 full FCV matrix, w15_step5_hp030",FlyWire783 cell-level side-aware median_PostDCA_positive
258,AL_R,AL,320,AL,R,0,AL_R_258,8,AL_R,0.273453008454658,0.2734828221259799,718,696,olfactory system,2608,2464,-0.0004501606873249,0.0,0.0012772040103911,0.0,0.0561545807743888,0.0313220148340448,0.0730352197635629,0.0669363001194896,0.0356353679117152,0.0857275920246856,0.9849493712215768,0.021825957419362888,0.044676459135653684,"Branson999 full FCV matrix, w15_step5_hp030",FlyWire783 cell-level side-aware median_PostDCA_positive
259,AL_R,AL,316,AL,R,0,AL_R_259,9,AL_R,0.2786449485405037,0.27848594659139436,718,696,olfactory system,2608,2464,-0.0004501606873249,0.0,0.0012772040103911,0.0,0.0561545807743888,0.0313220148340448,0.0730352197635629,0.0669363001194896,0.0356353679117152,0.0857275920246856,0.9849493712215768,1.515578737633453,1.492232726468667,"Branson999 full FCV matrix, w15_step5_hp030",FlyWire783 cell-level side-aware median_PostDCA_positive
260,AL_R,AL,302,AL,R,0,AL_R_260,10,AL_R,0.2758399310016741,0.27573465836797545,718,696,olfactory system,2608,2464,-0.0004501606873249,0.0,0.0012772040103911,0.0,0.0561545807743888,0.0313220148340448,0.0730352197635629,0.0669363001194896,0.0356353679117152,0.0857275920246856,0.9849493712215768,0.7085581099111089,0.6962012588166544,"Branson999 full FCV matrix, w15_step5_hp030",FlyWire783 cell-level side-aware median_PostDCA_positive
261,AL_R,AL,309,AL,R,0,AL_R_261,11,AL_R,0.2738580420128654,0.2736625551928157,718,696,olfactory system,2608,2464,-0.0004501606873249,0.0,0.0012772040103911,0.0,0.0561545807743888,0.0313220148340448,0.0730352197635629,0.0669363001194896,0.0356353679117152,0.0857275920246856,0.9849493712215768,0.1383565786608813,0.09667870875859126,"Branson999 full FCV matrix, w15_step5_hp030",FlyWire783 cell-level side-aware median_PostDCA_positive
262,AL_R,AL,313,AL,R,0,AL_R_262,12,AL_R,0.2802341465141664,0.27999310312201586,718,696,olfactory system,2608,2464,-0.0004501606873249,0.0,0.0012772040103911,0.0,0.0561545807743888,0.0313220148340448,0.0730352197635629,0.0669363001194896,0.0356353679117152,0.0857275920246856,0.9849493712215768,1.9728006724436968,1.9282990080162528,"Branson999 full FCV matrix, w15_step5_hp030",FlyWire783 cell-level side-aware median_PostDCA_positive
263,AL_R,AL,317,AL,R,0,AL_R_263,13,AL_R,0.27697845857586145,0.276870343873018,718,696,olfactory system,2608,2464,-0.0004501606873249,0.0,0.0012772040103911,0.0,0.0561545807743888,0.0313220148340448,0.0730352197635629,0.0669363001194896,0.0356353679117152,0.0857275920246856,0.9849493712215768,1.0361194263309907,1.0247896603061688,"Branson999 full FCV matrix, w15_step5_hp030",FlyWire783 cell-level side-aware median_PostDCA_positive
264,AL_R,AL,310,AL,R,0,AL_R_264,14,AL_R,0.274948726614504,0.2745823577778605,718,696,olfactory system,2608,2464,-0.0004501606873249,0.0,0.0012772040103911,0.0,0.0561545807743888,0.0313220148340448,0.0730352197635629,0.0669363001194896,0.0356353679117152,0.0857275920246856,0.9849493712215768,0.4521531805276653,0.36280560723870575,"Branson999 full FCV matrix, w15_step5_hp030",FlyWire783 cell-level side-aware median_PostDCA_positive
265,AL_R,AL,315,AL,R,0,AL_R_265,15,AL_R,0.2813389232027638,0.28125389256208927,718,696,olfactory system,2608,2464,-0.0004501606873249,0.0,0.0012772040103911,0.0,0.0561545807743888,0.0313220148340448,0.0730352197635629,0.0669363001194896,0.0356353679117152,0.0857275920246856,0.9849493712215768,2.290651653545555,2.2930837876838024,"Branson999 full FCV matrix, w15_step5_hp030",FlyWire783 cell-level side-aware median_PostDCA_positive
266,AL_R,AL,321,AL,R,0,AL_R_266,16,AL_R,0.2756967633731285,0.2755505481737311,718,696,olfactory system,2608,2464,-0.0004501606873249,0.0,0.0012772040103911,0.0,0.0561545807743888,0.0313220148340448,0.0730352197635629,0.0669363001194896,0.0356353679117152,0.0857275920246856,0.9849493712215768,0.6673679113262541,0.6429325729383307,"Branson999 full FCV matrix, w15_step5_hp030",FlyWire783 cell-level side-aware median_PostDCA_positive
267,AL_R,AL,322,AL,R,0,AL_R_267,17,AL_R,0.27675605264101844,0.27648050995414325,718,696,olfactory system,2608,2464,-0.0004501606873249,0.0,0.0012772040103911,0.0,0.0561545807743888,0.0313220148340448,0.0730352197635629,0.0669363001194896,0.0356353679117152,0.0857275920246856,0.9849493712215768,0.9721318844844336,0.9119988360148524,"Branson999 full FCV matrix, w15_step5_hp030",FlyWire783 cell-level side-aware median_PostDCA_positive
268,AL_R,AL,311,AL,R,0,AL_R_268,18,AL_R,0.27676323815785997,0.2765863757005049,718,696,olfactory system,2608,2464,-0.0004501606873249,0.0,0.0012772040103911,0.0,0.0561545807743888,0.0313220148340448,0.0730352197635629,0.0669363001194896,0.0356353679117152,0.0857275920246856,0.9849493712215768,0.9741992014376046,0.9426290203528785,"Branson999 full FCV matrix, w15_step5_hp030",FlyWire783 cell-level side-aware median_PostDCA_positive
269,AL_R,AL,314,AL,R,0,AL_R_269,19,AL_R,0.279008986334193,0.2788099774543057,718,696,olfactory system,2608,2464,-0.0004501606873249,0.0,0.0012772040103911,0.0,0.0561545807743888,0.0313220148340448,0.0730352197635629,0.0669363001194896,0.0356353679117152,0.0857275920246856,0.9849493712215768,1.6203146277699525,1.5859847227779897,"Branson999 full FCV matrix, w15_step5_hp030",FlyWire783 cell-level side-aware median_PostDCA_positive
270,AL_R,AL,301,AL,R,0,AL_R_270,20,AL_R,0.27374730845477135,0.27359310792061503,718,696,olfactory system,2608,2464,-0.0004501606873249,0.0,0.0012772040103911,0.0,0.0561545807743888,0.0313220148340448,0.0730352197635629,0.0669363001194896,0.0356353679117152,0.0857275920246856,0.9849493712215768,0.10649785965969037,0.07658549804233404,"Branson999 full FCV matrix, w15_step5_hp030",FlyWire783 cell-level side-aware median_PostDCA_positive
271,AL_R,AL,323,AL,R,0,AL_R_271,21,AL_R,0.279138281369545,0.27870984550956684,718,696,olfactory system,2608,2464,-0.0004501606873249,0.0,0.0012772040103911,0.0,0.0561545807743888,0.0313220148340448,0.0730352197635629,0.0669363001194896,0.0356353679117152,0.0857275920246856,0.9849493712215768,1.6575135968126449,1.5570135018601523,"Branson999 full FCV matrix, w15_step5_hp030",FlyWire783 cell-level side-aware median_PostDCA_positive
272,AL_R,AL,305,AL,R,0,AL_R_272,22,AL_R,0.27672325616552035,0.27653970087268076,718,696,olfactory system,2608,2464,-0.0004501606873249,0.0,0.0012772040103911,0.0,0.0561545807743888,0.0313220148340448,0.0730352197635629,0.0669363001194896,0.0356353679117152,0.0857275920246856,0.9849493712215768,0.9626961387619344,0.9291245712809794,"Branson999 full FCV matrix, w15_step5_hp030",FlyWire783 cell-level side-aware median_PostDCA_positive
158,ATL_R,ATL,218,ATL,R,0,ATL_R_158,28,ATL_R,0.2762630797431996,0.2762630797431996,718,718,inferior/ventrolateral protocerebrum,23,23,-0.0076735473612765,1.6035080493090552e-18,0.0477902889414569,1.6035080493090552e-18,-0.0228575836458514,-0.0008131630509101,-0.0275798876863741,0.0076843012696145,0.0038748744689311,0.0076853435732458,0.4472311220942201,0.8303005797098213,0.8490896546153496,"Branson999 full FCV matrix, w15_step5_hp030",FlyWire783 cell-level side-aware median_PostDCA_positive
188,AVLP_R,AVLP,750,AVLP,R,0,AVLP_R_188,29,AVLP_R,0.27292378623484287,0.2729250902635152,718,691,optic/lateral protocerebrum,2172,1954,0.0015292947974041,0.0005348426399483,0.0044312812560925,0.0005348426399483,-0.0051064366906135,0.0008561869309627,-0.005056039886152,0.0220640996038256,0.0074764792285033,0.0239806030514742,0.7343042661906756,-0.13043449804217525,-0.11669235321014002,"Branson999 full FCV matrix, w15_step5_hp030",FlyWire783 cell-level side-aware median_PostDCA_positive
189,AVLP_R,AVLP,742,AVLP,R,0,AVLP_R_189,30,AVLP_R,0.2717709305577098,0.27177076369790387,718,691,optic/lateral protocerebrum,2172,1954,0.0015292947974041,0.0005348426399483,0.0044312812560925,0.0005348426399483,-0.0051064366906135,0.0008561869309627,-0.005056039886152,0.0220640996038256,0.0074764792285033,0.0239806030514742,0.7343042661906756,-0.46211809693382594,-0.4506741811959519,"Branson999 full FCV matrix, w15_step5_hp030",FlyWire783 cell-level side-aware median_PostDCA_positive
190,AVLP_R,AVLP,744,AVLP,R,0,AVLP_R_190,31,AVLP_R,0.2694885740465644,0.26943056596865034,718,691,optic/lateral protocerebrum,2172,1954,0.0015292947974041,0.0005348426399483,0.0044312812560925,0.0005348426399483,-0.0051064366906135,0.0008561869309627,-0.005056039886152,0.0220640996038256,0.0074764792285033,0.0239806030514742,0.7343042661906756,-1.1187659641265792,-1.127764650001392,"Branson999 full FCV matrix, w15_step5_hp030",FlyWire783 cell-level side-aware median_PostDCA_positive
191,AVLP_R,AVLP,740,AVLP,R,0,AVLP_R_191,32,AVLP_R,0.27159531984606805,0.27149165505612194,718,691,optic/lateral protocerebrum,2172,1954,0.0015292947974041,0.0005348426399483,0.0044312812560925,0.0005348426399483,-0.0051064366906135,0.0008561869309627,-0.005056039886152,0.0220640996038256,0.0074764792285033,0.0239806030514742,0.7343042661906756,-0.5126423680950737,-0.5314288109220731,"Branson999 full FCV matrix, w15_step5_hp030",FlyWire783 cell-level side-aware median_PostDCA_positive
192,AVLP_R,AVLP,739,AVLP,R,0,AVLP_R_192,33,AVLP_R,0.27124479372472304,0.27118995340762425,718,691,optic/lateral protocerebrum,2172,1954,0.0015292947974041,0.0005348426399483,0.0044312812560925,0.0005348426399483,-0.0051064366906135,0.0008561869309627,-0.005056039886152,0.0220640996038256,0.0074764792285033,0.0239806030514742,0.7343042661906756,-0.6134908678156701,-0.6187202855129118,"Branson999 full FCV matrix, w15_step5_hp030",FlyWire783 cell-level side-aware median_PostDCA_positive
193,AVLP_R,AVLP,737,AVLP,R,0,AVLP_R_193,34,AVLP_R,0.2735213366095866,0.2735628803964765,718,691,optic/lateral protocerebrum,2172,1954,0.0015292947974041,0.0005348426399483,0.0044312812560925,0.0005348426399483,-0.0051064366906135,0.0008561869309627,-0.005056039886152,0.0220640996038256,0.0074764792285033,0.0239806030514742,0.7343042661906756,0.04148438369238436,0.06783975479426418,"Branson999 full FCV matrix, w15_step5_hp030",FlyWire783 cell-level side-aware median_PostDCA_positive
194,AVLP_R,AVLP,743,AVLP,R,0,AVLP_R_194,35,AVLP_R,0.27276223968176505,0.2727388466137389,718,691,optic/lateral protocerebrum,2172,1954,0.0015292947974041,0.0005348426399483,0.0044312812560925,0.0005348426399483,-0.0051064366906135,0.0008561869309627,-0.005056039886152,0.0220640996038256,0.0074764792285033,0.0239806030514742,0.7343042661906756,-0.17691242513764682,-0.17057831274369953,"Branson999 full FCV matrix, w15_step5_hp030",FlyWire783 cell-level side-aware median_PostDCA_positive
195,AVLP_R,AVLP,753,AVLP,R,0,AVLP_R_195,36,AVLP_R,0.26970730867125514,0.26962699062030077,718,691,optic/lateral protocerebrum,2172,1954,0.0015292947974041,0.0005348426399483,0.0044312812560925,0.0005348426399483,-0.0051064366906135,0.0008561869309627,-0.005056039886152,0.0220640996038256,0.0074764792285033,0.0239806030514742,0.7343042661906756,-1.0558346805681214,-1.070933016584947,"Branson999 full FCV matrix, w15_step5_hp030",FlyWire783 cell-level side-aware median_PostDCA_positive
196,AVLP_R,AVLP,741,AVLP,R,0,AVLP_R_196,37,AVLP_R,0.2739241281720397,0.27392987873877916,718,691,optic/lateral protocerebrum,2172,1954,0.0015292947974041,0.0005348426399483,0.0044312812560925,0.0005348426399483,-0.0051064366906135,0.0008561869309627,-0.005056039886152,0.0220640996038256,0.0074764792285033,0.0239806030514742,0.7343042661906756,0.15736996910223303,0.17402355137446812,"Branson999 full FCV matrix, w15_step5_hp030",FlyWire783 cell-level side-aware median_PostDCA_positive
197,AVLP_R,AVLP,745,AVLP,R,0,AVLP_R_197,38,AVLP_R,0.27228467868826245,0.2722739698112235,718,691,optic/lateral protocerebrum,2172,1954,0.0015292947974041,0.0005348426399483,0.0044312812560925,0.0005348426399483,-0.0051064366906135,0.0008561869309627,-0.005056039886152,0.0220640996038256,0.0074764792285033,0.0239806030514742,0.7343042661906756,-0.314309631186128,-0.3050813285432754,"Branson999 full FCV matrix, w15_step5_hp030",FlyWire783 cell-level side-aware median_PostDCA_positive
198,AVLP_R,AVLP,754,AVLP,R,0,AVLP_R_198,39,AVLP_R,0.2691911583341464,0.2691246265732066,718,691,optic/lateral protocerebrum,2172,1954,0.0015292947974041,0.0005348426399483,0.0044312812560925,0.0005348426399483,-0.0051064366906135,0.0008561869309627,-0.005056039886152,0.0220640996038256,0.0074764792285033,0.0239806030514742,0.7343042661906756,-1.2043342757707893,-1.2162822338352635,"Branson999 full FCV matrix, w15_step5_hp030",FlyWire783 cell-level side-aware median_PostDCA_positive
199,AVLP_R,AVLP,746,AVLP,R,0,AVLP_R_199,40,AVLP_R,0.2714383590409169,0.27142550107485447,718,691,optic/lateral protocerebrum,2172,1954,0.0015292947974041,0.0005348426399483,0.0044312812560925,0.0005348426399483,-0.0051064366906135,0.0008561869309627,-0.005056039886152,0.0220640996038256,0.0074764792285033,0.0239806030514742,0.7343042661906756,-0.557800947586074,-0.5505691722812069,"Branson999 full FCV matrix, w15_step5_hp030",FlyWire783 cell-level side-aware median_PostDCA_positive
200,AVLP_R,AVLP,751,AVLP,R,0,AVLP_R_200,41,AVLP_R,0.2711310165941696,0.27104369830914987,718,691,optic/lateral protocerebrum,2172,1954,0.0015292947974041,0.0005348426399483,0.0044312812560925,0.0005348426399483,-0.0051064366906135,0.0008561869309627,-0.005056039886152,0.0220640996038256,0.0074764792285033,0.0239806030514742,0.7343042661906756,-0.6462252411479649,-0.6610363393887485,"Branson999 full FCV matrix, w15_step5_hp030",FlyWire783 cell-level side-aware median_PostDCA_positive
201,AVLP_R,AVLP,736,AVLP,R,0,AVLP_R_201,42,AVLP_R,0.27100362801864725,0.27091759828444506,718,691,optic/lateral protocerebrum,2172,1954,0.0015292947974041,0.0005348426399483,0.0044312812560925,0.0005348426399483,-0.0051064366906135,0.0008561869309627,-0.005056039886152,0.0220640996038256,0.0074764792285033,0.0239806030514742,0.7343042661906756,-0.6828757100878503,-0.6975209166432496,"Branson999 full FCV matrix, w15_step5_hp030",FlyWire783 cell-level side-aware median_PostDCA_positive
202,AVLP_R,AVLP,752,AVLP,R,0,AVLP_R_202,43,AVLP_R,0.27008075698339934,0.2700469185053723,718,691,optic/lateral protocerebrum,2172,1954,0.0015292947974041,0.0005348426399483,0.0044312812560925,0.0005348426399483,-0.0051064366906135,0.0008561869309627,-0.005056039886152,0.0220640996038256,0.0074764792285033,0.0239806030514742,0.7343042661906756,-0.9483913269646318,-0.9494350914253186,"Branson999 full FCV matrix, w15_step5_hp030",FlyWire783 cell-level side-aware median_PostDCA_positive
203,AVLP_R,AVLP,748,AVLP,R,0,AVLP_R_203,44,AVLP_R,0.2722876745556735,0.27230593928477775,718,691,optic/lateral protocerebrum,2172,1954,0.0015292947974041,0.0005348426399483,0.0044312812560925,0.0005348426399483,-0.0051064366906135,0.0008561869309627,-0.005056039886152,0.0220640996038256,0.0074764792285033,0.0239806030514742,0.7343042661906756,-0.3134477018879471,-0.2958315862818684,"Branson999 full FCV matrix, w15_step5_hp030",FlyWire783 cell-level side-aware median_PostDCA_positive
204,AVLP_R,AVLP,735,AVLP,R,0,AVLP_R_204,45,AVLP_R,0.271390498273063,0.27138973714456033,718,691,optic/lateral protocerebrum,2172,1954,0.0015292947974041,0.0005348426399483,0.0044312812560925,0.0005348426399483,-0.0051064366906135,0.0008561869309627,-0.005056039886152,0.0220640996038256,0.0074764792285033,0.0239806030514742,0.7343042661906756,-0.5715707819568229,-0.5609167664295482,"Branson999 full FCV matrix, w15_step5_hp030",FlyWire783 cell-level side-aware median_PostDCA_positive
205,AVLP_R,AVLP,747,AVLP,R,0,AVLP_R_205,46,AVLP_R,0.2703989708440588,0.2703439016547163,718,691,optic/lateral protocerebrum,2172,1954,0.0015292947974041,0.0005348426399483,0.0044312812560925,0.0005348426399483,-0.0051064366906135,0.0008561869309627,-0.005056039886152,0.0220640996038256,0.0074764792285033,0.0239806030514742,0.7343042661906756,-0.8568392614162336,-0.8635088223314864,"Branson999 full FCV matrix, w15_step5_hp030",FlyWire783 cell-level side-aware median_PostDCA_positive
206,AVLP_R,AVLP,733,AVLP,R,0,AVLP_R_206,47,AVLP_R,0.27702111808476965,0.27714118396395854,718,691,optic/lateral protocerebrum,2172,1954,0.0015292947974041,0.0005348426399483,0.0044312812560925,0.0005348426399483,-0.0051064366906135,0.0008561869309627,-0.005056039886152,0.0220640996038256,0.0074764792285033,0.0239806030514742,0.7343042661906756,1.0483928268287936,1.1031519464727846,"Branson999 full FCV matrix, w15_step5_hp030",FlyWire783 cell-level side-aware median_PostDCA_positive
207,AVLP_R,AVLP,755,AVLP,R,0,AVLP_R_207,48,AVLP_R,0.2704288845977522,0.27035852292716944,718,691,optic/lateral protocerebrum,2172,1954,0.0015292947974041,0.0005348426399483,0.0044312812560925,0.0005348426399483,-0.0051064366906135,0.0008561869309627,-0.005056039886152,0.0220640996038256,0.0074764792285033,0.0239806030514742,0.7343042661906756,-0.8482328923119323,-0.8592784429511071,"Branson999 full FCV matrix, w15_step5_hp030",FlyWire783 cell-level side-aware median_PostDCA_positive
208,AVLP_R,AVLP,749,AVLP,R,0,AVLP_R_208,49,AVLP_R,0.2710498376675469,0.27103925964479053,718,691,optic/lateral protocerebrum,2172,1954,0.0015292947974041,0.0005348426399483,0.0044312812560925,0.0005348426399483,-0.0051064366906135,0.0008561869309627,-0.005056039886152,0.0220640996038256,0.0074764792285033,0.0239806030514742,0.7343042661906756,-0.669580912695102,-0.6623205801579654,"Branson999 full FCV matrix, w15_step5_hp030",FlyWire783 cell-level side-aware median_PostDCA_positive
209,AVLP_R,AVLP,756,AVLP,R,0,AVLP_R_209,50,AVLP_R,0.2683947107236495,0.2683655265108289,718,691,optic/lateral protocerebrum,2172,1954,0.0015292947974041,0.0005348426399483,0.0044312812560925,0.0005348426399483,-0.0051064366906135,0.0008561869309627,-0.005056039886152,0.0220640996038256,0.0074764792285033,0.0239806030514742,0.7343042661906756,-1.4334771034621134,-1.4359129986550894,"Branson999 full FCV matrix, w15_step5_hp030",FlyWire783 cell-level side-aware median_PostDCA_positive
210,AVLP_R,AVLP,732,AVLP,R,0,AVLP_R_210,51,AVLP_R,0.28144231212307075,0.28169679766821604,718,691,optic/lateral protocerebrum,2172,1954,0.0015292947974041,0.0005348426399483,0.0044312812560925,0.0005348426399483,-0.0051064366906135,0.0008561869309627,-0.005056039886152,0.0220640996038256,0.0074764792285033,0.0239806030514742,0.7343042661906756,2.3203972755285256,2.421229722616981,"Branson999 full FCV matrix, w15_step5_hp030",FlyWire783 cell-level side-aware median_PostDCA_positive
211,AVLP_R,AVLP,729,AVLP,R,0,AVLP_R_211,52,AVLP_R,0.27748968895583254,0.277585116626338,718,691,optic/lateral protocerebrum,2172,1954,0.0015292947974041,0.0005348426399483,0.0044312812560925,0.0005348426399483,-0.0051064366906135,0.0008561869309627,-0.005056039886152,0.0220640996038256,0.0074764792285033,0.0239806030514742,0.7343042661906756,1.1832035199039463,1.2315951847219035,"Branson999 full FCV matrix, w15_step5_hp030",FlyWire783 cell-level side-aware median_PostDCA_positive
212,AVLP_R,AVLP,730,AVLP,R,0,AVLP_R_212,53,AVLP_R,0.27730762761857397,0.2775052032247203,718,691,optic/lateral protocerebrum,2172,1954,0.0015292947974041,0.0005348426399483,0.0044312812560925,0.0005348426399483,-0.0051064366906135,0.0008561869309627,-0.005056039886152,0.0220640996038256,0.0074764792285033,0.0239806030514742,0.7343042661906756,1.1308233644701653,1.2084738040416296,"Branson999 full FCV matrix, w15_step5_hp030",FlyWire783 cell-level side-aware median_PostDCA_positive
213,AVLP_R,AVLP,734,AVLP,R,0,AVLP_R_213,54,AVLP_R,0.27126177513497485,0.2712808984230995,718,691,optic/lateral protocerebrum,2172,1954,0.0015292947974041,0.0005348426399483,0.0044312812560925,0.0005348426399483,-0.0051064366906135,0.0008561869309627,-0.005056039886152,0.0220640996038256,0.0074764792285033,0.0239806030514742,0.7343042661906756,-0.6086052126740129,-0.5924071229993789,"Branson999 full FCV matrix, w15_step5_hp030",FlyWire783 cell-level side-aware median_PostDCA_positive
214,AVLP_R,AVLP,731,AVLP,R,0,AVLP_R_214,55,AVLP_R,0.2808340399070146,0.2810734058031171,718,691,optic/lateral protocerebrum,2172,1954,0.0015292947974041,0.0005348426399483,0.0044312812560925,0.0005348426399483,-0.0051064366906135,0.0008561869309627,-0.005056039886152,0.0220640996038256,0.0074764792285033,0.0239806030514742,0.7343042661906756,2.1453936547552637,2.2408634719737264,"Branson999 full FCV matrix, w15_step5_hp030",FlyWire783 cell-level side-aware median_PostDCA_positive
215,AVLP_R,AVLP,738,AVLP,R,0,AVLP_R_215,56,AVLP_R,0.2724131437830772,0.27236867728028336,718,691,optic/lateral protocerebrum,2172,1954,0.0015292947974041,0.0005348426399483,0.0044312812560925,0.0005348426399483,-0.0051064366906135,0.0008561869309627,-0.005056039886152,0.0220640996038256,0.0074764792285033,0.0239806030514742,0.7343042661906756,-0.2773494410901136,-0.2776795736302061,"Branson999 full FCV matrix, w15_step5_hp030",FlyWire783 cell-level side-aware median_PostDCA_positive
126,CRE_R,CRE,226,CRE,R,0,CRE_R_126,57,CRE_R,0.27791178168190933,0.27781630186314343,718,711,inferior/ventrolateral protocerebrum,741,699,0.0005657400160054,0.0,0.0037822610362566,0.0,-0.0242509560105475,-0.0001735843636379,-0.0058388470933149,0.011210897585465,0.0023555101686606,0.0089446777279979,0.5888465443156256,1.304642167627219,1.2984841139832,"Branson999 full FCV matrix, w15_step5_hp030",FlyWire783 cell-level side-aware median_PostDCA_positive
127,CRE_R,CRE,232,CRE,R,0,CRE_R_127,58,CRE_R,0.2726125237503324,0.2725449155861753,718,711,inferior/ventrolateral protocerebrum,741,699,0.0005657400160054,0.0,0.0037822610362566,0.0,-0.0242509560105475,-0.0001735843636379,-0.0058388470933149,0.011210897585465,0.0023555101686606,0.0089446777279979,0.5888465443156256,-0.21998661034050457,-0.22668846477381965,"Branson999 full FCV matrix, w15_step5_hp030",FlyWire783 cell-level side-aware median_PostDCA_positive
128,CRE_R,CRE,231,CRE,R,0,CRE_R_128,59,CRE_R,0.27609231607805734,0.27598405806504117,718,711,inferior/ventrolateral protocerebrum,741,699,0.0005657400160054,0.0,0.0037822610362566,0.0,-0.0242509560105475,-0.0001735843636379,-0.0058388470933149,0.011210897585465,0.0023555101686606,0.0089446777279979,0.5888465443156256,0.7811708333436872,0.7683601861138057,"Branson999 full FCV matrix, w15_step5_hp030",FlyWire783 cell-level side-aware median_PostDCA_positive
129,CRE_R,CRE,227,CRE,R,0,CRE_R_129,60,CRE_R,0.27804477790841187,0.2779494795803985,718,711,inferior/ventrolateral protocerebrum,741,699,0.0005657400160054,0.0,0.0037822610362566,0.0,-0.0242509560105475,-0.0001735843636379,-0.0058388470933149,0.011210897585465,0.0023555101686606,0.0089446777279979,0.5888465443156256,1.342905991903185,1.337016483228528,"Branson999 full FCV matrix, w15_step5_hp030",FlyWire783 cell-level side-aware median_PostDCA_positive
130,CRE_R,CRE,230,CRE,R,0,CRE_R_130,61,CRE_R,0.2763348858619374,0.27624676978528384,718,711,inferior/ventrolateral protocerebrum,741,699,0.0005657400160054,0.0,0.0037822610362566,0.0,-0.0242509560105475,-0.0001735843636379,-0.0058388470933149,0.011210897585465,0.0023555101686606,0.0089446777279979,0.5888465443156256,0.8509596373506044,0.8443706871053319,"Branson999 full FCV matrix, w15_step5_hp030",FlyWire783 cell-level side-aware median_PostDCA_positive
131,CRE_R,CRE,233,CRE,R,0,CRE_R_131,62,CRE_R,0.27850986137038025,0.2784102458222921,718,711,inferior/ventrolateral protocerebrum,741,699,0.0005657400160054,0.0,0.0037822610362566,0.0,-0.0242509560105475,-0.0001735843636379,-0.0058388470933149,0.011210897585465,0.0023555101686606,0.0089446777279979,0.5888465443156256,1.4767133361444669,1.4703301886618654,"Branson999 full FCV matrix, w15_step5_hp030",FlyWire783 cell-level side-aware median_PostDCA_positive
132,CRE_R,CRE,229,CRE,R,0,CRE_R_132,63,CRE_R,0.2744866935701349,0.2744117150805567,718,711,inferior/ventrolateral protocerebrum,741,699,0.0005657400160054,0.0,0.0037822610362566,0.0,-0.0242509560105475,-0.0001735843636379,-0.0058388470933149,0.011210897585465,0.0023555101686606,0.0089446777279979,0.5888465443156256,0.31922346000592133,0.3134334783491841,"Branson999 full FCV matrix, w15_step5_hp030",FlyWire783 cell-level side-aware median_PostDCA_positive
133,CRE_R,CRE,228,CRE,R,0,CRE_R_133,64,CRE_R,0.2798446415222033,0.27976966936012043,718,711,inferior/ventrolateral protocerebrum,741,699,0.0005657400160054,0.0,0.0037822610362566,0.0,-0.0242509560105475,-0.0001735843636379,-0.0058388470933149,0.011210897585465,0.0023555101686606,0.0089446777279979,0.5888465443156256,1.8607377142754529,1.863652816501061,"Branson999 full FCV matrix, w15_step5_hp030",FlyWire783 cell-level side-aware median_PostDCA_positive
144,EPA_R,EPA,901,EPA,R,0,EPA_R_144,65,EPA_R,0.2727775862511679,0.2727775862511679,718,718,inferior/ventrolateral protocerebrum,6,5,0.0,0.0,0.1666666666666666,0.0,-0.0065737971737475,-0.0083315788881911,-0.0025288846822902,0.0143470987549166,0.0121664068561652,0.017033680052981,0.4053677525900351,-0.1724971236639798,-0.15936975590242491,"Branson999 full FCV matrix, w15_step5_hp030",FlyWire783 cell-level side-aware median_PostDCA_positive
909,IB_R,IB,217,IB,R,0,IB_R_909,68,IB_R,0.2740820119058829,0.27408120052035706,718,715,inferior/ventrolateral protocerebrum,127,120,0.0013062811931777,0.0,0.0091189184864863,0.0,0.0179025717583879,0.0022404891603582,0.0032563545126219,0.0364638376026452,0.0101617260432277,0.0214596727993939,0.488621984787969,0.2027940807983164,0.21780555096718351,"Branson999 full FCV matrix, w15_step5_hp030",FlyWire783 cell-level side-aware median_PostDCA_positive
910,IB_R,IB,211,IB,R,0,IB_R_910,69,IB_R,0.27096206476343304,0.270964877194803,718,715,inferior/ventrolateral protocerebrum,127,120,0.0013062811931777,0.0,0.0091189184864863,0.0,0.0179025717583879,0.0022404891603582,0.0032563545126219,0.0364638376026452,0.0101617260432277,0.0214596727993939,0.488621984787969,-0.6948337117220031,-0.6838416880982844,"Branson999 full FCV matrix, w15_step5_hp030",FlyWire783 cell-level side-aware median_PostDCA_positive
911,IB_R,IB,213,IB,R,0,IB_R_911,70,IB_R,0.27354031933062534,0.27352958403928057,718,715,inferior/ventrolateral protocerebrum,127,120,0.0013062811931777,0.0,0.0091189184864863,0.0,0.0179025717583879,0.0022404891603582,0.0032563545126219,0.0364638376026452,0.0101617260432277,0.0214596727993939,0.488621984787969,0.04694582813488349,0.05820610468790583,"Branson999 full FCV matrix, w15_step5_hp030",FlyWire783 cell-level side-aware median_PostDCA_positive
912,IB_R,IB,212,IB,R,0,IB_R_912,71,IB_R,0.27563280824726694,0.2756389871761474,718,715,inferior/ventrolateral protocerebrum,127,120,0.0013062811931777,0.0,0.0091189184864863,0.0,0.0179025717583879,0.0022404891603582,0.0032563545126219,0.0364638376026452,0.0101617260432277,0.0214596727993939,0.488621984787969,0.6489676321464014,0.668520669558623,"Branson999 full FCV matrix, w15_step5_hp030",FlyWire783 cell-level side-aware median_PostDCA_positive
311,ICL_R,ICL,196,ICL,R,0,ICL_R_311,72,ICL_R,0.27232640653461104,0.2723294926693839,718,711,optic/lateral protocerebrum,555,523,0.0023333783589819,1.5522565850796698e-16,0.006486711351691,1.5522565850796698e-16,0.0022242635918467,0.0004454394264763,-8.354191682332492e-05,0.0142208345232401,0.0054922392270029,0.0113376429979792,0.5858062218790072,-0.3023042756802959,-0.2890168748472029,"Branson999 full FCV matrix, w15_step5_hp030",FlyWire783 cell-level side-aware median_PostDCA_positive
312,ICL_R,ICL,191,ICL,R,0,ICL_R_312,73,ICL_R,0.275251094723103,0.2752205120555297,718,711,optic/lateral protocerebrum,555,523,0.0023333783589819,1.5522565850796698e-16,0.006486711351691,1.5522565850796698e-16,0.0022242635918467,0.0004454394264763,-8.354191682332492e-05,0.0142208345232401,0.0054922392270029,0.0113376429979792,0.5858062218790072,0.5391463267119175,0.5474430733963525,"Branson999 full FCV matrix, w15_step5_hp030",FlyWire783 cell-level side-aware median_PostDCA_positive
313,ICL_R,ICL,193,ICL,R,0,ICL_R_313,74,ICL_R,0.2717882699616726,0.27177637433881646,718,711,optic/lateral protocerebrum,555,523,0.0023333783589819,1.5522565850796698e-16,0.006486711351691,1.5522565850796698e-16,0.0022242635918467,0.0004454394264763,-8.354191682332492e-05,0.0142208345232401,0.0054922392270029,0.0113376429979792,0.5858062218790072,-0.45712944482142626,-0.44905085191983285,"Branson999 full FCV matrix, w15_step5_hp030",FlyWire783 cell-level side-aware median_PostDCA_positive
314,ICL_R,ICL,192,ICL,R,0,ICL_R_314,75,ICL_R,0.2737900653157707,0.2737655556176004,718,711,optic/lateral protocerebrum,555,523,0.0023333783589819,1.5522565850796698e-16,0.006486711351691,1.5522565850796698e-16,0.0022242635918467,0.0004454394264763,-8.354191682332492e-05,0.0142208345232401,0.0054922392270029,0.0113376429979792,0.5858062218790072,0.1187992689469699,0.1264798683071461,"Branson999 full FCV matrix, w15_step5_hp030",FlyWire783 cell-level side-aware median_PostDCA_positive
315,ICL_R,ICL,195,ICL,R,0,ICL_R_315,76,ICL_R,0.27221091758676036,0.2721799512852413,718,711,optic/lateral protocerebrum,555,523,0.0023333783589819,1.5522565850796698e-16,0.006486711351691,1.5522565850796698e-16,0.0022242635918467,0.0004454394264763,-8.354191682332492e-05,0.0142208345232401,0.0054922392270029,0.0113376429979792,0.5858062218790072,-0.33553114927351424,-0.3322837512436741,"Branson999 full FCV matrix, w15_step5_hp030",FlyWire783 cell-level side-aware median_PostDCA_positive
316,ICL_R,ICL,190,ICL,R,0,ICL_R_316,77,ICL_R,0.2747002803406368,0.2746633558093536,718,711,optic/lateral protocerebrum,555,523,0.0023333783589819,1.5522565850796698e-16,0.006486711351691,1.5522565850796698e-16,0.0022242635918467,0.0004454394264763,-8.354191682332492e-05,0.0142208345232401,0.0054922392270029,0.0113376429979792,0.5858062218790072,0.38067367456521234,0.38624080437201125,"Branson999 full FCV matrix, w15_step5_hp030",FlyWire783 cell-level side-aware median_PostDCA_positive
317,ICL_R,ICL,189,ICL,R,0,ICL_R_317,78,ICL_R,0.27285632622286327,0.2728258366659419,718,711,optic/lateral protocerebrum,555,523,0.0023333783589819,1.5522565850796698e-16,0.006486711351691,1.5522565850796698e-16,0.0022242635918467,0.0004454394264763,-8.354191682332492e-05,0.0142208345232401,0.0054922392270029,0.0113376429979792,0.5858062218790072,-0.1498431543020045,-0.14540944154479188,"Branson999 full FCV matrix, w15_step5_hp030",FlyWire783 cell-level side-aware median_PostDCA_positive
318,ICL_R,ICL,194,ICL,R,0,ICL_R_318,79,ICL_R,0.2746698311856614,0.27465719066508426,718,711,optic/lateral protocerebrum,555,523,0.0023333783589819,1.5522565850796698e-16,0.006486711351691,1.5522565850796698e-16,0.0022242635918467,0.0004454394264763,-8.354191682332492e-05,0.0142208345232401,0.0054922392270029,0.0113376429979792,0.5858062218790072,0.3719132672516371,0.3844570403885724,"Branson999 full FCV matrix, w15_step5_hp030",FlyWire783 cell-level side-aware median_PostDCA_positive
974,LAL_R,LAL,150,LAL,R,0,LAL_R_974,96,LAL_R,0.2774025234153363,0.277338294547304,718,710,inferior/ventrolateral protocerebrum,564,558,0.0046862347781748,0.0002068678539813,0.0104450109836508,0.0002068678539813,-0.009054463137215,0.0013464871286107,-0.0065589999557479,0.023416134530816,0.0161678334362534,0.0264443937186222,0.572951818645014,1.1581254630885158,1.1601820408171963,"Branson999 full FCV matrix, w15_step5_hp030",FlyWire783 cell-level side-aware median_PostDCA_positive
975,LAL_R,LAL,149,LAL,R,0,LAL_R_975,97,LAL_R,0.2753741513922032,0.2753445288415843,718,710,inferior/ventrolateral protocerebrum,564,558,0.0046862347781748,0.0002068678539813,0.0104450109836508,0.0002068678539813,-0.009054463137215,0.0013464871286107,-0.0065589999557479,0.023416134530816,0.0161678334362534,0.0264443937186222,0.572951818645014,0.5745504797940137,0.583324906268744,"Branson999 full FCV matrix, w15_step5_hp030",FlyWire783 cell-level side-aware median_PostDCA_positive
976,LAL_R,LAL,143,LAL,R,0,LAL_R_976,98,LAL_R,0.2742202641649953,0.2742055865972863,718,710,inferior/ventrolateral protocerebrum,564,558,0.0046862347781748,0.0002068678539813,0.0104450109836508,0.0002068678539813,-0.009054463137215,0.0013464871286107,-0.0065589999557479,0.023416134530816,0.0161678334362534,0.0264443937186222,0.572951818645014,0.24257009766396403,0.2537942309355798,"Branson999 full FCV matrix, w15_step5_hp030",FlyWire783 cell-level side-aware median_PostDCA_positive
977,LAL_R,LAL,151,LAL,R,0,LAL_R_977,99,LAL_R,0.2763281532614754,0.2762748427340552,718,710,inferior/ventrolateral protocerebrum,564,558,0.0046862347781748,0.0002068678539813,0.0104450109836508,0.0002068678539813,-0.009054463137215,0.0013464871286107,-0.0065589999557479,0.023416134530816,0.0161678334362534,0.0264443937186222,0.572951818645014,0.8490226271979735,0.8524930460866951,"Branson999 full FCV matrix, w15_step5_hp030",FlyWire783 cell-level side-aware median_PostDCA_positive
978,LAL_R,LAL,152,LAL,R,0,LAL_R_978,100,LAL_R,0.27230226948648273,0.2722530824824254,718,710,inferior/ventrolateral protocerebrum,564,558,0.0046862347781748,0.0002068678539813,0.0104450109836508,0.0002068678539813,-0.009054463137215,0.0013464871286107,-0.0065589999557479,0.023416134530816,0.0161678334362534,0.0264443937186222,0.572951818645014,-0.30924865141493185,-0.3111246688436223,"Branson999 full FCV matrix, w15_step5_hp030",FlyWire783 cell-level side-aware median_PostDCA_positive
979,LAL_R,LAL,153,LAL,R,0,LAL_R_979,101,LAL_R,0.2731592456881451,0.27318332347280905,718,710,inferior/ventrolateral protocerebrum,564,558,0.0046862347781748,0.0002068678539813,0.0104450109836508,0.0002068678539813,-0.009054463137215,0.0013464871286107,-0.0065589999557479,0.023416134530816,0.0161678334362534,0.0264443937186222,0.572951818645014,-0.06269137944249431,-0.04197762181960804,"Branson999 full FCV matrix, w15_step5_hp030",FlyWire783 cell-level side-aware median_PostDCA_positive
980,LAL_R,LAL,147,LAL,R,0,LAL_R_980,102,LAL_R,0.2746316259707806,0.2745831322570736,718,710,inferior/ventrolateral protocerebrum,564,558,0.0046862347781748,0.0002068678539813,0.0104450109836508,0.0002068678539813,-0.009054463137215,0.0013464871286107,-0.0065589999557479,0.023416134530816,0.0161678334362534,0.0264443937186222,0.572951818645014,0.36092139427096775,0.36302968766016724,"Branson999 full FCV matrix, w15_step5_hp030",FlyWire783 cell-level side-aware median_PostDCA_positive
981,LAL_R,LAL,154,LAL,R,0,LAL_R_981,103,LAL_R,0.271975872796064,0.2719569017870943,718,710,inferior/ventrolateral protocerebrum,564,558,0.0046862347781748,0.0002068678539813,0.0104450109836508,0.0002068678539813,-0.009054463137215,0.0013464871286107,-0.0065589999557479,0.023416134530816,0.0161678334362534,0.0264443937186222,0.572951818645014,-0.40315496691630476,-0.39681876355451107,"Branson999 full FCV matrix, w15_step5_hp030",FlyWire783 cell-level side-aware median_PostDCA_positive
982,LAL_R,LAL,146,LAL,R,0,LAL_R_982,104,LAL_R,0.2798542134358788,0.27982216163178386,718,710,inferior/ventrolateral protocerebrum,564,558,0.0046862347781748,0.0002068678539813,0.0104450109836508,0.0002068678539813,-0.009054463137215,0.0013464871286107,-0.0065589999557479,0.023416134530816,0.0161678334362534,0.0264443937186222,0.572951818645014,1.8634916121302725,1.878840429233508,"Branson999 full FCV matrix, w15_step5_hp030",FlyWire783 cell-level side-aware median_PostDCA_positive
824,LH_R,LH,102,LH,R,0,LH_R_824,106,LH_R,0.2791638982992139,0.2789495994519857,718,705,olfactory system,883,869,-0.0038315285602107,-0.0026945406635897,0.0067585976501922,0.0,-0.0006085538974333,0.0013259296296449,0.0001050940184256,0.015880788129262,0.0080922848997061,0.0134126395837199,0.689672012879583,1.6648837434785884,1.626381618597078,"Branson999 full FCV matrix, w15_step5_hp030",FlyWire783 cell-level side-aware median_PostDCA_positive
825,LH_R,LH,103,LH,R,0,LH_R_825,107,LH_R,0.2777256735250466,0.2775037880707891,718,705,olfactory system,883,869,-0.0038315285602107,-0.0026945406635897,0.0067585976501922,0.0,-0.0006085538974333,0.0013259296296449,0.0001050940184256,0.015880788129262,0.0080922848997061,0.0134126395837199,0.689672012879583,1.2510977175492852,1.208064356913852,"Branson999 full FCV matrix, w15_step5_hp030",FlyWire783 cell-level side-aware median_PostDCA_positive
826,LH_R,LH,95,LH,R,0,LH_R_826,108,LH_R,0.2725281573811909,0.27238597139359805,718,705,olfactory system,883,869,-0.0038315285602107,-0.0026945406635897,0.0067585976501922,0.0,-0.0006085538974333,0.0013259296296449,0.0001050940184256,0.015880788129262,0.0080922848997061,0.0134126395837199,0.689672012879583,-0.24425932851097093,-0.2726758599929169,"Branson999 full FCV matrix, w15_step5_hp030",FlyWire783 cell-level side-aware median_PostDCA_positive
827,LH_R,LH,98,LH,R,0,LH_R_827,109,LH_R,0.27700280423490464,0.27680763565103217,718,705,olfactory system,883,869,-0.0038315285602107,-0.0026945406635897,0.0067585976501922,0.0,-0.0006085538974333,0.0013259296296449,0.0001050940184256,0.015880788129262,0.0080922848997061,0.0134126395837199,0.689672012879583,1.0431238206962208,1.0066462620404624,"Branson999 full FCV matrix, w15_step5_hp030",FlyWire783 cell-level side-aware median_PostDCA_positive
828,LH_R,LH,96,LH,R,0,LH_R_828,110,LH_R,0.2735286066555502,0.27350769448572876,718,705,olfactory system,883,869,-0.0038315285602107,-0.0026945406635897,0.0067585976501922,0.0,-0.0006085538974333,0.0013259296296449,0.0001050940184256,0.015880788129262,0.0080922848997061,0.0134126395837199,0.689672012879583,0.043576020188724605,0.05187279024568294,"Branson999 full FCV matrix, w15_step5_hp030",FlyWire783 cell-level side-aware median_PostDCA_positive
829,LH_R,LH,90,LH,R,0,LH_R_829,111,LH_R,0.270272467743948,0.2701754598028539,718,705,olfactory system,883,869,-0.0038315285602107,-0.0026945406635897,0.0067585976501922,0.0,-0.0006085538974333,0.0013259296296449,0.0001050940184256,0.015880788129262,0.0080922848997061,0.0134126395837199,0.689672012879583,-0.8932349736879096,-0.9122441796127418,"Branson999 full FCV matrix, w15_step5_hp030",FlyWire783 cell-level side-aware median_PostDCA_positive
830,LH_R,LH,94,LH,R,0,LH_R_830,112,LH_R,0.2734118902370245,0.2732533787606192,718,705,olfactory system,883,869,-0.0038315285602107,-0.0026945406635897,0.0067585976501922,0.0,-0.0006085538974333,0.0013259296296449,0.0001050940184256,0.015880788129262,0.0080922848997061,0.0134126395837199,0.689672012879583,0.009995995807345538,-0.02170849367169569,"Branson999 full FCV matrix, w15_step5_hp030",FlyWire783 cell-level side-aware median_PostDCA_positive
831,LH_R,LH,101,LH,R,0,LH_R_831,113,LH_R,0.2766568830451048,0.2764651732537407,718,705,olfactory system,883,869,-0.0038315285602107,-0.0026945406635897,0.0067585976501922,0.0,-0.0006085538974333,0.0013259296296449,0.0001050940184256,0.015880788129262,0.0080922848997061,0.0134126395837199,0.689672012879583,0.9436001878239528,0.9075614615418839,"Branson999 full FCV matrix, w15_step5_hp030",FlyWire783 cell-level side-aware median_PostDCA_positive
832,LH_R,LH,91,LH,R,0,LH_R_832,114,LH_R,0.27160434870418276,0.27145340481436614,718,705,olfactory system,883,869,-0.0038315285602107,-0.0026945406635897,0.0067585976501922,0.0,-0.0006085538974333,0.0013259296296449,0.0001050940184256,0.015880788129262,0.0080922848997061,0.0134126395837199,0.689672012879583,-0.5100447106321576,-0.5424957706915866,"Branson999 full FCV matrix, w15_step5_hp030",FlyWire783 cell-level side-aware median_PostDCA_positive
833,LH_R,LH,93,LH,R,0,LH_R_833,115,LH_R,0.27201479382736443,0.27185624251197843,718,705,olfactory system,883,869,-0.0038315285602107,-0.0026945406635897,0.0067585976501922,0.0,-0.0006085538974333,0.0013259296296449,0.0001050940184256,0.015880788129262,0.0080922848997061,0.0134126395837199,0.689672012879583,-0.3919571491925763,-0.42594255720914603,"Branson999 full FCV matrix, w15_step5_hp030",FlyWire783 cell-level side-aware median_PostDCA_positive
834,LH_R,LH,99,LH,R,0,LH_R_834,116,LH_R,0.27667307653256745,0.27649717304478666,718,705,olfactory system,883,869,-0.0038315285602107,-0.0026945406635897,0.0067585976501922,0.0,-0.0006085538974333,0.0013259296296449,0.0001050940184256,0.015880788129262,0.0080922848997061,0.0134126395837199,0.689672012879583,0.9482591527809413,0.9168199755768895,"Branson999 full FCV matrix, w15_step5_hp030",FlyWire783 cell-level side-aware median_PostDCA_positive
835,LH_R,LH,92,LH,R,0,LH_R_835,117,LH_R,0.2668816338144918,0.26683710979935127,718,705,olfactory system,883,869,-0.0038315285602107,-0.0026945406635897,0.0067585976501922,0.0,-0.0006085538974333,0.0013259296296449,0.0001050940184256,0.015880788129262,0.0080922848997061,0.0134126395837199,0.689672012879583,-1.868798544457496,-1.8781304979578335,"Branson999 full FCV matrix, w15_step5_hp030",FlyWire783 cell-level side-aware median_PostDCA_positive
836,LH_R,LH,100,LH,R,0,LH_R_836,118,LH_R,0.2755172709771908,0.27536622922465614,718,705,olfactory system,883,869,-0.0038315285602107,-0.0026945406635897,0.0067585976501922,0.0,-0.0006085538974333,0.0013259296296449,0.0001050940184256,0.015880788129262,0.0080922848997061,0.0134126395837199,0.689672012879583,0.6157268559546537,0.5896034879303345,"Branson999 full FCV matrix, w15_step5_hp030",FlyWire783 cell-level side-aware median_PostDCA_positive
837,LH_R,LH,97,LH,R,0,LH_R_837,119,LH_R,0.2792029353132015,0.27902287508714074,718,705,olfactory system,883,869,-0.0038315285602107,-0.0026945406635897,0.0067585976501922,0.0,-0.0006085538974333,0.0013259296296449,0.0001050940184256,0.015880788129262,0.0080922848997061,0.0134126395837199,0.689672012879583,1.6761149301277207,1.6475824913006667,"Branson999 full FCV matrix, w15_step5_hp030",FlyWire783 cell-level side-aware median_PostDCA_positive
633,LO_R,LO,36,LO,R,0,LO_R_633,120,LO_R,0.2662066491081191,0.26615702477788317,715,684,optic/lateral protocerebrum,13874,11532,0.0002837263720101,1.8092510220601898e-17,0.0005034053053201,1.8092510220601898e-17,0.0041107082158664,0.0002145368832466,-0.0013184433832705,0.0119475088678664,0.0011224684927649,0.0132403075268818,0.8501190356744897,-2.0629957549559323,-2.0748998052078993,"Branson999 full FCV matrix, w15_step5_hp030",FlyWire783 cell-level side-aware median_PostDCA_positive
634,LO_R,LO,39,LO,R,0,LO_R_634,121,LO_R,0.27056487500472826,0.2706504547791479,718,687,optic/lateral protocerebrum,13874,11532,0.0002837263720101,1.8092510220601898e-17,0.0005034053053201,1.8092510220601898e-17,0.0041107082158664,0.0002145368832466,-0.0013184433832705,0.0119475088678664,0.0011224684927649,0.0132403075268818,0.8501190356744897,-0.8091076240799869,-0.7748136680116054,"Branson999 full FCV matrix, w15_step5_hp030",FlyWire783 cell-level side-aware median_PostDCA_positive
635,LO_R,LO,30,LO,R,0,LO_R_635,122,LO_R,0.26721311790084395,0.2672187503429308,716,685,optic/lateral protocerebrum,13874,11532,0.0002837263720101,1.8092510220601898e-17,0.0005034053053201,1.8092510220601898e-17,0.0041107082158664,0.0002145368832466,-0.0013184433832705,0.0119475088678664,0.0011224684927649,0.0132403075268818,0.8501190356744897,-1.7734285541652097,-1.7677102666512026,"Branson999 full FCV matrix, w15_step5_hp030",FlyWire783 cell-level side-aware median_PostDCA_positive
636,LO_R,LO,38,LO,R,0,LO_R_636,123,LO_R,0.27088524659450597,0.2709327496473739,717,686,optic/lateral protocerebrum,13874,11532,0.0002837263720101,1.8092510220601898e-17,0.0005034053053201,1.8092510220601898e-17,0.0041107082158664,0.0002145368832466,-0.0013184433832705,0.0119475088678664,0.0011224684927649,0.0132403075268818,0.8501190356744897,-0.716934766724274,-0.6931371659454805,"Branson999 full FCV matrix, w15_step5_hp030",FlyWire783 cell-level side-aware median_PostDCA_positive
637,LO_R,LO,53,LO,R,0,LO_R_637,124,LO_R,,,0,0,optic/lateral protocerebrum,13874,11532,0.0002837263720101,1.8092510220601898e-17,0.0005034053053201,1.8092510220601898e-17,0.0041107082158664,0.0002145368832466,-0.0013184433832705,0.0119475088678664,0.0011224684927649,0.0132403075268818,0.8501190356744897,,,"Branson999 full FCV matrix, w15_step5_hp030",FlyWire783 cell-level side-aware median_PostDCA_positive
638,LO_R,LO,37,LO,R,0,LO_R_638,125,LO_R,0.2734538134768467,0.27360771318472177,717,686,optic/lateral protocerebrum,13874,11532,0.0002837263720101,1.8092510220601898e-17,0.0005034053053201,1.8092510220601898e-17,0.0041107082158664,0.0002145368832466,-0.0013184433832705,0.0119475088678664,0.0011224684927649,0.0132403075268818,0.8501190356744897,0.022057567205432616,0.08081124572059217,"Branson999 full FCV matrix, w15_step5_hp030",FlyWire783 cell-level side-aware median_PostDCA_positive
639,LO_R,LO,35,LO,R,0,LO_R_639,126,LO_R,0.266660956510309,0.266658774855847,707,678,optic/lateral protocerebrum,13874,11532,0.0002837263720101,1.8092510220601898e-17,0.0005034053053201,1.8092510220601898e-17,0.0041107082158664,0.0002145368832466,-0.0013184433832705,0.0119475088678664,0.0011224684927649,0.0132403075268818,0.8501190356744897,-1.9322887487362115,-1.9297282279241037,"Branson999 full FCV matrix, w15_step5_hp030",FlyWire783 cell-level side-aware median_PostDCA_positive
640,LO_R,LO,54,LO,R,0,LO_R_640,127,LO_R,,,0,0,optic/lateral protocerebrum,13874,11532,0.0002837263720101,1.8092510220601898e-17,0.0005034053053201,1.8092510220601898e-17,0.0041107082158664,0.0002145368832466,-0.0013184433832705,0.0119475088678664,0.0011224684927649,0.0132403075268818,0.8501190356744897,,,"Branson999 full FCV matrix, w15_step5_hp030",FlyWire783 cell-level side-aware median_PostDCA_positive
641,LO_R,LO,55,LO,R,0,LO_R_641,128,LO_R,,,0,0,optic/lateral protocerebrum,13874,11532,0.0002837263720101,1.8092510220601898e-17,0.0005034053053201,1.8092510220601898e-17,0.0041107082158664,0.0002145368832466,-0.0013184433832705,0.0119475088678664,0.0011224684927649,0.0132403075268818,0.8501190356744897,,,"Branson999 full FCV matrix, w15_step5_hp030",FlyWire783 cell-level side-aware median_PostDCA_positive
642,LO_R,LO,51,LO,R,0,LO_R_642,129,LO_R,0.268235572535946,0.26819924197948675,718,687,optic/lateral protocerebrum,13874,11532,0.0002837263720101,1.8092510220601898e-17,0.0005034053053201,1.8092510220601898e-17,0.0041107082158664,0.0002145368832466,-0.0013184433832705,0.0119475088678664,0.0011224684927649,0.0132403075268818,0.8501190356744897,-1.479262129173104,-1.484024177413247,"Branson999 full FCV matrix, w15_step5_hp030",FlyWire783 cell-level side-aware median_PostDCA_positive
643,LO_R,LO,49,LO,R,0,LO_R_643,130,LO_R,0.27158282805322437,0.2716442836358995,718,687,optic/lateral protocerebrum,13874,11532,0.0002837263720101,1.8092510220601898e-17,0.0005034053053201,1.8092510220601898e-17,0.0041107082158664,0.0002145368832466,-0.0013184433832705,0.0119475088678664,0.0011224684927649,0.0132403075268818,0.8501190356744897,-0.5162363329678541,-0.4872687148144455,"Branson999 full FCV matrix, w15_step5_hp030",FlyWire783 cell-level side-aware median_PostDCA_positive
644,LO_R,LO,41,LO,R,0,LO_R_644,131,LO_R,0.2700494756395017,0.27004947659625317,718,687,optic/lateral protocerebrum,13874,11532,0.0002837263720101,1.8092510220601898e-17,0.0005034053053201,1.8092510220601898e-17,0.0041107082158664,0.0002145368832466,-0.0013184433832705,0.0119475088678664,0.0011224684927649,0.0132403075268818,0.8501190356744897,-0.9573911600989353,-0.9486949578322866,"Branson999 full FCV matrix, w15_step5_hp030",FlyWire783 cell-level side-aware median_PostDCA_positive
645,LO_R,LO,42,LO,R,0,LO_R_645,132,LO_R,0.26962800915794854,0.2696777300603356,718,687,optic/lateral protocerebrum,13874,11532,0.0002837263720101,1.8092510220601898e-17,0.0005034053053201,1.8092510220601898e-17,0.0041107082158664,0.0002145368832466,-0.0013184433832705,0.0119475088678664,0.0011224684927649,0.0132403075268818,0.8501190356744897,-1.0786496334590998,-1.0562525514214105,"Branson999 full FCV matrix, w15_step5_hp030",FlyWire783 cell-level side-aware median_PostDCA_positive
646,LO_R,LO,52,LO,R,0,LO_R_646,133,LO_R,0.26899586340654996,0.2689755205865562,718,687,optic/lateral protocerebrum,13874,11532,0.0002837263720101,1.8092510220601898e-17,0.0005034053053201,1.8092510220601898e-17,0.0041107082158664,0.0002145368832466,-0.0013184433832705,0.0119475088678664,0.0011224684927649,0.0132403075268818,0.8501190356744897,-1.2605218157337812,-1.2594231364781472,"Branson999 full FCV matrix, w15_step5_hp030",FlyWire783 cell-level side-aware median_PostDCA_positive
647,LO_R,LO,24,LO,R,0,LO_R_647,134,LO_R,0.2709375553135529,0.2710141776099564,718,687,optic/lateral protocerebrum,13874,11532,0.0002837263720101,1.8092510220601898e-17,0.0005034053053201,1.8092510220601898e-17,0.0041107082158664,0.0002145368832466,-0.0013184433832705,0.0119475088678664,0.0011224684927649,0.0132403075268818,0.8501190356744897,-0.7018852297084655,-0.669577576655378,"Branson999 full FCV matrix, w15_step5_hp030",FlyWire783 cell-level side-aware median_PostDCA_positive
648,LO_R,LO,23,LO,R,0,LO_R_648,135,LO_R,0.26910312136548353,0.2691393651862736,718,687,optic/lateral protocerebrum,13874,11532,0.0002837263720101,1.8092510220601898e-17,0.0005034053053201,1.8092510220601898e-17,0.0041107082158664,0.0002145368832466,-0.0013184433832705,0.0119475088678664,0.0011224684927649,0.0132403075268818,0.8501190356744897,-1.2296630477765211,-1.212017904241943,"Branson999 full FCV matrix, w15_step5_hp030",FlyWire783 cell-level side-aware median_PostDCA_positive
649,LO_R,LO,58,LO,R,0,LO_R_649,136,LO_R,0.2698732894884531,0.26989654580840416,718,687,optic/lateral protocerebrum,13874,11532,0.0002837263720101,1.8092510220601898e-17,0.0005034053053201,1.8092510220601898e-17,0.0041107082158664,0.0002145368832466,-0.0013184433832705,0.0119475088678664,0.0011224684927649,0.0132403075268818,0.8501190356744897,-1.0080809886818038,-0.992942491938089,"Branson999 full FCV matrix, w15_step5_hp030",FlyWire783 cell-level side-aware median_PostDCA_positive
650,LO_R,LO,40,LO,R,0,LO_R_650,137,LO_R,0.2709329587731363,0.2710781784298949,718,687,optic/lateral protocerebrum,13874,11532,0.0002837263720101,1.8092510220601898e-17,0.0005034053053201,1.8092510220601898e-17,0.0041107082158664,0.0002145368832466,-0.0013184433832705,0.0119475088678664,0.0011224684927649,0.0132403075268818,0.8501190356744897,-0.7032076823780208,-0.6510601904386484,"Branson999 full FCV matrix, w15_step5_hp030",FlyWire783 cell-level side-aware median_PostDCA_positive
651,LO_R,LO,61,LO,R,0,LO_R_651,138,LO_R,0.26893074671425915,0.26893036752527394,717,686,optic/lateral protocerebrum,13874,11532,0.0002837263720101,1.8092510220601898e-17,0.0005034053053201,1.8092510220601898e-17,0.0041107082158664,0.0002145368832466,-0.0013184433832705,0.0119475088678664,0.0011224684927649,0.0132403075268818,0.8501190356744897,-1.2792562846489597,-1.272487292147322,"Branson999 full FCV matrix, w15_step5_hp030",FlyWire783 cell-level side-aware median_PostDCA_positive
652,LO_R,LO,45,LO,R,0,LO_R_652,139,LO_R,0.26638007241283024,0.26632818675642833,718,687,optic/lateral protocerebrum,13874,11532,0.0002837263720101,1.8092510220601898e-17,0.0005034053053201,1.8092510220601898e-17,0.0041107082158664,0.0002145368832466,-0.0013184433832705,0.0119475088678664,0.0011224684927649,0.0132403075268818,0.8501190356744897,-2.0131008140893334,-2.025377432441655,"Branson999 full FCV matrix, w15_step5_hp030",FlyWire783 cell-level side-aware median_PostDCA_positive
653,LO_R,LO,62,LO,R,0,LO_R_653,140,LO_R,,,0,0,optic/lateral protocerebrum,13874,11532,0.0002837263720101,1.8092510220601898e-17,0.0005034053053201,1.8092510220601898e-17,0.0041107082158664,0.0002145368832466,-0.0013184433832705,0.0119475088678664,0.0011224684927649,0.0132403075268818,0.8501190356744897,,,"Branson999 full FCV matrix, w15_step5_hp030",FlyWire783 cell-level side-aware median_PostDCA_positive
654,LO_R,LO,33,LO,R,0,LO_R_654,141,LO_R,,,0,0,optic/lateral protocerebrum,13874,11532,0.0002837263720101,1.8092510220601898e-17,0.0005034053053201,1.8092510220601898e-17,0.0041107082158664,0.0002145368832466,-0.0013184433832705,0.0119475088678664,0.0011224684927649,0.0132403075268818,0.8501190356744897,,,"Branson999 full FCV matrix, w15_step5_hp030",FlyWire783 cell-level side-aware median_PostDCA_positive
655,LO_R,LO,43,LO,R,0,LO_R_655,142,LO_R,0.26806867238173626,0.2680599187413547,718,687,optic/lateral protocerebrum,13874,11532,0.0002837263720101,1.8092510220601898e-17,0.0005034053053201,1.8092510220601898e-17,0.0041107082158664,0.0002145368832466,-0.0013184433832705,0.0119475088678664,0.0011224684927649,0.0132403075268818,0.8501190356744897,-1.527280319916214,-1.524334632997017,"Branson999 full FCV matrix, w15_step5_hp030",FlyWire783 cell-level side-aware median_PostDCA_positive
656,LO_R,LO,60,LO,R,0,LO_R_656,143,LO_R,,,0,0,optic/lateral protocerebrum,13874,11532,0.0002837263720101,1.8092510220601898e-17,0.0005034053053201,1.8092510220601898e-17,0.0041107082158664,0.0002145368832466,-0.0013184433832705,0.0119475088678664,0.0011224684927649,0.0132403075268818,0.8501190356744897,,,"Branson999 full FCV matrix, w15_step5_hp030",FlyWire783 cell-level side-aware median_PostDCA_positive
657,LO_R,LO,27,LO,R,0,LO_R_657,144,LO_R,,,0,0,optic/lateral protocerebrum,13874,11532,0.0002837263720101,1.8092510220601898e-17,0.0005034053053201,1.8092510220601898e-17,0.0041107082158664,0.0002145368832466,-0.0013184433832705,0.0119475088678664,0.0011224684927649,0.0132403075268818,0.8501190356744897,,,"Branson999 full FCV matrix, w15_step5_hp030",FlyWire783 cell-level side-aware median_PostDCA_positive
658,LO_R,LO,44,LO,R,0,LO_R_658,145,LO_R,0.2652967233148755,0.26511733775524166,684,656,optic/lateral protocerebrum,13874,11532,0.0002837263720101,1.8092510220601898e-17,0.0005034053053201,1.8092510220601898e-17,0.0041107082158664,0.0002145368832466,-0.0013184433832705,0.0119475088678664,0.0011224684927649,0.0132403075268818,0.8501190356744897,-2.3247869468750273,-2.375712922309684,"Branson999 full FCV matrix, w15_step5_hp030",FlyWire783 cell-level side-aware median_PostDCA_positive
659,LO_R,LO,34,LO,R,0,LO_R_659,146,LO_R,0.26756960857999157,0.267508237292413,717,686,optic/lateral protocerebrum,13874,11532,0.0002837263720101,1.8092510220601898e-17,0.0005034053053201,1.8092510220601898e-17,0.0041107082158664,0.0002145368832466,-0.0013184433832705,0.0119475088678664,0.0011224684927649,0.0132403075268818,0.8501190356744897,-1.6708640148422533,-1.6839528764581546,"Branson999 full FCV matrix, w15_step5_hp030",FlyWire783 cell-level side-aware median_PostDCA_positive
660,LO_R,LO,56,LO,R,0,LO_R_660,147,LO_R,0.26503814862461506,0.2649614060271926,711,680,optic/lateral protocerebrum,13874,11532,0.0002837263720101,1.8092510220601898e-17,0.0005034053053201,1.8092510220601898e-17,0.0041107082158664,0.0002145368832466,-0.0013184433832705,0.0119475088678664,0.0011224684927649,0.0132403075268818,0.8501190356744897,-2.3991804599131616,-2.420828719802599,"Branson999 full FCV matrix, w15_step5_hp030",FlyWire783 cell-level side-aware median_PostDCA_positive
661,LO_R,LO,48,LO,R,0,LO_R_661,148,LO_R,0.2703109475821413,0.27037216222076094,718,687,optic/lateral protocerebrum,13874,11532,0.0002837263720101,1.8092510220601898e-17,0.0005034053053201,1.8092510220601898e-17,0.0041107082158664,0.0002145368832466,-0.0013184433832705,0.0119475088678664,0.0011224684927649,0.0132403075268818,0.8501190356744897,-0.8821640899078419,-0.8553321799594814,"Branson999 full FCV matrix, w15_step5_hp030",FlyWire783 cell-level side-aware median_PostDCA_positive
662,LO_R,LO,47,LO,R,0,LO_R_662,149,LO_R,0.2733529193221896,0.2734470674270028,718,687,optic/lateral protocerebrum,13874,11532,0.0002837263720101,1.8092510220601898e-17,0.0005034053053201,1.8092510220601898e-17,0.0041107082158664,0.0002145368832466,-0.0013184433832705,0.0119475088678664,0.0011224684927649,0.0132403075268818,0.8501190356744897,-0.006970295507644396,0.03433153588845338,"Branson999 full FCV matrix, w15_step5_hp030",FlyWire783 cell-level side-aware median_PostDCA_positive
663,LO_R,LO,50,LO,R,0,LO_R_663,150,LO_R,0.2683333669997828,0.26825397138995716,717,686,optic/lateral protocerebrum,13874,11532,0.0002837263720101,1.8092510220601898e-17,0.0005034053053201,1.8092510220601898e-17,0.0041107082158664,0.0002145368832466,-0.0013184433832705,0.0119475088678664,0.0011224684927649,0.0132403075268818,0.8501190356744897,-1.451126066385324,-1.468189292296648,"Branson999 full FCV matrix, w15_step5_hp030",FlyWire783 cell-level side-aware median_PostDCA_positive
664,LO_R,LO,28,LO,R,0,LO_R_664,151,LO_R,0.26606032932110546,0.2659904709842263,712,682,optic/lateral protocerebrum,13874,11532,0.0002837263720101,1.8092510220601898e-17,0.0005034053053201,1.8092510220601898e-17,0.0041107082158664,0.0002145368832466,-0.0013184433832705,0.0119475088678664,0.0011224684927649,0.0132403075268818,0.8501190356744897,-2.1050928487278333,-2.123088889753516,"Branson999 full FCV matrix, w15_step5_hp030",FlyWire783 cell-level side-aware median_PostDCA_positive
665,LO_R,LO,29,LO,R,0,LO_R_665,152,LO_R,0.2690211709972665,0.2690243778581059,717,686,optic/lateral protocerebrum,13874,11532,0.0002837263720101,1.8092510220601898e-17,0.0005034053053201,1.8092510220601898e-17,0.0041107082158664,0.0002145368832466,-0.0013184433832705,0.0119475088678664,0.0011224684927649,0.0132403075268818,0.8501190356744897,-1.2532406677682177,-1.245287239974785,"Branson999 full FCV matrix, w15_step5_hp030",FlyWire783 cell-level side-aware median_PostDCA_positive
666,LO_R,LO,25,LO,R,0,LO_R_666,153,LO_R,0.267699805191873,0.2676717491089189,717,686,optic/lateral protocerebrum,13874,11532,0.0002837263720101,1.8092510220601898e-17,0.0005034053053201,1.8092510220601898e-17,0.0041107082158664,0.0002145368832466,-0.0013184433832705,0.0119475088678664,0.0011224684927649,0.0132403075268818,0.8501190356744897,-1.633405656741685,-1.636643928539253,"Branson999 full FCV matrix, w15_step5_hp030",FlyWire783 cell-level side-aware median_PostDCA_positive
667,LO_R,LO,31,LO,R,0,LO_R_667,154,LO_R,0.2656453507679273,0.265571519996245,713,682,optic/lateral protocerebrum,13874,11532,0.0002837263720101,1.8092510220601898e-17,0.0005034053053201,1.8092510220601898e-17,0.0041107082158664,0.0002145368832466,-0.0013184433832705,0.0119475088678664,0.0011224684927649,0.0132403075268818,0.8501190356744897,-2.2244847055847785,-2.244304168835609,"Branson999 full FCV matrix, w15_step5_hp030",FlyWire783 cell-level side-aware median_PostDCA_positive
668,LO_R,LO,57,LO,R,0,LO_R_668,155,LO_R,,,0,0,optic/lateral protocerebrum,13874,11532,0.0002837263720101,1.8092510220601898e-17,0.0005034053053201,1.8092510220601898e-17,0.0041107082158664,0.0002145368832466,-0.0013184433832705,0.0119475088678664,0.0011224684927649,0.0132403075268818,0.8501190356744897,,,"Branson999 full FCV matrix, w15_step5_hp030",FlyWire783 cell-level side-aware median_PostDCA_positive
669,LO_R,LO,59,LO,R,0,LO_R_669,156,LO_R,0.26562437906640096,0.2655441116127159,714,684,optic/lateral protocerebrum,13874,11532,0.0002837263720101,1.8092510220601898e-17,0.0005034053053201,1.8092510220601898e-17,0.0041107082158664,0.0002145368832466,-0.0013184433832705,0.0119475088678664,0.0011224684927649,0.0132403075268818,0.8501190356744897,-2.2305183918259117,-2.252234248854463,"Branson999 full FCV matrix, w15_step5_hp030",FlyWire783 cell-level side-aware median_PostDCA_positive
670,LO_R,LO,26,LO,R,0,LO_R_670,157,LO_R,0.2667299619952713,0.26669753725095924,714,684,optic/lateral protocerebrum,13874,11532,0.0002837263720101,1.8092510220601898e-17,0.0005034053053201,1.8092510220601898e-17,0.0041107082158664,0.0002145368832466,-0.0013184433832705,0.0119475088678664,0.0011224684927649,0.0132403075268818,0.8501190356744897,-1.9124354504877452,-1.9185130865920317,"Branson999 full FCV matrix, w15_step5_hp030",FlyWire783 cell-level side-aware median_PostDCA_positive
671,LO_R,LO,46,LO,R,0,LO_R_671,158,LO_R,0.2694417289464537,0.2694518106928092,717,686,optic/lateral protocerebrum,13874,11532,0.0002837263720101,1.8092510220601898e-17,0.0005034053053201,1.8092510220601898e-17,0.0041107082158664,0.0002145368832466,-0.0013184433832705,0.0119475088678664,0.0011224684927649,0.0132403075268818,0.8501190356744897,-1.1322435847024703,-1.1216179043394503,"Branson999 full FCV matrix, w15_step5_hp030",FlyWire783 cell-level side-aware median_PostDCA_positive
672,LO_R,LO,32,LO,R,0,LO_R_672,159,LO_R,0.2678111957407327,0.26776016098972516,716,685,optic/lateral protocerebrum,13874,11532,0.0002837263720101,1.8092510220601898e-17,0.0005034053053201,1.8092510220601898e-17,0.0041107082158664,0.0002145368832466,-0.0013184433832705,0.0119475088678664,0.0011224684927649,0.0132403075268818,0.8501190356744897,-1.6013579174963113,-1.6110636790266684,"Branson999 full FCV matrix, w15_step5_hp030",FlyWire783 cell-level side-aware median_PostDCA_positive
712,MB_R,MB,127,MB,R,0,MB_R_712,184,MB_R,0.2803659762338589,0.28012071839185826,718,703,mushroom body,2148,1744,0.0147973751254938,0.0096849784307864,0.016848771718611,0.0096849784307864,-0.1252192110285077,-0.0691494829666814,-0.0744620882658049,0.0541119400368117,8.623349641779429e-08,0.0333402180504786,0.4087549239859523,2.010728885606704,1.965221991832617,"Branson999 full FCV matrix, w15_step5_hp030",FlyWire783 cell-level side-aware median_PostDCA_positive
713,MB_R,MB,134,MB,R,0,MB_R_713,185,MB_R,0.27520985448346225,0.27499251991672435,718,703,mushroom body,2148,1744,0.0147973751254938,0.0096849784307864,0.016848771718611,0.0096849784307864,-0.1252192110285077,-0.0691494829666814,-0.0744620882658049,0.0541119400368117,8.623349641779429e-08,0.0333402180504786,0.4087549239859523,0.5272812586253256,0.4814780046254665,"Branson999 full FCV matrix, w15_step5_hp030",FlyWire783 cell-level side-aware median_PostDCA_positive
714,MB_R,MB,137,MB,R,0,MB_R_714,186,MB_R,0.2779355990650795,0.2776525539960898,718,703,mushroom body,2148,1744,0.0147973751254938,0.0096849784307864,0.016848771718611,0.0096849784307864,-0.1252192110285077,-0.0691494829666814,-0.0744620882658049,0.0541119400368117,8.623349641779429e-08,0.0333402180504786,0.4087549239859523,1.3114945738067159,1.2511068694524108,"Branson999 full FCV matrix, w15_step5_hp030",FlyWire783 cell-level side-aware median_PostDCA_positive
715,MB_R,MB,135,MB,R,0,MB_R_715,187,MB_R,0.27708691741769714,0.2768536356039478,718,703,mushroom body,2148,1744,0.0147973751254938,0.0096849784307864,0.016848771718611,0.0096849784307864,-0.1252192110285077,-0.0691494829666814,-0.0744620882658049,0.0541119400368117,8.623349641779429e-08,0.0333402180504786,0.4087549239859523,1.0673236956122438,1.0199554492494523,"Branson999 full FCV matrix, w15_step5_hp030",FlyWire783 cell-level side-aware median_PostDCA_positive
716,MB_R,MB,128,MB,R,0,MB_R_716,188,MB_R,0.2798435750933537,0.2797136347477072,718,703,mushroom body,2148,1744,0.0147973751254938,0.0096849784307864,0.016848771718611,0.0096849784307864,-0.1252192110285077,-0.0691494829666814,-0.0744620882658049,0.0541119400368117,8.623349641779429e-08,0.0333402180504786,0.4087549239859523,1.8604308962011697,1.8474402967152668,"Branson999 full FCV matrix, w15_step5_hp030",FlyWire783 cell-level side-aware median_PostDCA_positive
717,MB_R,MB,133,MB,R,0,MB_R_717,189,MB_R,0.27587129538874755,0.275579154603039,718,703,mushroom body,2148,1744,0.0147973751254938,0.0096849784307864,0.016848771718611,0.0096849784307864,-0.1252192110285077,-0.0691494829666814,-0.0744620882658049,0.0541119400368117,8.623349641779429e-08,0.0333402180504786,0.4087549239859523,0.717581835072811,0.6512092840849226,"Branson999 full FCV matrix, w15_step5_hp030",FlyWire783 cell-level side-aware median_PostDCA_positive
718,MB_R,MB,131,MB,R,0,MB_R_718,190,MB_R,0.2779695891604791,0.2778394684886444,718,703,mushroom body,2148,1744,0.0147973751254938,0.0096849784307864,0.016848771718611,0.0096849784307864,-0.1252192110285077,-0.0691494829666814,-0.0744620882658049,0.0541119400368117,8.623349641779429e-08,0.0333402180504786,0.4087549239859523,1.3212737312437086,1.305186924230811,"Branson999 full FCV matrix, w15_step5_hp030",FlyWire783 cell-level side-aware median_PostDCA_positive
719,MB_R,MB,132,MB,R,0,MB_R_719,191,MB_R,0.27819425506930845,0.278121169723708,718,703,mushroom body,2148,1744,0.0147973751254938,0.0096849784307864,0.016848771718611,0.0096849784307864,-0.1252192110285077,-0.0691494829666814,-0.0744620882658049,0.0541119400368117,8.623349641779429e-08,0.0333402180504786,0.4087549239859523,1.3859114813687685,1.38669167014522,"Branson999 full FCV matrix, w15_step5_hp030",FlyWire783 cell-level side-aware median_PostDCA_positive
720,MB_R,MB,123,MB,R,0,MB_R_720,192,MB_R,0.282404371920443,0.2823380723065553,718,703,mushroom body,2148,1744,0.0147973751254938,0.0096849784307864,0.016848771718611,0.0096849784307864,-0.1252192110285077,-0.0691494829666814,-0.0744620882658049,0.0541119400368117,8.623349641779429e-08,0.0333402180504786,0.4087549239859523,2.5971877379174804,2.606770004140395,"Branson999 full FCV matrix, w15_step5_hp030",FlyWire783 cell-level side-aware median_PostDCA_positive
721,MB_R,MB,129,MB,R,0,MB_R_721,193,MB_R,0.2791245293548373,0.279008738203478,718,703,mushroom body,2148,1744,0.0147973751254938,0.0096849784307864,0.016848771718611,0.0096849784307864,-0.1252192110285077,-0.0691494829666814,-0.0744620882658049,0.0541119400368117,8.623349641779429e-08,0.0333402180504786,0.4087549239859523,1.6535570584351715,1.6434922603483815,"Branson999 full FCV matrix, w15_step5_hp030",FlyWire783 cell-level side-aware median_PostDCA_positive
722,MB_R,MB,125,MB,R,0,MB_R_722,194,MB_R,0.27887569424769426,0.2786745600837052,718,703,mushroom body,2148,1744,0.0147973751254938,0.0096849784307864,0.016848771718611,0.0096849784307864,-0.1252192110285077,-0.0691494829666814,-0.0744620882658049,0.0541119400368117,8.623349641779429e-08,0.0333402180504786,0.4087549239859523,1.581965682771365,1.546804353615972,"Branson999 full FCV matrix, w15_step5_hp030",FlyWire783 cell-level side-aware median_PostDCA_positive
723,MB_R,MB,126,MB,R,0,MB_R_723,195,MB_R,0.27939159561682675,0.27925040940658624,718,703,mushroom body,2148,1744,0.0147973751254938,0.0096849784307864,0.016848771718611,0.0096849784307864,-0.1252192110285077,-0.0691494829666814,-0.0744620882658049,0.0541119400368117,8.623349641779429e-08,0.0333402180504786,0.4087549239859523,1.7303936483711222,1.7134150989888306,"Branson999 full FCV matrix, w15_step5_hp030",FlyWire783 cell-level side-aware median_PostDCA_positive
724,MB_R,MB,122,MB,R,0,MB_R_724,196,MB_R,0.2805684510114661,0.2805214462761041,718,703,mushroom body,2148,1744,0.0147973751254938,0.0096849784307864,0.016848771718611,0.0096849784307864,-0.1252192110285077,-0.0691494829666814,-0.0744620882658049,0.0541119400368117,8.623349641779429e-08,0.0333402180504786,0.4087549239859523,2.0689821121411414,2.0811647720582735,"Branson999 full FCV matrix, w15_step5_hp030",FlyWire783 cell-level side-aware median_PostDCA_positive
725,MB_R,MB,124,MB,R,0,MB_R_725,197,MB_R,0.27711519839862564,0.27691967168970755,718,703,mushroom body,2148,1744,0.0147973751254938,0.0096849784307864,0.016848771718611,0.0096849784307864,-0.1252192110285077,-0.0691494829666814,-0.0744620882658049,0.0541119400368117,8.623349641779429e-08,0.0333402180504786,0.4087549239859523,1.0754603060489265,1.0390616998479392,"Branson999 full FCV matrix, w15_step5_hp030",FlyWire783 cell-level side-aware median_PostDCA_positive
726,MB_R,MB,130,MB,R,0,MB_R_726,198,MB_R,0.2766342107357631,0.27650932740746736,718,703,mushroom body,2148,1744,0.0147973751254938,0.0096849784307864,0.016848771718611,0.0096849784307864,-0.1252192110285077,-0.0691494829666814,-0.0744620882658049,0.0541119400368117,8.623349641779429e-08,0.0333402180504786,0.4087549239859523,0.9370772263581005,0.9203366028356191,"Branson999 full FCV matrix, w15_step5_hp030",FlyWire783 cell-level side-aware median_PostDCA_positive
727,MB_R,MB,136,MB,R,0,MB_R_727,199,MB_R,0.2818855776028682,0.28150138045956363,718,703,mushroom body,2148,1744,0.0147973751254938,0.0096849784307864,0.016848771718611,0.0096849784307864,-0.1252192110285077,-0.0691494829666814,-0.0744620882658049,0.0541119400368117,8.623349641779429e-08,0.0333402180504786,0.4087549239859523,2.4479274534335964,2.3646895731393935,"Branson999 full FCV matrix, w15_step5_hp030",FlyWire783 cell-level side-aware median_PostDCA_positive
327,ME_R,ME,454,ME,R,0,ME_R_327,200,ME_R,0.2700504612546927,0.2700084192829694,714,690,optic/lateral protocerebrum,31830,21836,2.238180104643225e-05,4.2627870090753246e-07,0.0002932789735983,4.2627870090753246e-07,-0.0003966732874369,9.922016105359214e-05,0.0008932046222368,0.0062167920089693,0.0003974951721755,0.0105350981966056,0.858800393592437,-0.9571075926063644,-0.9605740888782127,"Branson999 full FCV matrix, w15_step5_hp030",FlyWire783 cell-level side-aware median_PostDCA_positive
328,ME_R,ME,508,ME,R,0,ME_R_328,201,ME_R,,,0,0,optic/lateral protocerebrum,31830,21836,2.238180104643225e-05,4.2627870090753246e-07,0.0002932789735983,4.2627870090753246e-07,-0.0003966732874369,9.922016105359214e-05,0.0008932046222368,0.0062167920089693,0.0003974951721755,0.0105350981966056,0.858800393592437,,,"Branson999 full FCV matrix, w15_step5_hp030",FlyWire783 cell-level side-aware median_PostDCA_positive
329,ME_R,ME,511,ME,R,0,ME_R_329,202,ME_R,0.271896694312148,0.2719139755441977,717,693,optic/lateral protocerebrum,31830,21836,2.238180104643225e-05,4.2627870090753246e-07,0.0002932789735983,4.2627870090753246e-07,-0.0003966732874369,9.922016105359214e-05,0.0008932046222368,0.0062167920089693,0.0003974951721755,0.0105350981966056,0.858800393592437,-0.42593509891456527,-0.4092386328517006,"Branson999 full FCV matrix, w15_step5_hp030",FlyWire783 cell-level side-aware median_PostDCA_positive
330,ME_R,ME,512,ME,R,0,ME_R_330,203,ME_R,0.2707634503239486,0.27075732608009184,717,693,optic/lateral protocerebrum,31830,21836,2.238180104643225e-05,4.2627870090753246e-07,0.0002932789735983,4.2627870090753246e-07,-0.0003966732874369,9.922016105359214e-05,0.0008932046222368,0.0062167920089693,0.0003974951721755,0.0105350981966056,0.858800393592437,-0.7519762954700995,-0.7438925461109085,"Branson999 full FCV matrix, w15_step5_hp030",FlyWire783 cell-level side-aware median_PostDCA_positive
331,ME_R,ME,507,ME,R,0,ME_R_331,204,ME_R,0.27139582254748384,0.27135520767321497,717,693,optic/lateral protocerebrum,31830,21836,2.238180104643225e-05,4.2627870090753246e-07,0.0002932789735983,4.2627870090753246e-07,-0.0003966732874369,9.922016105359214e-05,0.0008932046222368,0.0062167920089693,0.0003974951721755,0.0105350981966056,0.858800393592437,-0.5700389557825482,-0.5709071940111907,"Branson999 full FCV matrix, w15_step5_hp030",FlyWire783 cell-level side-aware median_PostDCA_positive
332,ME_R,ME,509,ME,R,0,ME_R_332,205,ME_R,0.2702162651883917,0.27020071444759525,717,693,optic/lateral protocerebrum,31830,21836,2.238180104643225e-05,4.2627870090753246e-07,0.0002932789735983,4.2627870090753246e-07,-0.0003966732874369,9.922016105359214e-05,0.0008932046222368,0.0062167920089693,0.0003974951721755,0.0105350981966056,0.858800393592437,-0.9094047911798702,-0.9049372418127094,"Branson999 full FCV matrix, w15_step5_hp030",FlyWire783 cell-level side-aware median_PostDCA_positive
333,ME_R,ME,506,ME,R,0,ME_R_333,206,ME_R,0.2714435713405885,0.2714743846819036,717,693,optic/lateral protocerebrum,31830,21836,2.238180104643225e-05,4.2627870090753246e-07,0.0002932789735983,4.2627870090753246e-07,-0.0003966732874369,9.922016105359214e-05,0.0008932046222368,0.0062167920089693,0.0003974951721755,0.0105350981966056,0.858800393592437,-0.5563013372290547,-0.5364256561158632,"Branson999 full FCV matrix, w15_step5_hp030",FlyWire783 cell-level side-aware median_PostDCA_positive
334,ME_R,ME,510,ME,R,0,ME_R_334,207,ME_R,,,0,0,optic/lateral protocerebrum,31830,21836,2.238180104643225e-05,4.2627870090753246e-07,0.0002932789735983,4.2627870090753246e-07,-0.0003966732874369,9.922016105359214e-05,0.0008932046222368,0.0062167920089693,0.0003974951721755,0.0105350981966056,0.858800393592437,,,"Branson999 full FCV matrix, w15_step5_hp030",FlyWire783 cell-level side-aware median_PostDCA_positive
335,ME_R,ME,453,ME,R,0,ME_R_335,208,ME_R,,,0,0,optic/lateral protocerebrum,31830,21836,2.238180104643225e-05,4.2627870090753246e-07,0.0002932789735983,4.2627870090753246e-07,-0.0003966732874369,9.922016105359214e-05,0.0008932046222368,0.0062167920089693,0.0003974951721755,0.0105350981966056,0.858800393592437,,,"Branson999 full FCV matrix, w15_step5_hp030",FlyWire783 cell-level side-aware median_PostDCA_positive
336,ME_R,ME,452,ME,R,0,ME_R_336,209,ME_R,,,0,0,optic/lateral protocerebrum,31830,21836,2.238180104643225e-05,4.2627870090753246e-07,0.0002932789735983,4.2627870090753246e-07,-0.0003966732874369,9.922016105359214e-05,0.0008932046222368,0.0062167920089693,0.0003974951721755,0.0105350981966056,0.858800393592437,,,"Branson999 full FCV matrix, w15_step5_hp030",FlyWire783 cell-level side-aware median_PostDCA_positive
337,ME_R,ME,455,ME,R,0,ME_R_337,210,ME_R,,,0,0,optic/lateral protocerebrum,31830,21836,2.238180104643225e-05,4.2627870090753246e-07,0.0002932789735983,4.2627870090753246e-07,-0.0003966732874369,9.922016105359214e-05,0.0008932046222368,0.0062167920089693,0.0003974951721755,0.0105350981966056,0.858800393592437,,,"Branson999 full FCV matrix, w15_step5_hp030",FlyWire783 cell-level side-aware median_PostDCA_positive
338,ME_R,ME,451,ME,R,0,ME_R_338,211,ME_R,,,0,0,optic/lateral protocerebrum,31830,21836,2.238180104643225e-05,4.2627870090753246e-07,0.0002932789735983,4.2627870090753246e-07,-0.0003966732874369,9.922016105359214e-05,0.0008932046222368,0.0062167920089693,0.0003974951721755,0.0105350981966056,0.858800393592437,,,"Branson999 full FCV matrix, w15_step5_hp030",FlyWire783 cell-level side-aware median_PostDCA_positive
339,ME_R,ME,456,ME,R,0,ME_R_339,212,ME_R,,,0,0,optic/lateral protocerebrum,31830,21836,2.238180104643225e-05,4.2627870090753246e-07,0.0002932789735983,4.2627870090753246e-07,-0.0003966732874369,9.922016105359214e-05,0.0008932046222368,0.0062167920089693,0.0003974951721755,0.0105350981966056,0.858800393592437,,,"Branson999 full FCV matrix, w15_step5_hp030",FlyWire783 cell-level side-aware median_PostDCA_positive
340,ME_R,ME,450,ME,R,0,ME_R_340,213,ME_R,,,0,0,optic/lateral protocerebrum,31830,21836,2.238180104643225e-05,4.2627870090753246e-07,0.0002932789735983,4.2627870090753246e-07,-0.0003966732874369,9.922016105359214e-05,0.0008932046222368,0.0062167920089693,0.0003974951721755,0.0105350981966056,0.858800393592437,,,"Branson999 full FCV matrix, w15_step5_hp030",FlyWire783 cell-level side-aware median_PostDCA_positive
341,ME_R,ME,519,ME,R,0,ME_R_341,214,ME_R,,,0,0,optic/lateral protocerebrum,31830,21836,2.238180104643225e-05,4.2627870090753246e-07,0.0002932789735983,4.2627870090753246e-07,-0.0003966732874369,9.922016105359214e-05,0.0008932046222368,0.0062167920089693,0.0003974951721755,0.0105350981966056,0.858800393592437,,,"Branson999 full FCV matrix, w15_step5_hp030",FlyWire783 cell-level side-aware median_PostDCA_positive
342,ME_R,ME,522,ME,R,0,ME_R_342,215,ME_R,,,0,0,optic/lateral protocerebrum,31830,21836,2.238180104643225e-05,4.2627870090753246e-07,0.0002932789735983,4.2627870090753246e-07,-0.0003966732874369,9.922016105359214e-05,0.0008932046222368,0.0062167920089693,0.0003974951721755,0.0105350981966056,0.858800393592437,,,"Branson999 full FCV matrix, w15_step5_hp030",FlyWire783 cell-level side-aware median_PostDCA_positive
343,ME_R,ME,457,ME,R,0,ME_R_343,216,ME_R,,,0,0,optic/lateral protocerebrum,31830,21836,2.238180104643225e-05,4.2627870090753246e-07,0.0002932789735983,4.2627870090753246e-07,-0.0003966732874369,9.922016105359214e-05,0.0008932046222368,0.0062167920089693,0.0003974951721755,0.0105350981966056,0.858800393592437,,,"Branson999 full FCV matrix, w15_step5_hp030",FlyWire783 cell-level side-aware median_PostDCA_positive
344,ME_R,ME,518,ME,R,0,ME_R_344,217,ME_R,,,0,0,optic/lateral protocerebrum,31830,21836,2.238180104643225e-05,4.2627870090753246e-07,0.0002932789735983,4.2627870090753246e-07,-0.0003966732874369,9.922016105359214e-05,0.0008932046222368,0.0062167920089693,0.0003974951721755,0.0105350981966056,0.858800393592437,,,"Branson999 full FCV matrix, w15_step5_hp030",FlyWire783 cell-level side-aware median_PostDCA_positive
345,ME_R,ME,449,ME,R,0,ME_R_345,218,ME_R,,,0,0,optic/lateral protocerebrum,31830,21836,2.238180104643225e-05,4.2627870090753246e-07,0.0002932789735983,4.2627870090753246e-07,-0.0003966732874369,9.922016105359214e-05,0.0008932046222368,0.0062167920089693,0.0003974951721755,0.0105350981966056,0.858800393592437,,,"Branson999 full FCV matrix, w15_step5_hp030",FlyWire783 cell-level side-aware median_PostDCA_positive
346,ME_R,ME,529,ME,R,0,ME_R_346,219,ME_R,,,0,0,optic/lateral protocerebrum,31830,21836,2.238180104643225e-05,4.2627870090753246e-07,0.0002932789735983,4.2627870090753246e-07,-0.0003966732874369,9.922016105359214e-05,0.0008932046222368,0.0062167920089693,0.0003974951721755,0.0105350981966056,0.858800393592437,,,"Branson999 full FCV matrix, w15_step5_hp030",FlyWire783 cell-level side-aware median_PostDCA_positive
347,ME_R,ME,458,ME,R,0,ME_R_347,220,ME_R,,,0,0,optic/lateral protocerebrum,31830,21836,2.238180104643225e-05,4.2627870090753246e-07,0.0002932789735983,4.2627870090753246e-07,-0.0003966732874369,9.922016105359214e-05,0.0008932046222368,0.0062167920089693,0.0003974951721755,0.0105350981966056,0.858800393592437,,,"Branson999 full FCV matrix, w15_step5_hp030",FlyWire783 cell-level side-aware median_PostDCA_positive
348,ME_R,ME,521,ME,R,0,ME_R_348,221,ME_R,,,0,0,optic/lateral protocerebrum,31830,21836,2.238180104643225e-05,4.2627870090753246e-07,0.0002932789735983,4.2627870090753246e-07,-0.0003966732874369,9.922016105359214e-05,0.0008932046222368,0.0062167920089693,0.0003974951721755,0.0105350981966056,0.858800393592437,,,"Branson999 full FCV matrix, w15_step5_hp030",FlyWire783 cell-level side-aware median_PostDCA_positive
349,ME_R,ME,448,ME,R,0,ME_R_349,222,ME_R,,,0,0,optic/lateral protocerebrum,31830,21836,2.238180104643225e-05,4.2627870090753246e-07,0.0002932789735983,4.2627870090753246e-07,-0.0003966732874369,9.922016105359214e-05,0.0008932046222368,0.0062167920089693,0.0003974951721755,0.0105350981966056,0.858800393592437,,,"Branson999 full FCV matrix, w15_step5_hp030",FlyWire783 cell-level side-aware median_PostDCA_positive
350,ME_R,ME,517,ME,R,0,ME_R_350,223,ME_R,,,0,0,optic/lateral protocerebrum,31830,21836,2.238180104643225e-05,4.2627870090753246e-07,0.0002932789735983,4.2627870090753246e-07,-0.0003966732874369,9.922016105359214e-05,0.0008932046222368,0.0062167920089693,0.0003974951721755,0.0105350981966056,0.858800393592437,,,"Branson999 full FCV matrix, w15_step5_hp030",FlyWire783 cell-level side-aware median_PostDCA_positive
351,ME_R,ME,459,ME,R,0,ME_R_351,224,ME_R,,,0,0,optic/lateral protocerebrum,31830,21836,2.238180104643225e-05,4.2627870090753246e-07,0.0002932789735983,4.2627870090753246e-07,-0.0003966732874369,9.922016105359214e-05,0.0008932046222368,0.0062167920089693,0.0003974951721755,0.0105350981966056,0.858800393592437,,,"Branson999 full FCV matrix, w15_step5_hp030",FlyWire783 cell-level side-aware median_PostDCA_positive
352,ME_R,ME,447,ME,R,0,ME_R_352,225,ME_R,,,0,0,optic/lateral protocerebrum,31830,21836,2.238180104643225e-05,4.2627870090753246e-07,0.0002932789735983,4.2627870090753246e-07,-0.0003966732874369,9.922016105359214e-05,0.0008932046222368,0.0062167920089693,0.0003974951721755,0.0105350981966056,0.858800393592437,,,"Branson999 full FCV matrix, w15_step5_hp030",FlyWire783 cell-level side-aware median_PostDCA_positive
353,ME_R,ME,460,ME,R,0,ME_R_353,226,ME_R,,,0,0,optic/lateral protocerebrum,31830,21836,2.238180104643225e-05,4.2627870090753246e-07,0.0002932789735983,4.2627870090753246e-07,-0.0003966732874369,9.922016105359214e-05,0.0008932046222368,0.0062167920089693,0.0003974951721755,0.0105350981966056,0.858800393592437,,,"Branson999 full FCV matrix, w15_step5_hp030",FlyWire783 cell-level side-aware median_PostDCA_positive
354,ME_R,ME,446,ME,R,0,ME_R_354,227,ME_R,,,0,0,optic/lateral protocerebrum,31830,21836,2.238180104643225e-05,4.2627870090753246e-07,0.0002932789735983,4.2627870090753246e-07,-0.0003966732874369,9.922016105359214e-05,0.0008932046222368,0.0062167920089693,0.0003974951721755,0.0105350981966056,0.858800393592437,,,"Branson999 full FCV matrix, w15_step5_hp030",FlyWire783 cell-level side-aware median_PostDCA_positive
355,ME_R,ME,461,ME,R,0,ME_R_355,228,ME_R,,,0,0,optic/lateral protocerebrum,31830,21836,2.238180104643225e-05,4.2627870090753246e-07,0.0002932789735983,4.2627870090753246e-07,-0.0003966732874369,9.922016105359214e-05,0.0008932046222368,0.0062167920089693,0.0003974951721755,0.0105350981966056,0.858800393592437,,,"Branson999 full FCV matrix, w15_step5_hp030",FlyWire783 cell-level side-aware median_PostDCA_positive
356,ME_R,ME,445,ME,R,0,ME_R_356,229,ME_R,,,0,0,optic/lateral protocerebrum,31830,21836,2.238180104643225e-05,4.2627870090753246e-07,0.0002932789735983,4.2627870090753246e-07,-0.0003966732874369,9.922016105359214e-05,0.0008932046222368,0.0062167920089693,0.0003974951721755,0.0105350981966056,0.858800393592437,,,"Branson999 full FCV matrix, w15_step5_hp030",FlyWire783 cell-level side-aware median_PostDCA_positive
357,ME_R,ME,462,ME,R,0,ME_R_357,230,ME_R,,,0,0,optic/lateral protocerebrum,31830,21836,2.238180104643225e-05,4.2627870090753246e-07,0.0002932789735983,4.2627870090753246e-07,-0.0003966732874369,9.922016105359214e-05,0.0008932046222368,0.0062167920089693,0.0003974951721755,0.0105350981966056,0.858800393592437,,,"Branson999 full FCV matrix, w15_step5_hp030",FlyWire783 cell-level side-aware median_PostDCA_positive
358,ME_R,ME,444,ME,R,0,ME_R_358,231,ME_R,,,0,0,optic/lateral protocerebrum,31830,21836,2.238180104643225e-05,4.2627870090753246e-07,0.0002932789735983,4.2627870090753246e-07,-0.0003966732874369,9.922016105359214e-05,0.0008932046222368,0.0062167920089693,0.0003974951721755,0.0105350981966056,0.858800393592437,,,"Branson999 full FCV matrix, w15_step5_hp030",FlyWire783 cell-level side-aware median_PostDCA_positive
359,ME_R,ME,463,ME,R,0,ME_R_359,232,ME_R,,,0,0,optic/lateral protocerebrum,31830,21836,2.238180104643225e-05,4.2627870090753246e-07,0.0002932789735983,4.2627870090753246e-07,-0.0003966732874369,9.922016105359214e-05,0.0008932046222368,0.0062167920089693,0.0003974951721755,0.0105350981966056,0.858800393592437,,,"Branson999 full FCV matrix, w15_step5_hp030",FlyWire783 cell-level side-aware median_PostDCA_positive
360,ME_R,ME,443,ME,R,0,ME_R_360,233,ME_R,,,0,0,optic/lateral protocerebrum,31830,21836,2.238180104643225e-05,4.2627870090753246e-07,0.0002932789735983,4.2627870090753246e-07,-0.0003966732874369,9.922016105359214e-05,0.0008932046222368,0.0062167920089693,0.0003974951721755,0.0105350981966056,0.858800393592437,,,"Branson999 full FCV matrix, w15_step5_hp030",FlyWire783 cell-level side-aware median_PostDCA_positive
361,ME_R,ME,464,ME,R,0,ME_R_361,234,ME_R,,,0,0,optic/lateral protocerebrum,31830,21836,2.238180104643225e-05,4.2627870090753246e-07,0.0002932789735983,4.2627870090753246e-07,-0.0003966732874369,9.922016105359214e-05,0.0008932046222368,0.0062167920089693,0.0003974951721755,0.0105350981966056,0.858800393592437,,,"Branson999 full FCV matrix, w15_step5_hp030",FlyWire783 cell-level side-aware median_PostDCA_positive
362,ME_R,ME,442,ME,R,0,ME_R_362,235,ME_R,0.26978671492683065,0.2698534019690441,717,693,optic/lateral protocerebrum,31830,21836,2.238180104643225e-05,4.2627870090753246e-07,0.0002932789735983,4.2627870090753246e-07,-0.0003966732874369,9.922016105359214e-05,0.0008932046222368,0.0062167920089693,0.0003974951721755,0.0105350981966056,0.858800393592437,-1.0329890172763452,-1.0054253185185935,"Branson999 full FCV matrix, w15_step5_hp030",FlyWire783 cell-level side-aware median_PostDCA_positive
363,ME_R,ME,465,ME,R,0,ME_R_363,236,ME_R,0.2670477822760242,0.26708307397535896,714,690,optic/lateral protocerebrum,31830,21836,2.238180104643225e-05,4.2627870090753246e-07,0.0002932789735983,4.2627870090753246e-07,-0.0003966732874369,9.922016105359214e-05,0.0008932046222368,0.0062167920089693,0.0003974951721755,0.0105350981966056,0.858800393592437,-1.8209966202752583,-1.8069655715242383,"Branson999 full FCV matrix, w15_step5_hp030",FlyWire783 cell-level side-aware median_PostDCA_positive
364,ME_R,ME,441,ME,R,0,ME_R_364,237,ME_R,,,0,0,optic/lateral protocerebrum,31830,21836,2.238180104643225e-05,4.2627870090753246e-07,0.0002932789735983,4.2627870090753246e-07,-0.0003966732874369,9.922016105359214e-05,0.0008932046222368,0.0062167920089693,0.0003974951721755,0.0105350981966056,0.858800393592437,,,"Branson999 full FCV matrix, w15_step5_hp030",FlyWire783 cell-level side-aware median_PostDCA_positive
365,ME_R,ME,466,ME,R,0,ME_R_365,238,ME_R,,,0,0,optic/lateral protocerebrum,31830,21836,2.238180104643225e-05,4.2627870090753246e-07,0.0002932789735983,4.2627870090753246e-07,-0.0003966732874369,9.922016105359214e-05,0.0008932046222368,0.0062167920089693,0.0003974951721755,0.0105350981966056,0.858800393592437,,,"Branson999 full FCV matrix, w15_step5_hp030",FlyWire783 cell-level side-aware median_PostDCA_positive
366,ME_R,ME,440,ME,R,0,ME_R_366,239,ME_R,,,0,0,optic/lateral protocerebrum,31830,21836,2.238180104643225e-05,4.2627870090753246e-07,0.0002932789735983,4.2627870090753246e-07,-0.0003966732874369,9.922016105359214e-05,0.0008932046222368,0.0062167920089693,0.0003974951721755,0.0105350981966056,0.858800393592437,,,"Branson999 full FCV matrix, w15_step5_hp030",FlyWire783 cell-level side-aware median_PostDCA_positive
367,ME_R,ME,467,ME,R,0,ME_R_367,240,ME_R,,,0,0,optic/lateral protocerebrum,31830,21836,2.238180104643225e-05,4.2627870090753246e-07,0.0002932789735983,4.2627870090753246e-07,-0.0003966732874369,9.922016105359214e-05,0.0008932046222368,0.0062167920089693,0.0003974951721755,0.0105350981966056,0.858800393592437,,,"Branson999 full FCV matrix, w15_step5_hp030",FlyWire783 cell-level side-aware median_PostDCA_positive
368,ME_R,ME,526,ME,R,0,ME_R_368,241,ME_R,,,0,0,optic/lateral protocerebrum,31830,21836,2.238180104643225e-05,4.2627870090753246e-07,0.0002932789735983,4.2627870090753246e-07,-0.0003966732874369,9.922016105359214e-05,0.0008932046222368,0.0062167920089693,0.0003974951721755,0.0105350981966056,0.858800393592437,,,"Branson999 full FCV matrix, w15_step5_hp030",FlyWire783 cell-level side-aware median_PostDCA_positive
369,ME_R,ME,514,ME,R,0,ME_R_369,242,ME_R,,,0,0,optic/lateral protocerebrum,31830,21836,2.238180104643225e-05,4.2627870090753246e-07,0.0002932789735983,4.2627870090753246e-07,-0.0003966732874369,9.922016105359214e-05,0.0008932046222368,0.0062167920089693,0.0003974951721755,0.0105350981966056,0.858800393592437,,,"Branson999 full FCV matrix, w15_step5_hp030",FlyWire783 cell-level side-aware median_PostDCA_positive
370,ME_R,ME,520,ME,R,0,ME_R_370,243,ME_R,,,0,0,optic/lateral protocerebrum,31830,21836,2.238180104643225e-05,4.2627870090753246e-07,0.0002932789735983,4.2627870090753246e-07,-0.0003966732874369,9.922016105359214e-05,0.0008932046222368,0.0062167920089693,0.0003974951721755,0.0105350981966056,0.858800393592437,,,"Branson999 full FCV matrix, w15_step5_hp030",FlyWire783 cell-level side-aware median_PostDCA_positive
371,ME_R,ME,524,ME,R,0,ME_R_371,244,ME_R,0.26977536735352925,0.2697932099787966,717,693,optic/lateral protocerebrum,31830,21836,2.238180104643225e-05,4.2627870090753246e-07,0.0002932789735983,4.2627870090753246e-07,-0.0003966732874369,9.922016105359214e-05,0.0008932046222368,0.0062167920089693,0.0003974951721755,0.0105350981966056,0.858800393592437,-1.0362537832188223,-1.022840694315936,"Branson999 full FCV matrix, w15_step5_hp030",FlyWire783 cell-level side-aware median_PostDCA_positive
372,ME_R,ME,525,ME,R,0,ME_R_372,245,ME_R,,,0,0,optic/lateral protocerebrum,31830,21836,2.238180104643225e-05,4.2627870090753246e-07,0.0002932789735983,4.2627870090753246e-07,-0.0003966732874369,9.922016105359214e-05,0.0008932046222368,0.0062167920089693,0.0003974951721755,0.0105350981966056,0.858800393592437,,,"Branson999 full FCV matrix, w15_step5_hp030",FlyWire783 cell-level side-aware median_PostDCA_positive
373,ME_R,ME,439,ME,R,0,ME_R_373,246,ME_R,0.2688611783884483,0.2688764147768483,716,692,optic/lateral protocerebrum,31830,21836,2.238180104643225e-05,4.2627870090753246e-07,0.0002932789735983,4.2627870090753246e-07,-0.0003966732874369,9.922016105359214e-05,0.0008932046222368,0.0062167920089693,0.0003974951721755,0.0105350981966056,0.858800393592437,-1.2992715156370997,-1.2880974652827772,"Branson999 full FCV matrix, w15_step5_hp030",FlyWire783 cell-level side-aware median_PostDCA_positive
374,ME_R,ME,501,ME,R,0,ME_R_374,247,ME_R,,,0,0,optic/lateral protocerebrum,31830,21836,2.238180104643225e-05,4.2627870090753246e-07,0.0002932789735983,4.2627870090753246e-07,-0.0003966732874369,9.922016105359214e-05,0.0008932046222368,0.0062167920089693,0.0003974951721755,0.0105350981966056,0.858800393592437,,,"Branson999 full FCV matrix, w15_step5_hp030",FlyWire783 cell-level side-aware median_PostDCA_positive
375,ME_R,ME,504,ME,R,0,ME_R_375,248,ME_R,,,0,0,optic/lateral protocerebrum,31830,21836,2.238180104643225e-05,4.2627870090753246e-07,0.0002932789735983,4.2627870090753246e-07,-0.0003966732874369,9.922016105359214e-05,0.0008932046222368,0.0062167920089693,0.0003974951721755,0.0105350981966056,0.858800393592437,,,"Branson999 full FCV matrix, w15_step5_hp030",FlyWire783 cell-level side-aware median_PostDCA_positive
376,ME_R,ME,468,ME,R,0,ME_R_376,249,ME_R,,,0,0,optic/lateral protocerebrum,31830,21836,2.238180104643225e-05,4.2627870090753246e-07,0.0002932789735983,4.2627870090753246e-07,-0.0003966732874369,9.922016105359214e-05,0.0008932046222368,0.0062167920089693,0.0003974951721755,0.0105350981966056,0.858800393592437,,,"Branson999 full FCV matrix, w15_step5_hp030",FlyWire783 cell-level side-aware median_PostDCA_positive
377,ME_R,ME,500,ME,R,0,ME_R_377,250,ME_R,,,0,0,optic/lateral protocerebrum,31830,21836,2.238180104643225e-05,4.2627870090753246e-07,0.0002932789735983,4.2627870090753246e-07,-0.0003966732874369,9.922016105359214e-05,0.0008932046222368,0.0062167920089693,0.0003974951721755,0.0105350981966056,0.858800393592437,,,"Branson999 full FCV matrix, w15_step5_hp030",FlyWire783 cell-level side-aware median_PostDCA_positive
378,ME_R,ME,505,ME,R,0,ME_R_378,251,ME_R,,,0,0,optic/lateral protocerebrum,31830,21836,2.238180104643225e-05,4.2627870090753246e-07,0.0002932789735983,4.2627870090753246e-07,-0.0003966732874369,9.922016105359214e-05,0.0008932046222368,0.0062167920089693,0.0003974951721755,0.0105350981966056,0.858800393592437,,,"Branson999 full FCV matrix, w15_step5_hp030",FlyWire783 cell-level side-aware median_PostDCA_positive
379,ME_R,ME,503,ME,R,0,ME_R_379,252,ME_R,,,0,0,optic/lateral protocerebrum,31830,21836,2.238180104643225e-05,4.2627870090753246e-07,0.0002932789735983,4.2627870090753246e-07,-0.0003966732874369,9.922016105359214e-05,0.0008932046222368,0.0062167920089693,0.0003974951721755,0.0105350981966056,0.858800393592437,,,"Branson999 full FCV matrix, w15_step5_hp030",FlyWire783 cell-level side-aware median_PostDCA_positive
380,ME_R,ME,502,ME,R,0,ME_R_380,253,ME_R,,,0,0,optic/lateral protocerebrum,31830,21836,2.238180104643225e-05,4.2627870090753246e-07,0.0002932789735983,4.2627870090753246e-07,-0.0003966732874369,9.922016105359214e-05,0.0008932046222368,0.0062167920089693,0.0003974951721755,0.0105350981966056,0.858800393592437,,,"Branson999 full FCV matrix, w15_step5_hp030",FlyWire783 cell-level side-aware median_PostDCA_positive
381,ME_R,ME,527,ME,R,0,ME_R_381,254,ME_R,,,0,0,optic/lateral protocerebrum,31830,21836,2.238180104643225e-05,4.2627870090753246e-07,0.0002932789735983,4.2627870090753246e-07,-0.0003966732874369,9.922016105359214e-05,0.0008932046222368,0.0062167920089693,0.0003974951721755,0.0105350981966056,0.858800393592437,,,"Branson999 full FCV matrix, w15_step5_hp030",FlyWire783 cell-level side-aware median_PostDCA_positive
382,ME_R,ME,438,ME,R,0,ME_R_382,255,ME_R,0.2676245572215487,0.2676037761475568,714,691,optic/lateral protocerebrum,31830,21836,2.238180104643225e-05,4.2627870090753246e-07,0.0002932789735983,4.2627870090753246e-07,-0.0003966732874369,9.922016105359214e-05,0.0008932046222368,0.0062167920089693,0.0003974951721755,0.0105350981966056,0.858800393592437,-1.655054956043842,-1.6563105762329162,"Branson999 full FCV matrix, w15_step5_hp030",FlyWire783 cell-level side-aware median_PostDCA_positive
383,ME_R,ME,469,ME,R,0,ME_R_383,256,ME_R,,,0,0,optic/lateral protocerebrum,31830,21836,2.238180104643225e-05,4.2627870090753246e-07,0.0002932789735983,4.2627870090753246e-07,-0.0003966732874369,9.922016105359214e-05,0.0008932046222368,0.0062167920089693,0.0003974951721755,0.0105350981966056,0.858800393592437,,,"Branson999 full FCV matrix, w15_step5_hp030",FlyWire783 cell-level side-aware median_PostDCA_positive
384,ME_R,ME,437,ME,R,0,ME_R_384,257,ME_R,,,0,0,optic/lateral protocerebrum,31830,21836,2.238180104643225e-05,4.2627870090753246e-07,0.0002932789735983,4.2627870090753246e-07,-0.0003966732874369,9.922016105359214e-05,0.0008932046222368,0.0062167920089693,0.0003974951721755,0.0105350981966056,0.858800393592437,,,"Branson999 full FCV matrix, w15_step5_hp030",FlyWire783 cell-level side-aware median_PostDCA_positive
385,ME_R,ME,515,ME,R,0,ME_R_385,258,ME_R,0.2667145772745047,0.26672869878568223,716,692,optic/lateral protocerebrum,31830,21836,2.238180104643225e-05,4.2627870090753246e-07,0.0002932789735983,4.2627870090753246e-07,-0.0003966732874369,9.922016105359214e-05,0.0008932046222368,0.0062167920089693,0.0003974951721755,0.0105350981966056,0.858800393592437,-1.9168617283411062,-1.9094971056385692,"Branson999 full FCV matrix, w15_step5_hp030",FlyWire783 cell-level side-aware median_PostDCA_positive
386,ME_R,ME,470,ME,R,0,ME_R_386,259,ME_R,,,0,0,optic/lateral protocerebrum,31830,21836,2.238180104643225e-05,4.2627870090753246e-07,0.0002932789735983,4.2627870090753246e-07,-0.0003966732874369,9.922016105359214e-05,0.0008932046222368,0.0062167920089693,0.0003974951721755,0.0105350981966056,0.858800393592437,,,"Branson999 full FCV matrix, w15_step5_hp030",FlyWire783 cell-level side-aware median_PostDCA_positive
387,ME_R,ME,436,ME,R,0,ME_R_387,260,ME_R,,,0,0,optic/lateral protocerebrum,31830,21836,2.238180104643225e-05,4.2627870090753246e-07,0.0002932789735983,4.2627870090753246e-07,-0.0003966732874369,9.922016105359214e-05,0.0008932046222368,0.0062167920089693,0.0003974951721755,0.0105350981966056,0.858800393592437,,,"Branson999 full FCV matrix, w15_step5_hp030",FlyWire783 cell-level side-aware median_PostDCA_positive
388,ME_R,ME,523,ME,R,0,ME_R_388,261,ME_R,,,0,0,optic/lateral protocerebrum,31830,21836,2.238180104643225e-05,4.2627870090753246e-07,0.0002932789735983,4.2627870090753246e-07,-0.0003966732874369,9.922016105359214e-05,0.0008932046222368,0.0062167920089693,0.0003974951721755,0.0105350981966056,0.858800393592437,,,"Branson999 full FCV matrix, w15_step5_hp030",FlyWire783 cell-level side-aware median_PostDCA_positive
389,ME_R,ME,471,ME,R,0,ME_R_389,262,ME_R,,,0,0,optic/lateral protocerebrum,31830,21836,2.238180104643225e-05,4.2627870090753246e-07,0.0002932789735983,4.2627870090753246e-07,-0.0003966732874369,9.922016105359214e-05,0.0008932046222368,0.0062167920089693,0.0003974951721755,0.0105350981966056,0.858800393592437,,,"Branson999 full FCV matrix, w15_step5_hp030",FlyWire783 cell-level side-aware median_PostDCA_positive
390,ME_R,ME,435,ME,R,0,ME_R_390,263,ME_R,0.2665646265407847,0.2665297045312231,717,693,optic/lateral protocerebrum,31830,21836,2.238180104643225e-05,4.2627870090753246e-07,0.0002932789735983,4.2627870090753246e-07,-0.0003966732874369,9.922016105359214e-05,0.0008932046222368,0.0062167920089693,0.0003974951721755,0.0105350981966056,0.858800393592437,-1.9600034675919131,-1.967072203399346,"Branson999 full FCV matrix, w15_step5_hp030",FlyWire783 cell-level side-aware median_PostDCA_positive
391,ME_R,ME,472,ME,R,0,ME_R_391,264,ME_R,,,0,0,optic/lateral protocerebrum,31830,21836,2.238180104643225e-05,4.2627870090753246e-07,0.0002932789735983,4.2627870090753246e-07,-0.0003966732874369,9.922016105359214e-05,0.0008932046222368,0.0062167920089693,0.0003974951721755,0.0105350981966056,0.858800393592437,,,"Branson999 full FCV matrix, w15_step5_hp030",FlyWire783 cell-level side-aware median_PostDCA_positive
392,ME_R,ME,434,ME,R,0,ME_R_392,265,ME_R,,,0,0,optic/lateral protocerebrum,31830,21836,2.238180104643225e-05,4.2627870090753246e-07,0.0002932789735983,4.2627870090753246e-07,-0.0003966732874369,9.922016105359214e-05,0.0008932046222368,0.0062167920089693,0.0003974951721755,0.0105350981966056,0.858800393592437,,,"Branson999 full FCV matrix, w15_step5_hp030",FlyWire783 cell-level side-aware median_PostDCA_positive
393,ME_R,ME,473,ME,R,0,ME_R_393,266,ME_R,,,0,0,optic/lateral protocerebrum,31830,21836,2.238180104643225e-05,4.2627870090753246e-07,0.0002932789735983,4.2627870090753246e-07,-0.0003966732874369,9.922016105359214e-05,0.0008932046222368,0.0062167920089693,0.0003974951721755,0.0105350981966056,0.858800393592437,,,"Branson999 full FCV matrix, w15_step5_hp030",FlyWire783 cell-level side-aware median_PostDCA_positive
394,ME_R,ME,433,ME,R,0,ME_R_394,267,ME_R,,,0,0,optic/lateral protocerebrum,31830,21836,2.238180104643225e-05,4.2627870090753246e-07,0.0002932789735983,4.2627870090753246e-07,-0.0003966732874369,9.922016105359214e-05,0.0008932046222368,0.0062167920089693,0.0003974951721755,0.0105350981966056,0.858800393592437,,,"Branson999 full FCV matrix, w15_step5_hp030",FlyWire783 cell-level side-aware median_PostDCA_positive
395,ME_R,ME,513,ME,R,0,ME_R_395,268,ME_R,,,0,0,optic/lateral protocerebrum,31830,21836,2.238180104643225e-05,4.2627870090753246e-07,0.0002932789735983,4.2627870090753246e-07,-0.0003966732874369,9.922016105359214e-05,0.0008932046222368,0.0062167920089693,0.0003974951721755,0.0105350981966056,0.858800393592437,,,"Branson999 full FCV matrix, w15_step5_hp030",FlyWire783 cell-level side-aware median_PostDCA_positive
396,ME_R,ME,474,ME,R,0,ME_R_396,269,ME_R,,,0,0,optic/lateral protocerebrum,31830,21836,2.238180104643225e-05,4.2627870090753246e-07,0.0002932789735983,4.2627870090753246e-07,-0.0003966732874369,9.922016105359214e-05,0.0008932046222368,0.0062167920089693,0.0003974951721755,0.0105350981966056,0.858800393592437,,,"Branson999 full FCV matrix, w15_step5_hp030",FlyWire783 cell-level side-aware median_PostDCA_positive
397,ME_R,ME,432,ME,R,0,ME_R_397,270,ME_R,,,0,0,optic/lateral protocerebrum,31830,21836,2.238180104643225e-05,4.2627870090753246e-07,0.0002932789735983,4.2627870090753246e-07,-0.0003966732874369,9.922016105359214e-05,0.0008932046222368,0.0062167920089693,0.0003974951721755,0.0105350981966056,0.858800393592437,,,"Branson999 full FCV matrix, w15_step5_hp030",FlyWire783 cell-level side-aware median_PostDCA_positive
398,ME_R,ME,475,ME,R,0,ME_R_398,271,ME_R,0.2664959690626871,0.2664900320714191,717,693,optic/lateral protocerebrum,31830,21836,2.238180104643225e-05,4.2627870090753246e-07,0.0002932789735983,4.2627870090753246e-07,-0.0003966732874369,9.922016105359214e-05,0.0008932046222368,0.0062167920089693,0.0003974951721755,0.0105350981966056,0.858800393592437,-1.979756642146149,-1.9785506541608278,"Branson999 full FCV matrix, w15_step5_hp030",FlyWire783 cell-level side-aware median_PostDCA_positive
399,ME_R,ME,431,ME,R,0,ME_R_399,272,ME_R,,,0,0,optic/lateral protocerebrum,31830,21836,2.238180104643225e-05,4.2627870090753246e-07,0.0002932789735983,4.2627870090753246e-07,-0.0003966732874369,9.922016105359214e-05,0.0008932046222368,0.0062167920089693,0.0003974951721755,0.0105350981966056,0.858800393592437,,,"Branson999 full FCV matrix, w15_step5_hp030",FlyWire783 cell-level side-aware median_PostDCA_positive
400,ME_R,ME,476,ME,R,0,ME_R_400,273,ME_R,,,0,0,optic/lateral protocerebrum,31830,21836,2.238180104643225e-05,4.2627870090753246e-07,0.0002932789735983,4.2627870090753246e-07,-0.0003966732874369,9.922016105359214e-05,0.0008932046222368,0.0062167920089693,0.0003974951721755,0.0105350981966056,0.858800393592437,,,"Branson999 full FCV matrix, w15_step5_hp030",FlyWire783 cell-level side-aware median_PostDCA_positive
401,ME_R,ME,430,ME,R,0,ME_R_401,274,ME_R,,,0,0,optic/lateral protocerebrum,31830,21836,2.238180104643225e-05,4.2627870090753246e-07,0.0002932789735983,4.2627870090753246e-07,-0.0003966732874369,9.922016105359214e-05,0.0008932046222368,0.0062167920089693,0.0003974951721755,0.0105350981966056,0.858800393592437,,,"Branson999 full FCV matrix, w15_step5_hp030",FlyWire783 cell-level side-aware median_PostDCA_positive
402,ME_R,ME,477,ME,R,0,ME_R_402,275,ME_R,,,0,0,optic/lateral protocerebrum,31830,21836,2.238180104643225e-05,4.2627870090753246e-07,0.0002932789735983,4.2627870090753246e-07,-0.0003966732874369,9.922016105359214e-05,0.0008932046222368,0.0062167920089693,0.0003974951721755,0.0105350981966056,0.858800393592437,,,"Branson999 full FCV matrix, w15_step5_hp030",FlyWire783 cell-level side-aware median_PostDCA_positive
403,ME_R,ME,429,ME,R,0,ME_R_403,276,ME_R,,,0,0,optic/lateral protocerebrum,31830,21836,2.238180104643225e-05,4.2627870090753246e-07,0.0002932789735983,4.2627870090753246e-07,-0.0003966732874369,9.922016105359214e-05,0.0008932046222368,0.0062167920089693,0.0003974951721755,0.0105350981966056,0.858800393592437,,,"Branson999 full FCV matrix, w15_step5_hp030",FlyWire783 cell-level side-aware median_PostDCA_positive
404,ME_R,ME,478,ME,R,0,ME_R_404,277,ME_R,,,0,0,optic/lateral protocerebrum,31830,21836,2.238180104643225e-05,4.2627870090753246e-07,0.0002932789735983,4.2627870090753246e-07,-0.0003966732874369,9.922016105359214e-05,0.0008932046222368,0.0062167920089693,0.0003974951721755,0.0105350981966056,0.858800393592437,,,"Branson999 full FCV matrix, w15_step5_hp030",FlyWire783 cell-level side-aware median_PostDCA_positive
405,ME_R,ME,428,ME,R,0,ME_R_405,278,ME_R,,,0,0,optic/lateral protocerebrum,31830,21836,2.238180104643225e-05,4.2627870090753246e-07,0.0002932789735983,4.2627870090753246e-07,-0.0003966732874369,9.922016105359214e-05,0.0008932046222368,0.0062167920089693,0.0003974951721755,0.0105350981966056,0.858800393592437,,,"Branson999 full FCV matrix, w15_step5_hp030",FlyWire783 cell-level side-aware median_PostDCA_positive
406,ME_R,ME,479,ME,R,0,ME_R_406,279,ME_R,,,0,0,optic/lateral protocerebrum,31830,21836,2.238180104643225e-05,4.2627870090753246e-07,0.0002932789735983,4.2627870090753246e-07,-0.0003966732874369,9.922016105359214e-05,0.0008932046222368,0.0062167920089693,0.0003974951721755,0.0105350981966056,0.858800393592437,,,"Branson999 full FCV matrix, w15_step5_hp030",FlyWire783 cell-level side-aware median_PostDCA_positive
407,ME_R,ME,427,ME,R,0,ME_R_407,280,ME_R,,,0,0,optic/lateral protocerebrum,31830,21836,2.238180104643225e-05,4.2627870090753246e-07,0.0002932789735983,4.2627870090753246e-07,-0.0003966732874369,9.922016105359214e-05,0.0008932046222368,0.0062167920089693,0.0003974951721755,0.0105350981966056,0.858800393592437,,,"Branson999 full FCV matrix, w15_step5_hp030",FlyWire783 cell-level side-aware median_PostDCA_positive
408,ME_R,ME,480,ME,R,0,ME_R_408,281,ME_R,,,0,0,optic/lateral protocerebrum,31830,21836,2.238180104643225e-05,4.2627870090753246e-07,0.0002932789735983,4.2627870090753246e-07,-0.0003966732874369,9.922016105359214e-05,0.0008932046222368,0.0062167920089693,0.0003974951721755,0.0105350981966056,0.858800393592437,,,"Branson999 full FCV matrix, w15_step5_hp030",FlyWire783 cell-level side-aware median_PostDCA_positive
409,ME_R,ME,426,ME,R,0,ME_R_409,282,ME_R,,,0,0,optic/lateral protocerebrum,31830,21836,2.238180104643225e-05,4.2627870090753246e-07,0.0002932789735983,4.2627870090753246e-07,-0.0003966732874369,9.922016105359214e-05,0.0008932046222368,0.0062167920089693,0.0003974951721755,0.0105350981966056,0.858800393592437,,,"Branson999 full FCV matrix, w15_step5_hp030",FlyWire783 cell-level side-aware median_PostDCA_positive
410,ME_R,ME,481,ME,R,0,ME_R_410,283,ME_R,,,0,0,optic/lateral protocerebrum,31830,21836,2.238180104643225e-05,4.2627870090753246e-07,0.0002932789735983,4.2627870090753246e-07,-0.0003966732874369,9.922016105359214e-05,0.0008932046222368,0.0062167920089693,0.0003974951721755,0.0105350981966056,0.858800393592437,,,"Branson999 full FCV matrix, w15_step5_hp030",FlyWire783 cell-level side-aware median_PostDCA_positive
411,ME_R,ME,528,ME,R,0,ME_R_411,284,ME_R,,,0,0,optic/lateral protocerebrum,31830,21836,2.238180104643225e-05,4.2627870090753246e-07,0.0002932789735983,4.2627870090753246e-07,-0.0003966732874369,9.922016105359214e-05,0.0008932046222368,0.0062167920089693,0.0003974951721755,0.0105350981966056,0.858800393592437,,,"Branson999 full FCV matrix, w15_step5_hp030",FlyWire783 cell-level side-aware median_PostDCA_positive
412,ME_R,ME,425,ME,R,0,ME_R_412,285,ME_R,,,0,0,optic/lateral protocerebrum,31830,21836,2.238180104643225e-05,4.2627870090753246e-07,0.0002932789735983,4.2627870090753246e-07,-0.0003966732874369,9.922016105359214e-05,0.0008932046222368,0.0062167920089693,0.0003974951721755,0.0105350981966056,0.858800393592437,,,"Branson999 full FCV matrix, w15_step5_hp030",FlyWire783 cell-level side-aware median_PostDCA_positive
413,ME_R,ME,482,ME,R,0,ME_R_413,286,ME_R,,,0,0,optic/lateral protocerebrum,31830,21836,2.238180104643225e-05,4.2627870090753246e-07,0.0002932789735983,4.2627870090753246e-07,-0.0003966732874369,9.922016105359214e-05,0.0008932046222368,0.0062167920089693,0.0003974951721755,0.0105350981966056,0.858800393592437,,,"Branson999 full FCV matrix, w15_step5_hp030",FlyWire783 cell-level side-aware median_PostDCA_positive
414,ME_R,ME,424,ME,R,0,ME_R_414,287,ME_R,,,0,0,optic/lateral protocerebrum,31830,21836,2.238180104643225e-05,4.2627870090753246e-07,0.0002932789735983,4.2627870090753246e-07,-0.0003966732874369,9.922016105359214e-05,0.0008932046222368,0.0062167920089693,0.0003974951721755,0.0105350981966056,0.858800393592437,,,"Branson999 full FCV matrix, w15_step5_hp030",FlyWire783 cell-level side-aware median_PostDCA_positive
415,ME_R,ME,483,ME,R,0,ME_R_415,288,ME_R,,,0,0,optic/lateral protocerebrum,31830,21836,2.238180104643225e-05,4.2627870090753246e-07,0.0002932789735983,4.2627870090753246e-07,-0.0003966732874369,9.922016105359214e-05,0.0008932046222368,0.0062167920089693,0.0003974951721755,0.0105350981966056,0.858800393592437,,,"Branson999 full FCV matrix, w15_step5_hp030",FlyWire783 cell-level side-aware median_PostDCA_positive
416,ME_R,ME,423,ME,R,0,ME_R_416,289,ME_R,,,0,0,optic/lateral protocerebrum,31830,21836,2.238180104643225e-05,4.2627870090753246e-07,0.0002932789735983,4.2627870090753246e-07,-0.0003966732874369,9.922016105359214e-05,0.0008932046222368,0.0062167920089693,0.0003974951721755,0.0105350981966056,0.858800393592437,,,"Branson999 full FCV matrix, w15_step5_hp030",FlyWire783 cell-level side-aware median_PostDCA_positive
417,ME_R,ME,484,ME,R,0,ME_R_417,290,ME_R,,,0,0,optic/lateral protocerebrum,31830,21836,2.238180104643225e-05,4.2627870090753246e-07,0.0002932789735983,4.2627870090753246e-07,-0.0003966732874369,9.922016105359214e-05,0.0008932046222368,0.0062167920089693,0.0003974951721755,0.0105350981966056,0.858800393592437,,,"Branson999 full FCV matrix, w15_step5_hp030",FlyWire783 cell-level side-aware median_PostDCA_positive
418,ME_R,ME,422,ME,R,0,ME_R_418,291,ME_R,,,0,0,optic/lateral protocerebrum,31830,21836,2.238180104643225e-05,4.2627870090753246e-07,0.0002932789735983,4.2627870090753246e-07,-0.0003966732874369,9.922016105359214e-05,0.0008932046222368,0.0062167920089693,0.0003974951721755,0.0105350981966056,0.858800393592437,,,"Branson999 full FCV matrix, w15_step5_hp030",FlyWire783 cell-level side-aware median_PostDCA_positive
419,ME_R,ME,485,ME,R,0,ME_R_419,292,ME_R,,,0,0,optic/lateral protocerebrum,31830,21836,2.238180104643225e-05,4.2627870090753246e-07,0.0002932789735983,4.2627870090753246e-07,-0.0003966732874369,9.922016105359214e-05,0.0008932046222368,0.0062167920089693,0.0003974951721755,0.0105350981966056,0.858800393592437,,,"Branson999 full FCV matrix, w15_step5_hp030",FlyWire783 cell-level side-aware median_PostDCA_positive
420,ME_R,ME,421,ME,R,0,ME_R_420,293,ME_R,,,0,0,optic/lateral protocerebrum,31830,21836,2.238180104643225e-05,4.2627870090753246e-07,0.0002932789735983,4.2627870090753246e-07,-0.0003966732874369,9.922016105359214e-05,0.0008932046222368,0.0062167920089693,0.0003974951721755,0.0105350981966056,0.858800393592437,,,"Branson999 full FCV matrix, w15_step5_hp030",FlyWire783 cell-level side-aware median_PostDCA_positive
421,ME_R,ME,486,ME,R,0,ME_R_421,294,ME_R,,,0,0,optic/lateral protocerebrum,31830,21836,2.238180104643225e-05,4.2627870090753246e-07,0.0002932789735983,4.2627870090753246e-07,-0.0003966732874369,9.922016105359214e-05,0.0008932046222368,0.0062167920089693,0.0003974951721755,0.0105350981966056,0.858800393592437,,,"Branson999 full FCV matrix, w15_step5_hp030",FlyWire783 cell-level side-aware median_PostDCA_positive
422,ME_R,ME,420,ME,R,0,ME_R_422,295,ME_R,,,0,0,optic/lateral protocerebrum,31830,21836,2.238180104643225e-05,4.2627870090753246e-07,0.0002932789735983,4.2627870090753246e-07,-0.0003966732874369,9.922016105359214e-05,0.0008932046222368,0.0062167920089693,0.0003974951721755,0.0105350981966056,0.858800393592437,,,"Branson999 full FCV matrix, w15_step5_hp030",FlyWire783 cell-level side-aware median_PostDCA_positive
423,ME_R,ME,487,ME,R,0,ME_R_423,296,ME_R,,,0,0,optic/lateral protocerebrum,31830,21836,2.238180104643225e-05,4.2627870090753246e-07,0.0002932789735983,4.2627870090753246e-07,-0.0003966732874369,9.922016105359214e-05,0.0008932046222368,0.0062167920089693,0.0003974951721755,0.0105350981966056,0.858800393592437,,,"Branson999 full FCV matrix, w15_step5_hp030",FlyWire783 cell-level side-aware median_PostDCA_positive
424,ME_R,ME,419,ME,R,0,ME_R_424,297,ME_R,,,0,0,optic/lateral protocerebrum,31830,21836,2.238180104643225e-05,4.2627870090753246e-07,0.0002932789735983,4.2627870090753246e-07,-0.0003966732874369,9.922016105359214e-05,0.0008932046222368,0.0062167920089693,0.0003974951721755,0.0105350981966056,0.858800393592437,,,"Branson999 full FCV matrix, w15_step5_hp030",FlyWire783 cell-level side-aware median_PostDCA_positive
425,ME_R,ME,488,ME,R,0,ME_R_425,298,ME_R,,,0,0,optic/lateral protocerebrum,31830,21836,2.238180104643225e-05,4.2627870090753246e-07,0.0002932789735983,4.2627870090753246e-07,-0.0003966732874369,9.922016105359214e-05,0.0008932046222368,0.0062167920089693,0.0003974951721755,0.0105350981966056,0.858800393592437,,,"Branson999 full FCV matrix, w15_step5_hp030",FlyWire783 cell-level side-aware median_PostDCA_positive
426,ME_R,ME,418,ME,R,0,ME_R_426,299,ME_R,,,0,0,optic/lateral protocerebrum,31830,21836,2.238180104643225e-05,4.2627870090753246e-07,0.0002932789735983,4.2627870090753246e-07,-0.0003966732874369,9.922016105359214e-05,0.0008932046222368,0.0062167920089693,0.0003974951721755,0.0105350981966056,0.858800393592437,,,"Branson999 full FCV matrix, w15_step5_hp030",FlyWire783 cell-level side-aware median_PostDCA_positive
427,ME_R,ME,489,ME,R,0,ME_R_427,300,ME_R,,,0,0,optic/lateral protocerebrum,31830,21836,2.238180104643225e-05,4.2627870090753246e-07,0.0002932789735983,4.2627870090753246e-07,-0.0003966732874369,9.922016105359214e-05,0.0008932046222368,0.0062167920089693,0.0003974951721755,0.0105350981966056,0.858800393592437,,,"Branson999 full FCV matrix, w15_step5_hp030",FlyWire783 cell-level side-aware median_PostDCA_positive
428,ME_R,ME,417,ME,R,0,ME_R_428,301,ME_R,,,0,0,optic/lateral protocerebrum,31830,21836,2.238180104643225e-05,4.2627870090753246e-07,0.0002932789735983,4.2627870090753246e-07,-0.0003966732874369,9.922016105359214e-05,0.0008932046222368,0.0062167920089693,0.0003974951721755,0.0105350981966056,0.858800393592437,,,"Branson999 full FCV matrix, w15_step5_hp030",FlyWire783 cell-level side-aware median_PostDCA_positive
429,ME_R,ME,490,ME,R,0,ME_R_429,302,ME_R,,,0,0,optic/lateral protocerebrum,31830,21836,2.238180104643225e-05,4.2627870090753246e-07,0.0002932789735983,4.2627870090753246e-07,-0.0003966732874369,9.922016105359214e-05,0.0008932046222368,0.0062167920089693,0.0003974951721755,0.0105350981966056,0.858800393592437,,,"Branson999 full FCV matrix, w15_step5_hp030",FlyWire783 cell-level side-aware median_PostDCA_positive
430,ME_R,ME,416,ME,R,0,ME_R_430,303,ME_R,,,0,0,optic/lateral protocerebrum,31830,21836,2.238180104643225e-05,4.2627870090753246e-07,0.0002932789735983,4.2627870090753246e-07,-0.0003966732874369,9.922016105359214e-05,0.0008932046222368,0.0062167920089693,0.0003974951721755,0.0105350981966056,0.858800393592437,,,"Branson999 full FCV matrix, w15_step5_hp030",FlyWire783 cell-level side-aware median_PostDCA_positive
431,ME_R,ME,491,ME,R,0,ME_R_431,304,ME_R,,,0,0,optic/lateral protocerebrum,31830,21836,2.238180104643225e-05,4.2627870090753246e-07,0.0002932789735983,4.2627870090753246e-07,-0.0003966732874369,9.922016105359214e-05,0.0008932046222368,0.0062167920089693,0.0003974951721755,0.0105350981966056,0.858800393592437,,,"Branson999 full FCV matrix, w15_step5_hp030",FlyWire783 cell-level side-aware median_PostDCA_positive
432,ME_R,ME,415,ME,R,0,ME_R_432,305,ME_R,,,0,0,optic/lateral protocerebrum,31830,21836,2.238180104643225e-05,4.2627870090753246e-07,0.0002932789735983,4.2627870090753246e-07,-0.0003966732874369,9.922016105359214e-05,0.0008932046222368,0.0062167920089693,0.0003974951721755,0.0105350981966056,0.858800393592437,,,"Branson999 full FCV matrix, w15_step5_hp030",FlyWire783 cell-level side-aware median_PostDCA_positive
433,ME_R,ME,492,ME,R,0,ME_R_433,306,ME_R,,,0,0,optic/lateral protocerebrum,31830,21836,2.238180104643225e-05,4.2627870090753246e-07,0.0002932789735983,4.2627870090753246e-07,-0.0003966732874369,9.922016105359214e-05,0.0008932046222368,0.0062167920089693,0.0003974951721755,0.0105350981966056,0.858800393592437,,,"Branson999 full FCV matrix, w15_step5_hp030",FlyWire783 cell-level side-aware median_PostDCA_positive
434,ME_R,ME,414,ME,R,0,ME_R_434,307,ME_R,,,0,0,optic/lateral protocerebrum,31830,21836,2.238180104643225e-05,4.2627870090753246e-07,0.0002932789735983,4.2627870090753246e-07,-0.0003966732874369,9.922016105359214e-05,0.0008932046222368,0.0062167920089693,0.0003974951721755,0.0105350981966056,0.858800393592437,,,"Branson999 full FCV matrix, w15_step5_hp030",FlyWire783 cell-level side-aware median_PostDCA_positive
435,ME_R,ME,493,ME,R,0,ME_R_435,308,ME_R,,,0,0,optic/lateral protocerebrum,31830,21836,2.238180104643225e-05,4.2627870090753246e-07,0.0002932789735983,4.2627870090753246e-07,-0.0003966732874369,9.922016105359214e-05,0.0008932046222368,0.0062167920089693,0.0003974951721755,0.0105350981966056,0.858800393592437,,,"Branson999 full FCV matrix, w15_step5_hp030",FlyWire783 cell-level side-aware median_PostDCA_positive
436,ME_R,ME,413,ME,R,0,ME_R_436,309,ME_R,,,0,0,optic/lateral protocerebrum,31830,21836,2.238180104643225e-05,4.2627870090753246e-07,0.0002932789735983,4.2627870090753246e-07,-0.0003966732874369,9.922016105359214e-05,0.0008932046222368,0.0062167920089693,0.0003974951721755,0.0105350981966056,0.858800393592437,,,"Branson999 full FCV matrix, w15_step5_hp030",FlyWire783 cell-level side-aware median_PostDCA_positive
437,ME_R,ME,494,ME,R,0,ME_R_437,310,ME_R,,,0,0,optic/lateral protocerebrum,31830,21836,2.238180104643225e-05,4.2627870090753246e-07,0.0002932789735983,4.2627870090753246e-07,-0.0003966732874369,9.922016105359214e-05,0.0008932046222368,0.0062167920089693,0.0003974951721755,0.0105350981966056,0.858800393592437,,,"Branson999 full FCV matrix, w15_step5_hp030",FlyWire783 cell-level side-aware median_PostDCA_positive
438,ME_R,ME,412,ME,R,0,ME_R_438,311,ME_R,0.2706703735985956,0.27068282787374415,717,693,optic/lateral protocerebrum,31830,21836,2.238180104643225e-05,4.2627870090753246e-07,0.0002932789735983,4.2627870090753246e-07,-0.0003966732874369,9.922016105359214e-05,0.0008932046222368,0.0062167920089693,0.0003974951721755,0.0105350981966056,0.858800393592437,-0.7787550361663448,-0.765447145891336,"Branson999 full FCV matrix, w15_step5_hp030",FlyWire783 cell-level side-aware median_PostDCA_positive
439,ME_R,ME,495,ME,R,0,ME_R_439,312,ME_R,,,0,0,optic/lateral protocerebrum,31830,21836,2.238180104643225e-05,4.2627870090753246e-07,0.0002932789735983,4.2627870090753246e-07,-0.0003966732874369,9.922016105359214e-05,0.0008932046222368,0.0062167920089693,0.0003974951721755,0.0105350981966056,0.858800393592437,,,"Branson999 full FCV matrix, w15_step5_hp030",FlyWire783 cell-level side-aware median_PostDCA_positive
440,ME_R,ME,411,ME,R,0,ME_R_440,313,ME_R,0.2699557073572666,0.26999999559440785,717,693,optic/lateral protocerebrum,31830,21836,2.238180104643225e-05,4.2627870090753246e-07,0.0002932789735983,4.2627870090753246e-07,-0.0003966732874369,9.922016105359214e-05,0.0008932046222368,0.0062167920089693,0.0003974951721755,0.0105350981966056,0.858800393592437,-0.9843688659215539,-0.963011318504552,"Branson999 full FCV matrix, w15_step5_hp030",FlyWire783 cell-level side-aware median_PostDCA_positive
441,ME_R,ME,496,ME,R,0,ME_R_441,314,ME_R,,,0,0,optic/lateral protocerebrum,31830,21836,2.238180104643225e-05,4.2627870090753246e-07,0.0002932789735983,4.2627870090753246e-07,-0.0003966732874369,9.922016105359214e-05,0.0008932046222368,0.0062167920089693,0.0003974951721755,0.0105350981966056,0.858800393592437,,,"Branson999 full FCV matrix, w15_step5_hp030",FlyWire783 cell-level side-aware median_PostDCA_positive
442,ME_R,ME,410,ME,R,0,ME_R_442,315,ME_R,0.2742721584528326,0.2743584062458126,717,693,optic/lateral protocerebrum,31830,21836,2.238180104643225e-05,4.2627870090753246e-07,0.0002932789735983,4.2627870090753246e-07,-0.0003966732874369,9.922016105359214e-05,0.0008932046222368,0.0062167920089693,0.0003974951721755,0.0105350981966056,0.858800393592437,0.2575004002969883,0.29800960905081714,"Branson999 full FCV matrix, w15_step5_hp030",FlyWire783 cell-level side-aware median_PostDCA_positive
443,ME_R,ME,497,ME,R,0,ME_R_443,316,ME_R,0.27029255853453615,0.2702885517724401,717,693,optic/lateral protocerebrum,31830,21836,2.238180104643225e-05,4.2627870090753246e-07,0.0002932789735983,4.2627870090753246e-07,-0.0003966732874369,9.922016105359214e-05,0.0008932046222368,0.0062167920089693,0.0003974951721755,0.0105350981966056,0.858800393592437,-0.8874547308881888,-0.8795232288366401,"Branson999 full FCV matrix, w15_step5_hp030",FlyWire783 cell-level side-aware median_PostDCA_positive
444,ME_R,ME,409,ME,R,0,ME_R_444,317,ME_R,,,0,0,optic/lateral protocerebrum,31830,21836,2.238180104643225e-05,4.2627870090753246e-07,0.0002932789735983,4.2627870090753246e-07,-0.0003966732874369,9.922016105359214e-05,0.0008932046222368,0.0062167920089693,0.0003974951721755,0.0105350981966056,0.858800393592437,,,"Branson999 full FCV matrix, w15_step5_hp030",FlyWire783 cell-level side-aware median_PostDCA_positive
445,ME_R,ME,498,ME,R,0,ME_R_445,318,ME_R,0.2712445660522405,0.27130801746773664,717,693,optic/lateral protocerebrum,31830,21836,2.238180104643225e-05,4.2627870090753246e-07,0.0002932789735983,4.2627870090753246e-07,-0.0003966732874369,9.922016105359214e-05,0.0008932046222368,0.0062167920089693,0.0003974951721755,0.0105350981966056,0.858800393592437,-0.6135563705753591,-0.5845607575331673,"Branson999 full FCV matrix, w15_step5_hp030",FlyWire783 cell-level side-aware median_PostDCA_positive
446,ME_R,ME,408,ME,R,0,ME_R_446,319,ME_R,0.26929863993853825,0.26923179695643956,717,693,optic/lateral protocerebrum,31830,21836,2.238180104643225e-05,4.2627870090753246e-07,0.0002932789735983,4.2627870090753246e-07,-0.0003966732874369,9.922016105359214e-05,0.0008932046222368,0.0062167920089693,0.0003974951721755,0.0105350981966056,0.858800393592437,-1.173411163653246,-1.185274578320448,"Branson999 full FCV matrix, w15_step5_hp030",FlyWire783 cell-level side-aware median_PostDCA_positive
447,ME_R,ME,499,ME,R,0,ME_R_447,320,ME_R,0.2724527635781934,0.2724881575579743,717,693,optic/lateral protocerebrum,31830,21836,2.238180104643225e-05,4.2627870090753246e-07,0.0002932789735983,4.2627870090753246e-07,-0.0003966732874369,9.922016105359214e-05,0.0008932046222368,0.0062167920089693,0.0003974951721755,0.0105350981966056,0.858800393592437,-0.26595058476129335,-0.24311029077710233,"Branson999 full FCV matrix, w15_step5_hp030",FlyWire783 cell-level side-aware median_PostDCA_positive
448,ME_R,ME,407,ME,R,0,ME_R_448,321,ME_R,0.27255077856566634,0.27264496723341997,717,693,optic/lateral protocerebrum,31830,21836,2.238180104643225e-05,4.2627870090753246e-07,0.0002932789735983,4.2627870090753246e-07,-0.0003966732874369,9.922016105359214e-05,0.0008932046222368,0.0062167920089693,0.0003974951721755,0.0105350981966056,0.858800393592437,-0.23775107598046946,-0.1977404763663299,"Branson999 full FCV matrix, w15_step5_hp030",FlyWire783 cell-level side-aware median_PostDCA_positive
449,ME_R,ME,516,ME,R,0,ME_R_449,322,ME_R,0.27297200801199456,0.2729489664807591,717,693,optic/lateral protocerebrum,31830,21836,2.238180104643225e-05,4.2627870090753246e-07,0.0002932789735983,4.2627870090753246e-07,-0.0003966732874369,9.922016105359214e-05,0.0008932046222368,0.0062167920089693,0.0003974951721755,0.0105350981966056,0.858800393592437,-0.11656079909800306,-0.10978423646218248,"Branson999 full FCV matrix, w15_step5_hp030",FlyWire783 cell-level side-aware median_PostDCA_positive
450,ME_R,ME,406,ME,R,0,ME_R_450,323,ME_R,0.26980719130878095,0.2698063437429606,717,693,optic/lateral protocerebrum,31830,21836,2.238180104643225e-05,4.2627870090753246e-07,0.0002932789735983,4.2627870090753246e-07,-0.0003966732874369,9.922016105359214e-05,0.0008932046222368,0.0062167920089693,0.0003974951721755,0.0105350981966056,0.858800393592437,-1.0270978374935957,-1.019040696382503,"Branson999 full FCV matrix, w15_step5_hp030",FlyWire783 cell-level side-aware median_PostDCA_positive
451,ME_R,ME,530,ME,R,0,ME_R_451,324,ME_R,0.26581160485555283,0.2656770250819797,684,661,optic/lateral protocerebrum,31830,21836,2.238180104643225e-05,4.2627870090753246e-07,0.0002932789735983,4.2627870090753246e-07,-0.0003966732874369,9.922016105359214e-05,0.0008932046222368,0.0062167920089693,0.0003974951721755,0.0105350981966056,0.858800393592437,-2.1766523921323073,-2.2137783346001174,"Branson999 full FCV matrix, w15_step5_hp030",FlyWire783 cell-level side-aware median_PostDCA_positive
452,ME_R,ME,405,ME,R,0,ME_R_452,325,ME_R,,,0,0,optic/lateral protocerebrum,31830,21836,2.238180104643225e-05,4.2627870090753246e-07,0.0002932789735983,4.2627870090753246e-07,-0.0003966732874369,9.922016105359214e-05,0.0008932046222368,0.0062167920089693,0.0003974951721755,0.0105350981966056,0.858800393592437,,,"Branson999 full FCV matrix, w15_step5_hp030",FlyWire783 cell-level side-aware median_PostDCA_positive
453,ME_R,ME,531,ME,R,0,ME_R_453,326,ME_R,,,0,0,optic/lateral protocerebrum,31830,21836,2.238180104643225e-05,4.2627870090753246e-07,0.0002932789735983,4.2627870090753246e-07,-0.0003966732874369,9.922016105359214e-05,0.0008932046222368,0.0062167920089693,0.0003974951721755,0.0105350981966056,0.858800393592437,,,"Branson999 full FCV matrix, w15_step5_hp030",FlyWire783 cell-level side-aware median_PostDCA_positive
454,ME_R,ME,404,ME,R,0,ME_R_454,327,ME_R,,,0,0,optic/lateral protocerebrum,31830,21836,2.238180104643225e-05,4.2627870090753246e-07,0.0002932789735983,4.2627870090753246e-07,-0.0003966732874369,9.922016105359214e-05,0.0008932046222368,0.0062167920089693,0.0003974951721755,0.0105350981966056,0.858800393592437,,,"Branson999 full FCV matrix, w15_step5_hp030",FlyWire783 cell-level side-aware median_PostDCA_positive
455,ME_R,ME,532,ME,R,0,ME_R_455,328,ME_R,,,0,0,optic/lateral protocerebrum,31830,21836,2.238180104643225e-05,4.2627870090753246e-07,0.0002932789735983,4.2627870090753246e-07,-0.0003966732874369,9.922016105359214e-05,0.0008932046222368,0.0062167920089693,0.0003974951721755,0.0105350981966056,0.858800393592437,,,"Branson999 full FCV matrix, w15_step5_hp030",FlyWire783 cell-level side-aware median_PostDCA_positive
772,OTU_R,AOTU,836,OTU,R,0,OTU_R_772,329,AOTU_R,0.27365038135365816,0.27364549107495045,718,716,optic/lateral protocerebrum,516,461,0.0189412372207545,0.0173464024792111,0.0250445504678657,0.0173464024792111,-0.0075090019444148,-1.4925009859303676e-06,-0.015559079435217,0.0151695582829394,0.0045744639100251,0.0178949602061905,0.6716676663774859,0.07861134240949234,0.09174153980885282,"Branson999 full FCV matrix, w15_step5_hp030",FlyWire783 cell-level side-aware median_PostDCA_positive
773,OTU_R,AOTU,834,OTU,R,0,OTU_R_773,330,AOTU_R,0.2760562289486542,0.27606027989401977,718,716,optic/lateral protocerebrum,516,461,0.0189412372207545,0.0173464024792111,0.0250445504678657,0.0173464024792111,-0.0075090019444148,-1.4925009859303676e-06,-0.015559079435217,0.0151695582829394,0.0045744639100251,0.0178949602061905,0.6716676663774859,0.7707883464535151,0.7904134824106052,"Branson999 full FCV matrix, w15_step5_hp030",FlyWire783 cell-level side-aware median_PostDCA_positive
774,OTU_R,AOTU,835,OTU,R,0,OTU_R_774,331,AOTU_R,0.2750780349147234,0.27507809773335906,718,716,optic/lateral protocerebrum,516,461,0.0189412372207545,0.0173464024792111,0.0250445504678657,0.0173464024792111,-0.0075090019444148,-1.4925009859303676e-06,-0.015559079435217,0.0151695582829394,0.0045744639100251,0.0178949602061905,0.6716676663774859,0.4893559659534958,0.5062382730678356,"Branson999 full FCV matrix, w15_step5_hp030",FlyWire783 cell-level side-aware median_PostDCA_positive
160,PLP_R,PLP,812,PLP,R,0,PLP_R_160,332,PLP_R,0.2732058612178849,0.27323142310475584,718,704,optic/lateral protocerebrum,1281,1245,0.0008509111053925,4.678504377515653e-06,0.0024999004980466,4.678504377515653e-06,-0.0210679244802576,0.0013463658216869,-0.0099462968190143,0.0182239601527843,0.0086302020707637,0.0150723942005497,0.6265558351546512,-0.049279807660327093,-0.028060933525660425,"Branson999 full FCV matrix, w15_step5_hp030",FlyWire783 cell-level side-aware median_PostDCA_positive
161,PLP_R,PLP,823,PLP,R,0,PLP_R_161,333,PLP_R,0.27716144063681436,0.2772197566302568,718,704,optic/lateral protocerebrum,1281,1245,0.0008509111053925,4.678504377515653e-06,0.0024999004980466,4.678504377515653e-06,-0.0210679244802576,0.0013463658216869,-0.0099462968190143,0.0182239601527843,0.0086302020707637,0.0150723942005497,0.6265558351546512,1.0887644795785931,1.125885411595895,"Branson999 full FCV matrix, w15_step5_hp030",FlyWire783 cell-level side-aware median_PostDCA_positive
162,PLP_R,PLP,814,PLP,R,0,PLP_R_162,334,PLP_R,0.2711088466822497,0.2711281088131146,718,704,optic/lateral protocerebrum,1281,1245,0.0008509111053925,4.678504377515653e-06,0.0024999004980466,4.678504377515653e-06,-0.0210679244802576,0.0013463658216869,-0.0099462968190143,0.0182239601527843,0.0086302020707637,0.0150723942005497,0.6265558351546512,-0.6526036598161075,-0.6366138100498202,"Branson999 full FCV matrix, w15_step5_hp030",FlyWire783 cell-level side-aware median_PostDCA_positive
163,PLP_R,PLP,825,PLP,R,0,PLP_R_163,335,PLP_R,0.2745910588266935,0.2746027699910986,718,704,optic/lateral protocerebrum,1281,1245,0.0008509111053925,4.678504377515653e-06,0.0024999004980466,4.678504377515653e-06,-0.0210679244802576,0.0013463658216869,-0.0099462968190143,0.0182239601527843,0.0086302020707637,0.0150723942005497,0.6265558351546512,0.34924997987412504,0.36871148213892757,"Branson999 full FCV matrix, w15_step5_hp030",FlyWire783 cell-level side-aware median_PostDCA_positive
164,PLP_R,PLP,819,PLP,R,0,PLP_R_164,336,PLP_R,0.26981094375773446,0.26977356886402304,718,704,optic/lateral protocerebrum,1281,1245,0.0008509111053925,4.678504377515653e-06,0.0024999004980466,4.678504377515653e-06,-0.0210679244802576,0.0013463658216869,-0.0099462968190143,0.0182239601527843,0.0086302020707637,0.0150723942005497,0.6265558351546512,-1.026018235078268,-1.028523466948195,"Branson999 full FCV matrix, w15_step5_hp030",FlyWire783 cell-level side-aware median_PostDCA_positive
165,PLP_R,PLP,815,PLP,R,0,PLP_R_165,337,PLP_R,0.27128797663003174,0.27130079141736635,718,704,optic/lateral protocerebrum,1281,1245,0.0008509111053925,4.678504377515653e-06,0.0024999004980466,4.678504377515653e-06,-0.0210679244802576,0.0013463658216869,-0.0099462968190143,0.0182239601527843,0.0086302020707637,0.0150723942005497,0.6265558351546512,-0.6010668829861008,-0.5866514739592499,"Branson999 full FCV matrix, w15_step5_hp030",FlyWire783 cell-level side-aware median_PostDCA_positive
166,PLP_R,PLP,821,PLP,R,0,PLP_R_166,338,PLP_R,0.27386456256804664,0.2739024421790504,718,704,optic/lateral protocerebrum,1281,1245,0.0008509111053925,4.678504377515653e-06,0.0024999004980466,4.678504377515653e-06,-0.0210679244802576,0.0013463658216869,-0.0099462968190143,0.0182239601527843,0.0086302020707637,0.0150723942005497,0.6265558351546512,0.14023258209494951,0.16608531912300922,"Branson999 full FCV matrix, w15_step5_hp030",FlyWire783 cell-level side-aware median_PostDCA_positive
167,PLP_R,PLP,811,PLP,R,0,PLP_R_167,339,PLP_R,0.27242432000863287,0.2724157240710218,718,704,optic/lateral protocerebrum,1281,1245,0.0008509111053925,4.678504377515653e-06,0.0024999004980466,4.678504377515653e-06,-0.0210679244802576,0.0013463658216869,-0.0099462968190143,0.0182239601527843,0.0086302020707637,0.0150723942005497,0.6265558351546512,-0.27413397293754005,-0.26406750435986165,"Branson999 full FCV matrix, w15_step5_hp030",FlyWire783 cell-level side-aware median_PostDCA_positive
168,PLP_R,PLP,818,PLP,R,0,PLP_R_168,340,PLP_R,0.27141965769846044,0.271403595245707,718,704,optic/lateral protocerebrum,1281,1245,0.0008509111053925,4.678504377515653e-06,0.0024999004980466,4.678504377515653e-06,-0.0210679244802576,0.0013463658216869,-0.0099462968190143,0.0182239601527843,0.0086302020707637,0.0150723942005497,0.6265558351546512,-0.563181437696935,-0.5569071957488897,"Branson999 full FCV matrix, w15_step5_hp030",FlyWire783 cell-level side-aware median_PostDCA_positive
169,PLP_R,PLP,817,PLP,R,0,PLP_R_169,341,PLP_R,0.27232041767734794,0.2723144516208799,718,704,optic/lateral protocerebrum,1281,1245,0.0008509111053925,4.678504377515653e-06,0.0024999004980466,4.678504377515653e-06,-0.0210679244802576,0.0013463658216869,-0.0099462968190143,0.0182239601527843,0.0086302020707637,0.0150723942005497,0.6265558351546512,-0.3040273063854187,-0.29336870822246575,"Branson999 full FCV matrix, w15_step5_hp030",FlyWire783 cell-level side-aware median_PostDCA_positive
170,PLP_R,PLP,822,PLP,R,0,PLP_R_170,342,PLP_R,0.2734966462006298,0.2735117193873045,718,704,optic/lateral protocerebrum,1281,1245,0.0008509111053925,4.678504377515653e-06,0.0024999004980466,4.678504377515653e-06,-0.0210679244802576,0.0013463658216869,-0.0099462968190143,0.0182239601527843,0.0086302020707637,0.0150723942005497,0.6265558351546512,0.03438080267757277,0.05303731684134352,"Branson999 full FCV matrix, w15_step5_hp030",FlyWire783 cell-level side-aware median_PostDCA_positive
171,PLP_R,PLP,820,PLP,R,0,PLP_R_171,343,PLP_R,0.2708313735840027,0.2707956963545595,718,704,optic/lateral protocerebrum,1281,1245,0.0008509111053925,4.678504377515653e-06,0.0024999004980466,4.678504377515653e-06,-0.0210679244802576,0.0013463658216869,-0.0099462968190143,0.0182239601527843,0.0086302020707637,0.0150723942005497,0.6265558351546512,-0.7324343599181773,-0.7327908572225075,"Branson999 full FCV matrix, w15_step5_hp030",FlyWire783 cell-level side-aware median_PostDCA_positive
172,PLP_R,PLP,816,PLP,R,0,PLP_R_172,344,PLP_R,0.27160266895232243,0.2715692188233938,718,704,optic/lateral protocerebrum,1281,1245,0.0008509111053925,4.678504377515653e-06,0.0024999004980466,4.678504377515653e-06,-0.0210679244802576,0.0013463658216869,-0.0099462968190143,0.0182239601527843,0.0086302020707637,0.0150723942005497,0.6265558351546512,-0.5105279854716104,-0.5089872510111627,"Branson999 full FCV matrix, w15_step5_hp030",FlyWire783 cell-level side-aware median_PostDCA_positive
173,PLP_R,PLP,824,PLP,R,0,PLP_R_173,345,PLP_R,0.2743496026207682,0.2743696439839804,718,704,optic/lateral protocerebrum,1281,1245,0.0008509111053925,4.678504377515653e-06,0.0024999004980466,4.678504377515653e-06,-0.0210679244802576,0.0013463658216869,-0.0099462968190143,0.0182239601527843,0.0086302020707637,0.0150723942005497,0.6265558351546512,0.2797815590261753,0.30126102892411855,"Branson999 full FCV matrix, w15_step5_hp030",FlyWire783 cell-level side-aware median_PostDCA_positive
174,PLP_R,PLP,813,PLP,R,0,PLP_R_174,346,PLP_R,0.27457618395910866,0.27458060872895085,718,704,optic/lateral protocerebrum,1281,1245,0.0008509111053925,4.678504377515653e-06,0.0024999004980466,4.678504377515653e-06,-0.0210679244802576,0.0013463658216869,-0.0099462968190143,0.0182239601527843,0.0086302020707637,0.0150723942005497,0.6265558351546512,0.34497038988603196,0.3622995541255887,"Branson999 full FCV matrix, w15_step5_hp030",FlyWire783 cell-level side-aware median_PostDCA_positive
744,PVLP_R,PVLP,794,PVLP,R,0,PVLP_R_744,347,PVLP_R,0.2753953686924202,0.27548987723158785,718,702,optic/lateral protocerebrum,779,777,0.0118336908890787,0.0001651436112197,0.0136163975885602,0.0001651436112197,0.0094069448566929,0.0115448298396476,0.007793377497374,0.0190223107650327,0.0135563955143062,0.0166880728480997,0.5618858943691621,0.5806548262740807,0.6253786217721036,"Branson999 full FCV matrix, w15_step5_hp030",FlyWire783 cell-level side-aware median_PostDCA_positive
745,PVLP_R,PVLP,785,PVLP,R,0,PVLP_R_745,348,PVLP_R,0.2691097797309439,0.2690952029828672,718,702,optic/lateral protocerebrum,779,777,0.0118336908890787,0.0001651436112197,0.0136163975885602,0.0001651436112197,0.0094069448566929,0.0115448298396476,0.007793377497374,0.0190223107650327,0.0135563955143062,0.0166880728480997,0.5618858943691621,-1.227747395485919,-1.2247953745531674,"Branson999 full FCV matrix, w15_step5_hp030",FlyWire783 cell-level side-aware median_PostDCA_positive
746,PVLP_R,PVLP,789,PVLP,R,0,PVLP_R_746,349,PVLP_R,0.27031975514929923,0.27031357664774297,718,702,optic/lateral protocerebrum,779,777,0.0118336908890787,0.0001651436112197,0.0136163975885602,0.0001651436112197,0.0094069448566929,0.0115448298396476,0.007793377497374,0.0190223107650327,0.0135563955143062,0.0166880728480997,0.5618858943691621,-0.879630099200794,-0.8722827703322971,"Branson999 full FCV matrix, w15_step5_hp030",FlyWire783 cell-level side-aware median_PostDCA_positive
747,PVLP_R,PVLP,781,PVLP,R,0,PVLP_R_747,350,PVLP_R,0.27278198520529207,0.2728074568587894,718,702,optic/lateral protocerebrum,779,777,0.0118336908890787,0.0001651436112197,0.0136163975885602,0.0001651436112197,0.0094069448566929,0.0115448298396476,0.007793377497374,0.0190223107650327,0.0135563955143062,0.0166880728480997,0.5618858943691621,-0.1712315177740063,-0.15072727947185705,"Branson999 full FCV matrix, w15_step5_hp030",FlyWire783 cell-level side-aware median_PostDCA_positive
748,PVLP_R,PVLP,783,PVLP,R,0,PVLP_R_748,351,PVLP_R,0.2697697105279241,0.2697603480328681,718,702,optic/lateral protocerebrum,779,777,0.0118336908890787,0.0001651436112197,0.0136163975885602,0.0001651436112197,0.0094069448566929,0.0115448298396476,0.007793377497374,0.0190223107650327,0.0135563955143062,0.0166880728480997,0.5618858943691621,-1.0378812863939708,-1.0323486560135497,"Branson999 full FCV matrix, w15_step5_hp030",FlyWire783 cell-level side-aware median_PostDCA_positive
749,PVLP_R,PVLP,792,PVLP,R,0,PVLP_R_749,352,PVLP_R,0.27119636635031275,0.2712190895938169,718,702,optic/lateral protocerebrum,779,777,0.0118336908890787,0.0001651436112197,0.0136163975885602,0.0001651436112197,0.0094069448566929,0.0115448298396476,0.007793377497374,0.0190223107650327,0.0135563955143062,0.0166880728480997,0.5618858943691621,-0.6274237183431755,-0.6102902995669457,"Branson999 full FCV matrix, w15_step5_hp030",FlyWire783 cell-level side-aware median_PostDCA_positive
750,PVLP_R,PVLP,784,PVLP,R,0,PVLP_R_750,353,PVLP_R,0.27050801851475825,0.2705347379855711,718,702,optic/lateral protocerebrum,779,777,0.0118336908890787,0.0001651436112197,0.0136163975885602,0.0001651436112197,0.0094069448566929,0.0115448298396476,0.007793377497374,0.0190223107650327,0.0135563955143062,0.0166880728480997,0.5618858943691621,-0.8254655824850621,-0.8082940603016074,"Branson999 full FCV matrix, w15_step5_hp030",FlyWire783 cell-level side-aware median_PostDCA_positive
751,PVLP_R,PVLP,793,PVLP,R,0,PVLP_R_751,354,PVLP_R,0.2705668763267454,0.2705589893729044,718,702,optic/lateral protocerebrum,779,777,0.0118336908890787,0.0001651436112197,0.0136163975885602,0.0001651436112197,0.0094069448566929,0.0115448298396476,0.007793377497374,0.0190223107650327,0.0135563955143062,0.0166880728480997,0.5618858943691621,-0.8085318315481369,-0.8012773954217859,"Branson999 full FCV matrix, w15_step5_hp030",FlyWire783 cell-level side-aware median_PostDCA_positive
752,PVLP_R,PVLP,782,PVLP,R,0,PVLP_R_752,355,PVLP_R,0.27146528098937284,0.2714847204901147,718,702,optic/lateral protocerebrum,779,777,0.0118336908890787,0.0001651436112197,0.0136163975885602,0.0001651436112197,0.0094069448566929,0.0115448298396476,0.007793377497374,0.0190223107650327,0.0135563955143062,0.0166880728480997,0.5618858943691621,-0.550055339067888,-0.5334351920453948,"Branson999 full FCV matrix, w15_step5_hp030",FlyWire783 cell-level side-aware median_PostDCA_positive
753,PVLP_R,PVLP,795,PVLP,R,0,PVLP_R_753,356,PVLP_R,0.2726511811804005,0.2726432720912631,718,702,optic/lateral protocerebrum,779,777,0.0118336908890787,0.0001651436112197,0.0136163975885602,0.0001651436112197,0.0094069448566929,0.0115448298396476,0.007793377497374,0.0190223107650327,0.0135563955143062,0.0166880728480997,0.5618858943691621,-0.2088646322965814,-0.19823093261425137,"Branson999 full FCV matrix, w15_step5_hp030",FlyWire783 cell-level side-aware median_PostDCA_positive
754,PVLP_R,PVLP,796,PVLP,R,0,PVLP_R_754,357,PVLP_R,0.2717344653866624,0.2717597970965998,718,702,optic/lateral protocerebrum,779,777,0.0118336908890787,0.0001651436112197,0.0136163975885602,0.0001651436112197,0.0094069448566929,0.0115448298396476,0.007793377497374,0.0190223107650327,0.0135563955143062,0.0166880728480997,0.5618858943691621,-0.47260934870722526,-0.45384715291767863,"Branson999 full FCV matrix, w15_step5_hp030",FlyWire783 cell-level side-aware median_PostDCA_positive
755,PVLP_R,PVLP,791,PVLP,R,0,PVLP_R_755,358,PVLP_R,0.2709014564172468,0.270922524422164,718,702,optic/lateral protocerebrum,779,777,0.0118336908890787,0.0001651436112197,0.0136163975885602,0.0001651436112197,0.0094069448566929,0.0115448298396476,0.007793377497374,0.0190223107650327,0.0135563955143062,0.0166880728480997,0.5618858943691621,-0.71227110200829,-0.696095634986132,"Branson999 full FCV matrix, w15_step5_hp030",FlyWire783 cell-level side-aware median_PostDCA_positive
756,PVLP_R,PVLP,788,PVLP,R,0,PVLP_R_756,359,PVLP_R,0.2703716899397192,0.27036111578930555,718,702,optic/lateral protocerebrum,779,777,0.0118336908890787,0.0001651436112197,0.0136163975885602,0.0001651436112197,0.0094069448566929,0.0115448298396476,0.007793377497374,0.0190223107650327,0.0135563955143062,0.0166880728480997,0.5618858943691621,-0.864688143728084,-0.8585282489750428,"Branson999 full FCV matrix, w15_step5_hp030",FlyWire783 cell-level side-aware median_PostDCA_positive
757,PVLP_R,PVLP,790,PVLP,R,0,PVLP_R_757,360,PVLP_R,0.2708017415725118,0.2707887009771574,718,702,optic/lateral protocerebrum,779,777,0.0118336908890787,0.0001651436112197,0.0136163975885602,0.0001651436112197,0.0094069448566929,0.0115448298396476,0.007793377497374,0.0190223107650327,0.0135563955143062,0.0166880728480997,0.5618858943691621,-0.7409596700750816,-0.7348148329342448,"Branson999 full FCV matrix, w15_step5_hp030",FlyWire783 cell-level side-aware median_PostDCA_positive
758,PVLP_R,PVLP,787,PVLP,R,0,PVLP_R_758,361,PVLP_R,0.2706875947411468,0.2706954367085847,718,702,optic/lateral protocerebrum,779,777,0.0118336908890787,0.0001651436112197,0.0136163975885602,0.0001651436112197,0.0094069448566929,0.0115448298396476,0.007793377497374,0.0190223107650327,0.0135563955143062,0.0166880728480997,0.5618858943691621,-0.7738004085822449,-0.7617990259967812,"Branson999 full FCV matrix, w15_step5_hp030",FlyWire783 cell-level side-aware median_PostDCA_positive
759,PVLP_R,PVLP,780,PVLP,R,0,PVLP_R_759,362,PVLP_R,0.271300450666657,0.27131143331401325,718,702,optic/lateral protocerebrum,779,777,0.0118336908890787,0.0001651436112197,0.0136163975885602,0.0001651436112197,0.0094069448566929,0.0115448298396476,0.007793377497374,0.0190223107650327,0.0135563955143062,0.0166880728480997,0.5618858943691621,-0.5974780266854962,-0.5835724491830282,"Branson999 full FCV matrix, w15_step5_hp030",FlyWire783 cell-level side-aware median_PostDCA_positive
760,PVLP_R,PVLP,786,PVLP,R,0,PVLP_R_760,363,PVLP_R,0.27348321572780054,0.2735340476735052,718,702,optic/lateral protocerebrum,779,777,0.0118336908890787,0.0001651436112197,0.0136163975885602,0.0001651436112197,0.0094069448566929,0.0115448298396476,0.007793377497374,0.0190223107650327,0.0135563955143062,0.0166880728480997,0.5618858943691621,0.030516773856634618,0.05949756999955408,"Branson999 full FCV matrix, w15_step5_hp030",FlyWire783 cell-level side-aware median_PostDCA_positive
896,SIP_R,SIP,663,SIP,R,0,SIP_R_896,370,SIP_R,0.2738315354089081,0.2738043565208583,718,713,superior protocerebrum,204,200,0.0005801079887404,0.0,0.0063194487735989,0.0,-0.0268607093638766,-0.013255351854565,-0.0294190157529718,0.0113351905713117,0.0044321318149772,0.0106273955767665,0.4503018698155002,0.13073046728428664,0.13770615121844462,"Branson999 full FCV matrix, w15_step5_hp030",FlyWire783 cell-level side-aware median_PostDCA_positive
897,SIP_R,SIP,659,SIP,R,0,SIP_R_897,371,SIP_R,0.2745081092789757,0.27448913716633755,718,713,superior protocerebrum,204,200,0.0005801079887404,0.0,0.0063194487735989,0.0,-0.0268607093638766,-0.013255351854565,-0.0294190157529718,0.0113351905713117,0.0044321318149772,0.0106273955767665,0.4503018698155002,0.32538488985531305,0.33583404549014517,"Branson999 full FCV matrix, w15_step5_hp030",FlyWire783 cell-level side-aware median_PostDCA_positive
898,SIP_R,SIP,664,SIP,R,0,SIP_R_898,372,SIP_R,0.27493672155989496,0.27492562990602304,718,713,superior protocerebrum,204,200,0.0005801079887404,0.0,0.0063194487735989,0.0,-0.0268607093638766,-0.013255351854565,-0.0294190157529718,0.0113351905713117,0.0044321318149772,0.0106273955767665,0.4503018698155002,0.44869925320910187,0.46212468753691405,"Branson999 full FCV matrix, w15_step5_hp030",FlyWire783 cell-level side-aware median_PostDCA_positive
899,SIP_R,SIP,660,SIP,R,0,SIP_R_899,373,SIP_R,0.2745399674511289,0.2745000798638362,718,713,superior protocerebrum,204,200,0.0005801079887404,0.0,0.0063194487735989,0.0,-0.0268607093638766,-0.013255351854565,-0.0294190157529718,0.0113351905713117,0.0044321318149772,0.0106273955767665,0.4503018698155002,0.3345506799914828,0.3390001011130201,"Branson999 full FCV matrix, w15_step5_hp030",FlyWire783 cell-level side-aware median_PostDCA_positive
900,SIP_R,SIP,661,SIP,R,0,SIP_R_900,374,SIP_R,0.27607500459012996,0.27603903455497547,718,713,superior protocerebrum,204,200,0.0005801079887404,0.0,0.0063194487735989,0.0,-0.0268607093638766,-0.013255351854565,-0.0294190157529718,0.0113351905713117,0.0044321318149772,0.0106273955767665,0.4503018698155002,0.7761902128446813,0.7842665588435862,"Branson999 full FCV matrix, w15_step5_hp030",FlyWire783 cell-level side-aware median_PostDCA_positive
901,SIP_R,SIP,662,SIP,R,0,SIP_R_901,375,SIP_R,0.2764234860206069,0.27639339729481316,718,713,superior protocerebrum,204,200,0.0005801079887404,0.0,0.0063194487735989,0.0,-0.0268607093638766,-0.013255351854565,-0.0294190157529718,0.0113351905713117,0.0044321318149772,0.0106273955767665,0.4503018698155002,0.8764504425509192,0.886794490840347,"Branson999 full FCV matrix, w15_step5_hp030",FlyWire783 cell-level side-aware median_PostDCA_positive
849,SLP_R,SLP,633,SLP,R,0,SLP_R_849,376,SLP_R,0.27557346130238164,0.2754907078846855,718,697,superior protocerebrum,2109,1772,0.0015574852548222,3.943850959086043e-05,0.0036136393805155,3.943850959086043e-05,0.003032188244531,0.000609890617674,-0.0014794074019769,0.0215671447223606,0.007490901075891,0.0185222333438909,0.7158258815251507,0.6318931546959968,0.6256189550090195,"Branson999 full FCV matrix, w15_step5_hp030",FlyWire783 cell-level side-aware median_PostDCA_positive
850,SLP_R,SLP,619,SLP,R,0,SLP_R_850,377,SLP_R,0.27286833953428485,0.2726937339577559,718,697,superior protocerebrum,2109,1772,0.0015574852548222,3.943850959086043e-05,0.0036136393805155,3.943850959086043e-05,0.003032188244531,0.000609890617674,-0.0014794074019769,0.0215671447223606,0.007490901075891,0.0185222333438909,0.7158258815251507,-0.14638685144818375,-0.1836307779293214,"Branson999 full FCV matrix, w15_step5_hp030",FlyWire783 cell-level side-aware median_PostDCA_positive
851,SLP_R,SLP,615,SLP,R,0,SLP_R_851,378,SLP_R,0.27368064924360963,0.27350874904350586,718,697,superior protocerebrum,2109,1772,0.0015574852548222,3.943850959086043e-05,0.0036136393805155,3.943850959086043e-05,0.003032188244531,0.000609890617674,-0.0014794074019769,0.0215671447223606,0.007490901075891,0.0185222333438909,0.7158258815251507,0.08731959867182627,0.052177905924907446,"Branson999 full FCV matrix, w15_step5_hp030",FlyWire783 cell-level side-aware median_PostDCA_positive
852,SLP_R,SLP,618,SLP,R,0,SLP_R_852,379,SLP_R,0.27623729284513754,0.27602680491008735,718,697,superior protocerebrum,2109,1772,0.0015574852548222,3.943850959086043e-05,0.0036136393805155,3.943850959086043e-05,0.003032188244531,0.000609890617674,-0.0014794074019769,0.0215671447223606,0.007490901075891,0.0185222333438909,0.7158258815251507,0.8228815321021105,0.7807281501496931,"Branson999 full FCV matrix, w15_step5_hp030",FlyWire783 cell-level side-aware median_PostDCA_positive
853,SLP_R,SLP,631,SLP,R,0,SLP_R_853,380,SLP_R,0.2757585184290329,0.2756297225606773,718,697,superior protocerebrum,2109,1772,0.0015574852548222,3.943850959086043e-05,0.0036136393805155,3.943850959086043e-05,0.003032188244531,0.000609890617674,-0.0014794074019769,0.0215671447223606,0.007490901075891,0.0185222333438909,0.7158258815251507,0.6851352169815987,0.6658401341690195,"Branson999 full FCV matrix, w15_step5_hp030",FlyWire783 cell-level side-aware median_PostDCA_positive
854,SLP_R,SLP,632,SLP,R,0,SLP_R_854,381,SLP_R,0.2742031393503262,0.2740835607716245,718,697,superior protocerebrum,2109,1772,0.0015574852548222,3.943850959086043e-05,0.0036136393805155,3.943850959086043e-05,0.003032188244531,0.000609890617674,-0.0014794074019769,0.0215671447223606,0.007490901075891,0.0185222333438909,0.7158258815251507,0.23764318419815955,0.21848844353527125,"Branson999 full FCV matrix, w15_step5_hp030",FlyWire783 cell-level side-aware median_PostDCA_positive
855,SLP_R,SLP,634,SLP,R,0,SLP_R_855,382,SLP_R,0.27464967754916836,0.2745359498431791,718,697,superior protocerebrum,2109,1772,0.0015574852548222,3.943850959086043e-05,0.0036136393805155,3.943850959086043e-05,0.003032188244531,0.000609890617674,-0.0014794074019769,0.0215671447223606,0.007490901075891,0.0185222333438909,0.7158258815251507,0.36611494330237093,0.34937837848066666,"Branson999 full FCV matrix, w15_step5_hp030",FlyWire783 cell-level side-aware median_PostDCA_positive
856,SLP_R,SLP,621,SLP,R,0,SLP_R_856,383,SLP_R,0.2728488759719914,0.27266598492387395,718,697,superior protocerebrum,2109,1772,0.0015574852548222,3.943850959086043e-05,0.0036136393805155,3.943850959086043e-05,0.003032188244531,0.000609890617674,-0.0014794074019769,0.0215671447223606,0.007490901075891,0.0185222333438909,0.7158258815251507,-0.15198663684785432,-0.19165941846904067,"Branson999 full FCV matrix, w15_step5_hp030",FlyWire783 cell-level side-aware median_PostDCA_positive
857,SLP_R,SLP,623,SLP,R,0,SLP_R_857,384,SLP_R,0.2719297419163152,0.2717193191229106,718,697,superior protocerebrum,2109,1772,0.0015574852548222,3.943850959086043e-05,0.0036136393805155,3.943850959086043e-05,0.003032188244531,0.000609890617674,-0.0014794074019769,0.0215671447223606,0.007490901075891,0.0185222333438909,0.7158258815251507,-0.4164271019446653,-0.46555866337635804,"Branson999 full FCV matrix, w15_step5_hp030",FlyWire783 cell-level side-aware median_PostDCA_positive
858,SLP_R,SLP,624,SLP,R,0,SLP_R_858,385,SLP_R,0.27347874345837264,0.273290737781409,718,697,superior protocerebrum,2109,1772,0.0015574852548222,3.943850959086043e-05,0.0036136393805155,3.943850959086043e-05,0.003032188244531,0.000609890617674,-0.0014794074019769,0.0215671447223606,0.007490901075891,0.0185222333438909,0.7158258815251507,0.02923007470731134,-0.01089939126788793,"Branson999 full FCV matrix, w15_step5_hp030",FlyWire783 cell-level side-aware median_PostDCA_positive
859,SLP_R,SLP,635,SLP,R,0,SLP_R_859,386,SLP_R,0.2727768688085434,0.27265394652984115,718,697,superior protocerebrum,2109,1772,0.0015574852548222,3.943850959086043e-05,0.0036136393805155,3.943850959086043e-05,0.003032188244531,0.000609890617674,-0.0014794074019769,0.0215671447223606,0.007490901075891,0.0185222333438909,0.7158258815251507,-0.17270353627607382,-0.19514249246635287,"Branson999 full FCV matrix, w15_step5_hp030",FlyWire783 cell-level side-aware median_PostDCA_positive
860,SLP_R,SLP,625,SLP,R,0,SLP_R_860,387,SLP_R,0.2752547585712497,0.27500217829290624,718,697,superior protocerebrum,2109,1772,0.0015574852548222,3.943850959086043e-05,0.0036136393805155,3.943850959086043e-05,0.003032188244531,0.000609890617674,-0.0014794074019769,0.0215671447223606,0.007490901075891,0.0185222333438909,0.7158258815251507,0.5402004381355731,0.48427246698014076,"Branson999 full FCV matrix, w15_step5_hp030",FlyWire783 cell-level side-aware median_PostDCA_positive
861,SLP_R,SLP,622,SLP,R,0,SLP_R_861,388,SLP_R,0.2753772316873641,0.2751585960521304,718,697,superior protocerebrum,2109,1772,0.0015574852548222,3.943850959086043e-05,0.0036136393805155,3.943850959086043e-05,0.003032188244531,0.000609890617674,-0.0014794074019769,0.0215671447223606,0.007490901075891,0.0185222333438909,0.7158258815251507,0.5754366994699678,0.5295288880930512,"Branson999 full FCV matrix, w15_step5_hp030",FlyWire783 cell-level side-aware median_PostDCA_positive
862,SLP_R,SLP,614,SLP,R,0,SLP_R_862,389,SLP_R,0.27254452458445066,0.2724030874281247,718,697,superior protocerebrum,2109,1772,0.0015574852548222,3.943850959086043e-05,0.0036136393805155,3.943850959086043e-05,0.003032188244531,0.000609890617674,-0.0014794074019769,0.0215671447223606,0.007490901075891,0.0185222333438909,0.7158258815251507,-0.23955038446128005,-0.26772366997202,"Branson999 full FCV matrix, w15_step5_hp030",FlyWire783 cell-level side-aware median_PostDCA_positive
863,SLP_R,SLP,620,SLP,R,0,SLP_R_863,390,SLP_R,0.273352199302144,0.27312113440849073,718,697,superior protocerebrum,2109,1772,0.0015574852548222,3.943850959086043e-05,0.0036136393805155,3.943850959086043e-05,0.003032188244531,0.000609890617674,-0.0014794074019769,0.0215671447223606,0.007490901075891,0.0185222333438909,0.7158258815251507,-0.007177449659487547,-0.05997081196226038,"Branson999 full FCV matrix, w15_step5_hp030",FlyWire783 cell-level side-aware median_PostDCA_positive
864,SLP_R,SLP,628,SLP,R,0,SLP_R_864,391,SLP_R,0.275708899788267,0.275461795887485,718,697,superior protocerebrum,2109,1772,0.0015574852548222,3.943850959086043e-05,0.0036136393805155,3.943850959086043e-05,0.003032188244531,0.000609890617674,-0.0014794074019769,0.0215671447223606,0.007490901075891,0.0185222333438909,0.7158258815251507,0.6708596318691076,0.6172538337656798,"Branson999 full FCV matrix, w15_step5_hp030",FlyWire783 cell-level side-aware median_PostDCA_positive
865,SLP_R,SLP,630,SLP,R,0,SLP_R_865,392,SLP_R,0.27100879129417693,0.2708067706303811,718,697,superior protocerebrum,2109,1772,0.0015574852548222,3.943850959086043e-05,0.0036136393805155,3.943850959086043e-05,0.003032188244531,0.000609890617674,-0.0014794074019769,0.0215671447223606,0.007490901075891,0.0185222333438909,0.7158258815251507,-0.6813902042750031,-0.729586731983863,"Branson999 full FCV matrix, w15_step5_hp030",FlyWire783 cell-level side-aware median_PostDCA_positive
866,SLP_R,SLP,616,SLP,R,0,SLP_R_866,393,SLP_R,0.2722148397883933,0.27208483434363984,718,697,superior protocerebrum,2109,1772,0.0015574852548222,3.943850959086043e-05,0.0036136393805155,3.943850959086043e-05,0.003032188244531,0.000609890617674,-0.0014794074019769,0.0215671447223606,0.007490901075891,0.0185222333438909,0.7158258815251507,-0.3344027079785713,-0.35980397903264033,"Branson999 full FCV matrix, w15_step5_hp030",FlyWire783 cell-level side-aware median_PostDCA_positive
867,SLP_R,SLP,626,SLP,R,0,SLP_R_867,394,SLP_R,0.2728257490898407,0.2727068337638149,718,697,superior protocerebrum,2109,1772,0.0015574852548222,3.943850959086043e-05,0.0036136393805155,3.943850959086043e-05,0.003032188244531,0.000609890617674,-0.0014794074019769,0.0215671447223606,0.007490901075891,0.0185222333438909,0.7158258815251507,-0.15864038167909944,-0.17984060510980088,"Branson999 full FCV matrix, w15_step5_hp030",FlyWire783 cell-level side-aware median_PostDCA_positive
868,SLP_R,SLP,629,SLP,R,0,SLP_R_868,395,SLP_R,0.27270908137619604,0.2725727167306861,718,697,superior protocerebrum,2109,1772,0.0015574852548222,3.943850959086043e-05,0.0036136393805155,3.943850959086043e-05,0.003032188244531,0.000609890617674,-0.0014794074019769,0.0215671447223606,0.007490901075891,0.0185222333438909,0.7158258815251507,-0.19220639336961026,-0.2186447470422509,"Branson999 full FCV matrix, w15_step5_hp030",FlyWire783 cell-level side-aware median_PostDCA_positive
869,SLP_R,SLP,627,SLP,R,0,SLP_R_869,396,SLP_R,0.2725029714730642,0.2723623133410048,718,697,superior protocerebrum,2109,1772,0.0015574852548222,3.943850959086043e-05,0.0036136393805155,3.943850959086043e-05,0.003032188244531,0.000609890617674,-0.0014794074019769,0.0215671447223606,0.007490901075891,0.0185222333438909,0.7158258815251507,-0.25150546765442405,-0.2795208550636939,"Branson999 full FCV matrix, w15_step5_hp030",FlyWire783 cell-level side-aware median_PostDCA_positive
870,SLP_R,SLP,617,SLP,R,0,SLP_R_870,397,SLP_R,0.276829153310235,0.27663707780475816,718,697,superior protocerebrum,2109,1772,0.0015574852548222,3.943850959086043e-05,0.0036136393805155,3.943850959086043e-05,0.003032188244531,0.000609890617674,-0.0014794074019769,0.0215671447223606,0.007490901075891,0.0185222333438909,0.7158258815251507,0.9931633921814191,0.9572986831378231,"Branson999 full FCV matrix, w15_step5_hp030",FlyWire783 cell-level side-aware median_PostDCA_positive
781,SMP_R,SMP,683,SMP,R,0,SMP_R_781,398,SMP_R,0.27292119439008955,0.27286784482418047,718,698,superior protocerebrum,2223,1858,0.0024713036258836,0.0001367879316448,0.0050300269951813,0.0001367879316448,0.0035258651882899,4.210163494943856e-06,-0.0024943567079249,0.0249790898738309,0.0032412514781929,0.0184596703110142,0.6658621599437181,-0.1311801875613414,-0.13325520209747815,"Branson999 full FCV matrix, w15_step5_hp030",FlyWire783 cell-level side-aware median_PostDCA_positive
782,SMP_R,SMP,670,SMP,R,0,SMP_R_782,399,SMP_R,0.27448820044523653,0.27441847551495047,718,698,superior protocerebrum,2223,1858,0.0024713036258836,0.0001367879316448,0.0050300269951813,0.0001367879316448,0.0035258651882899,4.210163494943856e-06,-0.0024943567079249,0.0249790898738309,0.0032412514781929,0.0184596703110142,0.6658621599437181,0.3196569971491272,0.3153894778939243,"Branson999 full FCV matrix, w15_step5_hp030",FlyWire783 cell-level side-aware median_PostDCA_positive
783,SMP_R,SMP,687,SMP,R,0,SMP_R_783,400,SMP_R,0.2739928647252254,0.27395195893110197,718,698,superior protocerebrum,2223,1858,0.0024713036258836,0.0001367879316448,0.0050300269951813,0.0001367879316448,0.0035258651882899,4.210163494943856e-06,-0.0024943567079249,0.0249790898738309,0.0032412514781929,0.0184596703110142,0.6658621599437181,0.1771458940408419,0.18041202341863619,"Branson999 full FCV matrix, w15_step5_hp030",FlyWire783 cell-level side-aware median_PostDCA_positive
784,SMP_R,SMP,681,SMP,R,0,SMP_R_784,401,SMP_R,0.27278041841448003,0.272730788850694,718,698,superior protocerebrum,2223,1858,0.0024713036258836,0.0001367879316448,0.0050300269951813,0.0001367879316448,0.0035258651882899,4.210163494943856e-06,-0.0024943567079249,0.0249790898738309,0.0032412514781929,0.0184596703110142,0.6658621599437181,-0.1716822930319628,-0.17290966897457002,"Branson999 full FCV matrix, w15_step5_hp030",FlyWire783 cell-level side-aware median_PostDCA_positive
785,SMP_R,SMP,684,SMP,R,0,SMP_R_785,402,SMP_R,0.27317495676335446,0.2730902368016514,718,698,superior protocerebrum,2223,1858,0.0024713036258836,0.0001367879316448,0.0050300269951813,0.0001367879316448,0.0035258651882899,4.210163494943856e-06,-0.0024943567079249,0.0249790898738309,0.0032412514781929,0.0184596703110142,0.6658621599437181,-0.05817120742854408,-0.06891043054161937,"Branson999 full FCV matrix, w15_step5_hp030",FlyWire783 cell-level side-aware median_PostDCA_positive
786,SMP_R,SMP,669,SMP,R,0,SMP_R_786,403,SMP_R,0.2750978080994535,0.2750234930550035,718,698,superior protocerebrum,2223,1858,0.0024713036258836,0.0001367879316448,0.0050300269951813,0.0001367879316448,0.0035258651882899,4.210163494943856e-06,-0.0024943567079249,0.0249790898738309,0.0032412514781929,0.0184596703110142,0.6658621599437181,0.4950448316137191,0.4904394767505158,"Branson999 full FCV matrix, w15_step5_hp030",FlyWire783 cell-level side-aware median_PostDCA_positive
787,SMP_R,SMP,685,SMP,R,0,SMP_R_787,404,SMP_R,0.27496575600501477,0.27495912339819817,718,698,superior protocerebrum,2223,1858,0.0024713036258836,0.0001367879316448,0.0050300269951813,0.0001367879316448,0.0035258651882899,4.210163494943856e-06,-0.0024943567079249,0.0249790898738309,0.0032412514781929,0.0184596703110142,0.6658621599437181,0.4570526398820202,0.47181537479607294,"Branson999 full FCV matrix, w15_step5_hp030",FlyWire783 cell-level side-aware median_PostDCA_positive
788,SMP_R,SMP,678,SMP,R,0,SMP_R_788,405,SMP_R,0.27233813856384703,0.27228977654852404,718,698,superior protocerebrum,2223,1858,0.0024713036258836,0.0001367879316448,0.0050300269951813,0.0001367879316448,0.0035258651882899,4.210163494943856e-06,-0.0024943567079249,0.0249790898738309,0.0032412514781929,0.0184596703110142,0.6658621599437181,-0.29892889942420475,-0.3005079580817396,"Branson999 full FCV matrix, w15_step5_hp030",FlyWire783 cell-level side-aware median_PostDCA_positive
789,SMP_R,SMP,677,SMP,R,0,SMP_R_789,406,SMP_R,0.2720821684554307,0.2720455253703182,718,698,superior protocerebrum,2223,1858,0.0024713036258836,0.0001367879316448,0.0050300269951813,0.0001367879316448,0.0035258651882899,4.210163494943856e-06,-0.0024943567079249,0.0249790898738309,0.0032412514781929,0.0184596703110142,0.6658621599437181,-0.3725730584045767,-0.3711772620855701,"Branson999 full FCV matrix, w15_step5_hp030",FlyWire783 cell-level side-aware median_PostDCA_positive
790,SMP_R,SMP,676,SMP,R,0,SMP_R_790,407,SMP_R,0.272789527027699,0.27270435243403884,718,698,superior protocerebrum,2223,1858,0.0024713036258836,0.0001367879316448,0.0050300269951813,0.0001367879316448,0.0035258651882899,4.210163494943856e-06,-0.0024943567079249,0.0249790898738309,0.0032412514781929,0.0184596703110142,0.6658621599437181,-0.1690616895398689,-0.1805585293776168,"Branson999 full FCV matrix, w15_step5_hp030",FlyWire783 cell-level side-aware median_PostDCA_positive
791,SMP_R,SMP,686,SMP,R,0,SMP_R_791,408,SMP_R,0.2739569571950789,0.2738953918595217,718,698,superior protocerebrum,2223,1858,0.0024713036258836,0.0001367879316448,0.0050300269951813,0.0001367879316448,0.0035258651882899,4.210163494943856e-06,-0.0024943567079249,0.0249790898738309,0.0032412514781929,0.0184596703110142,0.6658621599437181,0.16681507895051434,0.16404544698090978,"Branson999 full FCV matrix, w15_step5_hp030",FlyWire783 cell-level side-aware median_PostDCA_positive
792,SMP_R,SMP,688,SMP,R,0,SMP_R_792,409,SMP_R,0.27368835327524826,0.2736252008578169,718,698,superior protocerebrum,2223,1858,0.0024713036258836,0.0001367879316448,0.0050300269951813,0.0001367879316448,0.0035258651882899,4.210163494943856e-06,-0.0024943567079249,0.0249790898738309,0.0032412514781929,0.0184596703110142,0.6658621599437181,0.08953609548973812,0.08587096209680904,"Branson999 full FCV matrix, w15_step5_hp030",FlyWire783 cell-level side-aware median_PostDCA_positive
793,SMP_R,SMP,680,SMP,R,0,SMP_R_793,410,SMP_R,0.27336826744676207,0.273325280970921,718,698,superior protocerebrum,2223,1858,0.0024713036258836,0.0001367879316448,0.0050300269951813,0.0001367879316448,0.0035258651882899,4.210163494943856e-06,-0.0024943567079249,0.0249790898738309,0.0032412514781929,0.0184596703110142,0.6658621599437181,-0.0025545466021956943,-0.0009049946028736481,"Branson999 full FCV matrix, w15_step5_hp030",FlyWire783 cell-level side-aware median_PostDCA_positive
794,SMP_R,SMP,675,SMP,R,0,SMP_R_794,411,SMP_R,0.27417865466305463,0.27412840798239785,718,698,superior protocerebrum,2223,1858,0.0024713036258836,0.0001367879316448,0.0050300269951813,0.0001367879316448,0.0035258651882899,4.210163494943856e-06,-0.0024943567079249,0.0249790898738309,0.0032412514781929,0.0184596703110142,0.6658621599437181,0.23059879056498186,0.23146410733819062,"Branson999 full FCV matrix, w15_step5_hp030",FlyWire783 cell-level side-aware median_PostDCA_positive
795,SMP_R,SMP,673,SMP,R,0,SMP_R_795,412,SMP_R,0.27597723749250663,0.27588103270260617,718,698,superior protocerebrum,2223,1858,0.0024713036258836,0.0001367879316448,0.0050300269951813,0.0001367879316448,0.0035258651882899,4.210163494943856e-06,-0.0024943567079249,0.0249790898738309,0.0032412514781929,0.0184596703110142,0.6658621599437181,0.7480620234831673,0.7385518113436025,"Branson999 full FCV matrix, w15_step5_hp030",FlyWire783 cell-level side-aware median_PostDCA_positive
796,SMP_R,SMP,689,SMP,R,0,SMP_R_796,413,SMP_R,0.2732461421553893,0.27317451299031764,718,698,superior protocerebrum,2223,1858,0.0024713036258836,0.0001367879316448,0.0050300269951813,0.0001367879316448,0.0035258651882899,4.210163494943856e-06,-0.0024943567079249,0.0249790898738309,0.0032412514781929,0.0184596703110142,0.6658621599437181,-0.037690736640267355,-0.04452676270883153,"Branson999 full FCV matrix, w15_step5_hp030",FlyWire783 cell-level side-aware median_PostDCA_positive
797,SMP_R,SMP,671,SMP,R,0,SMP_R_797,414,SMP_R,0.27286444182141784,0.27281000117646687,718,698,superior protocerebrum,2223,1858,0.0024713036258836,0.0001367879316448,0.0050300269951813,0.0001367879316448,0.0035258651882899,4.210163494943856e-06,-0.0024943567079249,0.0249790898738309,0.0032412514781929,0.0184596703110142,0.6658621599437181,-0.14750824717604608,-0.14999113088598937,"Branson999 full FCV matrix, w15_step5_hp030",FlyWire783 cell-level side-aware median_PostDCA_positive
798,SMP_R,SMP,682,SMP,R,0,SMP_R_798,415,SMP_R,0.2739514090736803,0.2739436881310071,718,698,superior protocerebrum,2223,1858,0.0024713036258836,0.0001367879316448,0.0050300269951813,0.0001367879316448,0.0035258651882899,4.210163494943856e-06,-0.0024943567079249,0.0249790898738309,0.0032412514781929,0.0184596703110142,0.6658621599437181,0.16521885063757843,0.1780190290816113,"Branson999 full FCV matrix, w15_step5_hp030",FlyWire783 cell-level side-aware median_PostDCA_positive
799,SMP_R,SMP,672,SMP,R,0,SMP_R_799,416,SMP_R,0.271703242132471,0.27164024071235926,718,698,superior protocerebrum,2223,1858,0.0024713036258836,0.0001367879316448,0.0050300269951813,0.0001367879316448,0.0035258651882899,4.210163494943856e-06,-0.0024943567079249,0.0249790898738309,0.0032412514781929,0.0184596703110142,0.6658621599437181,-0.481592469079301,-0.48843845571324956,"Branson999 full FCV matrix, w15_step5_hp030",FlyWire783 cell-level side-aware median_PostDCA_positive
800,SMP_R,SMP,674,SMP,R,0,SMP_R_800,417,SMP_R,0.2734618208471123,0.27337554636106365,718,698,superior protocerebrum,2223,1858,0.0024713036258836,0.0001367879316448,0.0050300269951813,0.0001367879316448,0.0035258651882899,4.210163494943856e-06,-0.0024943567079249,0.0249790898738309,0.0032412514781929,0.0184596703110142,0.6658621599437181,0.024361336393565348,0.013638313490678181,"Branson999 full FCV matrix, w15_step5_hp030",FlyWire783 cell-level side-aware median_PostDCA_positive
801,SMP_R,SMP,679,SMP,R,0,SMP_R_801,418,SMP_R,0.2763273345195783,0.27629069856313443,718,698,superior protocerebrum,2223,1858,0.0024713036258836,0.0001367879316448,0.0050300269951813,0.0001367879316448,0.0035258651882899,4.210163494943856e-06,-0.0024943567079249,0.0249790898738309,0.0032412514781929,0.0184596703110142,0.6658621599437181,0.8487870701682566,0.8570806202947775,"Branson999 full FCV matrix, w15_step5_hp030",FlyWire783 cell-level side-aware median_PostDCA_positive
947,SPS_R,SPS,862,SPS,R,0,SPS_R_947,419,SPS_R,0.2716920884381231,0.27167759040409123,718,707,superior protocerebrum,1338,1191,0.0025924904185208,0.0003348663559337,0.0058226063415563,0.0003348663559337,-0.0038048179207285,0.0018635815662679,-0.0045132256882255,0.0185531881136671,0.0084667384292398,0.0186635510680645,0.6784913277173099,-0.4848014548661848,-0.4776320524899611,"Branson999 full FCV matrix, w15_step5_hp030",FlyWire783 cell-level side-aware median_PostDCA_positive
948,SPS_R,SPS,856,SPS,R,0,SPS_R_948,420,SPS_R,0.27207973471526964,0.2720783325890067,718,707,superior protocerebrum,1338,1191,0.0025924904185208,0.0003348663559337,0.0058226063415563,0.0003348663559337,-0.0038048179207285,0.0018635815662679,-0.0045132256882255,0.0185531881136671,0.0084667384292398,0.0186635510680645,0.6784913277173099,-0.3732732602697377,-0.3616851346450788,"Branson999 full FCV matrix, w15_step5_hp030",FlyWire783 cell-level side-aware median_PostDCA_positive
949,SPS_R,SPS,864,SPS,R,0,SPS_R_949,421,SPS_R,0.2712628136410459,0.271264455826437,718,707,superior protocerebrum,1338,1191,0.0025924904185208,0.0003348663559337,0.0058226063415563,0.0003348663559337,-0.0038048179207285,0.0018635815662679,-0.0045132256882255,0.0185531881136671,0.0084667384292398,0.0186635510680645,0.6784913277173099,-0.6083064281531563,-0.5971644669380656,"Branson999 full FCV matrix, w15_step5_hp030",FlyWire783 cell-level side-aware median_PostDCA_positive
950,SPS_R,SPS,857,SPS,R,0,SPS_R_950,422,SPS_R,0.270177067373252,0.2701782229814031,718,707,superior protocerebrum,1338,1191,0.0025924904185208,0.0003348663559337,0.0058226063415563,0.0003348663559337,-0.0038048179207285,0.0018635815662679,-0.0045132256882255,0.0185531881136671,0.0084667384292398,0.0186635510680645,0.6784913277173099,-0.9206822412997021,-0.9114447079117491,"Branson999 full FCV matrix, w15_step5_hp030",FlyWire783 cell-level side-aware median_PostDCA_positive
951,SPS_R,SPS,848,SPS,R,0,SPS_R_951,423,SPS_R,0.2746623472123555,0.2746725488520283,718,707,superior protocerebrum,1338,1191,0.0025924904185208,0.0003348663559337,0.0058226063415563,0.0003348663559337,-0.0038048179207285,0.0018635815662679,-0.0045132256882255,0.0185531881136671,0.0084667384292398,0.0186635510680645,0.6784913277173099,0.36976008255614556,0.38890063157232097,"Branson999 full FCV matrix, w15_step5_hp030",FlyWire783 cell-level side-aware median_PostDCA_positive
952,SPS_R,SPS,859,SPS,R,0,SPS_R_952,424,SPS_R,0.2710779699891962,0.27106156124823694,718,707,superior protocerebrum,1338,1191,0.0025924904185208,0.0003348663559337,0.0058226063415563,0.0003348663559337,-0.0038048179207285,0.0018635815662679,-0.0045132256882255,0.0185531881136671,0.0084667384292398,0.0186635510680645,0.6784913277173099,-0.6614870724383458,-0.6558680471331355,"Branson999 full FCV matrix, w15_step5_hp030",FlyWire783 cell-level side-aware median_PostDCA_positive
953,SPS_R,SPS,854,SPS,R,0,SPS_R_953,425,SPS_R,0.27136829648759286,0.2713695292028132,718,707,superior protocerebrum,1338,1191,0.0025924904185208,0.0003348663559337,0.0058226063415563,0.0003348663559337,-0.0038048179207285,0.0018635815662679,-0.0045132256882255,0.0185531881136671,0.0084667384292398,0.0186635510680645,0.6784913277173099,-0.5779583708394719,-0.566763539366771,"Branson999 full FCV matrix, w15_step5_hp030",FlyWire783 cell-level side-aware median_PostDCA_positive
954,SPS_R,SPS,863,SPS,R,0,SPS_R_954,426,SPS_R,0.2704020365338565,0.2703954488541802,718,707,superior protocerebrum,1338,1191,0.0025924904185208,0.0003348663559337,0.0058226063415563,0.0003348663559337,-0.0038048179207285,0.0018635815662679,-0.0045132256882255,0.0185531881136671,0.0084667384292398,0.0186635510680645,0.6784913277173099,-0.855957243792198,-0.8485946477665136,"Branson999 full FCV matrix, w15_step5_hp030",FlyWire783 cell-level side-aware median_PostDCA_positive
955,SPS_R,SPS,858,SPS,R,0,SPS_R_955,427,SPS_R,0.27201566244751013,0.2720307974045099,718,707,superior protocerebrum,1338,1191,0.0025924904185208,0.0003348663559337,0.0058226063415563,0.0003348663559337,-0.0038048179207285,0.0018635815662679,-0.0045132256882255,0.0185531881136671,0.0084667384292398,0.0186635510680645,0.6784913277173099,-0.3917072418869958,-0.37543851110269716,"Branson999 full FCV matrix, w15_step5_hp030",FlyWire783 cell-level side-aware median_PostDCA_positive
956,SPS_R,SPS,849,SPS,R,0,SPS_R_956,428,SPS_R,0.2756379115774153,0.2756529267970377,718,707,superior protocerebrum,1338,1191,0.0025924904185208,0.0003348663559337,0.0058226063415563,0.0003348663559337,-0.0038048179207285,0.0018635815662679,-0.0045132256882255,0.0185531881136671,0.0084667384292398,0.0186635510680645,0.6784913277173099,0.6504358913079901,0.6725538263836214,"Branson999 full FCV matrix, w15_step5_hp030",FlyWire783 cell-level side-aware median_PostDCA_positive
957,SPS_R,SPS,860,SPS,R,0,SPS_R_957,429,SPS_R,0.27615407963727495,0.2761784425607888,718,707,superior protocerebrum,1338,1191,0.0025924904185208,0.0003348663559337,0.0058226063415563,0.0003348663559337,-0.0038048179207285,0.0018635815662679,-0.0045132256882255,0.0185531881136671,0.0084667384292398,0.0186635510680645,0.6784913277173099,0.7989405854540282,0.8246015402989646,"Branson999 full FCV matrix, w15_step5_hp030",FlyWire783 cell-level side-aware median_PostDCA_positive
958,SPS_R,SPS,855,SPS,R,0,SPS_R_958,430,SPS_R,0.2727082088758871,0.27271322793854713,718,707,superior protocerebrum,1338,1191,0.0025924904185208,0.0003348663559337,0.0058226063415563,0.0003348663559337,-0.0038048179207285,0.0018635815662679,-0.0045132256882255,0.0185531881136671,0.0084667384292398,0.0186635510680645,0.6784913277173099,-0.19245741702178584,-0.17799057563880247,"Branson999 full FCV matrix, w15_step5_hp030",FlyWire783 cell-level side-aware median_PostDCA_positive
146,VES_R,VES,206,VES,R,0,VES_R_146,431,VES_R,0.2753914881381984,0.2753453788154624,718,713,inferior/ventrolateral protocerebrum,515,496,0.0059196704632409,0.0006108835195216,0.014554933943319,0.0006108835195216,-0.0027180829781906,0.0049627396953197,-0.012812201102631,0.0197899974539006,0.015161606618654,0.0185620406550057,0.704125823162281,0.5795383671929417,0.5835708295958247,"Branson999 full FCV matrix, w15_step5_hp030",FlyWire783 cell-level side-aware median_PostDCA_positive
147,VES_R,VES,201,VES,R,0,VES_R_147,432,VES_R,0.27718890223134734,0.2771495137893125,718,713,inferior/ventrolateral protocerebrum,515,496,0.0059196704632409,0.0006108835195216,0.014554933943319,0.0006108835195216,-0.0027180829781906,0.0049627396953197,-0.012812201102631,0.0197899974539006,0.015161606618654,0.0185620406550057,0.704125823162281,1.0966653475594448,1.1055620186147628,"Branson999 full FCV matrix, w15_step5_hp030",FlyWire783 cell-level side-aware median_PostDCA_positive
148,VES_R,VES,200,VES,R,0,VES_R_148,433,VES_R,0.2771460512951745,0.27711827349214935,718,713,inferior/ventrolateral protocerebrum,515,496,0.0059196704632409,0.0006108835195216,0.014554933943319,0.0006108835195216,-0.0027180829781906,0.0049627396953197,-0.012812201102631,0.0197899974539006,0.015161606618654,0.0185620406550057,0.704125823162281,1.0843368722718612,1.0965232492888135,"Branson999 full FCV matrix, w15_step5_hp030",FlyWire783 cell-level side-aware median_PostDCA_positive
149,VES_R,VES,203,VES,R,0,VES_R_149,434,VES_R,0.2759235769712144,0.2758976056909088,718,713,inferior/ventrolateral protocerebrum,515,496,0.0059196704632409,0.0006108835195216,0.014554933943319,0.0006108835195216,-0.0027180829781906,0.0049627396953197,-0.012812201102631,0.0197899974539006,0.015161606618654,0.0185620406550057,0.704125823162281,0.732623564729272,0.7433468815545845,"Branson999 full FCV matrix, w15_step5_hp030",FlyWire783 cell-level side-aware median_PostDCA_positive
150,VES_R,VES,207,VES,R,0,VES_R_150,435,VES_R,0.2743961898411981,0.2743576766059699,718,713,inferior/ventrolateral protocerebrum,515,496,0.0059196704632409,0.0006108835195216,0.014554933943319,0.0006108835195216,-0.0027180829781906,0.0049627396953197,-0.012812201102631,0.0197899974539006,0.015161606618654,0.0185620406550057,0.704125823162281,0.29318498604748927,0.29779850202469493,"Branson999 full FCV matrix, w15_step5_hp030",FlyWire783 cell-level side-aware median_PostDCA_positive
151,VES_R,VES,202,VES,R,0,VES_R_151,436,VES_R,0.2805695228710348,0.28054733739161986,718,713,inferior/ventrolateral protocerebrum,515,496,0.0059196704632409,0.0006108835195216,0.014554933943319,0.0006108835195216,-0.0027180829781906,0.0049627396953197,-0.012812201102631,0.0197899974539006,0.015161606618654,0.0185620406550057,0.704125823162281,2.0692904926663958,2.0886558602357055,"Branson999 full FCV matrix, w15_step5_hp030",FlyWire783 cell-level side-aware median_PostDCA_positive
779,WED_R,WED,802,WED,R,0,WED_R_779,437,WED_R,0.2741640716221155,0.2741640716221155,718,718,optic/lateral protocerebrum,789,756,0.0011441118771768,0.0,0.0061784847771976,0.0,0.0018852715074512,0.0011466239774962,0.0007532254037463,0.012935449669569,0.0050387277225694,0.0125623993673423,0.7920838311249557,0.22640316087999718,0.24178268436861178,"Branson999 full FCV matrix, w15_step5_hp030",FlyWire783 cell-level side-aware median_PostDCA_positive
989,AME_L,AME,2,AME,L,1,AME_L_989,460,AME_L,0.269533680131639,0.269533680131639,716,716,optic/lateral protocerebrum,24,23,0.0093828486833883,0.0,0.061750714383074,0.0,0.0009690628463992,0.0005392387849957,0.0031286628908945,0.003772548406603,0.0022133410811218,0.0064291281421904,0.7044327766271429,-1.1057886687667187,-1.0979305825267913,"Branson999 full FCV matrix, w15_step5_hp030",FlyWire783 cell-level side-aware median_PostDCA_positive
159,ATL_L,ATL,219,ATL,L,1,ATL_L_159,465,ATL_L,0.2752933511790324,0.2752933511790324,718,718,inferior/ventrolateral protocerebrum,42,38,-0.0063601240994187,0.0,0.0251573640891863,0.0,-0.0252259685261034,-1.2115351549307065e-06,-0.0242936470322321,0.0081194081525082,0.000644299733036,0.0060415390024605,0.4375515151095835,0.5513037664132443,0.5685176499858919,"Branson999 full FCV matrix, w15_step5_hp030",FlyWire783 cell-level side-aware median_PostDCA_positive
216,AVLP_L,AVLP,757,AVLP,L,1,AVLP_L_216,466,AVLP_L,0.2755311570563938,0.2755054098786755,718,685,optic/lateral protocerebrum,2005,1788,0.0025588138708559,0.0006125545526105,0.0051518339019697,0.0006125545526105,-0.0056654989765472,0.0001578790018266,-0.0067736467252359,0.017506590080857,0.0058189537551086,0.0197041968931228,0.7483254036878222,0.6197219655038367,0.62987268958821,"Branson999 full FCV matrix, w15_step5_hp030",FlyWire783 cell-level side-aware median_PostDCA_positive
217,AVLP_L,AVLP,728,AVLP,L,1,AVLP_L_217,467,AVLP_L,0.27980068293466254,0.27983044902709225,718,685,optic/lateral protocerebrum,2005,1788,0.0025588138708559,0.0006125545526105,0.0051518339019697,0.0006125545526105,-0.0056654989765472,0.0001578790018266,-0.0067736467252359,0.017506590080857,0.0058189537551086,0.0197041968931228,0.7483254036878222,1.8480905609440248,1.8812382250711808,"Branson999 full FCV matrix, w15_step5_hp030",FlyWire783 cell-level side-aware median_PostDCA_positive
218,AVLP_L,AVLP,758,AVLP,L,1,AVLP_L_218,468,AVLP_L,0.2766229715012724,0.27648253162569597,718,685,optic/lateral protocerebrum,2005,1788,0.0025588138708559,0.0006125545526105,0.0051518339019697,0.0006125545526105,-0.0056654989765472,0.0001578790018266,-0.0067736467252359,0.017506590080857,0.0058189537551086,0.0197041968931228,0.7483254036878222,0.933843630151216,0.9125837671607514,"Branson999 full FCV matrix, w15_step5_hp030",FlyWire783 cell-level side-aware median_PostDCA_positive
219,AVLP_L,AVLP,727,AVLP,L,1,AVLP_L_219,469,AVLP_L,0.27286870397387986,0.2727086000752291,718,685,optic/lateral protocerebrum,2005,1788,0.0025588138708559,0.0006125545526105,0.0051518339019697,0.0006125545526105,-0.0056654989765472,0.0001578790018266,-0.0067736467252359,0.017506590080857,0.0058189537551086,0.0197041968931228,0.7483254036878222,-0.14628199995736274,-0.17932955742841247,"Branson999 full FCV matrix, w15_step5_hp030",FlyWire783 cell-level side-aware median_PostDCA_positive
220,AVLP_L,AVLP,759,AVLP,L,1,AVLP_L_220,470,AVLP_L,0.2740493906671938,0.2739852099032828,718,685,optic/lateral protocerebrum,2005,1788,0.0025588138708559,0.0006125545526105,0.0051518339019697,0.0006125545526105,-0.0056654989765472,0.0001578790018266,-0.0067736467252359,0.017506590080857,0.0058189537551086,0.0197041968931228,0.7483254036878222,0.1934087517729138,0.19003254225801214,"Branson999 full FCV matrix, w15_step5_hp030",FlyWire783 cell-level side-aware median_PostDCA_positive
221,AVLP_L,AVLP,726,AVLP,L,1,AVLP_L_221,471,AVLP_L,0.2724276758954694,0.27242815048578956,718,685,optic/lateral protocerebrum,2005,1788,0.0025588138708559,0.0006125545526105,0.0051518339019697,0.0006125545526105,-0.0056654989765472,0.0001578790018266,-0.0067736467252359,0.017506590080857,0.0058189537551086,0.0197041968931228,0.7483254036878222,-0.2731684638582233,-0.26047216414758956,"Branson999 full FCV matrix, w15_step5_hp030",FlyWire783 cell-level side-aware median_PostDCA_positive
222,AVLP_L,AVLP,760,AVLP,L,1,AVLP_L_222,472,AVLP_L,0.27216239712349566,0.2720492544168838,718,685,optic/lateral protocerebrum,2005,1788,0.0025588138708559,0.0006125545526105,0.0051518339019697,0.0006125545526105,-0.0056654989765472,0.0001578790018266,-0.0067736467252359,0.017506590080857,0.0058189537551086,0.0197041968931228,0.7483254036878222,-0.34949078203131717,-0.3700983353539656,"Branson999 full FCV matrix, w15_step5_hp030",FlyWire783 cell-level side-aware median_PostDCA_positive
223,AVLP_L,AVLP,725,AVLP,L,1,AVLP_L_223,473,AVLP_L,0.2706767131721672,0.27059831245873045,718,685,optic/lateral protocerebrum,2005,1788,0.0025588138708559,0.0006125545526105,0.0051518339019697,0.0006125545526105,-0.0056654989765472,0.0001578790018266,-0.0067736467252359,0.017506590080857,0.0058189537551086,0.0197041968931228,0.7483254036878222,-0.7769311022435003,-0.7899000291915705,"Branson999 full FCV matrix, w15_step5_hp030",FlyWire783 cell-level side-aware median_PostDCA_positive
224,AVLP_L,AVLP,761,AVLP,L,1,AVLP_L_224,474,AVLP_L,0.27359646510015573,0.27356188301578366,718,685,optic/lateral protocerebrum,2005,1788,0.0025588138708559,0.0006125545526105,0.0051518339019697,0.0006125545526105,-0.0056654989765472,0.0001578790018266,-0.0067736467252359,0.017506590080857,0.0058189537551086,0.0197041968931228,0.7483254036878222,0.06309930794138634,0.06755118218671474,"Branson999 full FCV matrix, w15_step5_hp030",FlyWire783 cell-level side-aware median_PostDCA_positive
225,AVLP_L,AVLP,724,AVLP,L,1,AVLP_L_225,475,AVLP_L,0.27356489015658264,0.27346156365417795,718,685,optic/lateral protocerebrum,2005,1788,0.0025588138708559,0.0006125545526105,0.0051518339019697,0.0006125545526105,-0.0056654989765472,0.0001578790018266,-0.0067736467252359,0.017506590080857,0.0058189537551086,0.0197041968931228,0.7483254036878222,0.05401500439250992,0.038525735861913844,"Branson999 full FCV matrix, w15_step5_hp030",FlyWire783 cell-level side-aware median_PostDCA_positive
226,AVLP_L,AVLP,762,AVLP,L,1,AVLP_L_226,476,AVLP_L,0.2717033857692748,0.2716839493242852,718,685,optic/lateral protocerebrum,2005,1788,0.0025588138708559,0.0006125545526105,0.0051518339019697,0.0006125545526105,-0.0056654989765472,0.0001578790018266,-0.0067736467252359,0.017506590080857,0.0058189537551086,0.0197041968931228,0.7483254036878222,-0.4815511438961428,-0.47579222323049136,"Branson999 full FCV matrix, w15_step5_hp030",FlyWire783 cell-level side-aware median_PostDCA_positive
227,AVLP_L,AVLP,723,AVLP,L,1,AVLP_L_227,477,AVLP_L,0.2732296728501099,0.2731269849952037,718,685,optic/lateral protocerebrum,2005,1788,0.0025588138708559,0.0006125545526105,0.0051518339019697,0.0006125545526105,-0.0056654989765472,0.0001578790018266,-0.0067736467252359,0.017506590080857,0.0058189537551086,0.0197041968931228,0.7483254036878222,-0.04242905606277579,-0.058278059059049175,"Branson999 full FCV matrix, w15_step5_hp030",FlyWire783 cell-level side-aware median_PostDCA_positive
228,AVLP_L,AVLP,763,AVLP,L,1,AVLP_L_228,478,AVLP_L,0.2757536800579072,0.27579998093623986,718,685,optic/lateral protocerebrum,2005,1788,0.0025588138708559,0.0006125545526105,0.0051518339019697,0.0006125545526105,-0.0056654989765472,0.0001578790018266,-0.0067736467252359,0.017506590080857,0.0058189537551086,0.0197041968931228,0.7483254036878222,0.6837431881443603,0.715101067075094,"Branson999 full FCV matrix, w15_step5_hp030",FlyWire783 cell-level side-aware median_PostDCA_positive
229,AVLP_L,AVLP,722,AVLP,L,1,AVLP_L_229,479,AVLP_L,0.27290017668594146,0.27279815705153937,718,685,optic/lateral protocerebrum,2005,1788,0.0025588138708559,0.0006125545526105,0.0051518339019697,0.0006125545526105,-0.0056654989765472,0.0001578790018266,-0.0067736467252359,0.017506590080857,0.0058189537551086,0.0197041968931228,0.7483254036878222,-0.13722710903690105,-0.15341799691508615,"Branson999 full FCV matrix, w15_step5_hp030",FlyWire783 cell-level side-aware median_PostDCA_positive
230,AVLP_L,AVLP,764,AVLP,L,1,AVLP_L_230,480,AVLP_L,0.27135276967032534,0.27127664787678624,718,685,optic/lateral protocerebrum,2005,1788,0.0025588138708559,0.0006125545526105,0.0051518339019697,0.0006125545526105,-0.0056654989765472,0.0001578790018266,-0.0067736467252359,0.017506590080857,0.0058189537551086,0.0197041968931228,0.7483254036878222,-0.582425530721471,-0.5936369354891293,"Branson999 full FCV matrix, w15_step5_hp030",FlyWire783 cell-level side-aware median_PostDCA_positive
231,AVLP_L,AVLP,721,AVLP,L,1,AVLP_L_231,481,AVLP_L,0.2720813513734438,0.27199252233865473,718,685,optic/lateral protocerebrum,2005,1788,0.0025588138708559,0.0006125545526105,0.0051518339019697,0.0006125545526105,-0.0056654989765472,0.0001578790018266,-0.0067736467252359,0.017506590080857,0.0058189537551086,0.0197041968931228,0.7483254036878222,-0.37280813786801803,-0.3865126532401284,"Branson999 full FCV matrix, w15_step5_hp030",FlyWire783 cell-level side-aware median_PostDCA_positive
232,AVLP_L,AVLP,765,AVLP,L,1,AVLP_L_232,482,AVLP_L,0.2717403793948271,0.2717112636257809,718,685,optic/lateral protocerebrum,2005,1788,0.0025588138708559,0.0006125545526105,0.0051518339019697,0.0006125545526105,-0.0056654989765472,0.0001578790018266,-0.0067736467252359,0.017506590080857,0.0058189537551086,0.0197041968931228,0.7483254036878222,-0.4709078525435285,-0.467889364008964,"Branson999 full FCV matrix, w15_step5_hp030",FlyWire783 cell-level side-aware median_PostDCA_positive
233,AVLP_L,AVLP,720,AVLP,L,1,AVLP_L_233,483,AVLP_L,0.2722857401752709,0.27222459172247704,718,685,optic/lateral protocerebrum,2005,1788,0.0025588138708559,0.0006125545526105,0.0051518339019697,0.0006125545526105,-0.0056654989765472,0.0001578790018266,-0.0067736467252359,0.017506590080857,0.0058189537551086,0.0197041968931228,0.7483254036878222,-0.31400423490962476,-0.319367913322037,"Branson999 full FCV matrix, w15_step5_hp030",FlyWire783 cell-level side-aware median_PostDCA_positive
234,AVLP_L,AVLP,766,AVLP,L,1,AVLP_L_234,484,AVLP_L,0.2746874778773913,0.27473401197071673,718,685,optic/lateral protocerebrum,2005,1788,0.0025588138708559,0.0006125545526105,0.0051518339019697,0.0006125545526105,-0.0056654989765472,0.0001578790018266,-0.0067736467252359,0.017506590080857,0.0058189537551086,0.0197041968931228,0.7483254036878222,0.3769903279259211,0.40668378353712065,"Branson999 full FCV matrix, w15_step5_hp030",FlyWire783 cell-level side-aware median_PostDCA_positive
235,AVLP_L,AVLP,719,AVLP,L,1,AVLP_L_235,485,AVLP_L,0.2731442729170732,0.27305274061789037,718,685,optic/lateral protocerebrum,2005,1788,0.0025588138708559,0.0006125545526105,0.0051518339019697,0.0006125545526105,-0.0056654989765472,0.0001578790018266,-0.0067736467252359,0.017506590080857,0.0058189537551086,0.0197041968931228,0.7483254036878222,-0.06699913686001452,-0.07975921837001815,"Branson999 full FCV matrix, w15_step5_hp030",FlyWire783 cell-level side-aware median_PostDCA_positive
236,AVLP_L,AVLP,767,AVLP,L,1,AVLP_L_236,486,AVLP_L,0.2717837829168979,0.27173073858987684,718,685,optic/lateral protocerebrum,2005,1788,0.0025588138708559,0.0006125545526105,0.0051518339019697,0.0006125545526105,-0.0056654989765472,0.0001578790018266,-0.0067736467252359,0.017506590080857,0.0058189537551086,0.0197041968931228,0.7483254036878222,-0.45842039492799586,-0.4622546638275008,"Branson999 full FCV matrix, w15_step5_hp030",FlyWire783 cell-level side-aware median_PostDCA_positive
237,AVLP_L,AVLP,718,AVLP,L,1,AVLP_L_237,487,AVLP_L,0.27860488529407684,0.2786251959222572,718,685,optic/lateral protocerebrum,2005,1788,0.0025588138708559,0.0006125545526105,0.0051518339019697,0.0006125545526105,-0.0056654989765472,0.0001578790018266,-0.0067736467252359,0.017506590080857,0.0058189537551086,0.0197041968931228,0.7483254036878222,1.5040522976620694,1.532521798428771,"Branson999 full FCV matrix, w15_step5_hp030",FlyWire783 cell-level side-aware median_PostDCA_positive
238,AVLP_L,AVLP,768,AVLP,L,1,AVLP_L_238,488,AVLP_L,0.27480576930270956,0.2747837209853946,718,685,optic/lateral protocerebrum,2005,1788,0.0025588138708559,0.0006125545526105,0.0051518339019697,0.0006125545526105,-0.0056654989765472,0.0001578790018266,-0.0067736467252359,0.017506590080857,0.0058189537551086,0.0197041968931228,0.7483254036878222,0.4110234913528976,0.4210661152654902,"Branson999 full FCV matrix, w15_step5_hp030",FlyWire783 cell-level side-aware median_PostDCA_positive
239,AVLP_L,AVLP,717,AVLP,L,1,AVLP_L_239,489,AVLP_L,0.2726775040463618,0.2726237439002101,718,685,optic/lateral protocerebrum,2005,1788,0.0025588138708559,0.0006125545526105,0.0051518339019697,0.0006125545526105,-0.0056654989765472,0.0001578790018266,-0.0067736467252359,0.017506590080857,0.0058189537551086,0.0197041968931228,0.7483254036878222,-0.20129138346034636,-0.20388103297530674,"Branson999 full FCV matrix, w15_step5_hp030",FlyWire783 cell-level side-aware median_PostDCA_positive
240,AVLP_L,AVLP,769,AVLP,L,1,AVLP_L_240,490,AVLP_L,0.27748368951610103,0.2776040178792379,718,685,optic/lateral protocerebrum,2005,1788,0.0025588138708559,0.0006125545526105,0.0051518339019697,0.0006125545526105,-0.0056654989765472,0.0001578790018266,-0.0067736467252359,0.017506590080857,0.0058189537551086,0.0197041968931228,0.7483254036878222,1.1814774445582201,1.237063892783198,"Branson999 full FCV matrix, w15_step5_hp030",FlyWire783 cell-level side-aware median_PostDCA_positive
241,AVLP_L,AVLP,716,AVLP,L,1,AVLP_L_241,491,AVLP_L,0.28138186688663136,0.2815079667539355,718,685,optic/lateral protocerebrum,2005,1788,0.0025588138708559,0.0006125545526105,0.0051518339019697,0.0006125545526105,-0.0056654989765472,0.0001578790018266,-0.0067736467252359,0.017506590080857,0.0058189537551086,0.0197041968931228,0.7483254036878222,2.3030068129097097,2.366595188672734,"Branson999 full FCV matrix, w15_step5_hp030",FlyWire783 cell-level side-aware median_PostDCA_positive
242,AVLP_L,AVLP,770,AVLP,L,1,AVLP_L_242,492,AVLP_L,0.27385958021612894,0.27378347728083924,718,685,optic/lateral protocerebrum,2005,1788,0.0025588138708559,0.0006125545526105,0.0051518339019697,0.0006125545526105,-0.0056654989765472,0.0001578790018266,-0.0067736467252359,0.017506590080857,0.0058189537551086,0.0197041968931228,0.7483254036878222,0.13879912910704528,0.13166515124818318,"Branson999 full FCV matrix, w15_step5_hp030",FlyWire783 cell-level side-aware median_PostDCA_positive
243,AVLP_L,AVLP,715,AVLP,L,1,AVLP_L_243,493,AVLP_L,0.2718198813596232,0.2717537985337992,718,685,optic/lateral protocerebrum,2005,1788,0.0025588138708559,0.0006125545526105,0.0051518339019697,0.0006125545526105,-0.0056654989765472,0.0001578790018266,-0.0067736467252359,0.017506590080857,0.0058189537551086,0.0197041968931228,0.7483254036878222,-0.44803465312614094,-0.45558271980933035,"Branson999 full FCV matrix, w15_step5_hp030",FlyWire783 cell-level side-aware median_PostDCA_positive
244,AVLP_L,AVLP,771,AVLP,L,1,AVLP_L_244,494,AVLP_L,0.2721408698645535,0.2720603862725439,718,685,optic/lateral protocerebrum,2005,1788,0.0025588138708559,0.0006125545526105,0.0051518339019697,0.0006125545526105,-0.0056654989765472,0.0001578790018266,-0.0067736467252359,0.017506590080857,0.0058189537551086,0.0197041968931228,0.7483254036878222,-0.35568430552418545,-0.3668775505145695,"Branson999 full FCV matrix, w15_step5_hp030",FlyWire783 cell-level side-aware median_PostDCA_positive
245,AVLP_L,AVLP,714,AVLP,L,1,AVLP_L_245,495,AVLP_L,0.2727317940608779,0.2726571745546192,718,685,optic/lateral protocerebrum,2005,1788,0.0025588138708559,0.0006125545526105,0.0051518339019697,0.0006125545526105,-0.0056654989765472,0.0001578790018266,-0.0067736467252359,0.017506590080857,0.0058189537551086,0.0197041968931228,0.7483254036878222,-0.18567181567251256,-0.19420852659545518,"Branson999 full FCV matrix, w15_step5_hp030",FlyWire783 cell-level side-aware median_PostDCA_positive
246,AVLP_L,AVLP,772,AVLP,L,1,AVLP_L_246,496,AVLP_L,0.2791271613743641,0.2792111001812054,718,685,optic/lateral protocerebrum,2005,1788,0.0025588138708559,0.0006125545526105,0.0051518339019697,0.0006125545526105,-0.0056654989765472,0.0001578790018266,-0.0067736467252359,0.017506590080857,0.0058189537551086,0.0197041968931228,0.7483254036878222,1.6543143064813295,1.7020417430074963,"Branson999 full FCV matrix, w15_step5_hp030",FlyWire783 cell-level side-aware median_PostDCA_positive
247,AVLP_L,AVLP,713,AVLP,L,1,AVLP_L_247,497,AVLP_L,0.27185825732285346,0.2718357472149761,718,685,optic/lateral protocerebrum,2005,1788,0.0025588138708559,0.0006125545526105,0.0051518339019697,0.0006125545526105,-0.0056654989765472,0.0001578790018266,-0.0067736467252359,0.017506590080857,0.0058189537551086,0.0197041968931228,0.7483254036878222,-0.4369936548055207,-0.43187247077249036,"Branson999 full FCV matrix, w15_step5_hp030",FlyWire783 cell-level side-aware median_PostDCA_positive
248,AVLP_L,AVLP,773,AVLP,L,1,AVLP_L_248,498,AVLP_L,0.28199167256702357,0.28218246399187885,718,685,optic/lateral protocerebrum,2005,1788,0.0025588138708559,0.0006125545526105,0.0051518339019697,0.0006125545526105,-0.0056654989765472,0.0001578790018266,-0.0067736467252359,0.017506590080857,0.0058189537551086,0.0197041968931228,0.7483254036878222,2.478451620710843,2.561747779985049,"Branson999 full FCV matrix, w15_step5_hp030",FlyWire783 cell-level side-aware median_PostDCA_positive
249,AVLP_L,AVLP,712,AVLP,L,1,AVLP_L_249,499,AVLP_L,0.27397824056069914,0.27385464354359557,718,685,optic/lateral protocerebrum,2005,1788,0.0025588138708559,0.0006125545526105,0.0051518339019697,0.0006125545526105,-0.0056654989765472,0.0001578790018266,-0.0067736467252359,0.017506590080857,0.0058189537551086,0.0197041968931228,0.7483254036878222,0.1729384328494195,0.15225571828039008,"Branson999 full FCV matrix, w15_step5_hp030",FlyWire783 cell-level side-aware median_PostDCA_positive
134,CRE_L,CRE,223,CRE,L,1,CRE_L_134,500,CRE_L,0.2764684728489267,0.27643952628738894,718,709,inferior/ventrolateral protocerebrum,704,675,0.0003089837026198,7.844447145871609e-20,0.0024485271722526,7.844447145871609e-20,-0.0049864930875445,-2.3454246205980272e-05,0.0115219428982972,0.0207756652701866,0.0041261662364546,0.0235397050582183,0.6330252132147755,0.8893934270161971,0.9001410131526385,"Branson999 full FCV matrix, w15_step5_hp030",FlyWire783 cell-level side-aware median_PostDCA_positive
135,CRE_L,CRE,236,CRE,L,1,CRE_L_135,501,CRE_L,0.2709845191954605,0.2709501285118454,718,709,inferior/ventrolateral protocerebrum,704,675,0.0003089837026198,7.844447145871609e-20,0.0024485271722526,7.844447145871609e-20,-0.0049864930875445,-2.3454246205980272e-05,0.0115219428982972,0.0207756652701866,0.0041261662364546,0.0235397050582183,0.6330252132147755,-0.6883734348862576,-0.688108931217609,"Branson999 full FCV matrix, w15_step5_hp030",FlyWire783 cell-level side-aware median_PostDCA_positive
136,CRE_L,CRE,221,CRE,L,1,CRE_L_136,502,CRE_L,0.27449911617872974,0.27449737632848425,718,709,inferior/ventrolateral protocerebrum,704,675,0.0003089837026198,7.844447145871609e-20,0.0024485271722526,7.844447145871609e-20,-0.0049864930875445,-2.3454246205980272e-05,0.0115219428982972,0.0207756652701866,0.0041261662364546,0.0235397050582183,0.6330252132147755,0.32279752014899993,0.33821788600530395,"Branson999 full FCV matrix, w15_step5_hp030",FlyWire783 cell-level side-aware median_PostDCA_positive
137,CRE_L,CRE,235,CRE,L,1,CRE_L_137,503,CRE_L,0.2761027861781672,0.27605944846837843,718,709,inferior/ventrolateral protocerebrum,704,675,0.0003089837026198,7.844447145871609e-20,0.0024485271722526,7.844447145871609e-20,-0.0049864930875445,-2.3454246205980272e-05,0.0115219428982972,0.0207756652701866,0.0041261662364546,0.0235397050582183,0.6330252132147755,0.7841831449053797,0.7901729256532718,"Branson999 full FCV matrix, w15_step5_hp030",FlyWire783 cell-level side-aware median_PostDCA_positive
138,CRE_L,CRE,234,CRE,L,1,CRE_L_138,504,CRE_L,0.2748317406026734,0.2747654708200621,718,709,inferior/ventrolateral protocerebrum,704,675,0.0003089837026198,7.844447145871609e-20,0.0024485271722526,7.844447145871609e-20,-0.0049864930875445,-2.3454246205980272e-05,0.0115219428982972,0.0207756652701866,0.0041261662364546,0.0235397050582183,0.6330252132147755,0.4184955925107152,0.41578578666491667,"Branson999 full FCV matrix, w15_step5_hp030",FlyWire783 cell-level side-aware median_PostDCA_positive
139,CRE_L,CRE,225,CRE,L,1,CRE_L_139,505,CRE_L,0.2748591728737238,0.27476796242605606,718,709,inferior/ventrolateral protocerebrum,704,675,0.0003089837026198,7.844447145871609e-20,0.0024485271722526,7.844447145871609e-20,-0.0049864930875445,-2.3454246205980272e-05,0.0115219428982972,0.0207756652701866,0.0041261662364546,0.0235397050582183,0.6330252132147755,0.42638802394705455,0.4165066841555206,"Branson999 full FCV matrix, w15_step5_hp030",FlyWire783 cell-level side-aware median_PostDCA_positive
140,CRE_L,CRE,224,CRE,L,1,CRE_L_140,506,CRE_L,0.27535487426753275,0.2753301844753844,718,709,inferior/ventrolateral protocerebrum,704,675,0.0003089837026198,7.844447145871609e-20,0.0024485271722526,7.844447145871609e-20,-0.0049864930875445,-2.3454246205980272e-05,0.0115219428982972,0.0207756652701866,0.0041261662364546,0.0235397050582183,0.6330252132147755,0.5690043336338211,0.5791746443000225,"Branson999 full FCV matrix, w15_step5_hp030",FlyWire783 cell-level side-aware median_PostDCA_positive
141,CRE_L,CRE,220,CRE,L,1,CRE_L_141,507,CRE_L,0.27396094215925876,0.27395062608551607,718,709,inferior/ventrolateral protocerebrum,704,675,0.0003089837026198,7.844447145871609e-20,0.0024485271722526,7.844447145871609e-20,-0.0049864930875445,-2.3454246205980272e-05,0.0115219428982972,0.0207756652701866,0.0041261662364546,0.0235397050582183,0.6330252132147755,0.1679615774124181,0.18002639060166484,"Branson999 full FCV matrix, w15_step5_hp030",FlyWire783 cell-level side-aware median_PostDCA_positive
142,CRE_L,CRE,237,CRE,L,1,CRE_L_142,508,CRE_L,0.2750427420585307,0.27501804215082426,718,709,inferior/ventrolateral protocerebrum,704,675,0.0003089837026198,7.844447145871609e-20,0.0024485271722526,7.844447145871609e-20,-0.0049864930875445,-2.3454246205980272e-05,0.0115219428982972,0.0207756652701866,0.0041261662364546,0.0235397050582183,0.6330252132147755,0.4792019963028728,0.4888623641757938,"Branson999 full FCV matrix, w15_step5_hp030",FlyWire783 cell-level side-aware median_PostDCA_positive
143,CRE_L,CRE,222,CRE,L,1,CRE_L_143,509,CRE_L,0.2779720315831315,0.2779543691999332,718,709,inferior/ventrolateral protocerebrum,704,675,0.0003089837026198,7.844447145871609e-20,0.0024485271722526,7.844447145871609e-20,-0.0049864930875445,-2.3454246205980272e-05,0.0115219428982972,0.0207756652701866,0.0041261662364546,0.0235397050582183,0.6330252132147755,1.3219764311145012,1.3384311990628575,"Branson999 full FCV matrix, w15_step5_hp030",FlyWire783 cell-level side-aware median_PostDCA_positive
145,EPA_L,EPA,902,EPA,L,1,EPA_L_145,510,EPA_L,0.27213241360172885,0.27213241360172885,718,718,inferior/ventrolateral protocerebrum,11,11,-0.0369581721868362,0.0,0.1202046099669913,0.0,0.0446293887503689,0.0006428902440458,0.0295073207550427,0.0641271040364944,0.0121188405916985,0.0360269818767459,0.4958012371726421,-0.35811722383519695,-0.3460378507426254,"Branson999 full FCV matrix, w15_step5_hp030",FlyWire783 cell-level side-aware median_PostDCA_positive
913,IB_L,IB,216,IB,L,1,IB_L_913,513,IB_L,0.27317769873406056,0.27318227271004597,718,716,inferior/ventrolateral protocerebrum,128,116,0.0065261756838551,0.0,0.0186496216725279,0.0,0.028330329238535,0.0056384974087127,0.0149129229143107,0.0356146528386148,0.0115467902827769,0.0235209619970511,0.5125734054859159,-0.05738232575853644,-0.04228163948570598,"Branson999 full FCV matrix, w15_step5_hp030",FlyWire783 cell-level side-aware median_PostDCA_positive
914,IB_L,IB,214,IB,L,1,IB_L_914,514,IB_L,0.27233196584705116,0.2723320844064889,718,716,inferior/ventrolateral protocerebrum,128,116,0.0065261756838551,0.0,0.0186496216725279,0.0,0.028330329238535,0.0056384974087127,0.0149129229143107,0.0356146528386148,0.0115467902827769,0.0235209619970511,0.5125734054859159,-0.30070482763655915,-0.28826700637690317,"Branson999 full FCV matrix, w15_step5_hp030",FlyWire783 cell-level side-aware median_PostDCA_positive
915,IB_L,IB,215,IB,L,1,IB_L_915,515,IB_L,0.27418102911230385,0.27418551538027786,718,716,inferior/ventrolateral protocerebrum,128,116,0.0065261756838551,0.0,0.0186496216725279,0.0,0.028330329238535,0.0056384974087127,0.0149129229143107,0.0356146528386148,0.0115467902827769,0.0235209619970511,0.5125734054859159,0.23128193407373882,0.24798701662892256,"Branson999 full FCV matrix, w15_step5_hp030",FlyWire783 cell-level side-aware median_PostDCA_positive
319,ICL_L,ICL,197,ICL,L,1,ICL_L_319,516,ICL_L,0.27269362743449505,0.2726973982499873,718,711,optic/lateral protocerebrum,566,525,0.0018436013109097,5.873659349928741e-26,0.0057364791814904,5.873659349928741e-26,0.0042850023490588,0.001576847129987,0.0025058751708901,0.0141316259929802,0.0051010546740766,0.0121847313385815,0.5842391617747914,-0.19665258650732736,-0.18257058659858025,"Branson999 full FCV matrix, w15_step5_hp030",FlyWire783 cell-level side-aware median_PostDCA_positive
320,ICL_L,ICL,187,ICL,L,1,ICL_L_320,517,ICL_L,0.2732955680461518,0.2732956740416448,718,711,optic/lateral protocerebrum,566,525,0.0018436013109097,5.873659349928741e-26,0.0057364791814904,5.873659349928741e-26,0.0042850023490588,0.001576847129987,0.0025058751708901,0.0141316259929802,0.0051010546740766,0.0121847313385815,0.5842391617747914,-0.023470606877534817,-0.009471180858393317,"Branson999 full FCV matrix, w15_step5_hp030",FlyWire783 cell-level side-aware median_PostDCA_positive
321,ICL_L,ICL,183,ICL,L,1,ICL_L_321,518,ICL_L,0.27170474568696773,0.271701803702484,718,711,optic/lateral protocerebrum,566,525,0.0018436013109097,5.873659349928741e-26,0.0057364791814904,5.873659349928741e-26,0.0042850023490588,0.001576847129987,0.0025058751708901,0.0141316259929802,0.0051010546740766,0.0121847313385815,0.5842391617747914,-0.48115988729434706,-0.4706264079005602,"Branson999 full FCV matrix, w15_step5_hp030",FlyWire783 cell-level side-aware median_PostDCA_positive
322,ICL_L,ICL,198,ICL,L,1,ICL_L_322,519,ICL_L,0.2712263690414458,0.27120987367901417,718,711,optic/lateral protocerebrum,566,525,0.0018436013109097,5.873659349928741e-26,0.0057364791814904,5.873659349928741e-26,0.0042850023490588,0.001576847129987,0.0025058751708901,0.0141316259929802,0.0051010546740766,0.0121847313385815,0.5842391617747914,-0.6187917613958861,-0.6129567443704149,"Branson999 full FCV matrix, w15_step5_hp030",FlyWire783 cell-level side-aware median_PostDCA_positive
323,ICL_L,ICL,184,ICL,L,1,ICL_L_323,520,ICL_L,0.2758423206157932,0.2758497678092752,718,711,optic/lateral protocerebrum,566,525,0.0018436013109097,5.873659349928741e-26,0.0057364791814904,5.873659349928741e-26,0.0042850023490588,0.001576847129987,0.0025058751708901,0.0141316259929802,0.0051010546740766,0.0121847313385815,0.5842391617747914,0.7092456164452905,0.7295059255972939,"Branson999 full FCV matrix, w15_step5_hp030",FlyWire783 cell-level side-aware median_PostDCA_positive
324,ICL_L,ICL,188,ICL,L,1,ICL_L_324,521,ICL_L,0.2723339751767895,0.27232613430915736,718,711,optic/lateral protocerebrum,566,525,0.0018436013109097,5.873659349928741e-26,0.0057364791814904,5.873659349928741e-26,0.0042850023490588,0.001576847129987,0.0025058751708901,0.0141316259929802,0.0051010546740766,0.0121847313385815,0.5842391617747914,-0.3001267312345685,-0.2899885507324368,"Branson999 full FCV matrix, w15_step5_hp030",FlyWire783 cell-level side-aware median_PostDCA_positive
325,ICL_L,ICL,185,ICL,L,1,ICL_L_325,522,ICL_L,0.2741876488697801,0.27417143725639354,718,711,optic/lateral protocerebrum,566,525,0.0018436013109097,5.873659349928741e-26,0.0057364791814904,5.873659349928741e-26,0.0042850023490588,0.001576847129987,0.0025058751708901,0.0141316259929802,0.0051010546740766,0.0121847313385815,0.5842391617747914,0.2331864786121908,0.2439137866699413,"Branson999 full FCV matrix, w15_step5_hp030",FlyWire783 cell-level side-aware median_PostDCA_positive
326,ICL_L,ICL,186,ICL,L,1,ICL_L_326,523,ICL_L,0.27462757641758895,0.27465134087395005,718,711,optic/lateral protocerebrum,566,525,0.0018436013109097,5.873659349928741e-26,0.0057364791814904,5.873659349928741e-26,0.0042850023490588,0.001576847129987,0.0025058751708901,0.0141316259929802,0.0051010546740766,0.0121847313385815,0.5842391617747914,0.3597563131570378,0.3827645176705269,"Branson999 full FCV matrix, w15_step5_hp030",FlyWire783 cell-level side-aware median_PostDCA_positive
983,LAL_L,LAL,142,LAL,L,1,LAL_L_983,539,LAL_L,0.2755326844088649,0.2755203613553873,718,714,inferior/ventrolateral protocerebrum,678,673,0.0044447178720078,0.0001443163092578,0.0090573680580631,0.0001443163092578,0.0158525861949458,0.006198014247349,0.0101176505025235,0.0372312491272941,0.0186091877155498,0.0361901253693291,0.6596443212903678,0.6201613941109398,0.6341986071162858,"Branson999 full FCV matrix, w15_step5_hp030",FlyWire783 cell-level side-aware median_PostDCA_positive
984,LAL_L,LAL,144,LAL,L,1,LAL_L_984,540,LAL_L,0.27475007052706674,0.2747277751397766,718,714,inferior/ventrolateral protocerebrum,678,673,0.0044447178720078,0.0001443163092578,0.0090573680580631,0.0001443163092578,0.0158525861949458,0.006198014247349,0.0101176505025235,0.0372312491272941,0.0186091877155498,0.0361901253693291,0.6596443212903678,0.3949986144099212,0.40487927841674837,"Branson999 full FCV matrix, w15_step5_hp030",FlyWire783 cell-level side-aware median_PostDCA_positive
985,LAL_L,LAL,141,LAL,L,1,LAL_L_985,541,LAL_L,0.2790555998593005,0.27901429868083005,718,714,inferior/ventrolateral protocerebrum,678,673,0.0044447178720078,0.0001443163092578,0.0090573680580631,0.0001443163092578,0.0158525861949458,0.006198014247349,0.0101176505025235,0.0372312491272941,0.0186091877155498,0.0361901253693291,0.6596443212903678,1.6337256228071853,1.6451010757788156,"Branson999 full FCV matrix, w15_step5_hp030",FlyWire783 cell-level side-aware median_PostDCA_positive
986,LAL_L,LAL,148,LAL,L,1,LAL_L_986,542,LAL_L,0.27693160972006986,0.27690613643430867,718,714,inferior/ventrolateral protocerebrum,678,673,0.0044447178720078,0.0001443163092578,0.0090573680580631,0.0001443163092578,0.0158525861949458,0.006198014247349,0.0101176505025235,0.0372312491272941,0.0186091877155498,0.0361901253693291,0.6596443212903678,1.0226407252228402,1.0351455382736987,"Branson999 full FCV matrix, w15_step5_hp030",FlyWire783 cell-level side-aware median_PostDCA_positive
987,LAL_L,LAL,145,LAL,L,1,LAL_L_987,543,LAL_L,0.27945111259385047,0.2794218943264508,718,714,inferior/ventrolateral protocerebrum,678,673,0.0044447178720078,0.0001443163092578,0.0090573680580631,0.0001443163092578,0.0158525861949458,0.006198014247349,0.0101176505025235,0.0372312491272941,0.0186091877155498,0.0361901253693291,0.6596443212903678,1.7475170451032014,1.7630309085132692,"Branson999 full FCV matrix, w15_step5_hp030",FlyWire783 cell-level side-aware median_PostDCA_positive
838,LH_L,LH,89,LH,L,1,LH_L_838,545,LH_L,0.27183497391038103,0.2717230002337453,718,708,olfactory system,1973,1600,-0.0033701125672052,-0.0008003869546784,0.0032467657147912,0.0,0.0073878421151655,0.0023355524990645,0.0029102837144043,0.0154207396394683,0.0058420913357281,0.01256191601924,0.8518090925584685,-0.44369243436354766,-0.46449360591149497,"Branson999 full FCV matrix, w15_step5_hp030",FlyWire783 cell-level side-aware median_PostDCA_positive
839,LH_L,LH,104,LH,L,1,LH_L_839,546,LH_L,0.2788428016023885,0.2787420877996343,718,708,olfactory system,1973,1600,-0.0033701125672052,-0.0008003869546784,0.0032467657147912,0.0,0.0073878421151655,0.0023355524990645,0.0029102837144043,0.0154207396394683,0.0058420913357281,0.01256191601924,0.8518090925584685,1.5725022684095502,1.5663421782468612,"Branson999 full FCV matrix, w15_step5_hp030",FlyWire783 cell-level side-aware median_PostDCA_positive
840,LH_L,LH,88,LH,L,1,LH_L_840,547,LH_L,0.2744015697121665,0.27430131956763787,718,708,olfactory system,1973,1600,-0.0033701125672052,-0.0008003869546784,0.0032467657147912,0.0,0.0073878421151655,0.0023355524990645,0.0029102837144043,0.0154207396394683,0.0058420913357281,0.01256191601924,0.8518090925584685,0.29473280768705706,0.28149269460179854,"Branson999 full FCV matrix, w15_step5_hp030",FlyWire783 cell-level side-aware median_PostDCA_positive
841,LH_L,LH,105,LH,L,1,LH_L_841,548,LH_L,0.26883523319421115,0.268731977926098,718,708,olfactory system,1973,1600,-0.0033701125672052,-0.0008003869546784,0.0032467657147912,0.0,0.0073878421151655,0.0023355524990645,0.0029102837144043,0.0154207396394683,0.0058420913357281,0.01256191601924,0.8518090925584685,-1.3067361060183713,-1.3298874447211884,"Branson999 full FCV matrix, w15_step5_hp030",FlyWire783 cell-level side-aware median_PostDCA_positive
842,LH_L,LH,87,LH,L,1,LH_L_842,549,LH_L,0.27854573189154086,0.27849616934133253,718,708,olfactory system,1973,1600,-0.0033701125672052,-0.0008003869546784,0.0032467657147912,0.0,0.0073878421151655,0.0023355524990645,0.0029102837144043,0.0154207396394683,0.0058420913357281,0.01256191601924,0.8518090925584685,1.4870335035241833,1.4951904793378337,"Branson999 full FCV matrix, w15_step5_hp030",FlyWire783 cell-level side-aware median_PostDCA_positive
843,LH_L,LH,106,LH,L,1,LH_L_843,550,LH_L,0.2745121279357448,0.2744544357675488,718,708,olfactory system,1973,1600,-0.0033701125672052,-0.0008003869546784,0.0032467657147912,0.0,0.0073878421151655,0.0023355524990645,0.0029102837144043,0.0154207396394683,0.0058420913357281,0.01256191601924,0.8518090925584685,0.32654108188032976,0.3257938740634453,"Branson999 full FCV matrix, w15_step5_hp030",FlyWire783 cell-level side-aware median_PostDCA_positive
844,LH_L,LH,86,LH,L,1,LH_L_844,551,LH_L,0.27196236880401403,0.27186842156549884,718,708,olfactory system,1973,1600,-0.0033701125672052,-0.0008003869546784,0.0032467657147912,0.0,0.0073878421151655,0.0023355524990645,0.0029102837144043,0.0154207396394683,0.0058420913357281,0.01256191601924,0.8518090925584685,-0.4070401476647538,-0.4224187861385826,"Branson999 full FCV matrix, w15_step5_hp030",FlyWire783 cell-level side-aware median_PostDCA_positive
845,LH_L,LH,107,LH,L,1,LH_L_845,552,LH_L,0.27137153378149725,0.2712733078963152,718,708,olfactory system,1973,1600,-0.0033701125672052,-0.0008003869546784,0.0032467657147912,0.0,0.0073878421151655,0.0023355524990645,0.0029102837144043,0.0154207396394683,0.0058420913357281,0.01256191601924,0.8518090925584685,-0.5770269816689312,-0.5946032935513822,"Branson999 full FCV matrix, w15_step5_hp030",FlyWire783 cell-level side-aware median_PostDCA_positive
846,LH_L,LH,85,LH,L,1,LH_L_846,553,LH_L,0.2746707424003251,0.2745992641607039,718,708,olfactory system,1973,1600,-0.0033701125672052,-0.0008003869546784,0.0032467657147912,0.0,0.0073878421151655,0.0023355524990645,0.0029102837144043,0.0154207396394683,0.0058420913357281,0.01256191601924,0.8518090925584685,0.3721754292594262,0.36769713864314735,"Branson999 full FCV matrix, w15_step5_hp030",FlyWire783 cell-level side-aware median_PostDCA_positive
847,LH_L,LH,108,LH,L,1,LH_L_847,554,LH_L,0.27797155028483955,0.27792992425589297,718,708,olfactory system,1973,1600,-0.0033701125672052,-0.0008003869546784,0.0032467657147912,0.0,0.0073878421151655,0.0023355524990645,0.0029102837144043,0.0154207396394683,0.0058420913357281,0.01256191601924,0.8518090925584685,1.3218379586649323,1.3313585323333614,"Branson999 full FCV matrix, w15_step5_hp030",FlyWire783 cell-level side-aware median_PostDCA_positive
848,LH_L,LH,84,LH,L,1,LH_L_848,555,LH_L,0.2749880333718253,0.27487468908683865,718,708,olfactory system,1973,1600,-0.0033701125672052,-0.0008003869546784,0.0032467657147912,0.0,0.0073878421151655,0.0023355524990645,0.0029102837144043,0.0154207396394683,0.0058420913357281,0.01256191601924,0.8518090925584685,0.46346197397657474,0.4473859572528319,"Branson999 full FCV matrix, w15_step5_hp030",FlyWire783 cell-level side-aware median_PostDCA_positive
728,MB_L,MB,138,MB,L,1,MB_L_728,617,MB_L,0.2775130508726884,0.2772275751640163,718,703,mushroom body,2472,2145,0.0043636591433225,0.0028228930298063,0.0062076513879774,0.0028228930298063,-0.0569564167101986,3.324955995114724e-17,-0.0135387948897974,0.1238445491944881,0.0270413933980255,0.0591930742633097,0.4136311737999303,1.189924885651159,1.1281475515093027,"Branson999 full FCV matrix, w15_step5_hp030",FlyWire783 cell-level side-aware median_PostDCA_positive
729,MB_L,MB,115,MB,L,1,MB_L_729,618,MB_L,0.2806934508798492,0.2806871600176046,718,703,mushroom body,2472,2145,0.0043636591433225,0.0028228930298063,0.0062076513879774,0.0028228930298063,-0.0569564167101986,3.324955995114724e-17,-0.0135387948897974,0.1238445491944881,0.0270413933980255,0.0591930742633097,0.4136311737999303,2.1049453354904797,2.1291108039330484,"Branson999 full FCV matrix, w15_step5_hp030",FlyWire783 cell-level side-aware median_PostDCA_positive
730,MB_L,MB,109,MB,L,1,MB_L_730,619,MB_L,0.27514566337056995,0.274971890974137,718,703,mushroom body,2472,2145,0.0043636591433225,0.0028228930298063,0.0062076513879774,0.0028228930298063,-0.0569564167101986,3.324955995114724e-17,-0.0135387948897974,0.1238445491944881,0.0270413933980255,0.0591930742633097,0.4136311737999303,0.5088130845396288,0.4755094233244778,"Branson999 full FCV matrix, w15_step5_hp030",FlyWire783 cell-level side-aware median_PostDCA_positive
731,MB_L,MB,117,MB,L,1,MB_L_731,620,MB_L,0.2765919040725507,0.27649813687173996,718,703,mushroom body,2472,2145,0.0043636591433225,0.0028228930298063,0.0062076513879774,0.0028228930298063,-0.0569564167101986,3.324955995114724e-17,-0.0135387948897974,0.1238445491944881,0.0270413933980255,0.0591930742633097,0.4136311737999303,0.9249053417157065,0.9170988400657754,"Branson999 full FCV matrix, w15_step5_hp030",FlyWire783 cell-level side-aware median_PostDCA_positive
732,MB_L,MB,139,MB,L,1,MB_L_732,621,MB_L,0.2753429597400014,0.27514826236018186,718,703,mushroom body,2472,2145,0.0043636591433225,0.0028228930298063,0.0062076513879774,0.0028228930298063,-0.0569564167101986,3.324955995114724e-17,-0.0135387948897974,0.1238445491944881,0.0270413933980255,0.0591930742633097,0.4136311737999303,0.565576451506788,0.526539036321786,"Branson999 full FCV matrix, w15_step5_hp030",FlyWire783 cell-level side-aware median_PostDCA_positive
733,MB_L,MB,120,MB,L,1,MB_L_733,622,MB_L,0.2820026622508602,0.28201729113164,718,703,mushroom body,2472,2145,0.0043636591433225,0.0028228930298063,0.0062076513879774,0.0028228930298063,-0.0569564167101986,3.324955995114724e-17,-0.0135387948897974,0.1238445491944881,0.0270413933980255,0.0591930742633097,0.4136311737999303,2.4816134196748507,2.513958241530644,"Branson999 full FCV matrix, w15_step5_hp030",FlyWire783 cell-level side-aware median_PostDCA_positive
734,MB_L,MB,121,MB,L,1,MB_L_734,623,MB_L,0.2807036495795203,0.28058719490180495,718,703,mushroom body,2472,2145,0.0043636591433225,0.0028228930298063,0.0062076513879774,0.0028228930298063,-0.0569564167101986,3.324955995114724e-17,-0.0135387948897974,0.1238445491944881,0.0270413933980255,0.0591930742633097,0.4136311737999303,2.107879563493193,2.1001878517077466,"Branson999 full FCV matrix, w15_step5_hp030",FlyWire783 cell-level side-aware median_PostDCA_positive
735,MB_L,MB,110,MB,L,1,MB_L_735,624,MB_L,0.2755067196413386,0.27526495277881197,718,703,mushroom body,2472,2145,0.0043636591433225,0.0028228930298063,0.0062076513879774,0.0028228930298063,-0.0569564167101986,3.324955995114724e-17,-0.0135387948897974,0.1238445491944881,0.0270413933980255,0.0591930742633097,0.4136311737999303,0.6126911723751819,0.5603011279893834,"Branson999 full FCV matrix, w15_step5_hp030",FlyWire783 cell-level side-aware median_PostDCA_positive
736,MB_L,MB,119,MB,L,1,MB_L_736,625,MB_L,0.2806362746406655,0.28041626368208655,718,703,mushroom body,2472,2145,0.0043636591433225,0.0028228930298063,0.0062076513879774,0.0028228930298063,-0.0569564167101986,3.324955995114724e-17,-0.0135387948897974,0.1238445491944881,0.0270413933980255,0.0591930742633097,0.4136311737999303,2.0884953832894317,2.050732244497355,"Branson999 full FCV matrix, w15_step5_hp030",FlyWire783 cell-level side-aware median_PostDCA_positive
737,MB_L,MB,113,MB,L,1,MB_L_737,626,MB_L,0.2773565301473246,0.2772401489940651,718,703,mushroom body,2472,2145,0.0043636591433225,0.0028228930298063,0.0062076513879774,0.0028228930298063,-0.0569564167101986,3.324955995114724e-17,-0.0135387948897974,0.1238445491944881,0.0270413933980255,0.0591930742633097,0.4136311737999303,1.144892919794942,1.1317855434516133,"Branson999 full FCV matrix, w15_step5_hp030",FlyWire783 cell-level side-aware median_PostDCA_positive
738,MB_L,MB,116,MB,L,1,MB_L_738,627,MB_L,0.2812113187054058,0.2812849666950032,718,703,mushroom body,2472,2145,0.0043636591433225,0.0028228930298063,0.0062076513879774,0.0028228930298063,-0.0569564167101986,3.324955995114724e-17,-0.0135387948897974,0.1238445491944881,0.0270413933980255,0.0591930742633097,0.4136311737999303,2.253939062578636,2.302074480632266,"Branson999 full FCV matrix, w15_step5_hp030",FlyWire783 cell-level side-aware median_PostDCA_positive
739,MB_L,MB,111,MB,L,1,MB_L_739,628,MB_L,0.27624282830205704,0.27609633429333735,718,703,mushroom body,2472,2145,0.0043636591433225,0.0028228930298063,0.0062076513879774,0.0028228930298063,-0.0569564167101986,3.324955995114724e-17,-0.0135387948897974,0.1238445491944881,0.0270413933980255,0.0591930742633097,0.4136311737999303,0.8244741167672928,0.8008451180930438,"Branson999 full FCV matrix, w15_step5_hp030",FlyWire783 cell-level side-aware median_PostDCA_positive
740,MB_L,MB,114,MB,L,1,MB_L_740,629,MB_L,0.2767039866399022,0.27659505497671866,718,703,mushroom body,2472,2145,0.0043636591433225,0.0028228930298063,0.0062076513879774,0.0028228930298063,-0.0569564167101986,3.324955995114724e-17,-0.0135387948897974,0.1238445491944881,0.0270413933980255,0.0591930742633097,0.4136311737999303,0.9571521788953737,0.945140199270363,"Branson999 full FCV matrix, w15_step5_hp030",FlyWire783 cell-level side-aware median_PostDCA_positive
741,MB_L,MB,118,MB,L,1,MB_L_741,630,MB_L,0.2747217150442216,0.27461748615781845,718,703,mushroom body,2472,2145,0.0043636591433225,0.0028228930298063,0.0062076513879774,0.0028228930298063,-0.0569564167101986,3.324955995114724e-17,-0.0135387948897974,0.1238445491944881,0.0270413933980255,0.0591930742633097,0.4136311737999303,0.3868405693181257,0.37296931732045613,"Branson999 full FCV matrix, w15_step5_hp030",FlyWire783 cell-level side-aware median_PostDCA_positive
742,MB_L,MB,112,MB,L,1,MB_L_742,631,MB_L,0.2744122049298713,0.27424406843695315,718,703,mushroom body,2472,2145,0.0043636591433225,0.0028228930298063,0.0062076513879774,0.0028228930298063,-0.0569564167101986,3.324955995114724e-17,-0.0135387948897974,0.1238445491944881,0.0270413933980255,0.0591930742633097,0.4136311737999303,0.2977926245863326,0.2649281990335868,"Branson999 full FCV matrix, w15_step5_hp030",FlyWire783 cell-level side-aware median_PostDCA_positive
743,MB_L,MB,140,MB,L,1,MB_L_743,632,MB_L,0.28018625426984506,0.27994262819351934,718,703,mushroom body,2472,2145,0.0043636591433225,0.0028228930298063,0.0062076513879774,0.0028228930298063,-0.0569564167101986,3.324955995114724e-17,-0.0135387948897974,0.1238445491944881,0.0270413933980255,0.0591930742633097,0.4136311737999303,1.9590217821015845,1.9136950740958765,"Branson999 full FCV matrix, w15_step5_hp030",FlyWire783 cell-level side-aware median_PostDCA_positive
456,ME_L,ME,403,ME,L,1,ME_L_456,633,ME_L,,,0,0,optic/lateral protocerebrum,36515,17370,0.0005390230409539,-1.558948327760365e-07,0.0006102240924676,0.0,-0.0075254645606196,0.0039061802667059,-0.00522885531547,0.0137407167826744,0.0054805535017452,0.0198540710079499,0.994461520538547,,,"Branson999 full FCV matrix, w15_step5_hp030",FlyWire783 cell-level side-aware median_PostDCA_positive
457,ME_L,ME,533,ME,L,1,ME_L_457,634,ME_L,,,0,0,optic/lateral protocerebrum,36515,17370,0.0005390230409539,-1.558948327760365e-07,0.0006102240924676,0.0,-0.0075254645606196,0.0039061802667059,-0.00522885531547,0.0137407167826744,0.0054805535017452,0.0198540710079499,0.994461520538547,,,"Branson999 full FCV matrix, w15_step5_hp030",FlyWire783 cell-level side-aware median_PostDCA_positive
458,ME_L,ME,402,ME,L,1,ME_L_458,635,ME_L,,,0,0,optic/lateral protocerebrum,36515,17370,0.0005390230409539,-1.558948327760365e-07,0.0006102240924676,0.0,-0.0075254645606196,0.0039061802667059,-0.00522885531547,0.0137407167826744,0.0054805535017452,0.0198540710079499,0.994461520538547,,,"Branson999 full FCV matrix, w15_step5_hp030",FlyWire783 cell-level side-aware median_PostDCA_positive
459,ME_L,ME,534,ME,L,1,ME_L_459,636,ME_L,,,0,0,optic/lateral protocerebrum,36515,17370,0.0005390230409539,-1.558948327760365e-07,0.0006102240924676,0.0,-0.0075254645606196,0.0039061802667059,-0.00522885531547,0.0137407167826744,0.0054805535017452,0.0198540710079499,0.994461520538547,,,"Branson999 full FCV matrix, w15_step5_hp030",FlyWire783 cell-level side-aware median_PostDCA_positive
460,ME_L,ME,401,ME,L,1,ME_L_460,637,ME_L,,,0,0,optic/lateral protocerebrum,36515,17370,0.0005390230409539,-1.558948327760365e-07,0.0006102240924676,0.0,-0.0075254645606196,0.0039061802667059,-0.00522885531547,0.0137407167826744,0.0054805535017452,0.0198540710079499,0.994461520538547,,,"Branson999 full FCV matrix, w15_step5_hp030",FlyWire783 cell-level side-aware median_PostDCA_positive
461,ME_L,ME,535,ME,L,1,ME_L_461,638,ME_L,,,0,0,optic/lateral protocerebrum,36515,17370,0.0005390230409539,-1.558948327760365e-07,0.0006102240924676,0.0,-0.0075254645606196,0.0039061802667059,-0.00522885531547,0.0137407167826744,0.0054805535017452,0.0198540710079499,0.994461520538547,,,"Branson999 full FCV matrix, w15_step5_hp030",FlyWire783 cell-level side-aware median_PostDCA_positive
462,ME_L,ME,400,ME,L,1,ME_L_462,639,ME_L,,,0,0,optic/lateral protocerebrum,36515,17370,0.0005390230409539,-1.558948327760365e-07,0.0006102240924676,0.0,-0.0075254645606196,0.0039061802667059,-0.00522885531547,0.0137407167826744,0.0054805535017452,0.0198540710079499,0.994461520538547,,,"Branson999 full FCV matrix, w15_step5_hp030",FlyWire783 cell-level side-aware median_PostDCA_positive
463,ME_L,ME,536,ME,L,1,ME_L_463,640,ME_L,,,0,0,optic/lateral protocerebrum,36515,17370,0.0005390230409539,-1.558948327760365e-07,0.0006102240924676,0.0,-0.0075254645606196,0.0039061802667059,-0.00522885531547,0.0137407167826744,0.0054805535017452,0.0198540710079499,0.994461520538547,,,"Branson999 full FCV matrix, w15_step5_hp030",FlyWire783 cell-level side-aware median_PostDCA_positive
464,ME_L,ME,399,ME,L,1,ME_L_464,641,ME_L,,,0,0,optic/lateral protocerebrum,36515,17370,0.0005390230409539,-1.558948327760365e-07,0.0006102240924676,0.0,-0.0075254645606196,0.0039061802667059,-0.00522885531547,0.0137407167826744,0.0054805535017452,0.0198540710079499,0.994461520538547,,,"Branson999 full FCV matrix, w15_step5_hp030",FlyWire783 cell-level side-aware median_PostDCA_positive
465,ME_L,ME,537,ME,L,1,ME_L_465,642,ME_L,,,0,0,optic/lateral protocerebrum,36515,17370,0.0005390230409539,-1.558948327760365e-07,0.0006102240924676,0.0,-0.0075254645606196,0.0039061802667059,-0.00522885531547,0.0137407167826744,0.0054805535017452,0.0198540710079499,0.994461520538547,,,"Branson999 full FCV matrix, w15_step5_hp030",FlyWire783 cell-level side-aware median_PostDCA_positive
466,ME_L,ME,398,ME,L,1,ME_L_466,643,ME_L,,,0,0,optic/lateral protocerebrum,36515,17370,0.0005390230409539,-1.558948327760365e-07,0.0006102240924676,0.0,-0.0075254645606196,0.0039061802667059,-0.00522885531547,0.0137407167826744,0.0054805535017452,0.0198540710079499,0.994461520538547,,,"Branson999 full FCV matrix, w15_step5_hp030",FlyWire783 cell-level side-aware median_PostDCA_positive
467,ME_L,ME,538,ME,L,1,ME_L_467,644,ME_L,,,0,0,optic/lateral protocerebrum,36515,17370,0.0005390230409539,-1.558948327760365e-07,0.0006102240924676,0.0,-0.0075254645606196,0.0039061802667059,-0.00522885531547,0.0137407167826744,0.0054805535017452,0.0198540710079499,0.994461520538547,,,"Branson999 full FCV matrix, w15_step5_hp030",FlyWire783 cell-level side-aware median_PostDCA_positive
468,ME_L,ME,397,ME,L,1,ME_L_468,645,ME_L,,,0,0,optic/lateral protocerebrum,36515,17370,0.0005390230409539,-1.558948327760365e-07,0.0006102240924676,0.0,-0.0075254645606196,0.0039061802667059,-0.00522885531547,0.0137407167826744,0.0054805535017452,0.0198540710079499,0.994461520538547,,,"Branson999 full FCV matrix, w15_step5_hp030",FlyWire783 cell-level side-aware median_PostDCA_positive
469,ME_L,ME,539,ME,L,1,ME_L_469,646,ME_L,,,0,0,optic/lateral protocerebrum,36515,17370,0.0005390230409539,-1.558948327760365e-07,0.0006102240924676,0.0,-0.0075254645606196,0.0039061802667059,-0.00522885531547,0.0137407167826744,0.0054805535017452,0.0198540710079499,0.994461520538547,,,"Branson999 full FCV matrix, w15_step5_hp030",FlyWire783 cell-level side-aware median_PostDCA_positive
470,ME_L,ME,396,ME,L,1,ME_L_470,647,ME_L,,,0,0,optic/lateral protocerebrum,36515,17370,0.0005390230409539,-1.558948327760365e-07,0.0006102240924676,0.0,-0.0075254645606196,0.0039061802667059,-0.00522885531547,0.0137407167826744,0.0054805535017452,0.0198540710079499,0.994461520538547,,,"Branson999 full FCV matrix, w15_step5_hp030",FlyWire783 cell-level side-aware median_PostDCA_positive
471,ME_L,ME,540,ME,L,1,ME_L_471,648,ME_L,,,0,0,optic/lateral protocerebrum,36515,17370,0.0005390230409539,-1.558948327760365e-07,0.0006102240924676,0.0,-0.0075254645606196,0.0039061802667059,-0.00522885531547,0.0137407167826744,0.0054805535017452,0.0198540710079499,0.994461520538547,,,"Branson999 full FCV matrix, w15_step5_hp030",FlyWire783 cell-level side-aware median_PostDCA_positive
472,ME_L,ME,395,ME,L,1,ME_L_472,649,ME_L,,,0,0,optic/lateral protocerebrum,36515,17370,0.0005390230409539,-1.558948327760365e-07,0.0006102240924676,0.0,-0.0075254645606196,0.0039061802667059,-0.00522885531547,0.0137407167826744,0.0054805535017452,0.0198540710079499,0.994461520538547,,,"Branson999 full FCV matrix, w15_step5_hp030",FlyWire783 cell-level side-aware median_PostDCA_positive
473,ME_L,ME,541,ME,L,1,ME_L_473,650,ME_L,,,0,0,optic/lateral protocerebrum,36515,17370,0.0005390230409539,-1.558948327760365e-07,0.0006102240924676,0.0,-0.0075254645606196,0.0039061802667059,-0.00522885531547,0.0137407167826744,0.0054805535017452,0.0198540710079499,0.994461520538547,,,"Branson999 full FCV matrix, w15_step5_hp030",FlyWire783 cell-level side-aware median_PostDCA_positive
474,ME_L,ME,394,ME,L,1,ME_L_474,651,ME_L,,,0,0,optic/lateral protocerebrum,36515,17370,0.0005390230409539,-1.558948327760365e-07,0.0006102240924676,0.0,-0.0075254645606196,0.0039061802667059,-0.00522885531547,0.0137407167826744,0.0054805535017452,0.0198540710079499,0.994461520538547,,,"Branson999 full FCV matrix, w15_step5_hp030",FlyWire783 cell-level side-aware median_PostDCA_positive
475,ME_L,ME,542,ME,L,1,ME_L_475,652,ME_L,,,0,0,optic/lateral protocerebrum,36515,17370,0.0005390230409539,-1.558948327760365e-07,0.0006102240924676,0.0,-0.0075254645606196,0.0039061802667059,-0.00522885531547,0.0137407167826744,0.0054805535017452,0.0198540710079499,0.994461520538547,,,"Branson999 full FCV matrix, w15_step5_hp030",FlyWire783 cell-level side-aware median_PostDCA_positive
476,ME_L,ME,393,ME,L,1,ME_L_476,653,ME_L,,,0,0,optic/lateral protocerebrum,36515,17370,0.0005390230409539,-1.558948327760365e-07,0.0006102240924676,0.0,-0.0075254645606196,0.0039061802667059,-0.00522885531547,0.0137407167826744,0.0054805535017452,0.0198540710079499,0.994461520538547,,,"Branson999 full FCV matrix, w15_step5_hp030",FlyWire783 cell-level side-aware median_PostDCA_positive
477,ME_L,ME,543,ME,L,1,ME_L_477,654,ME_L,,,0,0,optic/lateral protocerebrum,36515,17370,0.0005390230409539,-1.558948327760365e-07,0.0006102240924676,0.0,-0.0075254645606196,0.0039061802667059,-0.00522885531547,0.0137407167826744,0.0054805535017452,0.0198540710079499,0.994461520538547,,,"Branson999 full FCV matrix, w15_step5_hp030",FlyWire783 cell-level side-aware median_PostDCA_positive
478,ME_L,ME,392,ME,L,1,ME_L_478,655,ME_L,,,0,0,optic/lateral protocerebrum,36515,17370,0.0005390230409539,-1.558948327760365e-07,0.0006102240924676,0.0,-0.0075254645606196,0.0039061802667059,-0.00522885531547,0.0137407167826744,0.0054805535017452,0.0198540710079499,0.994461520538547,,,"Branson999 full FCV matrix, w15_step5_hp030",FlyWire783 cell-level side-aware median_PostDCA_positive
479,ME_L,ME,544,ME,L,1,ME_L_479,656,ME_L,,,0,0,optic/lateral protocerebrum,36515,17370,0.0005390230409539,-1.558948327760365e-07,0.0006102240924676,0.0,-0.0075254645606196,0.0039061802667059,-0.00522885531547,0.0137407167826744,0.0054805535017452,0.0198540710079499,0.994461520538547,,,"Branson999 full FCV matrix, w15_step5_hp030",FlyWire783 cell-level side-aware median_PostDCA_positive
480,ME_L,ME,391,ME,L,1,ME_L_480,657,ME_L,0.26557313491034285,0.265547028104953,712,692,optic/lateral protocerebrum,36515,17370,0.0005390230409539,-1.558948327760365e-07,0.0006102240924676,0.0,-0.0075254645606196,0.0039061802667059,-0.00522885531547,0.0137407167826744,0.0054805535017452,0.0198540710079499,0.994461520538547,-2.245261647586936,-2.251390418834716,"Branson999 full FCV matrix, w15_step5_hp030",FlyWire783 cell-level side-aware median_PostDCA_positive
481,ME_L,ME,545,ME,L,1,ME_L_481,658,ME_L,0.26675090170489457,0.26670835752115024,716,695,optic/lateral protocerebrum,36515,17370,0.0005390230409539,-1.558948327760365e-07,0.0006102240924676,0.0,-0.0075254645606196,0.0039061802667059,-0.00522885531547,0.0137407167826744,0.0054805535017452,0.0198540710079499,0.994461520538547,-1.9064109685119472,-1.9153824529175154,"Branson999 full FCV matrix, w15_step5_hp030",FlyWire783 cell-level side-aware median_PostDCA_positive
482,ME_L,ME,390,ME,L,1,ME_L_482,659,ME_L,,,0,0,optic/lateral protocerebrum,36515,17370,0.0005390230409539,-1.558948327760365e-07,0.0006102240924676,0.0,-0.0075254645606196,0.0039061802667059,-0.00522885531547,0.0137407167826744,0.0054805535017452,0.0198540710079499,0.994461520538547,,,"Branson999 full FCV matrix, w15_step5_hp030",FlyWire783 cell-level side-aware median_PostDCA_positive
483,ME_L,ME,546,ME,L,1,ME_L_483,660,ME_L,0.2658001622906729,0.2657823351282834,713,694,optic/lateral protocerebrum,36515,17370,0.0005390230409539,-1.558948327760365e-07,0.0006102240924676,0.0,-0.0075254645606196,0.0039061802667059,-0.00522885531547,0.0137407167826744,0.0054805535017452,0.0198540710079499,0.994461520538547,-2.1799444877304057,-2.1833089312115224,"Branson999 full FCV matrix, w15_step5_hp030",FlyWire783 cell-level side-aware median_PostDCA_positive
484,ME_L,ME,389,ME,L,1,ME_L_484,661,ME_L,,,0,0,optic/lateral protocerebrum,36515,17370,0.0005390230409539,-1.558948327760365e-07,0.0006102240924676,0.0,-0.0075254645606196,0.0039061802667059,-0.00522885531547,0.0137407167826744,0.0054805535017452,0.0198540710079499,0.994461520538547,,,"Branson999 full FCV matrix, w15_step5_hp030",FlyWire783 cell-level side-aware median_PostDCA_positive
485,ME_L,ME,547,ME,L,1,ME_L_485,662,ME_L,,,0,0,optic/lateral protocerebrum,36515,17370,0.0005390230409539,-1.558948327760365e-07,0.0006102240924676,0.0,-0.0075254645606196,0.0039061802667059,-0.00522885531547,0.0137407167826744,0.0054805535017452,0.0198540710079499,0.994461520538547,,,"Branson999 full FCV matrix, w15_step5_hp030",FlyWire783 cell-level side-aware median_PostDCA_positive
486,ME_L,ME,388,ME,L,1,ME_L_486,663,ME_L,,,0,0,optic/lateral protocerebrum,36515,17370,0.0005390230409539,-1.558948327760365e-07,0.0006102240924676,0.0,-0.0075254645606196,0.0039061802667059,-0.00522885531547,0.0137407167826744,0.0054805535017452,0.0198540710079499,0.994461520538547,,,"Branson999 full FCV matrix, w15_step5_hp030",FlyWire783 cell-level side-aware median_PostDCA_positive
487,ME_L,ME,548,ME,L,1,ME_L_487,664,ME_L,,,0,0,optic/lateral protocerebrum,36515,17370,0.0005390230409539,-1.558948327760365e-07,0.0006102240924676,0.0,-0.0075254645606196,0.0039061802667059,-0.00522885531547,0.0137407167826744,0.0054805535017452,0.0198540710079499,0.994461520538547,,,"Branson999 full FCV matrix, w15_step5_hp030",FlyWire783 cell-level side-aware median_PostDCA_positive
488,ME_L,ME,387,ME,L,1,ME_L_488,665,ME_L,,,0,0,optic/lateral protocerebrum,36515,17370,0.0005390230409539,-1.558948327760365e-07,0.0006102240924676,0.0,-0.0075254645606196,0.0039061802667059,-0.00522885531547,0.0137407167826744,0.0054805535017452,0.0198540710079499,0.994461520538547,,,"Branson999 full FCV matrix, w15_step5_hp030",FlyWire783 cell-level side-aware median_PostDCA_positive
489,ME_L,ME,549,ME,L,1,ME_L_489,666,ME_L,,,0,0,optic/lateral protocerebrum,36515,17370,0.0005390230409539,-1.558948327760365e-07,0.0006102240924676,0.0,-0.0075254645606196,0.0039061802667059,-0.00522885531547,0.0137407167826744,0.0054805535017452,0.0198540710079499,0.994461520538547,,,"Branson999 full FCV matrix, w15_step5_hp030",FlyWire783 cell-level side-aware median_PostDCA_positive
490,ME_L,ME,386,ME,L,1,ME_L_490,667,ME_L,,,0,0,optic/lateral protocerebrum,36515,17370,0.0005390230409539,-1.558948327760365e-07,0.0006102240924676,0.0,-0.0075254645606196,0.0039061802667059,-0.00522885531547,0.0137407167826744,0.0054805535017452,0.0198540710079499,0.994461520538547,,,"Branson999 full FCV matrix, w15_step5_hp030",FlyWire783 cell-level side-aware median_PostDCA_positive
491,ME_L,ME,550,ME,L,1,ME_L_491,668,ME_L,0.27088145412570747,0.2710008290962351,716,695,optic/lateral protocerebrum,36515,17370,0.0005390230409539,-1.558948327760365e-07,0.0006102240924676,0.0,-0.0075254645606196,0.0039061802667059,-0.00522885531547,0.0137407167826744,0.0054805535017452,0.0198540710079499,0.994461520538547,-0.7180258830927163,-0.6734397081754789,"Branson999 full FCV matrix, w15_step5_hp030",FlyWire783 cell-level side-aware median_PostDCA_positive
492,ME_L,ME,385,ME,L,1,ME_L_492,669,ME_L,0.26978872517895547,0.26981927508504333,716,695,optic/lateral protocerebrum,36515,17370,0.0005390230409539,-1.558948327760365e-07,0.0006102240924676,0.0,-0.0075254645606196,0.0039061802667059,-0.00522885531547,0.0137407167826744,0.0054805535017452,0.0198540710079499,0.994461520538547,-1.0324106554981414,-1.015299265321512,"Branson999 full FCV matrix, w15_step5_hp030",FlyWire783 cell-level side-aware median_PostDCA_positive
493,ME_L,ME,551,ME,L,1,ME_L_493,670,ME_L,0.2668914883180484,0.26689464692189896,716,695,optic/lateral protocerebrum,36515,17370,0.0005390230409539,-1.558948327760365e-07,0.0006102240924676,0.0,-0.0075254645606196,0.0039061802667059,-0.00522885531547,0.0137407167826744,0.0054805535017452,0.0198540710079499,0.994461520538547,-1.8659633437730017,-1.8614832562343924,"Branson999 full FCV matrix, w15_step5_hp030",FlyWire783 cell-level side-aware median_PostDCA_positive
494,ME_L,ME,384,ME,L,1,ME_L_494,671,ME_L,0.2670194335980884,0.2670648558886201,716,695,optic/lateral protocerebrum,36515,17370,0.0005390230409539,-1.558948327760365e-07,0.0006102240924676,0.0,-0.0075254645606196,0.0039061802667059,-0.00522885531547,0.0137407167826744,0.0054805535017452,0.0198540710079499,0.994461520538547,-1.8291527075532075,-1.812236618810778,"Branson999 full FCV matrix, w15_step5_hp030",FlyWire783 cell-level side-aware median_PostDCA_positive
495,ME_L,ME,552,ME,L,1,ME_L_495,672,ME_L,0.26614180283954036,0.2661664315218226,716,695,optic/lateral protocerebrum,36515,17370,0.0005390230409539,-1.558948327760365e-07,0.0006102240924676,0.0,-0.0075254645606196,0.0039061802667059,-0.00522885531547,0.0137407167826744,0.0054805535017452,0.0198540710079499,0.994461520538547,-2.0816524213223353,-2.072178147723884,"Branson999 full FCV matrix, w15_step5_hp030",FlyWire783 cell-level side-aware median_PostDCA_positive
496,ME_L,ME,383,ME,L,1,ME_L_496,673,ME_L,0.2681646204569904,0.2682070463180151,716,695,optic/lateral protocerebrum,36515,17370,0.0005390230409539,-1.558948327760365e-07,0.0006102240924676,0.0,-0.0075254645606196,0.0039061802667059,-0.00522885531547,0.0137407167826744,0.0054805535017452,0.0198540710079499,0.994461520538547,-1.499675474367668,-1.4817661446124983,"Branson999 full FCV matrix, w15_step5_hp030",FlyWire783 cell-level side-aware median_PostDCA_positive
497,ME_L,ME,553,ME,L,1,ME_L_497,674,ME_L,0.2678053736660451,0.26786793878625215,716,695,optic/lateral protocerebrum,36515,17370,0.0005390230409539,-1.558948327760365e-07,0.0006102240924676,0.0,-0.0075254645606196,0.0039061802667059,-0.00522885531547,0.0137407167826744,0.0054805535017452,0.0198540710079499,0.994461520538547,-1.603032963838794,-1.579880280348407,"Branson999 full FCV matrix, w15_step5_hp030",FlyWire783 cell-level side-aware median_PostDCA_positive
498,ME_L,ME,382,ME,L,1,ME_L_498,675,ME_L,0.27090298960616604,0.27096866749170134,716,695,optic/lateral protocerebrum,36515,17370,0.0005390230409539,-1.558948327760365e-07,0.0006102240924676,0.0,-0.0075254645606196,0.0039061802667059,-0.00522885531547,0.0137407167826744,0.0054805535017452,0.0198540710079499,0.994461520538547,-0.7118299942195094,-0.682745039780183,"Branson999 full FCV matrix, w15_step5_hp030",FlyWire783 cell-level side-aware median_PostDCA_positive
499,ME_L,ME,554,ME,L,1,ME_L_499,676,ME_L,,,0,0,optic/lateral protocerebrum,36515,17370,0.0005390230409539,-1.558948327760365e-07,0.0006102240924676,0.0,-0.0075254645606196,0.0039061802667059,-0.00522885531547,0.0137407167826744,0.0054805535017452,0.0198540710079499,0.994461520538547,,,"Branson999 full FCV matrix, w15_step5_hp030",FlyWire783 cell-level side-aware median_PostDCA_positive
500,ME_L,ME,381,ME,L,1,ME_L_500,677,ME_L,,,0,0,optic/lateral protocerebrum,36515,17370,0.0005390230409539,-1.558948327760365e-07,0.0006102240924676,0.0,-0.0075254645606196,0.0039061802667059,-0.00522885531547,0.0137407167826744,0.0054805535017452,0.0198540710079499,0.994461520538547,,,"Branson999 full FCV matrix, w15_step5_hp030",FlyWire783 cell-level side-aware median_PostDCA_positive
501,ME_L,ME,555,ME,L,1,ME_L_501,678,ME_L,,,0,0,optic/lateral protocerebrum,36515,17370,0.0005390230409539,-1.558948327760365e-07,0.0006102240924676,0.0,-0.0075254645606196,0.0039061802667059,-0.00522885531547,0.0137407167826744,0.0054805535017452,0.0198540710079499,0.994461520538547,,,"Branson999 full FCV matrix, w15_step5_hp030",FlyWire783 cell-level side-aware median_PostDCA_positive
502,ME_L,ME,380,ME,L,1,ME_L_502,679,ME_L,,,0,0,optic/lateral protocerebrum,36515,17370,0.0005390230409539,-1.558948327760365e-07,0.0006102240924676,0.0,-0.0075254645606196,0.0039061802667059,-0.00522885531547,0.0137407167826744,0.0054805535017452,0.0198540710079499,0.994461520538547,,,"Branson999 full FCV matrix, w15_step5_hp030",FlyWire783 cell-level side-aware median_PostDCA_positive
503,ME_L,ME,556,ME,L,1,ME_L_503,680,ME_L,,,0,0,optic/lateral protocerebrum,36515,17370,0.0005390230409539,-1.558948327760365e-07,0.0006102240924676,0.0,-0.0075254645606196,0.0039061802667059,-0.00522885531547,0.0137407167826744,0.0054805535017452,0.0198540710079499,0.994461520538547,,,"Branson999 full FCV matrix, w15_step5_hp030",FlyWire783 cell-level side-aware median_PostDCA_positive
504,ME_L,ME,379,ME,L,1,ME_L_504,681,ME_L,,,0,0,optic/lateral protocerebrum,36515,17370,0.0005390230409539,-1.558948327760365e-07,0.0006102240924676,0.0,-0.0075254645606196,0.0039061802667059,-0.00522885531547,0.0137407167826744,0.0054805535017452,0.0198540710079499,0.994461520538547,,,"Branson999 full FCV matrix, w15_step5_hp030",FlyWire783 cell-level side-aware median_PostDCA_positive
505,ME_L,ME,557,ME,L,1,ME_L_505,682,ME_L,,,0,0,optic/lateral protocerebrum,36515,17370,0.0005390230409539,-1.558948327760365e-07,0.0006102240924676,0.0,-0.0075254645606196,0.0039061802667059,-0.00522885531547,0.0137407167826744,0.0054805535017452,0.0198540710079499,0.994461520538547,,,"Branson999 full FCV matrix, w15_step5_hp030",FlyWire783 cell-level side-aware median_PostDCA_positive
506,ME_L,ME,378,ME,L,1,ME_L_506,683,ME_L,,,0,0,optic/lateral protocerebrum,36515,17370,0.0005390230409539,-1.558948327760365e-07,0.0006102240924676,0.0,-0.0075254645606196,0.0039061802667059,-0.00522885531547,0.0137407167826744,0.0054805535017452,0.0198540710079499,0.994461520538547,,,"Branson999 full FCV matrix, w15_step5_hp030",FlyWire783 cell-level side-aware median_PostDCA_positive
507,ME_L,ME,558,ME,L,1,ME_L_507,684,ME_L,,,0,0,optic/lateral protocerebrum,36515,17370,0.0005390230409539,-1.558948327760365e-07,0.0006102240924676,0.0,-0.0075254645606196,0.0039061802667059,-0.00522885531547,0.0137407167826744,0.0054805535017452,0.0198540710079499,0.994461520538547,,,"Branson999 full FCV matrix, w15_step5_hp030",FlyWire783 cell-level side-aware median_PostDCA_positive
508,ME_L,ME,377,ME,L,1,ME_L_508,685,ME_L,,,0,0,optic/lateral protocerebrum,36515,17370,0.0005390230409539,-1.558948327760365e-07,0.0006102240924676,0.0,-0.0075254645606196,0.0039061802667059,-0.00522885531547,0.0137407167826744,0.0054805535017452,0.0198540710079499,0.994461520538547,,,"Branson999 full FCV matrix, w15_step5_hp030",FlyWire783 cell-level side-aware median_PostDCA_positive
509,ME_L,ME,559,ME,L,1,ME_L_509,686,ME_L,,,0,0,optic/lateral protocerebrum,36515,17370,0.0005390230409539,-1.558948327760365e-07,0.0006102240924676,0.0,-0.0075254645606196,0.0039061802667059,-0.00522885531547,0.0137407167826744,0.0054805535017452,0.0198540710079499,0.994461520538547,,,"Branson999 full FCV matrix, w15_step5_hp030",FlyWire783 cell-level side-aware median_PostDCA_positive
510,ME_L,ME,376,ME,L,1,ME_L_510,687,ME_L,,,0,0,optic/lateral protocerebrum,36515,17370,0.0005390230409539,-1.558948327760365e-07,0.0006102240924676,0.0,-0.0075254645606196,0.0039061802667059,-0.00522885531547,0.0137407167826744,0.0054805535017452,0.0198540710079499,0.994461520538547,,,"Branson999 full FCV matrix, w15_step5_hp030",FlyWire783 cell-level side-aware median_PostDCA_positive
511,ME_L,ME,560,ME,L,1,ME_L_511,688,ME_L,,,0,0,optic/lateral protocerebrum,36515,17370,0.0005390230409539,-1.558948327760365e-07,0.0006102240924676,0.0,-0.0075254645606196,0.0039061802667059,-0.00522885531547,0.0137407167826744,0.0054805535017452,0.0198540710079499,0.994461520538547,,,"Branson999 full FCV matrix, w15_step5_hp030",FlyWire783 cell-level side-aware median_PostDCA_positive
512,ME_L,ME,375,ME,L,1,ME_L_512,689,ME_L,,,0,0,optic/lateral protocerebrum,36515,17370,0.0005390230409539,-1.558948327760365e-07,0.0006102240924676,0.0,-0.0075254645606196,0.0039061802667059,-0.00522885531547,0.0137407167826744,0.0054805535017452,0.0198540710079499,0.994461520538547,,,"Branson999 full FCV matrix, w15_step5_hp030",FlyWire783 cell-level side-aware median_PostDCA_positive
513,ME_L,ME,561,ME,L,1,ME_L_513,690,ME_L,,,0,0,optic/lateral protocerebrum,36515,17370,0.0005390230409539,-1.558948327760365e-07,0.0006102240924676,0.0,-0.0075254645606196,0.0039061802667059,-0.00522885531547,0.0137407167826744,0.0054805535017452,0.0198540710079499,0.994461520538547,,,"Branson999 full FCV matrix, w15_step5_hp030",FlyWire783 cell-level side-aware median_PostDCA_positive
514,ME_L,ME,374,ME,L,1,ME_L_514,691,ME_L,,,0,0,optic/lateral protocerebrum,36515,17370,0.0005390230409539,-1.558948327760365e-07,0.0006102240924676,0.0,-0.0075254645606196,0.0039061802667059,-0.00522885531547,0.0137407167826744,0.0054805535017452,0.0198540710079499,0.994461520538547,,,"Branson999 full FCV matrix, w15_step5_hp030",FlyWire783 cell-level side-aware median_PostDCA_positive
515,ME_L,ME,562,ME,L,1,ME_L_515,692,ME_L,,,0,0,optic/lateral protocerebrum,36515,17370,0.0005390230409539,-1.558948327760365e-07,0.0006102240924676,0.0,-0.0075254645606196,0.0039061802667059,-0.00522885531547,0.0137407167826744,0.0054805535017452,0.0198540710079499,0.994461520538547,,,"Branson999 full FCV matrix, w15_step5_hp030",FlyWire783 cell-level side-aware median_PostDCA_positive
516,ME_L,ME,373,ME,L,1,ME_L_516,693,ME_L,,,0,0,optic/lateral protocerebrum,36515,17370,0.0005390230409539,-1.558948327760365e-07,0.0006102240924676,0.0,-0.0075254645606196,0.0039061802667059,-0.00522885531547,0.0137407167826744,0.0054805535017452,0.0198540710079499,0.994461520538547,,,"Branson999 full FCV matrix, w15_step5_hp030",FlyWire783 cell-level side-aware median_PostDCA_positive
517,ME_L,ME,563,ME,L,1,ME_L_517,694,ME_L,,,0,0,optic/lateral protocerebrum,36515,17370,0.0005390230409539,-1.558948327760365e-07,0.0006102240924676,0.0,-0.0075254645606196,0.0039061802667059,-0.00522885531547,0.0137407167826744,0.0054805535017452,0.0198540710079499,0.994461520538547,,,"Branson999 full FCV matrix, w15_step5_hp030",FlyWire783 cell-level side-aware median_PostDCA_positive
518,ME_L,ME,372,ME,L,1,ME_L_518,695,ME_L,,,0,0,optic/lateral protocerebrum,36515,17370,0.0005390230409539,-1.558948327760365e-07,0.0006102240924676,0.0,-0.0075254645606196,0.0039061802667059,-0.00522885531547,0.0137407167826744,0.0054805535017452,0.0198540710079499,0.994461520538547,,,"Branson999 full FCV matrix, w15_step5_hp030",FlyWire783 cell-level side-aware median_PostDCA_positive
519,ME_L,ME,564,ME,L,1,ME_L_519,696,ME_L,0.2654499071287478,0.26543760725830856,707,690,optic/lateral protocerebrum,36515,17370,0.0005390230409539,-1.558948327760365e-07,0.0006102240924676,0.0,-0.0075254645606196,0.0039061802667059,-0.00522885531547,0.0137407167826744,0.0054805535017452,0.0198540710079499,0.994461520538547,-2.2807150307758266,-2.2830492019475472,"Branson999 full FCV matrix, w15_step5_hp030",FlyWire783 cell-level side-aware median_PostDCA_positive
520,ME_L,ME,371,ME,L,1,ME_L_520,697,ME_L,,,0,0,optic/lateral protocerebrum,36515,17370,0.0005390230409539,-1.558948327760365e-07,0.0006102240924676,0.0,-0.0075254645606196,0.0039061802667059,-0.00522885531547,0.0137407167826744,0.0054805535017452,0.0198540710079499,0.994461520538547,,,"Branson999 full FCV matrix, w15_step5_hp030",FlyWire783 cell-level side-aware median_PostDCA_positive
521,ME_L,ME,565,ME,L,1,ME_L_521,698,ME_L,,,0,0,optic/lateral protocerebrum,36515,17370,0.0005390230409539,-1.558948327760365e-07,0.0006102240924676,0.0,-0.0075254645606196,0.0039061802667059,-0.00522885531547,0.0137407167826744,0.0054805535017452,0.0198540710079499,0.994461520538547,,,"Branson999 full FCV matrix, w15_step5_hp030",FlyWire783 cell-level side-aware median_PostDCA_positive
522,ME_L,ME,370,ME,L,1,ME_L_522,699,ME_L,,,0,0,optic/lateral protocerebrum,36515,17370,0.0005390230409539,-1.558948327760365e-07,0.0006102240924676,0.0,-0.0075254645606196,0.0039061802667059,-0.00522885531547,0.0137407167826744,0.0054805535017452,0.0198540710079499,0.994461520538547,,,"Branson999 full FCV matrix, w15_step5_hp030",FlyWire783 cell-level side-aware median_PostDCA_positive
523,ME_L,ME,566,ME,L,1,ME_L_523,700,ME_L,,,0,0,optic/lateral protocerebrum,36515,17370,0.0005390230409539,-1.558948327760365e-07,0.0006102240924676,0.0,-0.0075254645606196,0.0039061802667059,-0.00522885531547,0.0137407167826744,0.0054805535017452,0.0198540710079499,0.994461520538547,,,"Branson999 full FCV matrix, w15_step5_hp030",FlyWire783 cell-level side-aware median_PostDCA_positive
524,ME_L,ME,369,ME,L,1,ME_L_524,701,ME_L,,,0,0,optic/lateral protocerebrum,36515,17370,0.0005390230409539,-1.558948327760365e-07,0.0006102240924676,0.0,-0.0075254645606196,0.0039061802667059,-0.00522885531547,0.0137407167826744,0.0054805535017452,0.0198540710079499,0.994461520538547,,,"Branson999 full FCV matrix, w15_step5_hp030",FlyWire783 cell-level side-aware median_PostDCA_positive
525,ME_L,ME,567,ME,L,1,ME_L_525,702,ME_L,0.2630316266672078,0.2629845310220084,678,662,optic/lateral protocerebrum,36515,17370,0.0005390230409539,-1.558948327760365e-07,0.0006102240924676,0.0,-0.0075254645606196,0.0039061802667059,-0.00522885531547,0.0137407167826744,0.0054805535017452,0.0198540710079499,0.994461520538547,-2.9764690462373364,-2.9927988603158395,"Branson999 full FCV matrix, w15_step5_hp030",FlyWire783 cell-level side-aware median_PostDCA_positive
526,ME_L,ME,368,ME,L,1,ME_L_526,703,ME_L,,,0,0,optic/lateral protocerebrum,36515,17370,0.0005390230409539,-1.558948327760365e-07,0.0006102240924676,0.0,-0.0075254645606196,0.0039061802667059,-0.00522885531547,0.0137407167826744,0.0054805535017452,0.0198540710079499,0.994461520538547,,,"Branson999 full FCV matrix, w15_step5_hp030",FlyWire783 cell-level side-aware median_PostDCA_positive
527,ME_L,ME,568,ME,L,1,ME_L_527,704,ME_L,,,0,0,optic/lateral protocerebrum,36515,17370,0.0005390230409539,-1.558948327760365e-07,0.0006102240924676,0.0,-0.0075254645606196,0.0039061802667059,-0.00522885531547,0.0137407167826744,0.0054805535017452,0.0198540710079499,0.994461520538547,,,"Branson999 full FCV matrix, w15_step5_hp030",FlyWire783 cell-level side-aware median_PostDCA_positive
528,ME_L,ME,367,ME,L,1,ME_L_528,705,ME_L,,,0,0,optic/lateral protocerebrum,36515,17370,0.0005390230409539,-1.558948327760365e-07,0.0006102240924676,0.0,-0.0075254645606196,0.0039061802667059,-0.00522885531547,0.0137407167826744,0.0054805535017452,0.0198540710079499,0.994461520538547,,,"Branson999 full FCV matrix, w15_step5_hp030",FlyWire783 cell-level side-aware median_PostDCA_positive
529,ME_L,ME,569,ME,L,1,ME_L_529,706,ME_L,,,0,0,optic/lateral protocerebrum,36515,17370,0.0005390230409539,-1.558948327760365e-07,0.0006102240924676,0.0,-0.0075254645606196,0.0039061802667059,-0.00522885531547,0.0137407167826744,0.0054805535017452,0.0198540710079499,0.994461520538547,,,"Branson999 full FCV matrix, w15_step5_hp030",FlyWire783 cell-level side-aware median_PostDCA_positive
530,ME_L,ME,366,ME,L,1,ME_L_530,707,ME_L,,,0,0,optic/lateral protocerebrum,36515,17370,0.0005390230409539,-1.558948327760365e-07,0.0006102240924676,0.0,-0.0075254645606196,0.0039061802667059,-0.00522885531547,0.0137407167826744,0.0054805535017452,0.0198540710079499,0.994461520538547,,,"Branson999 full FCV matrix, w15_step5_hp030",FlyWire783 cell-level side-aware median_PostDCA_positive
531,ME_L,ME,570,ME,L,1,ME_L_531,708,ME_L,0.26728824245002364,0.26727131208931093,715,694,optic/lateral protocerebrum,36515,17370,0.0005390230409539,-1.558948327760365e-07,0.0006102240924676,0.0,-0.0075254645606196,0.0039061802667059,-0.00522885531547,0.0137407167826744,0.0054805535017452,0.0198540710079499,0.994461520538547,-1.7518147638779509,-1.7525025527675098,"Branson999 full FCV matrix, w15_step5_hp030",FlyWire783 cell-level side-aware median_PostDCA_positive
532,ME_L,ME,365,ME,L,1,ME_L_532,709,ME_L,,,0,0,optic/lateral protocerebrum,36515,17370,0.0005390230409539,-1.558948327760365e-07,0.0006102240924676,0.0,-0.0075254645606196,0.0039061802667059,-0.00522885531547,0.0137407167826744,0.0054805535017452,0.0198540710079499,0.994461520538547,,,"Branson999 full FCV matrix, w15_step5_hp030",FlyWire783 cell-level side-aware median_PostDCA_positive
533,ME_L,ME,571,ME,L,1,ME_L_533,710,ME_L,,,0,0,optic/lateral protocerebrum,36515,17370,0.0005390230409539,-1.558948327760365e-07,0.0006102240924676,0.0,-0.0075254645606196,0.0039061802667059,-0.00522885531547,0.0137407167826744,0.0054805535017452,0.0198540710079499,0.994461520538547,,,"Branson999 full FCV matrix, w15_step5_hp030",FlyWire783 cell-level side-aware median_PostDCA_positive
534,ME_L,ME,364,ME,L,1,ME_L_534,711,ME_L,,,0,0,optic/lateral protocerebrum,36515,17370,0.0005390230409539,-1.558948327760365e-07,0.0006102240924676,0.0,-0.0075254645606196,0.0039061802667059,-0.00522885531547,0.0137407167826744,0.0054805535017452,0.0198540710079499,0.994461520538547,,,"Branson999 full FCV matrix, w15_step5_hp030",FlyWire783 cell-level side-aware median_PostDCA_positive
535,ME_L,ME,572,ME,L,1,ME_L_535,712,ME_L,,,0,0,optic/lateral protocerebrum,36515,17370,0.0005390230409539,-1.558948327760365e-07,0.0006102240924676,0.0,-0.0075254645606196,0.0039061802667059,-0.00522885531547,0.0137407167826744,0.0054805535017452,0.0198540710079499,0.994461520538547,,,"Branson999 full FCV matrix, w15_step5_hp030",FlyWire783 cell-level side-aware median_PostDCA_positive
536,ME_L,ME,363,ME,L,1,ME_L_536,713,ME_L,,,0,0,optic/lateral protocerebrum,36515,17370,0.0005390230409539,-1.558948327760365e-07,0.0006102240924676,0.0,-0.0075254645606196,0.0039061802667059,-0.00522885531547,0.0137407167826744,0.0054805535017452,0.0198540710079499,0.994461520538547,,,"Branson999 full FCV matrix, w15_step5_hp030",FlyWire783 cell-level side-aware median_PostDCA_positive
537,ME_L,ME,573,ME,L,1,ME_L_537,714,ME_L,,,0,0,optic/lateral protocerebrum,36515,17370,0.0005390230409539,-1.558948327760365e-07,0.0006102240924676,0.0,-0.0075254645606196,0.0039061802667059,-0.00522885531547,0.0137407167826744,0.0054805535017452,0.0198540710079499,0.994461520538547,,,"Branson999 full FCV matrix, w15_step5_hp030",FlyWire783 cell-level side-aware median_PostDCA_positive
538,ME_L,ME,362,ME,L,1,ME_L_538,715,ME_L,,,0,0,optic/lateral protocerebrum,36515,17370,0.0005390230409539,-1.558948327760365e-07,0.0006102240924676,0.0,-0.0075254645606196,0.0039061802667059,-0.00522885531547,0.0137407167826744,0.0054805535017452,0.0198540710079499,0.994461520538547,,,"Branson999 full FCV matrix, w15_step5_hp030",FlyWire783 cell-level side-aware median_PostDCA_positive
539,ME_L,ME,574,ME,L,1,ME_L_539,716,ME_L,,,0,0,optic/lateral protocerebrum,36515,17370,0.0005390230409539,-1.558948327760365e-07,0.0006102240924676,0.0,-0.0075254645606196,0.0039061802667059,-0.00522885531547,0.0137407167826744,0.0054805535017452,0.0198540710079499,0.994461520538547,,,"Branson999 full FCV matrix, w15_step5_hp030",FlyWire783 cell-level side-aware median_PostDCA_positive
540,ME_L,ME,361,ME,L,1,ME_L_540,717,ME_L,,,0,0,optic/lateral protocerebrum,36515,17370,0.0005390230409539,-1.558948327760365e-07,0.0006102240924676,0.0,-0.0075254645606196,0.0039061802667059,-0.00522885531547,0.0137407167826744,0.0054805535017452,0.0198540710079499,0.994461520538547,,,"Branson999 full FCV matrix, w15_step5_hp030",FlyWire783 cell-level side-aware median_PostDCA_positive
541,ME_L,ME,575,ME,L,1,ME_L_541,718,ME_L,,,0,0,optic/lateral protocerebrum,36515,17370,0.0005390230409539,-1.558948327760365e-07,0.0006102240924676,0.0,-0.0075254645606196,0.0039061802667059,-0.00522885531547,0.0137407167826744,0.0054805535017452,0.0198540710079499,0.994461520538547,,,"Branson999 full FCV matrix, w15_step5_hp030",FlyWire783 cell-level side-aware median_PostDCA_positive
542,ME_L,ME,360,ME,L,1,ME_L_542,719,ME_L,,,0,0,optic/lateral protocerebrum,36515,17370,0.0005390230409539,-1.558948327760365e-07,0.0006102240924676,0.0,-0.0075254645606196,0.0039061802667059,-0.00522885531547,0.0137407167826744,0.0054805535017452,0.0198540710079499,0.994461520538547,,,"Branson999 full FCV matrix, w15_step5_hp030",FlyWire783 cell-level side-aware median_PostDCA_positive
543,ME_L,ME,576,ME,L,1,ME_L_543,720,ME_L,,,0,0,optic/lateral protocerebrum,36515,17370,0.0005390230409539,-1.558948327760365e-07,0.0006102240924676,0.0,-0.0075254645606196,0.0039061802667059,-0.00522885531547,0.0137407167826744,0.0054805535017452,0.0198540710079499,0.994461520538547,,,"Branson999 full FCV matrix, w15_step5_hp030",FlyWire783 cell-level side-aware median_PostDCA_positive
544,ME_L,ME,359,ME,L,1,ME_L_544,721,ME_L,,,0,0,optic/lateral protocerebrum,36515,17370,0.0005390230409539,-1.558948327760365e-07,0.0006102240924676,0.0,-0.0075254645606196,0.0039061802667059,-0.00522885531547,0.0137407167826744,0.0054805535017452,0.0198540710079499,0.994461520538547,,,"Branson999 full FCV matrix, w15_step5_hp030",FlyWire783 cell-level side-aware median_PostDCA_positive
545,ME_L,ME,577,ME,L,1,ME_L_545,722,ME_L,0.2683596475998517,0.26839266976737675,716,695,optic/lateral protocerebrum,36515,17370,0.0005390230409539,-1.558948327760365e-07,0.0006102240924676,0.0,-0.0075254645606196,0.0039061802667059,-0.00522885531547,0.0137407167826744,0.0054805535017452,0.0198540710079499,0.994461520538547,-1.4435649777037196,-1.4280596279457904,"Branson999 full FCV matrix, w15_step5_hp030",FlyWire783 cell-level side-aware median_PostDCA_positive
546,ME_L,ME,358,ME,L,1,ME_L_546,723,ME_L,0.27021681228242506,0.27024312885805013,716,695,optic/lateral protocerebrum,36515,17370,0.0005390230409539,-1.558948327760365e-07,0.0006102240924676,0.0,-0.0075254645606196,0.0039061802667059,-0.00522885531547,0.0137407167826744,0.0054805535017452,0.0198540710079499,0.994461520538547,-0.9092473888948189,-0.8926654612276717,"Branson999 full FCV matrix, w15_step5_hp030",FlyWire783 cell-level side-aware median_PostDCA_positive
547,ME_L,ME,578,ME,L,1,ME_L_547,724,ME_L,,,0,0,optic/lateral protocerebrum,36515,17370,0.0005390230409539,-1.558948327760365e-07,0.0006102240924676,0.0,-0.0075254645606196,0.0039061802667059,-0.00522885531547,0.0137407167826744,0.0054805535017452,0.0198540710079499,0.994461520538547,,,"Branson999 full FCV matrix, w15_step5_hp030",FlyWire783 cell-level side-aware median_PostDCA_positive
548,ME_L,ME,357,ME,L,1,ME_L_548,725,ME_L,,,0,0,optic/lateral protocerebrum,36515,17370,0.0005390230409539,-1.558948327760365e-07,0.0006102240924676,0.0,-0.0075254645606196,0.0039061802667059,-0.00522885531547,0.0137407167826744,0.0054805535017452,0.0198540710079499,0.994461520538547,,,"Branson999 full FCV matrix, w15_step5_hp030",FlyWire783 cell-level side-aware median_PostDCA_positive
549,ME_L,ME,579,ME,L,1,ME_L_549,726,ME_L,0.26636859579060684,0.26636540880957515,716,695,optic/lateral protocerebrum,36515,17370,0.0005390230409539,-1.558948327760365e-07,0.0006102240924676,0.0,-0.0075254645606196,0.0039061802667059,-0.00522885531547,0.0137407167826744,0.0054805535017452,0.0198540710079499,0.994461520538547,-2.0164027081925413,-2.01460795894801,"Branson999 full FCV matrix, w15_step5_hp030",FlyWire783 cell-level side-aware median_PostDCA_positive
550,ME_L,ME,356,ME,L,1,ME_L_550,727,ME_L,0.2687736055453806,0.2687790730579122,716,695,optic/lateral protocerebrum,36515,17370,0.0005390230409539,-1.558948327760365e-07,0.0006102240924676,0.0,-0.0075254645606196,0.0039061802667059,-0.00522885531547,0.0137407167826744,0.0054805535017452,0.0198540710079499,0.994461520538547,-1.3244667558826988,-1.3162613889055041,"Branson999 full FCV matrix, w15_step5_hp030",FlyWire783 cell-level side-aware median_PostDCA_positive
551,ME_L,ME,580,ME,L,1,ME_L_551,728,ME_L,0.2641433349250109,0.26414857108547596,709,690,optic/lateral protocerebrum,36515,17370,0.0005390230409539,-1.558948327760365e-07,0.0006102240924676,0.0,-0.0075254645606196,0.0039061802667059,-0.00522885531547,0.0137407167826744,0.0054805535017452,0.0198540710079499,0.994461520538547,-2.656623810463618,-2.656006621596355,"Branson999 full FCV matrix, w15_step5_hp030",FlyWire783 cell-level side-aware median_PostDCA_positive
552,ME_L,ME,355,ME,L,1,ME_L_552,729,ME_L,,,0,0,optic/lateral protocerebrum,36515,17370,0.0005390230409539,-1.558948327760365e-07,0.0006102240924676,0.0,-0.0075254645606196,0.0039061802667059,-0.00522885531547,0.0137407167826744,0.0054805535017452,0.0198540710079499,0.994461520538547,,,"Branson999 full FCV matrix, w15_step5_hp030",FlyWire783 cell-level side-aware median_PostDCA_positive
553,ME_L,ME,581,ME,L,1,ME_L_553,730,ME_L,,,0,0,optic/lateral protocerebrum,36515,17370,0.0005390230409539,-1.558948327760365e-07,0.0006102240924676,0.0,-0.0075254645606196,0.0039061802667059,-0.00522885531547,0.0137407167826744,0.0054805535017452,0.0198540710079499,0.994461520538547,,,"Branson999 full FCV matrix, w15_step5_hp030",FlyWire783 cell-level side-aware median_PostDCA_positive
554,ME_L,ME,354,ME,L,1,ME_L_554,731,ME_L,,,0,0,optic/lateral protocerebrum,36515,17370,0.0005390230409539,-1.558948327760365e-07,0.0006102240924676,0.0,-0.0075254645606196,0.0039061802667059,-0.00522885531547,0.0137407167826744,0.0054805535017452,0.0198540710079499,0.994461520538547,,,"Branson999 full FCV matrix, w15_step5_hp030",FlyWire783 cell-level side-aware median_PostDCA_positive
555,ME_L,ME,582,ME,L,1,ME_L_555,732,ME_L,,,0,0,optic/lateral protocerebrum,36515,17370,0.0005390230409539,-1.558948327760365e-07,0.0006102240924676,0.0,-0.0075254645606196,0.0039061802667059,-0.00522885531547,0.0137407167826744,0.0054805535017452,0.0198540710079499,0.994461520538547,,,"Branson999 full FCV matrix, w15_step5_hp030",FlyWire783 cell-level side-aware median_PostDCA_positive
556,ME_L,ME,353,ME,L,1,ME_L_556,733,ME_L,,,0,0,optic/lateral protocerebrum,36515,17370,0.0005390230409539,-1.558948327760365e-07,0.0006102240924676,0.0,-0.0075254645606196,0.0039061802667059,-0.00522885531547,0.0137407167826744,0.0054805535017452,0.0198540710079499,0.994461520538547,,,"Branson999 full FCV matrix, w15_step5_hp030",FlyWire783 cell-level side-aware median_PostDCA_positive
557,ME_L,ME,583,ME,L,1,ME_L_557,734,ME_L,,,0,0,optic/lateral protocerebrum,36515,17370,0.0005390230409539,-1.558948327760365e-07,0.0006102240924676,0.0,-0.0075254645606196,0.0039061802667059,-0.00522885531547,0.0137407167826744,0.0054805535017452,0.0198540710079499,0.994461520538547,,,"Branson999 full FCV matrix, w15_step5_hp030",FlyWire783 cell-level side-aware median_PostDCA_positive
558,ME_L,ME,352,ME,L,1,ME_L_558,735,ME_L,,,0,0,optic/lateral protocerebrum,36515,17370,0.0005390230409539,-1.558948327760365e-07,0.0006102240924676,0.0,-0.0075254645606196,0.0039061802667059,-0.00522885531547,0.0137407167826744,0.0054805535017452,0.0198540710079499,0.994461520538547,,,"Branson999 full FCV matrix, w15_step5_hp030",FlyWire783 cell-level side-aware median_PostDCA_positive
559,ME_L,ME,584,ME,L,1,ME_L_559,736,ME_L,,,0,0,optic/lateral protocerebrum,36515,17370,0.0005390230409539,-1.558948327760365e-07,0.0006102240924676,0.0,-0.0075254645606196,0.0039061802667059,-0.00522885531547,0.0137407167826744,0.0054805535017452,0.0198540710079499,0.994461520538547,,,"Branson999 full FCV matrix, w15_step5_hp030",FlyWire783 cell-level side-aware median_PostDCA_positive
560,ME_L,ME,351,ME,L,1,ME_L_560,737,ME_L,,,0,0,optic/lateral protocerebrum,36515,17370,0.0005390230409539,-1.558948327760365e-07,0.0006102240924676,0.0,-0.0075254645606196,0.0039061802667059,-0.00522885531547,0.0137407167826744,0.0054805535017452,0.0198540710079499,0.994461520538547,,,"Branson999 full FCV matrix, w15_step5_hp030",FlyWire783 cell-level side-aware median_PostDCA_positive
561,ME_L,ME,585,ME,L,1,ME_L_561,738,ME_L,0.26764253291148676,0.26761389614541237,716,695,optic/lateral protocerebrum,36515,17370,0.0005390230409539,-1.558948327760365e-07,0.0006102240924676,0.0,-0.0075254645606196,0.0039061802667059,-0.00522885531547,0.0137407167826744,0.0054805535017452,0.0198540710079499,0.994461520538547,-1.6498832405815549,-1.653382552670347,"Branson999 full FCV matrix, w15_step5_hp030",FlyWire783 cell-level side-aware median_PostDCA_positive
562,ME_L,ME,350,ME,L,1,ME_L_562,739,ME_L,,,0,0,optic/lateral protocerebrum,36515,17370,0.0005390230409539,-1.558948327760365e-07,0.0006102240924676,0.0,-0.0075254645606196,0.0039061802667059,-0.00522885531547,0.0137407167826744,0.0054805535017452,0.0198540710079499,0.994461520538547,,,"Branson999 full FCV matrix, w15_step5_hp030",FlyWire783 cell-level side-aware median_PostDCA_positive
563,ME_L,ME,586,ME,L,1,ME_L_563,740,ME_L,,,0,0,optic/lateral protocerebrum,36515,17370,0.0005390230409539,-1.558948327760365e-07,0.0006102240924676,0.0,-0.0075254645606196,0.0039061802667059,-0.00522885531547,0.0137407167826744,0.0054805535017452,0.0198540710079499,0.994461520538547,,,"Branson999 full FCV matrix, w15_step5_hp030",FlyWire783 cell-level side-aware median_PostDCA_positive
564,ME_L,ME,349,ME,L,1,ME_L_564,741,ME_L,,,0,0,optic/lateral protocerebrum,36515,17370,0.0005390230409539,-1.558948327760365e-07,0.0006102240924676,0.0,-0.0075254645606196,0.0039061802667059,-0.00522885531547,0.0137407167826744,0.0054805535017452,0.0198540710079499,0.994461520538547,,,"Branson999 full FCV matrix, w15_step5_hp030",FlyWire783 cell-level side-aware median_PostDCA_positive
565,ME_L,ME,587,ME,L,1,ME_L_565,742,ME_L,,,0,0,optic/lateral protocerebrum,36515,17370,0.0005390230409539,-1.558948327760365e-07,0.0006102240924676,0.0,-0.0075254645606196,0.0039061802667059,-0.00522885531547,0.0137407167826744,0.0054805535017452,0.0198540710079499,0.994461520538547,,,"Branson999 full FCV matrix, w15_step5_hp030",FlyWire783 cell-level side-aware median_PostDCA_positive
566,ME_L,ME,348,ME,L,1,ME_L_566,743,ME_L,,,0,0,optic/lateral protocerebrum,36515,17370,0.0005390230409539,-1.558948327760365e-07,0.0006102240924676,0.0,-0.0075254645606196,0.0039061802667059,-0.00522885531547,0.0137407167826744,0.0054805535017452,0.0198540710079499,0.994461520538547,,,"Branson999 full FCV matrix, w15_step5_hp030",FlyWire783 cell-level side-aware median_PostDCA_positive
567,ME_L,ME,588,ME,L,1,ME_L_567,744,ME_L,,,0,0,optic/lateral protocerebrum,36515,17370,0.0005390230409539,-1.558948327760365e-07,0.0006102240924676,0.0,-0.0075254645606196,0.0039061802667059,-0.00522885531547,0.0137407167826744,0.0054805535017452,0.0198540710079499,0.994461520538547,,,"Branson999 full FCV matrix, w15_step5_hp030",FlyWire783 cell-level side-aware median_PostDCA_positive
568,ME_L,ME,347,ME,L,1,ME_L_568,745,ME_L,,,0,0,optic/lateral protocerebrum,36515,17370,0.0005390230409539,-1.558948327760365e-07,0.0006102240924676,0.0,-0.0075254645606196,0.0039061802667059,-0.00522885531547,0.0137407167826744,0.0054805535017452,0.0198540710079499,0.994461520538547,,,"Branson999 full FCV matrix, w15_step5_hp030",FlyWire783 cell-level side-aware median_PostDCA_positive
569,ME_L,ME,589,ME,L,1,ME_L_569,746,ME_L,0.2657432542961727,0.26569756159638036,709,690,optic/lateral protocerebrum,36515,17370,0.0005390230409539,-1.558948327760365e-07,0.0006102240924676,0.0,-0.0075254645606196,0.0039061802667059,-0.00522885531547,0.0137407167826744,0.0054805535017452,0.0198540710079499,0.994461520538547,-2.196317264302467,-2.207836495588249,"Branson999 full FCV matrix, w15_step5_hp030",FlyWire783 cell-level side-aware median_PostDCA_positive
570,ME_L,ME,346,ME,L,1,ME_L_570,747,ME_L,,,0,0,optic/lateral protocerebrum,36515,17370,0.0005390230409539,-1.558948327760365e-07,0.0006102240924676,0.0,-0.0075254645606196,0.0039061802667059,-0.00522885531547,0.0137407167826744,0.0054805535017452,0.0198540710079499,0.994461520538547,,,"Branson999 full FCV matrix, w15_step5_hp030",FlyWire783 cell-level side-aware median_PostDCA_positive
571,ME_L,ME,590,ME,L,1,ME_L_571,748,ME_L,,,0,0,optic/lateral protocerebrum,36515,17370,0.0005390230409539,-1.558948327760365e-07,0.0006102240924676,0.0,-0.0075254645606196,0.0039061802667059,-0.00522885531547,0.0137407167826744,0.0054805535017452,0.0198540710079499,0.994461520538547,,,"Branson999 full FCV matrix, w15_step5_hp030",FlyWire783 cell-level side-aware median_PostDCA_positive
572,ME_L,ME,345,ME,L,1,ME_L_572,749,ME_L,,,0,0,optic/lateral protocerebrum,36515,17370,0.0005390230409539,-1.558948327760365e-07,0.0006102240924676,0.0,-0.0075254645606196,0.0039061802667059,-0.00522885531547,0.0137407167826744,0.0054805535017452,0.0198540710079499,0.994461520538547,,,"Branson999 full FCV matrix, w15_step5_hp030",FlyWire783 cell-level side-aware median_PostDCA_positive
573,ME_L,ME,591,ME,L,1,ME_L_573,750,ME_L,,,0,0,optic/lateral protocerebrum,36515,17370,0.0005390230409539,-1.558948327760365e-07,0.0006102240924676,0.0,-0.0075254645606196,0.0039061802667059,-0.00522885531547,0.0137407167826744,0.0054805535017452,0.0198540710079499,0.994461520538547,,,"Branson999 full FCV matrix, w15_step5_hp030",FlyWire783 cell-level side-aware median_PostDCA_positive
574,ME_L,ME,344,ME,L,1,ME_L_574,751,ME_L,,,0,0,optic/lateral protocerebrum,36515,17370,0.0005390230409539,-1.558948327760365e-07,0.0006102240924676,0.0,-0.0075254645606196,0.0039061802667059,-0.00522885531547,0.0137407167826744,0.0054805535017452,0.0198540710079499,0.994461520538547,,,"Branson999 full FCV matrix, w15_step5_hp030",FlyWire783 cell-level side-aware median_PostDCA_positive
575,ME_L,ME,592,ME,L,1,ME_L_575,752,ME_L,,,0,0,optic/lateral protocerebrum,36515,17370,0.0005390230409539,-1.558948327760365e-07,0.0006102240924676,0.0,-0.0075254645606196,0.0039061802667059,-0.00522885531547,0.0137407167826744,0.0054805535017452,0.0198540710079499,0.994461520538547,,,"Branson999 full FCV matrix, w15_step5_hp030",FlyWire783 cell-level side-aware median_PostDCA_positive
576,ME_L,ME,343,ME,L,1,ME_L_576,753,ME_L,,,0,0,optic/lateral protocerebrum,36515,17370,0.0005390230409539,-1.558948327760365e-07,0.0006102240924676,0.0,-0.0075254645606196,0.0039061802667059,-0.00522885531547,0.0137407167826744,0.0054805535017452,0.0198540710079499,0.994461520538547,,,"Branson999 full FCV matrix, w15_step5_hp030",FlyWire783 cell-level side-aware median_PostDCA_positive
577,ME_L,ME,593,ME,L,1,ME_L_577,754,ME_L,,,0,0,optic/lateral protocerebrum,36515,17370,0.0005390230409539,-1.558948327760365e-07,0.0006102240924676,0.0,-0.0075254645606196,0.0039061802667059,-0.00522885531547,0.0137407167826744,0.0054805535017452,0.0198540710079499,0.994461520538547,,,"Branson999 full FCV matrix, w15_step5_hp030",FlyWire783 cell-level side-aware median_PostDCA_positive
578,ME_L,ME,342,ME,L,1,ME_L_578,755,ME_L,,,0,0,optic/lateral protocerebrum,36515,17370,0.0005390230409539,-1.558948327760365e-07,0.0006102240924676,0.0,-0.0075254645606196,0.0039061802667059,-0.00522885531547,0.0137407167826744,0.0054805535017452,0.0198540710079499,0.994461520538547,,,"Branson999 full FCV matrix, w15_step5_hp030",FlyWire783 cell-level side-aware median_PostDCA_positive
579,ME_L,ME,594,ME,L,1,ME_L_579,756,ME_L,,,0,0,optic/lateral protocerebrum,36515,17370,0.0005390230409539,-1.558948327760365e-07,0.0006102240924676,0.0,-0.0075254645606196,0.0039061802667059,-0.00522885531547,0.0137407167826744,0.0054805535017452,0.0198540710079499,0.994461520538547,,,"Branson999 full FCV matrix, w15_step5_hp030",FlyWire783 cell-level side-aware median_PostDCA_positive
580,ME_L,ME,341,ME,L,1,ME_L_580,757,ME_L,0.2656801042830788,0.2657367154456399,706,687,optic/lateral protocerebrum,36515,17370,0.0005390230409539,-1.558948327760365e-07,0.0006102240924676,0.0,-0.0075254645606196,0.0039061802667059,-0.00522885531547,0.0137407167826744,0.0054805535017452,0.0198540710079499,0.994461520538547,-2.214485907636139,-2.1965080946504556,"Branson999 full FCV matrix, w15_step5_hp030",FlyWire783 cell-level side-aware median_PostDCA_positive
581,ME_L,ME,595,ME,L,1,ME_L_581,758,ME_L,,,0,0,optic/lateral protocerebrum,36515,17370,0.0005390230409539,-1.558948327760365e-07,0.0006102240924676,0.0,-0.0075254645606196,0.0039061802667059,-0.00522885531547,0.0137407167826744,0.0054805535017452,0.0198540710079499,0.994461520538547,,,"Branson999 full FCV matrix, w15_step5_hp030",FlyWire783 cell-level side-aware median_PostDCA_positive
582,ME_L,ME,340,ME,L,1,ME_L_582,759,ME_L,,,0,0,optic/lateral protocerebrum,36515,17370,0.0005390230409539,-1.558948327760365e-07,0.0006102240924676,0.0,-0.0075254645606196,0.0039061802667059,-0.00522885531547,0.0137407167826744,0.0054805535017452,0.0198540710079499,0.994461520538547,,,"Branson999 full FCV matrix, w15_step5_hp030",FlyWire783 cell-level side-aware median_PostDCA_positive
583,ME_L,ME,596,ME,L,1,ME_L_583,760,ME_L,,,0,0,optic/lateral protocerebrum,36515,17370,0.0005390230409539,-1.558948327760365e-07,0.0006102240924676,0.0,-0.0075254645606196,0.0039061802667059,-0.00522885531547,0.0137407167826744,0.0054805535017452,0.0198540710079499,0.994461520538547,,,"Branson999 full FCV matrix, w15_step5_hp030",FlyWire783 cell-level side-aware median_PostDCA_positive
584,ME_L,ME,339,ME,L,1,ME_L_584,761,ME_L,,,0,0,optic/lateral protocerebrum,36515,17370,0.0005390230409539,-1.558948327760365e-07,0.0006102240924676,0.0,-0.0075254645606196,0.0039061802667059,-0.00522885531547,0.0137407167826744,0.0054805535017452,0.0198540710079499,0.994461520538547,,,"Branson999 full FCV matrix, w15_step5_hp030",FlyWire783 cell-level side-aware median_PostDCA_positive
585,ME_L,ME,597,ME,L,1,ME_L_585,762,ME_L,,,0,0,optic/lateral protocerebrum,36515,17370,0.0005390230409539,-1.558948327760365e-07,0.0006102240924676,0.0,-0.0075254645606196,0.0039061802667059,-0.00522885531547,0.0137407167826744,0.0054805535017452,0.0198540710079499,0.994461520538547,,,"Branson999 full FCV matrix, w15_step5_hp030",FlyWire783 cell-level side-aware median_PostDCA_positive
586,ME_L,ME,338,ME,L,1,ME_L_586,763,ME_L,,,0,0,optic/lateral protocerebrum,36515,17370,0.0005390230409539,-1.558948327760365e-07,0.0006102240924676,0.0,-0.0075254645606196,0.0039061802667059,-0.00522885531547,0.0137407167826744,0.0054805535017452,0.0198540710079499,0.994461520538547,,,"Branson999 full FCV matrix, w15_step5_hp030",FlyWire783 cell-level side-aware median_PostDCA_positive
775,OTU_L,AOTU,837,OTU,L,1,OTU_L_775,764,AOTU_L,0.27341832902220137,0.2734198849699757,718,715,optic/lateral protocerebrum,601,519,0.016734430591547,0.0134054593417428,0.0222132588276408,0.0134054593417428,-0.001533358932205,0.003645242915596,-0.0124262202928263,0.0275586782600697,0.0112126316815079,0.0232563439673152,0.8918257234286342,0.01184847351319668,0.026466823286740108,"Branson999 full FCV matrix, w15_step5_hp030",FlyWire783 cell-level side-aware median_PostDCA_positive
776,OTU_L,AOTU,833,OTU,L,1,OTU_L_776,765,AOTU_L,0.2746118192860393,0.27460204617561307,718,715,optic/lateral protocerebrum,601,519,0.016734430591547,0.0134054593417428,0.0222132588276408,0.0134054593417428,-0.001533358932205,0.003645242915596,-0.0124262202928263,0.0275586782600697,0.0112126316815079,0.0232563439673152,0.8918257234286342,0.3552228904535134,0.36850206027670107,"Branson999 full FCV matrix, w15_step5_hp030",FlyWire783 cell-level side-aware median_PostDCA_positive
777,OTU_L,AOTU,838,OTU,L,1,OTU_L_777,766,AOTU_L,0.2758396033724501,0.2758539712582,718,715,optic/lateral protocerebrum,601,519,0.016734430591547,0.0134054593417428,0.0222132588276408,0.0134054593417428,-0.001533358932205,0.003645242915596,-0.0124262202928263,0.0275586782600697,0.0112126316815079,0.0232563439673152,0.8918257234286342,0.7084638489881983,0.7307221113783038,"Branson999 full FCV matrix, w15_step5_hp030",FlyWire783 cell-level side-aware median_PostDCA_positive
778,OTU_L,AOTU,832,OTU,L,1,OTU_L_778,767,AOTU_L,0.2761579471994714,0.27615586953888294,718,715,optic/lateral protocerebrum,601,519,0.016734430591547,0.0134054593417428,0.0222132588276408,0.0134054593417428,-0.001533358932205,0.003645242915596,-0.0124262202928263,0.0275586782600697,0.0112126316815079,0.0232563439673152,0.8918257234286342,0.8000533066503577,0.8180704776483512,"Branson999 full FCV matrix, w15_step5_hp030",FlyWire783 cell-level side-aware median_PostDCA_positive
175,PLP_L,PLP,810,PLP,L,1,PLP_L_175,768,PLP_L,0.273719351651687,0.2736700826911536,718,706,optic/lateral protocerebrum,2059,1985,0.0003905629049024,2.3779304353054772e-08,0.0011216464363277,2.3779304353054772e-08,-0.0039640878380056,0.003758809545063,7.856235532037163e-05,0.0247627492367811,0.012292789528335,0.017064697658908,0.7700866608891361,0.09845451716291796,0.09885664326166824,"Branson999 full FCV matrix, w15_step5_hp030",FlyWire783 cell-level side-aware median_PostDCA_positive
176,PLP_L,PLP,826,PLP,L,1,PLP_L_176,769,PLP_L,0.2742360842595659,0.27418383807668334,718,706,optic/lateral protocerebrum,2059,1985,0.0003905629049024,2.3779304353054772e-08,0.0011216464363277,2.3779304353054772e-08,-0.0039640878380056,0.003758809545063,7.856235532037163e-05,0.0247627492367811,0.012292789528335,0.017064697658908,0.7700866608891361,0.24712163521204752,0.2475017216203242,"Branson999 full FCV matrix, w15_step5_hp030",FlyWire783 cell-level side-aware median_PostDCA_positive
177,PLP_L,PLP,809,PLP,L,1,PLP_L_177,770,PLP_L,0.2738072384928839,0.2737602783937409,718,706,optic/lateral protocerebrum,2059,1985,0.0003905629049024,2.3779304353054772e-08,0.0011216464363277,2.3779304353054772e-08,-0.0039640878380056,0.003758809545063,7.856235532037163e-05,0.0247627492367811,0.012292789528335,0.017064697658908,0.7700866608891361,0.12374009658245765,0.12495300673798797,"Branson999 full FCV matrix, w15_step5_hp030",FlyWire783 cell-level side-aware median_PostDCA_positive
178,PLP_L,PLP,827,PLP,L,1,PLP_L_178,771,PLP_L,0.27604531454487696,0.2759941360790103,718,706,optic/lateral protocerebrum,2059,1985,0.0003905629049024,2.3779304353054772e-08,0.0011216464363277,2.3779304353054772e-08,-0.0039640878380056,0.003758809545063,7.856235532037163e-05,0.0247627492367811,0.012292789528335,0.017064697658908,0.7700866608891361,0.7676482060210184,0.771276062459503,"Branson999 full FCV matrix, w15_step5_hp030",FlyWire783 cell-level side-aware median_PostDCA_positive
179,PLP_L,PLP,808,PLP,L,1,PLP_L_179,772,PLP_L,0.27565547721553796,0.27563225160324845,718,706,optic/lateral protocerebrum,2059,1985,0.0003905629049024,2.3779304353054772e-08,0.0011216464363277,2.3779304353054772e-08,-0.0039640878380056,0.003758809545063,7.856235532037163e-05,0.0247627492367811,0.012292789528335,0.017064697658908,0.7700866608891361,0.6554896323658838,0.6665718632014505,"Branson999 full FCV matrix, w15_step5_hp030",FlyWire783 cell-level side-aware median_PostDCA_positive
180,PLP_L,PLP,828,PLP,L,1,PLP_L_180,773,PLP_L,0.27179063257683705,0.27175662587637495,718,706,optic/lateral protocerebrum,2059,1985,0.0003905629049024,2.3779304353054772e-08,0.0011216464363277,2.3779304353054772e-08,-0.0039640878380056,0.003758809545063,7.856235532037163e-05,0.0247627492367811,0.012292789528335,0.017064697658908,0.7700866608891361,-0.45644970605092333,-0.45476468350148197,"Branson999 full FCV matrix, w15_step5_hp030",FlyWire783 cell-level side-aware median_PostDCA_positive
181,PLP_L,PLP,807,PLP,L,1,PLP_L_181,774,PLP_L,0.272483903115038,0.27246145077225775,718,706,optic/lateral protocerebrum,2059,1985,0.0003905629049024,2.3779304353054772e-08,0.0011216464363277,2.3779304353054772e-08,-0.0039640878380056,0.003758809545063,7.856235532037163e-05,0.0247627492367811,0.012292789528335,0.017064697658908,0.7700866608891361,-0.2569915503797175,-0.2508373771831143,"Branson999 full FCV matrix, w15_step5_hp030",FlyWire783 cell-level side-aware median_PostDCA_positive
182,PLP_L,PLP,829,PLP,L,1,PLP_L_182,775,PLP_L,0.2715500232422363,0.2715253005004561,718,706,optic/lateral protocerebrum,2059,1985,0.0003905629049024,2.3779304353054772e-08,0.0011216464363277,2.3779304353054772e-08,-0.0039640878380056,0.003758809545063,7.856235532037163e-05,0.0247627492367811,0.012292789528335,0.017064697658908,0.7700866608891361,-0.525674476861577,-0.5216941592759301,"Branson999 full FCV matrix, w15_step5_hp030",FlyWire783 cell-level side-aware median_PostDCA_positive
183,PLP_L,PLP,806,PLP,L,1,PLP_L_183,776,PLP_L,0.27603115745185963,0.2759883141798669,718,706,optic/lateral protocerebrum,2059,1985,0.0003905629049024,2.3779304353054772e-08,0.0011216464363277,2.3779304353054772e-08,-0.0039640878380056,0.003758809545063,7.856235532037163e-05,0.0247627492367811,0.012292789528335,0.017064697658908,0.7700866608891361,0.7635751241470501,0.7695916097437951,"Branson999 full FCV matrix, w15_step5_hp030",FlyWire783 cell-level side-aware median_PostDCA_positive
184,PLP_L,PLP,830,PLP,L,1,PLP_L_184,777,PLP_L,0.27333029559011657,0.27330828783310807,718,706,optic/lateral protocerebrum,2059,1985,0.0003905629049024,2.3779304353054772e-08,0.0011216464363277,2.3779304353054772e-08,-0.0039640878380056,0.003758809545063,7.856235532037163e-05,0.0247627492367811,0.012292789528335,0.017064697658908,0.7700866608891361,-0.013479280997483039,-0.005821626861941259,"Branson999 full FCV matrix, w15_step5_hp030",FlyWire783 cell-level side-aware median_PostDCA_positive
185,PLP_L,PLP,805,PLP,L,1,PLP_L_185,778,PLP_L,0.2724681720496906,0.2724410654110203,718,706,optic/lateral protocerebrum,2059,1985,0.0003905629049024,2.3779304353054772e-08,0.0011216464363277,2.3779304353054772e-08,-0.0039640878380056,0.003758809545063,7.856235532037163e-05,0.0247627492367811,0.012292789528335,0.017064697658908,0.7700866608891361,-0.26151747367811784,-0.2567354829818194,"Branson999 full FCV matrix, w15_step5_hp030",FlyWire783 cell-level side-aware median_PostDCA_positive
186,PLP_L,PLP,831,PLP,L,1,PLP_L_186,779,PLP_L,0.2748255432266263,0.2747984930681261,718,706,optic/lateral protocerebrum,2059,1985,0.0003905629049024,2.3779304353054772e-08,0.0011216464363277,2.3779304353054772e-08,-0.0039640878380056,0.003758809545063,7.856235532037163e-05,0.0247627492367811,0.012292789528335,0.017064697658908,0.7700866608891361,0.4167125696816074,0.4253401286519932,"Branson999 full FCV matrix, w15_step5_hp030",FlyWire783 cell-level side-aware median_PostDCA_positive
187,PLP_L,PLP,804,PLP,L,1,PLP_L_187,780,PLP_L,0.27561796075427863,0.27559501655179147,718,706,optic/lateral protocerebrum,2059,1985,0.0003905629049024,2.3779304353054772e-08,0.0011216464363277,2.3779304353054772e-08,-0.0039640878380056,0.003758809545063,7.856235532037163e-05,0.0247627492367811,0.012292789528335,0.017064697658908,0.7700866608891361,0.6446959179964351,0.6557986289008432,"Branson999 full FCV matrix, w15_step5_hp030",FlyWire783 cell-level side-aware median_PostDCA_positive
761,PVLP_L,PVLP,779,PVLP,L,1,PVLP_L_761,781,PVLP_L,0.27303776567702,0.27301018659305476,718,708,optic/lateral protocerebrum,1481,1466,0.0093060127443957,0.001303396213092,0.0111884210202887,0.001303396213092,0.0093178293041694,0.0084354011342987,0.0028310506011056,0.0210877228173999,0.0140835636308867,0.0175706991955489,0.8244799690086044,-0.09764191842372566,-0.09207139364705741,"Branson999 full FCV matrix, w15_step5_hp030",FlyWire783 cell-level side-aware median_PostDCA_positive
762,PVLP_L,PVLP,797,PVLP,L,1,PVLP_L_762,782,PVLP_L,0.27514980104905146,0.2751631482972814,718,708,optic/lateral protocerebrum,1481,1466,0.0093060127443957,0.001303396213092,0.0111884210202887,0.001303396213092,0.0093178293041694,0.0084354011342987,0.0028310506011056,0.0210877228173999,0.0140835636308867,0.0175706991955489,0.8244799690086044,0.5100035198361059,0.5308459912441563,"Branson999 full FCV matrix, w15_step5_hp030",FlyWire783 cell-level side-aware median_PostDCA_positive
763,PVLP_L,PVLP,778,PVLP,L,1,PVLP_L_763,783,PVLP_L,0.27250386528645265,0.2725079677594513,718,708,optic/lateral protocerebrum,1481,1466,0.0093060127443957,0.001303396213092,0.0111884210202887,0.001303396213092,0.0093178293041694,0.0084354011342987,0.0028310506011056,0.0210877228173999,0.0140835636308867,0.0175706991955489,0.8244799690086044,-0.2512483120994787,-0.23737859621235377,"Branson999 full FCV matrix, w15_step5_hp030",FlyWire783 cell-level side-aware median_PostDCA_positive
764,PVLP_L,PVLP,798,PVLP,L,1,PVLP_L_764,784,PVLP_L,0.27275720003291887,0.27278356074677396,718,708,optic/lateral protocerebrum,1481,1466,0.0093060127443957,0.001303396213092,0.0111884210202887,0.001303396213092,0.0093178293041694,0.0084354011342987,0.0028310506011056,0.0210877228173999,0.0140835636308867,0.0175706991955489,0.8244799690086044,-0.17836236280079745,-0.1576411523830615,"Branson999 full FCV matrix, w15_step5_hp030",FlyWire783 cell-level side-aware median_PostDCA_positive
765,PVLP_L,PVLP,777,PVLP,L,1,PVLP_L_765,785,PVLP_L,0.27276125137550006,0.27277443706969073,718,708,optic/lateral protocerebrum,1481,1466,0.0093060127443957,0.001303396213092,0.0111884210202887,0.001303396213092,0.0093178293041694,0.0084354011342987,0.0028310506011056,0.0210877228173999,0.0140835636308867,0.0175706991955489,0.8244799690086044,-0.17719676686860417,-0.1602809100053711,"Branson999 full FCV matrix, w15_step5_hp030",FlyWire783 cell-level side-aware median_PostDCA_positive
766,PVLP_L,PVLP,799,PVLP,L,1,PVLP_L_766,786,PVLP_L,0.2722932779278616,0.27226063961206276,718,708,optic/lateral protocerebrum,1481,1466,0.0093060127443957,0.001303396213092,0.0111884210202887,0.001303396213092,0.0093178293041694,0.0084354011342987,0.0028310506011056,0.0210877228173999,0.0140835636308867,0.0175706991955489,0.8244799690086044,-0.31183557758639396,-0.3089381611032667,"Branson999 full FCV matrix, w15_step5_hp030",FlyWire783 cell-level side-aware median_PostDCA_positive
767,PVLP_L,PVLP,776,PVLP,L,1,PVLP_L_767,787,PVLP_L,0.2716621434862123,0.2716428549419652,718,708,optic/lateral protocerebrum,1481,1466,0.0093060127443957,0.001303396213092,0.0111884210202887,0.001303396213092,0.0093178293041694,0.0084354011342987,0.0028310506011056,0.0210877228173999,0.0140835636308867,0.0175706991955489,0.8244799690086044,-0.49341679988760434,-0.4876820794774572,"Branson999 full FCV matrix, w15_step5_hp030",FlyWire783 cell-level side-aware median_PostDCA_positive
768,PVLP_L,PVLP,800,PVLP,L,1,PVLP_L_768,788,PVLP_L,0.27332365517121043,0.27334641436051804,718,708,optic/lateral protocerebrum,1481,1466,0.0093060127443957,0.001303396213092,0.0111884210202887,0.001303396213092,0.0093178293041694,0.0084354011342987,0.0028310506011056,0.0210877228173999,0.0140835636308867,0.0175706991955489,0.8244799690086044,-0.015389769955139881,0.005209538579868934,"Branson999 full FCV matrix, w15_step5_hp030",FlyWire783 cell-level side-aware median_PostDCA_positive
769,PVLP_L,PVLP,775,PVLP,L,1,PVLP_L_769,789,PVLP_L,0.2738691040352571,0.27385599561469615,718,708,optic/lateral protocerebrum,1481,1466,0.0093060127443957,0.001303396213092,0.0111884210202887,0.001303396213092,0.0093178293041694,0.0084354011342987,0.0028310506011056,0.0210877228173999,0.0140835636308867,0.0175706991955489,0.8244799690086044,0.14153918986771102,0.1526469136242305,"Branson999 full FCV matrix, w15_step5_hp030",FlyWire783 cell-level side-aware median_PostDCA_positive
770,PVLP_L,PVLP,801,PVLP,L,1,PVLP_L_770,790,PVLP_L,0.2727199126844955,0.2727166303059633,718,708,optic/lateral protocerebrum,1481,1466,0.0093060127443957,0.001303396213092,0.0111884210202887,0.001303396213092,0.0093178293041694,0.0084354011342987,0.0028310506011056,0.0210877228173999,0.0140835636308867,0.0175706991955489,0.8244799690086044,-0.18909016001209886,-0.17700616713345188,"Branson999 full FCV matrix, w15_step5_hp030",FlyWire783 cell-level side-aware median_PostDCA_positive
771,PVLP_L,PVLP,774,PVLP,L,1,PVLP_L_771,791,PVLP_L,0.2746725918764295,0.27469470353040115,718,708,optic/lateral protocerebrum,1481,1466,0.0093060127443957,0.001303396213092,0.0111884210202887,0.001303396213092,0.0093178293041694,0.0084354011342987,0.0028310506011056,0.0210877228173999,0.0140835636308867,0.0175706991955489,0.8244799690086044,0.3727075347974824,0.3953106546990824,"Branson999 full FCV matrix, w15_step5_hp030",FlyWire783 cell-level side-aware median_PostDCA_positive
902,SIP_L,SIP,667,SIP,L,1,SIP_L_902,800,SIP_L,0.2741010001223796,0.27406353612154644,718,712,superior protocerebrum,390,367,0.0046230046970777,0.0,0.0074466167197942,0.0,0.010544627094206,0.0030578338707518,-0.0056487958581966,0.026564468898378,0.0097612859736094,0.0208450050021335,0.6560311035244404,0.20825710631754155,0.21269470245966585,"Branson999 full FCV matrix, w15_step5_hp030",FlyWire783 cell-level side-aware median_PostDCA_positive
903,SIP_L,SIP,665,SIP,L,1,SIP_L_903,801,SIP_L,0.2735041838767663,0.2734968173106544,718,712,superior protocerebrum,390,367,0.0046230046970777,0.0,0.0074466167197942,0.0,0.010544627094206,0.0030578338707518,-0.0056487958581966,0.026564468898378,0.0097612859736094,0.0208450050021335,0.6560311035244404,0.036549438004455474,0.04872569225549334,"Branson999 full FCV matrix, w15_step5_hp030",FlyWire783 cell-level side-aware median_PostDCA_positive
904,SIP_L,SIP,658,SIP,L,1,SIP_L_904,802,SIP_L,0.27459395665528835,0.27453271951302366,718,712,superior protocerebrum,390,367,0.0046230046970777,0.0,0.0074466167197942,0.0,0.010544627094206,0.0030578338707518,-0.0056487958581966,0.026564468898378,0.0097612859736094,0.0208450050021335,0.6560311035244404,0.35008370280786194,0.34844374559388497,"Branson999 full FCV matrix, w15_step5_hp030",FlyWire783 cell-level side-aware median_PostDCA_positive
905,SIP_L,SIP,668,SIP,L,1,SIP_L_905,803,SIP_L,0.2748208950922336,0.2748181227821045,718,712,superior protocerebrum,390,367,0.0046230046970777,0.0,0.0074466167197942,0.0,0.010544627094206,0.0030578338707518,-0.0056487958581966,0.026564468898378,0.0097612859736094,0.0208450050021335,0.6560311035244404,0.4153752731109531,0.431019602687031,"Branson999 full FCV matrix, w15_step5_hp030",FlyWire783 cell-level side-aware median_PostDCA_positive
906,SIP_L,SIP,656,SIP,L,1,SIP_L_906,804,SIP_L,0.27504032823731067,0.27500454791965956,718,712,superior protocerebrum,390,367,0.0046230046970777,0.0,0.0074466167197942,0.0,0.010544627094206,0.0030578338707518,-0.0056487958581966,0.026564468898378,0.0097612859736094,0.0208450050021335,0.6560311035244404,0.4785075252383535,0.4849580721618062,"Branson999 full FCV matrix, w15_step5_hp030",FlyWire783 cell-level side-aware median_PostDCA_positive
907,SIP_L,SIP,657,SIP,L,1,SIP_L_907,805,SIP_L,0.27321072390418966,0.27317880767755487,718,712,superior protocerebrum,390,367,0.0046230046970777,0.0,0.0074466167197942,0.0,0.010544627094206,0.0030578338707518,-0.0056487958581966,0.026564468898378,0.0097612859736094,0.0208450050021335,0.6560311035244404,-0.04788078319800692,-0.0432841789055584,"Branson999 full FCV matrix, w15_step5_hp030",FlyWire783 cell-level side-aware median_PostDCA_positive
908,SIP_L,SIP,666,SIP,L,1,SIP_L_908,806,SIP_L,0.276832842444336,0.27679825826708915,718,712,superior protocerebrum,390,367,0.0046230046970777,0.0,0.0074466167197942,0.0,0.010544627094206,0.0030578338707518,-0.0056487958581966,0.026564468898378,0.0097612859736094,0.0208450050021335,0.6560311035244404,0.9942247785281042,1.0039330992975117,"Branson999 full FCV matrix, w15_step5_hp030",FlyWire783 cell-level side-aware median_PostDCA_positive
802,SMP_L,SMP,709,SMP,L,1,SMP_L_802,830,SMP_L,0.27340975725159433,0.27333639498194495,718,697,superior protocerebrum,2354,1918,0.0031532077074873,8.516569169664468e-05,0.0051423371816926,8.516569169664468e-05,0.0110350037003574,0.0001992654458099,0.0026817782830321,0.0283202025188532,0.0032393342661994,0.02042918375709,0.7231721053743017,0.009382322909779063,0.0023106272398616436,"Branson999 full FCV matrix, w15_step5_hp030",FlyWire783 cell-level side-aware median_PostDCA_positive
803,SMP_L,SMP,694,SMP,L,1,SMP_L_803,831,SMP_L,0.2749301237184901,0.274880962897889,718,697,superior protocerebrum,2354,1918,0.0031532077074873,8.516569169664468e-05,0.0051423371816926,8.516569169664468e-05,0.0110350037003574,0.0001992654458099,0.0026817782830321,0.0283202025188532,0.0032393342661994,0.02042918375709,0.7231721053743017,0.4468010140578552,0.44920116184523434,"Branson999 full FCV matrix, w15_step5_hp030",FlyWire783 cell-level side-aware median_PostDCA_positive
804,SMP_L,SMP,695,SMP,L,1,SMP_L_804,832,SMP_L,0.27411635369278853,0.2740432153159586,718,697,superior protocerebrum,2354,1918,0.0031532077074873,8.516569169664468e-05,0.0051423371816926,8.516569169664468e-05,0.0110350037003574,0.0001992654458099,0.0026817782830321,0.0283202025188532,0.0032393342661994,0.02042918375709,0.7231721053743017,0.21267442202330014,0.20681527457629575,"Branson999 full FCV matrix, w15_step5_hp030",FlyWire783 cell-level side-aware median_PostDCA_positive
805,SMP_L,SMP,698,SMP,L,1,SMP_L_805,833,SMP_L,0.2745183262045329,0.27446033172068485,718,697,superior protocerebrum,2354,1918,0.0031532077074873,8.516569169664468e-05,0.0051423371816926,8.516569169664468e-05,0.0110350037003574,0.0001992654458099,0.0026817782830321,0.0283202025188532,0.0032393342661994,0.02042918375709,0.7231721053743017,0.3283243615564576,0.3274997528543862,"Branson999 full FCV matrix, w15_step5_hp030",FlyWire783 cell-level side-aware median_PostDCA_positive
806,SMP_L,SMP,691,SMP,L,1,SMP_L_806,834,SMP_L,0.27400858739893524,0.2739656485552821,718,697,superior protocerebrum,2354,1918,0.0031532077074873,8.516569169664468e-05,0.0051423371816926,8.516569169664468e-05,0.0110350037003574,0.0001992654458099,0.0026817782830321,0.0283202025188532,0.0032393342661994,0.02042918375709,0.7231721053743017,0.18166940301401582,0.18437284858226663,"Branson999 full FCV matrix, w15_step5_hp030",FlyWire783 cell-level side-aware median_PostDCA_positive
807,SMP_L,SMP,697,SMP,L,1,SMP_L_807,835,SMP_L,0.27462819928498267,0.27453311094389576,718,697,superior protocerebrum,2354,1918,0.0031532077074873,8.516569169664468e-05,0.0051423371816926,8.516569169664468e-05,0.0110350037003574,0.0001992654458099,0.0026817782830321,0.0283202025188532,0.0032393342661994,0.02042918375709,0.7231721053743017,0.3599355158993051,0.3485569984653774,"Branson999 full FCV matrix, w15_step5_hp030",FlyWire783 cell-level side-aware median_PostDCA_positive
808,SMP_L,SMP,707,SMP,L,1,SMP_L_808,836,SMP_L,0.2724179299086015,0.272319306614564,718,697,superior protocerebrum,2354,1918,0.0031532077074873,8.516569169664468e-05,0.0051423371816926,8.516569169664468e-05,0.0110350037003574,0.0001992654458099,0.0026817782830321,0.0283202025188532,0.0032393342661994,0.02042918375709,0.7231721053743017,-0.2759724436305599,-0.29196401070118044,"Branson999 full FCV matrix, w15_step5_hp030",FlyWire783 cell-level side-aware median_PostDCA_positive
809,SMP_L,SMP,704,SMP,L,1,SMP_L_809,837,SMP_L,0.27423191739556335,0.27413431452656756,718,697,superior protocerebrum,2354,1918,0.0031532077074873,8.516569169664468e-05,0.0051423371816926,8.516569169664468e-05,0.0110350037003574,0.0001992654458099,0.0026817782830321,0.0283202025188532,0.0032393342661994,0.02042918375709,0.7231721053743017,0.2459228030634308,0.23317305043769707,"Branson999 full FCV matrix, w15_step5_hp030",FlyWire783 cell-level side-aware median_PostDCA_positive
810,SMP_L,SMP,708,SMP,L,1,SMP_L_810,838,SMP_L,0.2732490298071399,0.2731138333930535,718,697,superior protocerebrum,2354,1918,0.0031532077074873,8.516569169664468e-05,0.0051423371816926,8.516569169664468e-05,0.0110350037003574,0.0001992654458099,0.0026817782830321,0.0283202025188532,0.0032393342661994,0.02042918375709,0.7231721053743017,-0.03685994164659717,-0.062083218065107665,"Branson999 full FCV matrix, w15_step5_hp030",FlyWire783 cell-level side-aware median_PostDCA_positive
811,SMP_L,SMP,692,SMP,L,1,SMP_L_811,839,SMP_L,0.2718061504332053,0.2717721876786134,718,697,superior protocerebrum,2354,1918,0.0031532077074873,8.516569169664468e-05,0.0051423371816926,8.516569169664468e-05,0.0110350037003574,0.0001992654458099,0.0026817782830321,0.0283202025188532,0.0032393342661994,0.02042918375709,0.7231721053743017,-0.4519851242742224,-0.450262180212393,"Branson999 full FCV matrix, w15_step5_hp030",FlyWire783 cell-level side-aware median_PostDCA_positive
812,SMP_L,SMP,711,SMP,L,1,SMP_L_812,840,SMP_L,0.2749663126719456,0.27495330205649243,718,697,superior protocerebrum,2354,1918,0.0031532077074873,8.516569169664468e-05,0.0051423371816926,8.516569169664468e-05,0.0110350037003574,0.0001992654458099,0.0026817782830321,0.0283202025188532,0.0032393342661994,0.02042918375709,0.7231721053743017,0.4572127963479713,0.47013108336405324,"Branson999 full FCV matrix, w15_step5_hp030",FlyWire783 cell-level side-aware median_PostDCA_positive
813,SMP_L,SMP,706,SMP,L,1,SMP_L_813,841,SMP_L,0.2732469127684604,0.27316636255637194,718,697,superior protocerebrum,2354,1918,0.0031532077074873,8.516569169664468e-05,0.0051423371816926,8.516569169664468e-05,0.0110350037003574,0.0001992654458099,0.0026817782830321,0.0283202025188532,0.0032393342661994,0.02042918375709,0.7231721053743017,-0.0374690265668765,-0.04688493145341032,"Branson999 full FCV matrix, w15_step5_hp030",FlyWire783 cell-level side-aware median_PostDCA_positive
814,SMP_L,SMP,705,SMP,L,1,SMP_L_814,842,SMP_L,0.27455105666599205,0.2745340340708684,718,697,superior protocerebrum,2354,1918,0.0031532077074873,8.516569169664468e-05,0.0051423371816926,8.516569169664468e-05,0.0110350037003574,0.0001992654458099,0.0026817782830321,0.0283202025188532,0.0032393342661994,0.02042918375709,0.7231721053743017,0.337741114637941,0.3488240872104261,"Branson999 full FCV matrix, w15_step5_hp030",FlyWire783 cell-level side-aware median_PostDCA_positive
815,SMP_L,SMP,700,SMP,L,1,SMP_L_815,843,SMP_L,0.2761008128075207,0.276024390236062,718,697,superior protocerebrum,2354,1918,0.0031532077074873,8.516569169664468e-05,0.0051423371816926,8.516569169664468e-05,0.0110350037003574,0.0001992654458099,0.0026817782830321,0.0283202025188532,0.0032393342661994,0.02042918375709,0.7231721053743017,0.7836153941530855,0.7800295114204125,"Branson999 full FCV matrix, w15_step5_hp030",FlyWire783 cell-level side-aware median_PostDCA_positive
816,SMP_L,SMP,693,SMP,L,1,SMP_L_816,844,SMP_L,0.272982616335616,0.27293339079439205,718,697,superior protocerebrum,2354,1918,0.0031532077074873,8.516569169664468e-05,0.0051423371816926,8.516569169664468e-05,0.0110350037003574,0.0001992654458099,0.0026817782830321,0.0283202025188532,0.0032393342661994,0.02042918375709,0.7231721053743017,-0.11350871979028482,-0.11429075685249408,"Branson999 full FCV matrix, w15_step5_hp030",FlyWire783 cell-level side-aware median_PostDCA_positive
817,SMP_L,SMP,699,SMP,L,1,SMP_L_817,845,SMP_L,0.27508359484403955,0.27499015719738923,718,697,superior protocerebrum,2354,1918,0.0031532077074873,8.516569169664468e-05,0.0051423371816926,8.516569169664468e-05,0.0110350037003574,0.0001992654458099,0.0026817782830321,0.0283202025188532,0.0032393342661994,0.02042918375709,0.7231721053743017,0.4909555914762288,0.480794397970235,"Branson999 full FCV matrix, w15_step5_hp030",FlyWire783 cell-level side-aware median_PostDCA_positive
818,SMP_L,SMP,703,SMP,L,1,SMP_L_818,846,SMP_L,0.2718057469218707,0.271751464295979,718,697,superior protocerebrum,2354,1918,0.0031532077074873,8.516569169664468e-05,0.0051423371816926,8.516569169664468e-05,0.0110350037003574,0.0001992654458099,0.0026817782830321,0.0283202025188532,0.0032393342661994,0.02042918375709,0.7231721053743017,-0.4521012169424529,-0.4562580858949505,"Branson999 full FCV matrix, w15_step5_hp030",FlyWire783 cell-level side-aware median_PostDCA_positive
819,SMP_L,SMP,710,SMP,L,1,SMP_L_819,847,SMP_L,0.2741167175520682,0.274087454898551,718,697,superior protocerebrum,2354,1918,0.0031532077074873,8.516569169664468e-05,0.0051423371816926,8.516569169664468e-05,0.0110350037003574,0.0001992654458099,0.0026817782830321,0.0283202025188532,0.0032393342661994,0.02042918375709,0.7231721053743017,0.21277910655386062,0.21961513304244915,"Branson999 full FCV matrix, w15_step5_hp030",FlyWire783 cell-level side-aware median_PostDCA_positive
820,SMP_L,SMP,690,SMP,L,1,SMP_L_820,848,SMP_L,0.2719376780711102,0.2719105706099986,718,697,superior protocerebrum,2354,1918,0.0031532077074873,8.516569169664468e-05,0.0051423371816926,8.516569169664468e-05,0.0110350037003574,0.0001992654458099,0.0026817782830321,0.0283202025188532,0.0032393342661994,0.02042918375709,0.7231721053743017,-0.4141438218811004,-0.4102237840055093,"Branson999 full FCV matrix, w15_step5_hp030",FlyWire783 cell-level side-aware median_PostDCA_positive
821,SMP_L,SMP,701,SMP,L,1,SMP_L_821,849,SMP_L,0.2736664853248198,0.27357638819693525,718,697,superior protocerebrum,2354,1918,0.0031532077074873,8.516569169664468e-05,0.0051423371816926,8.516569169664468e-05,0.0110350037003574,0.0001992654458099,0.0026817782830321,0.0283202025188532,0.0032393342661994,0.02042918375709,0.7231721053743017,0.08324455298154189,0.07174797281823622,"Branson999 full FCV matrix, w15_step5_hp030",FlyWire783 cell-level side-aware median_PostDCA_positive
822,SMP_L,SMP,702,SMP,L,1,SMP_L_822,850,SMP_L,0.2729381429633999,0.27293242757549036,718,697,superior protocerebrum,2354,1918,0.0031532077074873,8.516569169664468e-05,0.0051423371816926,8.516569169664468e-05,0.0110350037003574,0.0001992654458099,0.0026817782830321,0.0283202025188532,0.0032393342661994,0.02042918375709,0.7231721053743017,-0.1263039798077057,-0.11456944541353246,"Branson999 full FCV matrix, w15_step5_hp030",FlyWire783 cell-level side-aware median_PostDCA_positive
823,SMP_L,SMP,696,SMP,L,1,SMP_L_823,851,SMP_L,0.2764733963672492,0.2763702536792677,718,697,superior protocerebrum,2354,1918,0.0031532077074873,8.516569169664468e-05,0.0051423371816926,8.516569169664468e-05,0.0110350037003574,0.0001992654458099,0.0026817782830321,0.0283202025188532,0.0032393342661994,0.02042918375709,0.7231721053743017,0.8908099532204763,0.8800983380735802,"Branson999 full FCV matrix, w15_step5_hp030",FlyWire783 cell-level side-aware median_PostDCA_positive
959,SPS_L,SPS,842,SPS,L,1,SPS_L_959,852,SPS_L,0.2735523597238921,0.2735333416062339,718,704,superior protocerebrum,1212,1090,0.0031251663458868,0.0004622783069738,0.0071940301181283,0.0004622783069738,-0.0036950516419438,0.0014269340241451,-0.001024839690834,0.0174081044878027,0.0067800394743139,0.0178051107393167,0.6950357408655378,0.05040992260047657,0.05929328323618882,"Branson999 full FCV matrix, w15_step5_hp030",FlyWire783 cell-level side-aware median_PostDCA_positive
960,SPS_L,SPS,866,SPS,L,1,SPS_L_960,853,SPS_L,0.27118614757491954,0.2711698308682328,718,704,superior protocerebrum,1212,1090,0.0031251663458868,0.0004622783069738,0.0071940301181283,0.0004622783069738,-0.0036950516419438,0.0014269340241451,-0.001024839690834,0.0174081044878027,0.0067800394743139,0.0178051107393167,0.6950357408655378,-0.6303637222533881,-0.6245423489478876,"Branson999 full FCV matrix, w15_step5_hp030",FlyWire783 cell-level side-aware median_PostDCA_positive
961,SPS_L,SPS,846,SPS,L,1,SPS_L_961,854,SPS_L,0.2727604101432017,0.2727496092395089,718,704,superior protocerebrum,1212,1090,0.0031251663458868,0.0004622783069738,0.0071940301181283,0.0004622783069738,-0.0036950516419438,0.0014269340241451,-0.001024839690834,0.0174081044878027,0.0067800394743139,0.0178051107393167,0.6950357408655378,-0.1774387945237251,-0.16746435735560447,"Branson999 full FCV matrix, w15_step5_hp030",FlyWire783 cell-level side-aware median_PostDCA_positive
962,SPS_L,SPS,852,SPS,L,1,SPS_L_962,855,SPS_L,0.27132357942407315,0.2713234195482515,718,704,superior protocerebrum,1212,1090,0.0031251663458868,0.0004622783069738,0.0071940301181283,0.0004622783069738,-0.0036950516419438,0.0014269340241451,-0.001024839690834,0.0174081044878027,0.0067800394743139,0.0178051107393167,0.6950357408655378,-0.5908237423289633,-0.5801044666026915,"Branson999 full FCV matrix, w15_step5_hp030",FlyWire783 cell-level side-aware median_PostDCA_positive
963,SPS_L,SPS,865,SPS,L,1,SPS_L_963,856,SPS_L,0.26981147231366065,0.2697919785390559,718,704,superior protocerebrum,1212,1090,0.0031251663458868,0.0004622783069738,0.0071940301181283,0.0004622783069738,-0.0036950516419438,0.0014269340241451,-0.001024839690834,0.0174081044878027,0.0067800394743139,0.0178051107393167,0.6950357408655378,-1.025866166319539,-1.0231969873337863,"Branson999 full FCV matrix, w15_step5_hp030",FlyWire783 cell-level side-aware median_PostDCA_positive
964,SPS_L,SPS,844,SPS,L,1,SPS_L_964,857,SPS_L,0.2703991722789212,0.2704002249629356,718,704,superior protocerebrum,1212,1090,0.0031251663458868,0.0004622783069738,0.0071940301181283,0.0004622783069738,-0.0036950516419438,0.0014269340241451,-0.001024839690834,0.0174081044878027,0.0067800394743139,0.0178051107393167,0.6950357408655378,-0.8567813073796366,-0.8472127740573736,"Branson999 full FCV matrix, w15_step5_hp030",FlyWire783 cell-level side-aware median_PostDCA_positive
965,SPS_L,SPS,841,SPS,L,1,SPS_L_965,858,SPS_L,0.2735301295596128,0.27355371728559574,718,704,superior protocerebrum,1212,1090,0.0031251663458868,0.0004622783069738,0.0071940301181283,0.0004622783069738,-0.0036950516419438,0.0014269340241451,-0.001024839690834,0.0174081044878027,0.0067800394743139,0.0178051107393167,0.6950357408655378,0.044014168961619866,0.06518858777344805,"Branson999 full FCV matrix, w15_step5_hp030",FlyWire783 cell-level side-aware median_PostDCA_positive
966,SPS_L,SPS,851,SPS,L,1,SPS_L_966,859,SPS_L,0.2725914811513165,0.2725880221333339,718,704,superior protocerebrum,1212,1090,0.0031251663458868,0.0004622783069738,0.0071940301181283,0.0004622783069738,-0.0036950516419438,0.0014269340241451,-0.001024839690834,0.0174081044878027,0.0067800394743139,0.0178051107393167,0.6950357408655378,-0.22604069422114306,-0.21421642796284565,"Branson999 full FCV matrix, w15_step5_hp030",FlyWire783 cell-level side-aware median_PostDCA_positive
967,SPS_L,SPS,847,SPS,L,1,SPS_L_967,860,SPS_L,0.27409761112682124,0.27408726504894937,718,704,superior protocerebrum,1212,1090,0.0031251663458868,0.0004622783069738,0.0071940301181283,0.0004622783069738,-0.0036950516419438,0.0014269340241451,-0.001024839690834,0.0174081044878027,0.0067800394743139,0.0178051107393167,0.6950357408655378,0.2072820716573341,0.2195602037712268,"Branson999 full FCV matrix, w15_step5_hp030",FlyWire783 cell-level side-aware median_PostDCA_positive
968,SPS_L,SPS,843,SPS,L,1,SPS_L_968,861,SPS_L,0.27077957001865094,0.27075622619049955,718,704,superior protocerebrum,1212,1090,0.0031251663458868,0.0004622783069738,0.0071940301181283,0.0004622783069738,-0.0036950516419438,0.0014269340241451,-0.001024839690834,0.0174081044878027,0.0067800394743139,0.0178051107393167,0.6950357408655378,-0.7473385611396408,-0.7442107776647514,"Branson999 full FCV matrix, w15_step5_hp030",FlyWire783 cell-level side-aware median_PostDCA_positive
969,SPS_L,SPS,850,SPS,L,1,SPS_L_969,862,SPS_L,0.27553307290105267,0.2755563902669143,718,704,superior protocerebrum,1212,1090,0.0031251663458868,0.0004622783069738,0.0071940301181283,0.0004622783069738,-0.0036950516419438,0.0014269340241451,-0.001024839690834,0.0174081044878027,0.0067800394743139,0.0178051107393167,0.6950357408655378,0.6202731656791691,0.6446228684047276,"Branson999 full FCV matrix, w15_step5_hp030",FlyWire783 cell-level side-aware median_PostDCA_positive
970,SPS_L,SPS,861,SPS,L,1,SPS_L_970,863,SPS_L,0.27109651301381577,0.27107736836697116,718,704,superior protocerebrum,1212,1090,0.0031251663458868,0.0004622783069738,0.0071940301181283,0.0004622783069738,-0.0036950516419438,0.0014269340241451,-0.001024839690834,0.0174081044878027,0.0067800394743139,0.0178051107393167,0.6950357408655378,-0.6561521313332727,-0.6512945663112254,"Branson999 full FCV matrix, w15_step5_hp030",FlyWire783 cell-level side-aware median_PostDCA_positive
971,SPS_L,SPS,867,SPS,L,1,SPS_L_971,864,SPS_L,0.2768130301226324,0.276820836072514,718,704,superior protocerebrum,1212,1090,0.0031251663458868,0.0004622783069738,0.0071940301181283,0.0004622783069738,-0.0036950516419438,0.0014269340241451,-0.001024839690834,0.0174081044878027,0.0067800394743139,0.0178051107393167,0.6950357408655378,0.9885246529222886,1.010465545965851,"Branson999 full FCV matrix, w15_step5_hp030",FlyWire783 cell-level side-aware median_PostDCA_positive
972,SPS_L,SPS,845,SPS,L,1,SPS_L_972,865,SPS_L,0.2701706241701497,0.2701815870938604,718,704,superior protocerebrum,1212,1090,0.0031251663458868,0.0004622783069738,0.0071940301181283,0.0004622783069738,-0.0036950516419438,0.0014269340241451,-0.001024839690834,0.0174081044878027,0.0067800394743139,0.0178051107393167,0.6950357408655378,-0.9225359900695989,-0.910471367730972,"Branson999 full FCV matrix, w15_step5_hp030",FlyWire783 cell-level side-aware median_PostDCA_positive
973,SPS_L,SPS,853,SPS,L,1,SPS_L_973,866,SPS_L,0.2727783243349455,0.27278971371608063,718,704,superior protocerebrum,1212,1090,0.0031251663458868,0.0004622783069738,0.0071940301181283,0.0004622783069738,-0.0036950516419438,0.0014269340241451,-0.001024839690834,0.0174081044878027,0.0067800394743139,0.0178051107393167,0.6950357408655378,-0.17228477246643403,-0.15586091098707958,"Branson999 full FCV matrix, w15_step5_hp030",FlyWire783 cell-level side-aware median_PostDCA_positive
152,VES_L,VES,209,VES,L,1,VES_L_152,867,VES_L,0.2765476080225192,0.27653310440142886,718,713,inferior/ventrolateral protocerebrum,590,570,0.0049032765355056,0.0006381048412725,0.0134213668344893,0.0006381048412725,0.0055564777536826,0.0051319586938426,-0.0033078106008641,0.0256192691445413,0.0155367085463874,0.0197374135613081,0.7839261241043048,0.9121610983706401,0.9272160112663379,"Branson999 full FCV matrix, w15_step5_hp030",FlyWire783 cell-level side-aware median_PostDCA_positive
153,VES_L,VES,199,VES,L,1,VES_L_153,868,VES_L,0.2783158424746928,0.2782749320312279,718,713,inferior/ventrolateral protocerebrum,590,570,0.0049032765355056,0.0006381048412725,0.0134213668344893,0.0006381048412725,0.0055564777536826,0.0051319586938426,-0.0033078106008641,0.0256192691445413,0.0155367085463874,0.0197374135613081,0.7839261241043048,1.4208929183323922,1.4311797882139716,"Branson999 full FCV matrix, w15_step5_hp030",FlyWire783 cell-level side-aware median_PostDCA_positive
154,VES_L,VES,208,VES,L,1,VES_L_154,869,VES_L,0.2765354490898476,0.27651366420974044,718,713,inferior/ventrolateral protocerebrum,590,570,0.0049032765355056,0.0006381048412725,0.0134213668344893,0.0006381048412725,0.0055564777536826,0.0051319586938426,-0.0033078106008641,0.0256192691445413,0.0155367085463874,0.0197374135613081,0.7839261241043048,0.9086628993963993,0.9215913718012866,"Branson999 full FCV matrix, w15_step5_hp030",FlyWire783 cell-level side-aware median_PostDCA_positive
155,VES_L,VES,205,VES,L,1,VES_L_155,870,VES_L,0.2745682791445172,0.27454621803299595,718,713,inferior/ventrolateral protocerebrum,590,570,0.0049032765355056,0.0006381048412725,0.0134213668344893,0.0006381048412725,0.0055564777536826,0.0051319586938426,-0.0033078106008641,0.0256192691445413,0.0155367085463874,0.0197374135613081,0.7839261241043048,0.3426961265898799,0.35234927849051395,"Branson999 full FCV matrix, w15_step5_hp030",FlyWire783 cell-level side-aware median_PostDCA_positive
156,VES_L,VES,210,VES,L,1,VES_L_156,871,VES_L,0.2774905127204323,0.2774553595601336,718,713,inferior/ventrolateral protocerebrum,590,570,0.0049032765355056,0.0006381048412725,0.0134213668344893,0.0006381048412725,0.0055564777536826,0.0051319586938426,-0.0033078106008641,0.0256192691445413,0.0155367085463874,0.0197374135613081,0.7839261241043048,1.1834405219958004,1.1940525139941747,"Branson999 full FCV matrix, w15_step5_hp030",FlyWire783 cell-level side-aware median_PostDCA_positive
157,VES_L,VES,204,VES,L,1,VES_L_157,872,VES_L,0.28034242151548655,0.28029600088877576,718,713,inferior/ventrolateral protocerebrum,590,570,0.0049032765355056,0.0006381048412725,0.0134213668344893,0.0006381048412725,0.0055564777536826,0.0051319586938426,-0.0033078106008641,0.0256192691445413,0.0155367085463874,0.0197374135613081,0.7839261241043048,2.003952049689092,2.0159365560455815,"Branson999 full FCV matrix, w15_step5_hp030",FlyWire783 cell-level side-aware median_PostDCA_positive
37,NO,NO,82,NO,midline,2,NO_37,896,NO,0.27442278120319336,0.27442278120319336,718,718,central complex,551,423,-0.0058963466903091,-2.19007819851588e-06,0.0025188485557653,0.0,0.00066002832743,-1.7986142879411363e-18,-0.0048895072400738,0.0034522715914941,2.9773609147982616e-06,0.001674153428407,0.8673370857574221,0.3008354828277476,0.3166352446231476,"Branson999 full FCV matrix, w15_step5_hp030",FlyWire783 cell-level side-aware median_PostDCA_positive
112,PB,PB,83,PB,midline,2,PB_112,897,PB,0.2807588912251207,0.2807588912251207,718,718,central complex,225,209,-0.0106307745281123,-0.0012108423767231,0.0094496697569344,0.0,-0.0094040445693847,-0.0029372491285815,-0.0069552875543245,0.0033217601035986,0.0003807412547167,0.0021112975170187,0.9048306619428226,2.1237729213391634,2.149864826688456,"Branson999 full FCV matrix, w15_step5_hp030",FlyWire783 cell-level side-aware median_PostDCA_positive
