recording_id,atlas_region,base_region,side,n_rois_total,n_present_rois,n_valid_regions,n_time,n_windows,FCS,FCV,FCS_z,FCV_z
2017-10-26_1,AL_L,AL,L,22,22,66,2000,247,0.16815554881094935,0.2614665207248652,0.19683291011646278,0.9870086129224499
2017-10-26_1,AME_L,AME,L,1,1,66,2000,247,0.041649865451872346,0.18226151310083125,-2.1361783450655385,-2.1044600339930577
2017-10-26_1,AMMC_L,AMMC,L,4,4,66,2000,247,0.14068783389702513,0.24889579164915426,-0.3097252645579693,0.49635763046313824
2017-10-26_1,ATL_L,ATL,L,1,1,66,2000,247,0.07982461565250518,0.21253089345555154,-1.4321615806246755,-0.9230089725606357
2017-10-26_1,AVLP_L,AVLP,L,34,34,66,2000,247,0.19773616214383105,0.2593579366883321,0.7423570479128225,0.9047079903498116
2017-10-26_1,CRE_L,CRE,L,10,10,66,2000,247,0.2134860851201085,0.254734019022345,1.0328163110560258,0.7242308094350487
2017-10-26_1,EPA_L,EPA,L,1,1,66,2000,247,0.13976813176636693,0.21488097473858211,-0.3266863635795058,-0.8312824160949377
2017-10-26_1,GA_L,GA,L,1,1,66,2000,247,0.09908334806519065,0.21391525346950463,-1.07699303573171,-0.8689757023475431
2017-10-26_1,GOR_L,GOR,L,1,1,66,2000,247,0.16099074727982607,0.2184491450076619,0.06470001166153747,-0.692012351680866
2017-10-26_1,IB_L,IB,L,3,3,66,2000,247,0.16672650375080156,0.22915377864036904,0.17047853519068343,-0.2741973644099147
2017-10-26_1,ICL_L,ICL,L,8,8,66,2000,247,0.1980507897504279,0.23184985655471263,0.7481593939251983,-0.1689661348215289
2017-10-26_1,IPS_L,IPS,L,8,8,66,2000,247,0.1465844405556414,0.2363932635716748,-0.20098035020589947,0.008368616660174653
2017-10-26_1,IVLP_L,IVLP,L,7,7,66,2000,247,0.1613676808369577,0.24520797538411723,0.07165140078409432,0.3524176359988541
2017-10-26_1,LAL_L,LAL,L,5,5,66,2000,247,0.1794300557830063,0.24585438473356935,0.404756783289624,0.3776477861730699
2017-10-26_1,LB_L,LB,L,1,1,66,2000,247,0.08184468158193733,0.20349857319259843,-1.394907629462672,-1.275551516768992
2017-10-26_1,LH_L,LH,L,11,11,66,2000,247,0.1757235497602063,0.2505850764021373,0.33640159134107317,0.562292487440221
2017-10-26_1,LO_L,LO,L,39,22,66,2000,247,0.04455543757912862,0.18780045004749443,-2.0825939345028046,-1.8882685276538143
2017-10-26_1,LOP_L,LOP,L,22,0,66,2000,247,,,,
2017-10-26_1,MB_L,MB,L,16,16,66,2000,247,0.2247684746579567,0.27194853453430246,1.2408855540989228,1.3961344752950422
2017-10-26_1,ME_L,ME,L,131,16,66,2000,247,0.03272796471428581,0.18644191644750482,-2.3007155760081557,-1.9412937612360748
2017-10-26_1,OTU_L,OTU,L,4,4,66,2000,247,0.1683819153185973,0.2473333007663833,0.20100754951697025,0.43537169384021135
2017-10-26_1,PLP_L,PLP,L,13,13,66,2000,247,0.1769901844897993,0.23377949200890363,0.35976080336917754,-0.09365009502106166
2017-10-26_1,PVLP_L,PVLP,L,11,11,66,2000,247,0.19432215770844016,0.23037678284265947,0.6793961550776729,-0.22646200953975726
2017-10-26_1,SCL_L,SCL,L,8,8,66,2000,247,0.1841827323495697,0.24093015822684963,0.49240539817880286,0.18544918266943217
2017-10-26_1,SIP_L,SIP,L,7,7,66,2000,247,0.13891448051429098,0.2353083515614061,-0.34242935572192573,-0.033976830490443456
2017-10-26_1,SLP_L,SLP,L,23,23,66,2000,247,0.24140184371779258,0.25188843101898484,1.547637284122353,0.6131640175955205
2017-10-26_1,SMP_L,SMP,L,22,22,66,2000,247,0.1524493475752452,0.23572492397191996,-0.09282003895337101,-0.017717498095872863
2017-10-26_1,SPS_L,SPS,L,15,15,66,2000,247,0.19597720810535837,0.22763671726189183,0.7099185087093572,-0.3334101317297627
2017-10-26_1,VES_L,VES,L,6,6,66,2000,247,0.2057195258628859,0.26036912682893737,0.8895858278080317,0.9441759824569499
2017-10-26_1,WED_L,WED,L,1,1,66,2000,247,0.08301236044964358,0.19455385164577424,-1.3733733563101815,-1.6246749755868375
2017-10-26_1,AL_R,AL,R,23,23,66,2000,247,0.17204389594034697,0.2599811661498993,0.2685416063272909,0.9290334010538227
2017-10-26_1,AME_R,AME,R,1,1,66,2000,247,0.04185208879822608,0.19059788696963761,-2.132448952594177,-1.7790811316045618
2017-10-26_1,AMMC_R,AMMC,R,4,4,66,2000,247,0.09619902127110369,0.22739632915293748,-1.1301856409613709,-0.34279277462339447
2017-10-26_1,ATL_R,ATL,R,1,1,66,2000,247,0.16210749530789137,0.2303943506496715,0.08529502090933117,-0.22577631647309448
2017-10-26_1,AVLP_R,AVLP,R,28,28,66,2000,247,0.1849124027886607,0.22652249631882412,0.5058619425946056,-0.37689954249506413
2017-10-26_1,CRE_R,CRE,R,8,8,66,2000,247,0.2155793358624937,0.2841043321567164,1.07141993274503,1.8705901739337185
2017-10-26_1,EPA_R,EPA,R,1,1,66,2000,247,0.14133888046409204,0.22086510119133923,-0.2977186975146261,-0.5977146170021089
2017-10-26_1,GA_R,GA,R,1,1,66,2000,247,0.10208496981833973,0.23788044774050035,-1.0216372829469202,0.06641523982239708
2017-10-26_1,GOR_R,GOR,R,1,1,66,2000,247,0.18548614977760727,0.23884284549870352,0.5164429548250186,0.10397880536700885
2017-10-26_1,IB_R,IB,R,4,4,66,2000,247,0.1589435661824307,0.22648579070143687,0.02694600397745055,-0.37833220778634213
2017-10-26_1,ICL_R,ICL,R,8,8,66,2000,247,0.22960928619064475,0.2664740936227861,1.3301595494649632,1.1824603283562716
2017-10-26_1,IPS_R,IPS,R,11,11,66,2000,247,0.15672249528691035,0.22453569762130862,-0.01401487035021125,-0.45444673383247114
2017-10-26_1,IVLP_R,IVLP,R,5,5,66,2000,247,0.14314660152462977,0.20501886367083677,-0.2643807994180387,-1.2162127137227579
2017-10-26_1,LAL_R,LAL,R,9,9,66,2000,247,0.21096855134632772,0.2698335051594105,0.9863880836944134,1.3135822832566226
2017-10-26_1,LB_R,LB,R,1,1,66,2000,247,0.059701287712798014,0.20069788524178592,-1.8032749514113222,-1.3848658044568283
2017-10-26_1,LH_R,LH,R,14,14,66,2000,247,0.14916095438690563,0.25403862792622217,-0.15346441568136382,0.6970888415785166
2017-10-26_1,LO_R,LO,R,40,29,66,2000,247,0.06947725291246189,0.20292969137032385,-1.6229871079288583,-1.2977556724167008
2017-10-26_1,LOP_R,LOP,R,24,0,66,2000,247,,,,
2017-10-26_1,MB_R,MB,R,16,16,66,2000,247,0.2162832817012996,0.2852694819423668,1.08440206541579,1.9160673999242324
2017-10-26_1,ME_R,ME,R,129,23,66,2000,247,0.06151361009753341,0.19913715781385746,-1.7698521959323874,-1.445782911273163
2017-10-26_1,OTU_R,OTU,R,3,3,66,2000,247,0.14038356444648586,0.2338582742593322,-0.31533658599323844,-0.09057512710628736
2017-10-26_1,PLP_R,PLP,R,15,15,66,2000,247,0.1986903350331274,0.2437244215915168,0.7599538548783985,0.294512710875848
2017-10-26_1,PVLP_R,PVLP,R,17,17,66,2000,247,0.17253231390061152,0.21338046214868245,0.2775489850337155,-0.8898492638881473
2017-10-26_1,SCL_R,SCL,R,6,6,66,2000,247,0.21976263952303207,0.25489664525591466,1.148568202014308,0.7305783109040596
2017-10-26_1,SIP_R,SIP,R,6,6,66,2000,247,0.20654189892744573,0.2629281722803605,0.9047519892375607,1.0440586668531027
2017-10-26_1,SLP_R,SLP,R,22,22,66,2000,247,0.1845705258755438,0.26591829841947356,0.49955706628383395,1.1607669595063779
2017-10-26_1,SMP_R,SMP,R,21,21,66,2000,247,0.2339682215364065,0.2777029479782705,1.4105468091693956,1.6207362937540335
2017-10-26_1,SPS_R,SPS,R,12,12,66,2000,247,0.18917763434907642,0.21746865193801784,0.5845211219467511,-0.7302821994373454
2017-10-26_1,VES_R,VES,R,6,6,66,2000,247,0.19471958658281538,0.2318689659228742,0.6867255177784766,-0.16822027273141596
2017-10-26_1,WED_R,WED,R,1,1,66,2000,247,0.05331518489474558,0.1856366090107487,-1.9210471285630517,-1.972725898755421
2017-10-26_1,EB,EB,midline,3,3,66,2000,247,0.19894613807042466,0.27402968723588605,0.7646713612328779,1.477364419201227
2017-10-26_1,FB,FB,midline,13,13,66,2000,247,0.22488863682183022,0.24194109386345308,1.2431015784965633,0.22490724117305658
2017-10-26_1,FLA,FLA,midline,6,6,66,2000,247,0.2089513511814604,0.26394379399388407,0.9491869828139702,1.0836996286896126
2017-10-26_1,NO,NO,midline,1,1,66,2000,247,0.17801963397596304,0.24279197694937266,0.37874585743227623,0.2581182522090922
2017-10-26_1,PB,PB,midline,1,1,66,2000,247,0.1609366436641113,0.2400609842792235,0.06370223558494578,0.1515242568546839
2017-10-26_1,PRW,PRW,midline,7,7,66,2000,247,0.1116200796683958,0.24506850528140486,-0.8457912813373696,0.3469739467341044
2017-10-26_1,SAD,SAD,midline,20,20,66,2000,247,0.1922513240774757,0.2532805444467354,0.641205948595516,0.6674999130640175
2017-10-26_1,SOG,SOG,midline,74,71,66,2000,247,0.17292056028586356,0.27517167274942844,0.28470900474607674,1.5219375152244727
2017-10-30_1,AL_L,AL,L,22,22,64,2000,247,0.13614583513020515,0.22182470650387562,0.42508465164525366,1.3036849011533314
2017-10-30_1,AME_L,AME,L,1,0,64,2000,247,,,,
2017-10-30_1,AMMC_L,AMMC,L,4,4,64,2000,247,0.08591003491478447,0.19150274772505313,-0.7220338913983114,-1.2873786867228008
2017-10-30_1,ATL_L,ATL,L,1,1,64,2000,247,0.08680195196258446,0.190708402789596,-0.701667248884394,-1.3552568292098977
2017-10-30_1,AVLP_L,AVLP,L,34,34,64,2000,247,0.1553554530598419,0.2282310846597244,0.8637301760994309,1.8511209454691138
2017-10-30_1,CRE_L,CRE,L,10,10,64,2000,247,0.1645223303052043,0.2144737844550907,1.0730529065997287,0.6755359548120059
2017-10-30_1,EPA_L,EPA,L,1,1,64,2000,247,0.06819274061873472,0.19031140973121197,-1.126602679641082,-1.3891805696160375
2017-10-30_1,GA_L,GA,L,1,1,64,2000,247,0.03083163224315108,0.19224066287191932,-1.979731723520359,-1.2243225668351032
2017-10-30_1,GOR_L,GOR,L,1,1,64,2000,247,0.1085921970131544,0.19608213796661594,-0.2040939237301324,-0.8960619055036466
2017-10-30_1,IB_L,IB,L,3,3,64,2000,247,0.16045804699026897,0.19738224920316644,0.9802462879183816,-0.7849651617283945
2017-10-30_1,ICL_L,ICL,L,8,8,64,2000,247,0.14786753267572544,0.20851105412360627,0.6927458922894717,0.16601038098844573
2017-10-30_1,IPS_L,IPS,L,8,8,64,2000,247,0.13571344046353367,0.20762468711350424,0.41521105676023123,0.09026879377363749
2017-10-30_1,IVLP_L,IVLP,L,7,7,64,2000,247,0.11691063686624824,0.20056334853315022,-0.014144991618817203,-0.5131347465675232
2017-10-30_1,LAL_L,LAL,L,5,5,64,2000,247,0.16288420123070757,0.2169844750982083,1.0356467494529145,0.8900787933289842
2017-10-30_1,LB_L,LB,L,1,1,64,2000,247,0.06421339435525346,0.19945730309765908,-1.2174697877284582,-0.6076482334877437
2017-10-30_1,LH_L,LH,L,11,11,64,2000,247,0.15869843912014595,0.21918649582945382,0.9400662010550711,1.0782452563895273
2017-10-30_1,LO_L,LO,L,39,22,64,2000,247,0.04597151857635363,0.19065558766226648,-1.6340172275251836,-1.359769972780561
2017-10-30_1,LOP_L,LOP,L,22,0,64,2000,247,,,,
2017-10-30_1,MB_L,MB,L,16,16,64,2000,247,0.15327035304211614,0.22051812601098247,0.8161175794218233,1.1920353482844337
2017-10-30_1,ME_L,ME,L,131,0,64,2000,247,,,,
2017-10-30_1,OTU_L,OTU,L,4,4,64,2000,247,0.10698602182403426,0.21821542196837976,-0.2407704240529169,0.995265322905659
2017-10-30_1,PLP_L,PLP,L,13,13,64,2000,247,0.1776587715059266,0.21004136779821672,1.3730193692883104,0.2967783194727305
2017-10-30_1,PVLP_L,PVLP,L,11,11,64,2000,247,0.1576873836175131,0.2170652146394462,0.9169790697633845,0.8969781261501019
2017-10-30_1,SCL_L,SCL,L,8,8,64,2000,247,0.17872949133229912,0.2110393758184686,1.3974689164632208,0.3820598232352459
2017-10-30_1,SIP_L,SIP,L,7,7,64,2000,247,0.1444890546889353,0.21064220123139235,0.6155994204647468,0.3481205708897887
2017-10-30_1,SLP_L,SLP,L,23,23,64,2000,247,0.1518462761514787,0.2289923724304434,0.7835992359105243,1.916174296309466
2017-10-30_1,SMP_L,SMP,L,22,22,64,2000,247,0.14290158015704899,0.21160479029988824,0.5793499437105732,0.43037546423821105
2017-10-30_1,SPS_L,SPS,L,15,15,64,2000,247,0.16959683985782098,0.2091446748510438,1.1889277205709698,0.22015436315537623
2017-10-30_1,VES_L,VES,L,6,6,64,2000,247,0.1718313505976034,0.216998035772375,1.2399520636339392,0.8912375762861362
2017-10-30_1,WED_L,WED,L,1,1,64,2000,247,0.07927642402905398,0.19547975316445382,-0.8735102891410753,-0.9475367240718441
2017-10-30_1,AL_R,AL,R,23,23,64,2000,247,0.1171159383760849,0.22000055526485052,-0.009456996845396913,1.1478080368421064
2017-10-30_1,AME_R,AME,R,1,1,64,2000,247,0.03788108452525819,0.18813974934640756,-1.8187597195624419,-1.5747526887968641
2017-10-30_1,AMMC_R,AMMC,R,4,4,64,2000,247,0.074282617218762,0.1914970305178539,-0.9875422816224992,-1.2878672319222153
2017-10-30_1,ATL_R,ATL,R,1,1,64,2000,247,0.09643360700345613,0.19526713672913812,-0.4817314650369346,-0.9657051645657113
2017-10-30_1,AVLP_R,AVLP,R,28,28,64,2000,247,0.14605305733086832,0.22015059321389482,0.6513129240665021,1.1606290379325714
2017-10-30_1,CRE_R,CRE,R,8,8,64,2000,247,0.13033996313840762,0.22939182923380486,0.2925094086558165,1.950308567966155
2017-10-30_1,EPA_R,EPA,R,1,1,64,2000,247,0.06982248855540688,0.18985039308340615,-1.0893879031146447,-1.4285752359780488
2017-10-30_1,GA_R,GA,R,1,1,64,2000,247,0.04584965705655558,0.19589438263703038,-1.6367998966265886,-0.9121059217054829
2017-10-30_1,GOR_R,GOR,R,1,1,64,2000,247,0.10871700463095776,0.20354910618600866,-0.20124398141645566,-0.25799661406840524
2017-10-30_1,IB_R,IB,R,4,4,64,2000,247,0.1404854856686674,0.20443373325285366,0.5241791934192878,-0.1824037080008521
2017-10-30_1,ICL_R,ICL,R,8,8,64,2000,247,0.15116926460534827,0.1970058213554846,0.7681398922733065,-0.817131569469578
2017-10-30_1,IPS_R,IPS,R,11,11,64,2000,247,0.10270309907100386,0.21334753767774223,-0.33856960486334287,0.5792962284461568
2017-10-30_1,IVLP_R,IVLP,R,5,5,64,2000,247,0.14094575406638474,0.2045430113127989,0.5346892761000538,-0.17306570961680323
2017-10-30_1,LAL_R,LAL,R,9,9,64,2000,247,0.17083105881302924,0.21451519362898713,1.2171107184255683,0.6790744400223363
2017-10-30_1,LB_R,LB,R,1,1,64,2000,247,0.06024629418426727,0.1953026349664029,-1.3080572601830651,-0.9626717790683728
2017-10-30_1,LH_R,LH,R,14,14,64,2000,247,0.06783087297693532,0.20109541006782386,-1.134865812312513,-0.46766917229317234
2017-10-30_1,LO_R,LO,R,40,29,64,2000,247,0.02369707414022119,0.18682706213673161,-2.1426470918671807,-1.6869240711297755
2017-10-30_1,LOP_R,LOP,R,24,0,64,2000,247,,,,
2017-10-30_1,MB_R,MB,R,16,16,64,2000,247,0.1230048438051492,0.22873586338700108,0.12501428831263148,1.894255156874169
2017-10-30_1,ME_R,ME,R,129,24,64,2000,247,0.03200328865558472,0.18989717660423924,-1.9529773214601733,-1.4245775035680985
2017-10-30_1,OTU_R,OTU,R,3,3,64,2000,247,0.06255495933128939,0.1910478699269915,-1.2553396247821955,-1.3262487778039203
2017-10-30_1,PLP_R,PLP,R,15,15,64,2000,247,0.126091621094834,0.21030370704926574,0.19549986736301245,0.31919566018683176
2017-10-30_1,PVLP_R,PVLP,R,17,17,64,2000,247,0.13698878050199162,0.20654194701273118,0.4443330414907924,-0.0022532121663542105
2017-10-30_1,SCL_R,SCL,R,6,6,64,2000,247,0.13731574531562268,0.2166390656475521,0.45179917916612783,0.8605629610230345
2017-10-30_1,SIP_R,SIP,R,6,6,64,2000,247,0.12208944976073334,0.20553794591558947,0.10411155603727809,-0.08804683466835703
2017-10-30_1,SLP_R,SLP,R,22,22,64,2000,247,0.1313497223346021,0.21897212801914956,0.31556693920168977,1.0599271578872616
2017-10-30_1,SMP_R,SMP,R,21,21,64,2000,247,0.13598611182931938,0.2101223812743006,0.42143742079760127,0.30370106049811685
2017-10-30_1,SPS_R,SPS,R,12,12,64,2000,247,0.15505537751027038,0.20978289406070894,0.8568780462288723,0.2746912935466077
2017-10-30_1,VES_R,VES,R,6,6,64,2000,247,0.17274139250932646,0.21247147005939357,1.2607325816590882,0.5044347419908044
2017-10-30_1,WED_R,WED,R,1,1,64,2000,247,0.053109887756201415,0.1841857109168206,-1.4710148344473388,-1.9126320809132193
2017-10-30_1,EB,EB,midline,3,3,64,2000,247,0.1175658831953203,0.20943640092645416,0.0008173501994993636,0.24508285861120827
2017-10-30_1,FB,FB,midline,13,13,64,2000,247,0.184099778435938,0.20407827657123498,1.5200977168731893,-0.21277809349248794
2017-10-30_1,FLA,FLA,midline,6,6,64,2000,247,0.16098223837070483,0.20660139923568502,0.9922160316076041,0.0028270826535691587
2017-10-30_1,NO,NO,midline,1,1,64,2000,247,0.08103734548768236,0.19940006621582293,-0.8333002069014402,-0.612539223594649
2017-10-30_1,PB,PB,midline,1,1,64,2000,247,0.10634631317113082,0.2011951093581977,-0.25537796797068457,-0.4591496962623171
2017-10-30_1,PRW,PRW,midline,7,7,64,2000,247,0.060922967165897096,0.21986727549091917,-1.2926056475586907,1.136419050670307
2017-10-30_1,SAD,SAD,midline,20,20,64,2000,247,0.17515464744280487,0.21688733359484957,1.3158384916160013,0.8817778846027259
2017-10-30_1,SOG,SOG,midline,74,71,64,2000,247,0.09977808550193468,0.21237550343870962,-0.40536136072957724,0.4962342290120923
2017-10-30_2,AL_L,AL,L,22,22,66,2000,247,0.17811565568514107,0.23565011203048022,1.4710696772214151,1.4172837992411782
2017-10-30_2,AME_L,AME,L,1,1,66,2000,247,0.02169383993122082,0.18700178303693418,-1.6160814757657218,-1.28430496277493
2017-10-30_2,AMMC_L,AMMC,L,4,4,66,2000,247,0.05486373176177081,0.19596427674942885,-0.9614383282252568,-0.7865905953086222
2017-10-30_2,ATL_L,ATL,L,1,1,66,2000,247,0.10421992206882216,0.21031354267465152,0.012658661245647122,0.010267516136585744
2017-10-30_2,AVLP_L,AVLP,L,34,34,66,2000,247,0.15419581699815138,0.2168829266589609,0.9989861815408848,0.37508526656195623
2017-10-30_2,CRE_L,CRE,L,10,10,66,2000,247,0.16450408753125856,0.23473898853648592,1.2024308807869846,1.3666863574973844
2017-10-30_2,EPA_L,EPA,L,1,1,66,2000,247,0.05389522738176223,0.18513716455235688,-0.9805527938067091,-1.387852863547634
2017-10-30_2,GA_L,GA,L,1,1,66,2000,247,0.0421014004747412,0.1905512154755829,-1.2133165304930236,-1.0871942503173457
2017-10-30_2,GOR_L,GOR,L,1,1,66,2000,247,0.07118047849823791,0.20151710274956333,-0.6394099509321036,-0.47822538257162645
2017-10-30_2,IB_L,IB,L,3,3,66,2000,247,0.10368761815762549,0.1995284052962629,0.00215307655293662,-0.5886637635404626
2017-10-30_2,ICL_L,ICL,L,8,8,66,2000,247,0.15357870063488432,0.20884318046841685,0.9868067327651191,-0.0713861417513098
2017-10-30_2,IPS_L,IPS,L,8,8,66,2000,247,0.07781117391126109,0.1963339946704691,-0.5085461140001506,-0.7660590415787738
2017-10-30_2,IVLP_L,IVLP,L,7,7,66,2000,247,0.09386410006380384,0.19762236080286036,-0.1917245169500109,-0.6945121758047794
2017-10-30_2,LAL_L,LAL,L,5,5,66,2000,247,0.1513725155015824,0.22333866512341613,0.9432653191512357,0.7335919377448696
2017-10-30_2,LB_L,LB,L,1,1,66,2000,247,0.03577883854014071,0.1988971835065302,-1.3380990250073497,-0.6237174175664364
2017-10-30_2,LH_L,LH,L,11,11,66,2000,247,0.1696274359476152,0.24173063194180305,1.3035456191275274,1.7549534499669872
2017-10-30_2,LO_L,LO,L,39,22,66,2000,247,0.033344524256536806,0.18184155354991285,-1.3861428104035214,-1.5708681044074089
2017-10-30_2,LOP_L,LOP,L,22,0,66,2000,247,,,,
2017-10-30_2,MB_L,MB,L,16,16,66,2000,247,0.1689970666245621,0.238531523295975,1.2911046090734528,1.5772972766751099
2017-10-30_2,ME_L,ME,L,131,16,66,2000,247,0.015338635861485336,0.18462943012225835,-1.74150819758704,-1.4160488912184876
2017-10-30_2,OTU_L,OTU,L,4,4,66,2000,247,0.09269543281798741,0.2199103556903386,-0.21478940989983006,0.5432075519143754
2017-10-30_2,PLP_L,PLP,L,13,13,66,2000,247,0.1482258755095135,0.22445728275505145,0.8811630271356956,0.7957121561601818
2017-10-30_2,PVLP_L,PVLP,L,11,11,66,2000,247,0.1266135081976034,0.203830981443148,0.4546199369397066,-0.34972870437973624
2017-10-30_2,SCL_L,SCL,L,8,8,66,2000,247,0.16828692860003983,0.2399638989546964,1.2770892787269952,1.6568414267547669
2017-10-30_2,SIP_L,SIP,L,7,7,66,2000,247,0.17132429943136204,0.23842592779202762,1.3370350274626914,1.5714332391493506
2017-10-30_2,SLP_L,SLP,L,23,23,66,2000,247,0.1873896950513523,0.24622416782013795,1.6541027227352703,2.0044930802436256
2017-10-30_2,SMP_L,SMP,L,22,22,66,2000,247,0.18484049560593832,0.2351748258070129,1.6037915562961558,1.3908897185682174
2017-10-30_2,SPS_L,SPS,L,15,15,66,2000,247,0.11376405699116465,0.20395495947038123,0.20102233026306154,-0.3428438297696626
2017-10-30_2,VES_L,VES,L,6,6,66,2000,247,0.14890910643226607,0.21492486709838862,0.8946473171675303,0.26634830038780416
2017-10-30_2,WED_L,WED,L,1,1,66,2000,247,0.027245090955229163,0.185492150111685,-1.5065216236652395,-1.3681394423962914
2017-10-30_2,AL_R,AL,R,23,23,66,2000,247,0.14161942653032086,0.2248847198228295,0.7507777194024674,0.8194490285804356
2017-10-30_2,AME_R,AME,R,1,1,66,2000,247,0.025184522013587844,0.17897594192082536,-1.547189146627669,-1.7300041802728823
2017-10-30_2,AMMC_R,AMMC,R,4,4,66,2000,247,0.036351702439110616,0.1896258499851915,-1.3267929457518073,-1.1385825931714364
2017-10-30_2,ATL_R,ATL,R,1,1,66,2000,247,0.07618453090117534,0.2252486067783056,-0.5406496464894085,0.8396567711668026
2017-10-30_2,AVLP_R,AVLP,R,28,28,66,2000,247,0.11614462023173028,0.22670981989720884,0.2480052815697547,0.9208023525795415
2017-10-30_2,CRE_R,CRE,R,8,8,66,2000,247,0.13596361901301818,0.22632726598918482,0.6391543335342036,0.8995579776921705
2017-10-30_2,EPA_R,EPA,R,1,1,66,2000,247,0.06149539950614442,0.19132007780058866,-0.8305553012983846,-1.0444970013111428
2017-10-30_2,GA_R,GA,R,1,1,66,2000,247,0.07454342249967512,0.20630773460925095,-0.5730386688866332,-0.2121871143958502
2017-10-30_2,GOR_R,GOR,R,1,1,66,2000,247,0.08481939670902726,0.2003100855053035,-0.37023137199158695,-0.5452546986882116
2017-10-30_2,IB_R,IB,R,4,4,66,2000,247,0.10108073592320656,0.19537033198683113,-0.04929652117036815,-0.8195741433376861
2017-10-30_2,ICL_R,ICL,R,8,8,66,2000,247,0.14340082540996735,0.22509435271497713,0.7859355238220392,0.8310905767546818
2017-10-30_2,IPS_R,IPS,R,11,11,66,2000,247,0.06770639420982592,0.19589856146127554,-0.7079747049266358,-0.7902399639023752
2017-10-30_2,IVLP_R,IVLP,R,5,5,66,2000,247,0.07195580497549284,0.19419878854120518,-0.624108057032825,-0.884633492186782
2017-10-30_2,LAL_R,LAL,R,9,9,66,2000,247,0.12761121768350542,0.2076454722845635,0.474310796394977,-0.13789849760431713
2017-10-30_2,LB_R,LB,R,1,1,66,2000,247,0.030191576984500142,0.1872341555632372,-1.4483695833076817,-1.2714006139792131
2017-10-30_2,LH_R,LH,R,14,14,66,2000,247,0.12688206261257617,0.2230848131241523,0.45992014438089424,0.7194947688880012
2017-10-30_2,LO_R,LO,R,40,30,66,2000,247,0.02581595821768854,0.1833044488740096,-1.5347270805396884,-1.4896291050553452
2017-10-30_2,LOP_R,LOP,R,24,0,66,2000,247,,,,
2017-10-30_2,MB_R,MB,R,16,16,66,2000,247,0.14134859996380605,0.22777476947186825,0.7454326686303229,0.9799422215644636
2017-10-30_2,ME_R,ME,R,129,24,66,2000,247,0.026708927955016774,0.18631049319047926,-1.5171033715903413,-1.3226943775629736
2017-10-30_2,OTU_R,OTU,R,3,3,66,2000,247,0.11828033702147384,0.222088342568152,0.29015592736128054,0.6641577468059582
2017-10-30_2,PLP_R,PLP,R,15,15,66,2000,247,0.13544724295651414,0.2220829431910197,0.628963102020057,0.6638579030726943
2017-10-30_2,PVLP_R,PVLP,R,17,17,66,2000,247,0.1254618568798768,0.22151490675248522,0.4318908714559509,0.632313122593924
2017-10-30_2,SCL_R,SCL,R,6,6,66,2000,247,0.1495245848047624,0.22682014491696645,0.9067944384506632,0.9269290344145105
2017-10-30_2,SIP_R,SIP,R,6,6,66,2000,247,0.14951811466969622,0.2283000458559983,0.9066667434432034,1.009112406968087
2017-10-30_2,SLP_R,SLP,R,22,22,66,2000,247,0.18471542890019219,0.22708597215970402,1.6013232316383479,0.9416912247399549
2017-10-30_2,SMP_R,SMP,R,21,21,66,2000,247,0.13216619861382964,0.22556263091976986,0.5642081969788365,0.8570954809669713
2017-10-30_2,SPS_R,SPS,R,12,12,66,2000,247,0.10111735822135309,0.20945125364959233,-0.04857374110671018,-0.03761799993157753
2017-10-30_2,VES_R,VES,R,6,6,66,2000,247,0.09744905105176595,0.20219059090980007,-0.12097169054566571,-0.44082454922978925
2017-10-30_2,WED_R,WED,R,1,1,66,2000,247,0.03545499031364457,0.18048211577493312,-1.3444905147174115,-1.6463617933280021
2017-10-30_2,EB,EB,midline,3,3,66,2000,247,0.15738381077478056,0.2112619414848444,1.0619046345443939,0.06293496886381982
2017-10-30_2,FB,FB,midline,13,13,66,2000,247,0.17734668326660014,0.2271460717907759,1.4558931874391423,0.9450287389211022
2017-10-30_2,FLA,FLA,midline,6,6,66,2000,247,0.10797753232436401,0.20830758027099905,0.08681910221074679,-0.10112963971337763
2017-10-30_2,NO,NO,midline,1,1,66,2000,247,0.06442199800183507,0.1902802480618058,-0.7727957626000532,-1.1022418898782014
2017-10-30_2,PB,PB,midline,1,1,66,2000,247,0.0669046865773019,0.1977721134651347,-0.7237972590261146,-0.6861959577999216
2017-10-30_2,PRW,PRW,midline,7,7,66,2000,247,0.05758206742480518,0.20919143190813463,-0.9077890783690565,-0.0520466866176646
2017-10-30_2,SAD,SAD,midline,20,20,66,2000,247,0.10664284892607413,0.199448502457844,0.06047770365298125,-0.5931010096862507
2017-10-30_2,SOG,SOG,midline,74,71,66,2000,247,0.03631383305382339,0.2224644741950808,-1.3275403384085729,0.6850454730109946
2017-11-08_1,AL_L,AL,L,22,22,66,4000,497,0.22604240576099904,0.24172932157909005,0.9258395612513045,1.7885539651622968
2017-11-08_1,AME_L,AME,L,1,1,66,4000,497,0.06242772452364058,0.19042562246970934,-1.4121995007729191,-1.9319024294451155
2017-11-08_1,AMMC_L,AMMC,L,4,4,66,4000,497,0.17013482447297404,0.2126643570950084,0.12692525890292333,-0.3191874813812107
2017-11-08_1,ATL_L,ATL,L,1,1,66,4000,497,0.15034034150645756,0.21230348935657858,-0.15593612027336903,-0.34535699173535184
2017-11-08_1,AVLP_L,AVLP,L,34,34,66,4000,497,0.2250999673648029,0.22717784965557852,0.9123722014325273,0.7333061427127902
2017-11-08_1,CRE_L,CRE,L,10,10,66,4000,497,0.23649395499709558,0.22294893253213824,1.07519125871428,0.4266323155366252
2017-11-08_1,EPA_L,EPA,L,1,1,66,4000,497,0.1065768291872548,0.20261874948262432,-0.78131277058286,-1.0476777409145135
2017-11-08_1,GA_L,GA,L,1,1,66,4000,497,0.11636185093872344,0.20893938835586665,-0.6414856908570425,-0.589315834810576
2017-11-08_1,GOR_L,GOR,L,1,1,66,4000,497,0.14922154161618723,0.20296592920838033,-0.17192366996180852,-1.0225008617968274
2017-11-08_1,IB_L,IB,L,3,3,66,4000,497,0.21488248581582148,0.21112249330863286,0.7663653101415535,-0.43100080251043765
2017-11-08_1,ICL_L,ICL,L,8,8,66,4000,497,0.23906714273324417,0.21683845174106808,1.1119618797584225,-0.016489286373478147
2017-11-08_1,IPS_L,IPS,L,8,8,66,4000,497,0.20589950377325136,0.21604090628092834,0.6379993056353789,-0.07432591723397038
2017-11-08_1,IVLP_L,IVLP,L,7,7,66,4000,497,0.2011105317395545,0.21844121366742275,0.5695653265019206,0.0997402635704011
2017-11-08_1,LAL_L,LAL,L,5,5,66,4000,497,0.20836022788725764,0.2240508843854385,0.673162831646014,0.5065439766903292
2017-11-08_1,LB_L,LB,L,1,1,66,4000,497,0.1052208584439281,0.2208304389647636,-0.8006894704051738,0.27300279024899304
2017-11-08_1,LH_L,LH,L,11,11,66,4000,497,0.23200457318376622,0.22770026054034087,1.0110383968529537,0.7711904853735948
2017-11-08_1,LO_L,LO,L,39,22,66,4000,497,0.02245095048515541,0.19274548092245944,-1.9834640020318233,-1.763670267535761
2017-11-08_1,LOP_L,LOP,L,22,0,66,4000,497,,,,
2017-11-08_1,MB_L,MB,L,16,16,66,4000,497,0.2355761995498507,0.23428549306458882,1.062076616013414,1.2487402698945949
2017-11-08_1,ME_L,ME,L,131,16,66,4000,497,0.018943231017084613,0.18418989800089405,-2.0335889973742325,-2.384106488367872
2017-11-08_1,OTU_L,OTU,L,4,4,66,4000,497,0.1670344235302071,0.22176402121178196,0.08262080860967719,0.3407045759117806
2017-11-08_1,PLP_L,PLP,L,13,13,66,4000,497,0.2421283663002501,0.22050061686047587,1.1557064888798119,0.24908465611281788
2017-11-08_1,PVLP_L,PVLP,L,11,11,66,4000,497,0.22912437139575517,0.23437654240936026,0.9698805726531029,1.2553430124426035
2017-11-08_1,SCL_L,SCL,L,8,8,66,4000,497,0.23190493316826555,0.2256411161958343,1.0096145500036402,0.6218648640844586
2017-11-08_1,SIP_L,SIP,L,7,7,66,4000,497,0.20245464425899715,0.21760591233334511,0.5887725733727174,0.039165641394180384
2017-11-08_1,SLP_L,SLP,L,23,23,66,4000,497,0.2640664715298032,0.22063746372568313,1.4692000371701563,0.259008556408133
2017-11-08_1,SMP_L,SMP,L,22,22,66,4000,497,0.2366387395672619,0.23253807445413868,1.0772602171846763,1.122020464965042
2017-11-08_1,SPS_L,SPS,L,15,15,66,4000,497,0.22761817999362005,0.21551544858389454,0.9483572331431955,-0.11243120950260577
2017-11-08_1,VES_L,VES,L,6,6,66,4000,497,0.24628385292213137,0.22042125478720592,1.215088018521292,0.24332945447800083
2017-11-08_1,WED_L,WED,L,1,1,66,4000,497,0.0888918473940289,0.1997001324846757,-1.0340295679451021,-1.2593308470633915
2017-11-08_1,AL_R,AL,R,23,23,66,4000,497,0.1898622917513409,0.2462826148014424,0.40882898993005634,2.1187509914918445
2017-11-08_1,AME_R,AME,R,1,1,66,4000,497,0.021041159734896387,0.1899204683506989,-2.0036097849069203,-1.9685353410082322
2017-11-08_1,AMMC_R,AMMC,R,4,4,66,4000,497,0.11982243753897845,0.19992710779937223,-0.5920342199515918,-1.242870985968768
2017-11-08_1,ATL_R,ATL,R,1,1,66,4000,497,0.14348794014247654,0.2111414156153122,-0.253856318732904,-0.4296285892371661
2017-11-08_1,AVLP_R,AVLP,R,28,28,66,4000,497,0.12630382791027395,0.21741236132342864,-0.49941573516945426,0.02512965363838154
2017-11-08_1,CRE_R,CRE,R,8,8,66,4000,497,0.2267682158077984,0.22481734595177497,0.9362113214637314,0.5621264568077511
2017-11-08_1,EPA_R,EPA,R,1,1,66,4000,497,0.12316261678476795,0.20924253353128322,-0.5443033592992452,-0.5673322658681417
2017-11-08_1,GA_R,GA,R,1,1,66,4000,497,0.0562327283450413,0.19774357885134486,-1.5007254383300968,-1.4012167656790935
2017-11-08_1,GOR_R,GOR,R,1,1,66,4000,497,0.18393234256606258,0.20900610247226858,0.32409055004099757,-0.5844778413464207
2017-11-08_1,IB_R,IB,R,4,4,66,4000,497,0.22074825063858014,0.2154852909052976,0.8501865612697556,-0.11461819270518644
2017-11-08_1,ICL_R,ICL,R,8,8,66,4000,497,0.17991629715546173,0.21420339051775386,0.2667016227525829,-0.2075794133750391
2017-11-08_1,IPS_R,IPS,R,11,11,66,4000,497,0.10532443819378819,0.24144645254541922,-0.7992093251066217,1.7680407872935173
2017-11-08_1,IVLP_R,IVLP,R,5,5,66,4000,497,0.159848309390935,0.2103295220173627,-0.02006811535924609,-0.48850572247841495
2017-11-08_1,LAL_R,LAL,R,9,9,66,4000,497,0.18593597729992628,0.22897746814469427,0.3527223099684936,0.8638113934435351
2017-11-08_1,LB_R,LB,R,1,1,66,4000,497,0.04020161973784234,0.1970582761202934,-1.72980853678878,-1.450913746057574
2017-11-08_1,LH_R,LH,R,14,14,66,4000,497,0.11094626302255921,0.2143147090703624,-0.7188739545266675,-0.19950678258855528
2017-11-08_1,LO_R,LO,R,40,30,66,4000,497,0.026729265859248376,0.19743944468543415,-1.9223272605814838,-1.4232720545183775
2017-11-08_1,LOP_R,LOP,R,24,0,66,4000,497,,,,
2017-11-08_1,MB_R,MB,R,16,16,66,4000,497,0.22685722141848808,0.23429090646089032,0.9374832036258821,1.2491328401231767
2017-11-08_1,ME_R,ME,R,129,24,66,4000,497,0.026510296153010805,0.20353479433670688,-1.9254563179662587,-0.981247736952177
2017-11-08_1,OTU_R,OTU,R,3,3,66,4000,497,0.057363901677397515,0.20207158356410043,-1.4845610732684296,-1.0873572762272254
2017-11-08_1,PLP_R,PLP,R,15,15,66,4000,497,0.16979309964227515,0.21427184862051674,0.12204204184321132,-0.20261494900681074
2017-11-08_1,PVLP_R,PVLP,R,17,17,66,4000,497,0.14800033544642677,0.2092166313124396,-0.18937459616287974,-0.5692106504174868
2017-11-08_1,SCL_R,SCL,R,6,6,66,4000,497,0.0971373848507416,0.22754383924345464,-0.9162015801668497,0.7598470808168901
2017-11-08_1,SIP_R,SIP,R,6,6,66,4000,497,0.16053423605351408,0.22171536130502378,-0.01026628511598542,0.3371758428106162
2017-11-08_1,SLP_R,SLP,R,22,22,66,4000,497,0.08512844971617961,0.23223232662848325,-1.0878081818824303,1.0998481562846907
2017-11-08_1,SMP_R,SMP,R,21,21,66,4000,497,0.2322770166467667,0.23808047183242498,1.0149315894067699,1.5239456307028525
2017-11-08_1,SPS_R,SPS,R,12,12,66,4000,497,0.18710244297718526,0.21943266274643058,0.3693909994608844,0.17163845278397125
2017-11-08_1,VES_R,VES,R,6,6,66,4000,497,0.18449903535590642,0.22760398892110106,0.3321885389794123,0.7642090324250205
2017-11-08_1,WED_R,WED,R,1,1,66,4000,497,0.0726559956850695,0.20723560821357404,-1.2660384268916325,-0.7128710527663634
2017-11-08_1,EB,EB,midline,3,3,66,4000,497,0.2468237550264874,0.21663423559446188,1.2228031709764817,-0.03129869157646911
2017-11-08_1,FB,FB,midline,13,13,66,4000,497,0.2763488714318141,0.21607650026928177,1.644714425788156,-0.07174470215829415
2017-11-08_1,FLA,FLA,midline,6,6,66,4000,497,0.22183378140077487,0.2243284156367734,0.8656986981137486,0.5266700677258099
2017-11-08_1,NO,NO,midline,1,1,66,4000,497,0.09783344701104624,0.21279768827583984,-0.9062549145737524,-0.3095185324957255
2017-11-08_1,PB,PB,midline,1,1,66,4000,497,0.1670208059800478,0.22844174455363592,0.08242621504410755,0.8249616361220271
2017-11-08_1,PRW,PRW,midline,7,7,66,4000,497,0.17924474876082183,0.21463734084550726,0.25710525666346673,-0.17611007880737045
2017-11-08_1,SAD,SAD,midline,20,20,66,4000,497,0.212496282582951,0.22100556331349164,0.7322666808120372,0.2857025080936578
2017-11-08_1,SOG,SOG,midline,74,71,66,4000,497,0.11058982599580726,0.2537256280402108,-0.7239674075432024,2.658505564359677
2017-11-08_2,AL_L,AL,L,22,22,66,4000,497,0.16075333720852988,0.22361495012675509,0.3918515352520352,0.7073402470385067
2017-11-08_2,AME_L,AME,L,1,1,66,4000,497,0.07835981284710408,0.19780995227890355,-1.065868506539529,-1.8427821420124855
2017-11-08_2,AMMC_L,AMMC,L,4,4,66,4000,497,0.0884909375188158,0.2129160650175926,-0.8866269509160478,-0.34995363903833543
2017-11-08_2,ATL_L,ATL,L,1,1,66,4000,497,0.07659751760464699,0.21654788823734736,-1.0970473293219456,0.00895333550895928
2017-11-08_2,AVLP_L,AVLP,L,34,34,66,4000,497,0.1910028778621013,0.2264878746870475,0.9270314781838596,0.9912507238559329
2017-11-08_2,CRE_L,CRE,L,10,10,66,4000,497,0.16607149394824458,0.21273672176546898,0.485941255590548,-0.36767684309602355
2017-11-08_2,EPA_L,EPA,L,1,1,66,4000,497,0.07382796677273626,0.20292788995078012,-1.1460466868045451,-1.337013161919097
2017-11-08_2,GA_L,GA,L,1,1,66,4000,497,0.054058752019124565,0.1987124308992365,-1.4958069474581477,-1.753596669147101
2017-11-08_2,GOR_L,GOR,L,1,1,66,4000,497,0.09197995916595089,0.208282631214974,-0.8248985951903816,-0.8078425855094987
2017-11-08_2,IB_L,IB,L,3,3,66,4000,497,0.14765001223086027,0.2158074048426739,0.1600253136879592,-0.06422331401494125
2017-11-08_2,ICL_L,ICL,L,8,8,66,4000,497,0.15279487279702506,0.21879743268899918,0.2510490490803569,0.23125963854166265
2017-11-08_2,IPS_L,IPS,L,8,8,66,4000,497,0.16868783494431677,0.22655761935042615,0.5322299989802032,0.9981430874456281
2017-11-08_2,IVLP_L,IVLP,L,7,7,66,4000,497,0.166243643779977,0.21822677974435348,0.48898695926510616,0.17486611124516513
2017-11-08_2,LAL_L,LAL,L,5,5,66,4000,497,0.1858631488451149,0.2289536531184136,0.8360985310195507,1.2349258762950257
2017-11-08_2,LB_L,LB,L,1,1,66,4000,497,0.04747778961317009,0.20159584687041873,-1.6122384372844032,-1.4686494016288727
2017-11-08_2,LH_L,LH,L,11,11,66,4000,497,0.13721854820150264,0.22232508060964984,-0.024529896186537573,0.5798717173405536
2017-11-08_2,LO_L,LO,L,39,22,66,4000,497,0.0631384424732227,0.19910760067739133,-1.3351675422283973,-1.7145448814007638
2017-11-08_2,LOP_L,LOP,L,22,0,66,4000,497,,,,
2017-11-08_2,MB_L,MB,L,16,16,66,4000,497,0.18358268190424556,0.21721972054442312,0.7957521277055464,0.07534569167434958
2017-11-08_2,ME_L,ME,L,131,16,66,4000,497,0.04595759078416419,0.19348486375634355,-1.639134049745756,-2.2701995415813068
2017-11-08_2,OTU_L,OTU,L,4,4,66,4000,497,0.08285194569526227,0.20454304369549,-0.9863929393283741,-1.1773991309306329
2017-11-08_2,PLP_L,PLP,L,13,13,66,4000,497,0.19258688495314036,0.22991162964245465,0.955055997111085,1.3295958079317667
2017-11-08_2,PVLP_L,PVLP,L,11,11,66,4000,497,0.19669156405831995,0.23414234317105892,1.0276766677659337,1.7476868054418837
2017-11-08_2,SCL_L,SCL,L,8,8,66,4000,497,0.13117417940616694,0.22066435246808758,-0.13146788192301667,0.4157538964093044
2017-11-08_2,SIP_L,SIP,L,7,7,66,4000,497,0.09645323267356569,0.21119256764389746,-0.7457566905928623,-0.5202744918454018
2017-11-08_2,SLP_L,SLP,L,23,23,66,4000,497,0.13988357082543834,0.21892750593130583,0.022620130722103608,0.24411384180020984
2017-11-08_2,SMP_L,SMP,L,22,22,66,4000,497,0.1190369949180118,0.21959573261202076,-0.34620098402574195,0.3101498798382533
2017-11-08_2,SPS_L,SPS,L,15,15,66,4000,497,0.16960322400995642,0.22147558288702768,0.548425215744647,0.49592196564208696
2017-11-08_2,VES_L,VES,L,6,6,66,4000,497,0.19153246170616836,0.220589760962214,0.9364009643089973,0.4083825542265699
2017-11-08_2,WED_L,WED,L,1,1,66,4000,497,0.06331119451304142,0.1926501941856936,-1.332111184187449,-2.352683933640702
2017-11-08_2,AL_R,AL,R,23,23,66,4000,497,0.1776112158429399,0.21949892522863704,0.6901039493577017,0.3005831022222336
2017-11-08_2,AME_R,AME,R,1,1,66,4000,497,0.04015694223213784,0.20081669741236846,-1.7417600960911745,-1.5456471401718492
2017-11-08_2,AMMC_R,AMMC,R,4,4,66,4000,497,0.08716492585871541,0.2044108764308879,-0.9100869714402166,-1.190460271355782
2017-11-08_2,ATL_R,ATL,R,1,1,66,4000,497,0.11201714976497218,0.22354500454742782,-0.47039726096822937,0.7004280283702746
2017-11-08_2,AVLP_R,AVLP,R,28,28,66,4000,497,0.17088965156070607,0.22297001187878232,0.5711849075720611,0.6436056373552279
2017-11-08_2,CRE_R,CRE,R,8,8,66,4000,497,0.1938981718997265,0.22057983330716152,0.978255505535963,0.40740147546154276
2017-11-08_2,EPA_R,EPA,R,1,1,66,4000,497,0.10592818785872456,0.21319594648733795,-0.5781241954965697,-0.3222949658430768
2017-11-08_2,GA_R,GA,R,1,1,66,4000,497,0.0660697279360002,0.20112084659830098,-1.283306748550496,-1.5155902630803932
2017-11-08_2,GOR_R,GOR,R,1,1,66,4000,497,0.12878148934328493,0.21403586555875173,-0.1737997555197667,-0.23929180336920183
2017-11-08_2,IB_R,IB,R,4,4,66,4000,497,0.1797497524092828,0.22188915652641533,0.7279392966986828,0.5367924746629419
2017-11-08_2,ICL_R,ICL,R,8,8,66,4000,497,0.2250953584003654,0.22393474311353798,1.530201357615346,0.7389430884828216
2017-11-08_2,IPS_R,IPS,R,11,11,66,4000,497,0.19057334006547902,0.23443624065001545,0.9194320234973887,1.7767305800467743
2017-11-08_2,IVLP_R,IVLP,R,5,5,66,4000,497,0.14323940141909425,0.22327749454035226,0.0819920480073863,0.6739919378749067
2017-11-08_2,LAL_R,LAL,R,9,9,66,4000,497,0.22745851060645414,0.22203815020367845,1.5720106424992957,0.5515164484627443
2017-11-08_2,LB_R,LB,R,1,1,66,4000,497,0.023319766120695393,0.2057778011462374,-2.0396462376908477,-1.0553769304730343
2017-11-08_2,LH_R,LH,R,14,14,66,4000,497,0.1929717294505381,0.22194362648325872,0.9618647304572765,0.542175348837005
2017-11-08_2,LO_R,LO,R,40,30,66,4000,497,0.07125739096553019,0.2071933424936009,-1.1915257448027383,-0.915489157421363
2017-11-08_2,LOP_R,LOP,R,24,0,66,4000,497,,,,
2017-11-08_2,MB_R,MB,R,16,16,66,4000,497,0.214706466057123,0.2236298049499504,1.3463993331464257,0.7088082424027826
2017-11-08_2,ME_R,ME,R,129,24,66,4000,497,0.0311627564933551,0.20506654289863108,-1.9008867375673542,-1.1256654688527827
2017-11-08_2,OTU_R,OTU,R,3,3,66,4000,497,0.12566480298307625,0.2109448455502831,-0.2289406929473882,-0.5447550851364099
2017-11-08_2,PLP_R,PLP,R,15,15,66,4000,497,0.23499004835846174,0.22409748764598403,1.7052598706601345,0.7550259604262063
2017-11-08_2,PVLP_R,PVLP,R,17,17,66,4000,497,0.1759644634578621,0.22240555373807874,0.6609693301725098,0.5878242979892131
2017-11-08_2,SCL_R,SCL,R,6,6,66,4000,497,0.22492241473156369,0.22571706215655082,1.5271416092423142,0.915076863917235
2017-11-08_2,SIP_R,SIP,R,6,6,66,4000,497,0.1600220673416566,0.2233011413955881,0.37891378620972715,0.6763287865475212
2017-11-08_2,SLP_R,SLP,R,22,22,66,4000,497,0.21198852026908072,0.22322055786993655,1.298312980748723,0.6683652961351482
2017-11-08_2,SMP_R,SMP,R,21,21,66,4000,497,0.18090346235131052,0.2206052274279187,0.7483509263497065,0.4099109938220919
2017-11-08_2,SPS_R,SPS,R,12,12,66,4000,497,0.19447788187765372,0.22674064522177584,0.9885118316222723,1.0162302182819234
2017-11-08_2,VES_R,VES,R,6,6,66,4000,497,0.2243793646492102,0.22578522618795874,1.5175338761725314,0.9218130250146391
2017-11-08_2,WED_R,WED,R,1,1,66,4000,497,0.06134650045124988,0.19590110439770478,-1.3668708808026748,-2.031419852731877
2017-11-08_2,EB,EB,midline,3,3,66,4000,497,0.14613290143391236,0.21972999011774222,0.13318433520731646,0.32341758376355906
2017-11-08_2,FB,FB,midline,13,13,66,4000,497,0.17651479387790572,0.22170445215543008,0.670705868196859,0.5185394697767476
2017-11-08_2,FLA,FLA,midline,6,6,66,4000,497,0.15938122083953632,0.2171595481775816,0.36757582249118376,0.0693992893227779
2017-11-08_2,NO,NO,midline,1,1,66,4000,497,0.10260437101089158,0.22210086344474414,-0.6369297202253913,0.5577139471439881
2017-11-08_2,PB,PB,midline,1,1,66,4000,497,0.09250426119033392,0.21962533172487161,-0.8156225559043033,0.31307494733184765
2017-11-08_2,PRW,PRW,midline,7,7,66,4000,497,0.10711220555160864,0.2087225558825646,-0.557176356037951,-0.7643679938457753
2017-11-08_2,SAD,SAD,midline,20,20,66,4000,497,0.18075335854206198,0.22073589621288,0.7456952645997487,0.42282405027900966
2017-11-08_2,SOG,SOG,midline,74,71,66,4000,497,0.14333503737117312,0.23251751169529153,0.08368405529972706,1.5871163938797619
2017-11-16_1,AL_L,AL,L,22,22,66,2000,247,0.1317205845387249,0.2168756988221802,0.08756993977962377,1.300139743588916
2017-11-16_1,AME_L,AME,L,1,1,66,2000,247,0.07746254851081932,0.19869240514593664,-0.919319130616123,-0.6150134016241544
2017-11-16_1,AMMC_L,AMMC,L,4,4,66,2000,247,0.03973985010799199,0.2023851923669084,-1.6193550240662107,-0.22607104680278275
2017-11-16_1,ATL_L,ATL,L,1,1,66,2000,247,0.1064265106799676,0.19019614141981697,-0.3818227691836499,-1.509881321999696
2017-11-16_1,AVLP_L,AVLP,L,34,34,66,2000,247,0.16121509396501085,0.2207847544780294,0.6349118885876817,1.711860544419052
2017-11-16_1,CRE_L,CRE,L,10,10,66,2000,247,0.12838265527566955,0.2124777889793479,0.02562659020840097,0.8369304363076959
2017-11-16_1,EPA_L,EPA,L,1,1,66,2000,247,0.09255967205494957,0.1899736194571824,-0.639155493967334,-1.533318420041804
2017-11-16_1,GA_L,GA,L,1,1,66,2000,247,0.07002387520570338,0.19987847359959376,-1.0573617026936248,-0.4900908892397694
2017-11-16_1,GOR_L,GOR,L,1,1,66,2000,247,0.11065525921649391,0.1958244302986938,-0.3033481137300232,-0.9170824957545078
2017-11-16_1,IB_L,IB,L,3,3,66,2000,247,0.1880372930320732,0.1943490694941457,1.1326626562474997,-1.072474689020679
2017-11-16_1,ICL_L,ICL,L,8,8,66,2000,247,0.20301799163998613,0.19436826537460952,1.4106657466550196,-1.0704528852979887
2017-11-16_1,IPS_L,IPS,L,8,8,66,2000,247,0.18808215697317374,0.20503074004238434,1.1334952151688322,0.05257093312181066
2017-11-16_1,IVLP_L,IVLP,L,7,7,66,2000,247,0.12343440802221448,0.20941383027799793,-0.06620010389746779,0.5142193671156582
2017-11-16_1,LAL_L,LAL,L,5,5,66,2000,247,0.17479233598886415,0.20599099660473238,0.8868704481069511,0.1537098361355732
2017-11-16_1,LB_L,LB,L,1,1,66,2000,247,0.04976753139442262,0.18734991851529328,-1.433267147912233,-1.8096593954681834
2017-11-16_1,LH_L,LH,L,11,11,66,2000,247,0.13365682585422034,0.21583186454986705,0.12350157978993208,1.190198028666634
2017-11-16_1,LO_L,LO,L,39,22,66,2000,247,0.0665507134650791,0.1929180782315721,-1.1218146179180657,-1.2231936657960938
2017-11-16_1,LOP_L,LOP,L,22,0,66,2000,247,,,,
2017-11-16_1,MB_L,MB,L,16,16,66,2000,247,0.12486507432635952,0.22361685015300845,-0.039650630851922254,2.010150669192584
2017-11-16_1,ME_L,ME,L,131,16,66,2000,247,0.02911211257686316,0.19535343927455237,-1.8165783949531455,-0.966689566800723
2017-11-16_1,OTU_L,OTU,L,4,4,66,2000,247,0.147912737822843,0.20730540695998048,0.3880545013580399,0.2921499433446905
2017-11-16_1,PLP_L,PLP,L,13,13,66,2000,247,0.23204818959763027,0.21177884002178807,1.9493912733206618,0.7633137242725712
2017-11-16_1,PVLP_L,PVLP,L,11,11,66,2000,247,0.2092043794127726,0.21342633669365904,1.5254691322852132,0.9368361063580586
2017-11-16_1,SCL_L,SCL,L,8,8,66,2000,247,0.1673043290783924,0.2037532833805655,0.7479123716788969,-0.08197703092235521
2017-11-16_1,SIP_L,SIP,L,7,7,66,2000,247,0.10926155403576669,0.20497089641619237,-0.32921168374767784,0.04626791063517331
2017-11-16_1,SLP_L,SLP,L,23,23,66,2000,247,0.11592264217072243,0.21663428186519149,-0.2055990849322648,1.2747125326162005
2017-11-16_1,SMP_L,SMP,L,22,22,66,2000,247,0.10832745900675701,0.2101869565623457,-0.34654607592761444,0.5956487968701817
2017-11-16_1,SPS_L,SPS,L,15,15,66,2000,247,0.20159589515737597,0.2080033656898117,1.3842753073724043,0.3656623597674411
2017-11-16_1,VES_L,VES,L,6,6,66,2000,247,0.18224583046594925,0.21572205106301398,1.025188062872296,1.178631936820015
2017-11-16_1,WED_L,WED,L,1,1,66,2000,247,0.08981001246697203,0.20534065738765056,-0.6901820771083,0.08521293897128744
2017-11-16_1,AL_R,AL,R,23,23,66,2000,247,0.15539460083394216,0.21023386061581198,0.5268985628754791,0.6005889604686246
2017-11-16_1,AME_R,AME,R,1,1,66,2000,247,0.022973493503368247,0.18775656142071556,-1.9304953168492125,-1.7668297820238636
2017-11-16_1,AMMC_R,AMMC,R,4,4,66,2000,247,0.07471989131947093,0.19784330409689185,-0.9702157673537796,-0.7044448640223235
2017-11-16_1,ATL_R,ATL,R,1,1,66,2000,247,0.11078390048508113,0.18467072534942022,-0.3009608638989438,-2.0918450824847707
2017-11-16_1,AVLP_R,AVLP,R,28,28,66,2000,247,0.1043317710865741,0.219571988779569,-0.4206957280358349,1.5841261480457762
2017-11-16_1,CRE_R,CRE,R,8,8,66,2000,247,0.17449014154893802,0.20446145412697872,0.8812624994790375,-0.0073890351230514765
2017-11-16_1,EPA_R,EPA,R,1,1,66,2000,247,0.09182969803442902,0.2009412652205938,-0.6527019272100882,-0.3781524939245369
2017-11-16_1,GA_R,GA,R,1,1,66,2000,247,0.05781540221158943,0.1989351987454128,-1.2839194427797709,-0.5894411959526448
2017-11-16_1,GOR_R,GOR,R,1,1,66,2000,247,0.1255902043257136,0.1996700938556651,-0.026194090136180237,-0.5120384598553778
2017-11-16_1,IB_R,IB,R,4,4,66,2000,247,0.1795464459997911,0.20013841063555504,0.9750944561967282,-0.462713053252387
2017-11-16_1,ICL_R,ICL,R,8,8,66,2000,247,0.1545485366907528,0.1991719510218211,0.5111977966665259,-0.5645052918819713
2017-11-16_1,IPS_R,IPS,R,11,11,66,2000,247,0.19859012668377618,0.21098782912330485,1.3284960045120653,0.6800005997583273
2017-11-16_1,IVLP_R,IVLP,R,5,5,66,2000,247,0.12693704496299218,0.20389930312417542,-0.0012002050544722526,-0.06659751958535752
2017-11-16_1,LAL_R,LAL,R,9,9,66,2000,247,0.20179586697912028,0.21290563954259856,1.3879862681155817,0.8819937436754478
2017-11-16_1,LB_R,LB,R,1,1,66,2000,247,0.020705495824230386,0.18873587337161182,-1.9725834984714212,-1.66368387258095
2017-11-16_1,LH_R,LH,R,14,14,66,2000,247,0.05899968563453477,0.2038242940150128,-1.261942199921197,-0.07449784467992977
2017-11-16_1,LO_R,LO,R,40,30,66,2000,247,0.042036710386788634,0.18867691264679592,-1.5767312271090739,-1.669893903589949
2017-11-16_1,LOP_R,LOP,R,24,0,66,2000,247,,,,
2017-11-16_1,MB_R,MB,R,16,16,66,2000,247,0.18271366473892353,0.20886239056287578,1.0338698591682782,0.4561390476963357
2017-11-16_1,ME_R,ME,R,129,24,66,2000,247,0.0837916192343508,0.20593613661532284,-0.8018679177854927,0.14793171457328919
2017-11-16_1,OTU_R,OTU,R,3,3,66,2000,247,0.07913298759729019,0.1983272276513952,-0.8883200937533746,-0.6534756758240028
2017-11-16_1,PLP_R,PLP,R,15,15,66,2000,247,0.16241164663868582,0.19600439381209792,0.6571168170642024,-0.898127861085116
2017-11-16_1,PVLP_R,PVLP,R,17,17,66,2000,247,0.0915204457077464,0.2050058971103942,-0.6584408519948158,0.049954354399364534
2017-11-16_1,SCL_R,SCL,R,6,6,66,2000,247,0.11404430594607824,0.20879276998886717,-0.24045615595027833,0.4488062693967512
2017-11-16_1,SIP_R,SIP,R,6,6,66,2000,247,0.12913317200806276,0.21011778594729588,0.03955424314827501,0.5883634104419755
2017-11-16_1,SLP_R,SLP,R,22,22,66,2000,247,0.08280862948571469,0.21800286393025775,-0.8201096697299184,1.418858268425233
2017-11-16_1,SMP_R,SMP,R,21,21,66,2000,247,0.1274872418441396,0.20685728583010266,0.009010028613186307,0.2449516410677373
2017-11-16_1,SPS_R,SPS,R,12,12,66,2000,247,0.19717541686854972,0.2032668984324464,1.3022426427058897,-0.1332054650971591
2017-11-16_1,VES_R,VES,R,6,6,66,2000,247,0.22380961776119299,0.209673276049108,1.7965046496044528,0.5415454606936789
2017-11-16_1,WED_R,WED,R,1,1,66,2000,247,0.07883245322276629,0.19573639865210285,-0.8938972358532233,-0.9263544179842653
2017-11-16_1,EB,EB,midline,3,3,66,2000,247,0.15521593947937118,0.20357746283467426,0.5235830693856834,-0.10049530805366612
2017-11-16_1,FB,FB,midline,13,13,66,2000,247,0.22005680172350636,0.20260864507840584,1.7268620726116342,-0.20253591775243904
2017-11-16_1,FLA,FLA,midline,6,6,66,2000,247,0.18322347328854197,0.2035009550892433,1.0433305896735459,-0.10855347682683604
2017-11-16_1,NO,NO,midline,1,1,66,2000,247,0.10298229338109449,0.19884829760971895,-0.44573855029521986,-0.5985940472627512
2017-11-16_1,PB,PB,midline,1,1,66,2000,247,0.08441386919186228,0.20834014479972685,-0.7903205650403566,0.4011335776380908
2017-11-16_1,PRW,PRW,midline,7,7,66,2000,247,0.08570837347450434,0.23374814664201912,-0.766297907583636,3.0772282119902847
2017-11-16_1,SAD,SAD,midline,20,20,66,2000,247,0.1848572306868245,0.20502894101824956,1.073648909104843,0.05238145112853852
2017-11-16_1,SOG,SOG,midline,74,71,66,2000,247,0.14856981104303332,0.21599196615207208,0.40024808395507866,1.2070607100089705
2018-10-19_1,AL_L,AL,L,22,22,67,2000,247,0.17080190655290114,0.24465767048816375,-0.05399405041205846,-0.27440438403916845
2018-10-19_1,AME_L,AME,L,1,1,67,2000,247,0.09002655347771546,0.24261925175392757,-1.695821311699874,-0.452780724488855
2018-10-19_1,AMMC_L,AMMC,L,4,4,67,2000,247,0.2020060699640972,0.24980365201085952,0.5802569210011508,0.17590611233886375
2018-10-19_1,ATL_L,ATL,L,1,1,67,2000,247,0.13337814869124792,0.26034484262512175,-0.814663531112502,1.0983363148160035
2018-10-19_1,AVLP_L,AVLP,L,34,34,67,2000,247,0.17136055096483224,0.26990289023003916,-0.04263913099721111,1.9347344134863003
2018-10-19_1,CRE_L,CRE,L,10,10,67,2000,247,0.21022196229620077,0.24843265551625748,0.7472518704889919,0.05593403134830291
2018-10-19_1,EPA_L,EPA,L,1,1,67,2000,247,0.14404486748424614,0.24338687380746854,-0.5978534642281824,-0.38560825866552684
2018-10-19_1,GA_L,GA,L,1,1,67,2000,247,0.11538993631911827,0.24923460354400218,-1.1802891375633635,0.12611026747553977
2018-10-19_1,GOR_L,GOR,L,1,1,67,2000,247,0.1488161247463711,0.24832586016567568,-0.5008736313293682,0.04658866795761466
2018-10-19_1,IB_L,IB,L,3,3,67,2000,247,0.15570651086541287,0.2642884005551584,-0.360820714934042,1.443426074881843
2018-10-19_1,ICL_L,ICL,L,8,8,67,2000,247,0.22261683550009426,0.25086321635497266,0.9991881350995121,0.2686256340934039
2018-10-19_1,IPS_L,IPS,L,8,8,67,2000,247,0.19617216962866124,0.2533632308293073,0.4616779702977172,0.4873949308591912
2018-10-19_1,IVLP_L,IVLP,L,7,7,67,2000,247,0.20764760625919373,0.25306088760801454,0.694925910144568,0.46093771847776266
2018-10-19_1,LAL_L,LAL,L,5,5,67,2000,247,0.2396324884955734,0.2345640330828894,1.3450456509507618,-1.1576704529479989
2018-10-19_1,LB_L,LB,L,1,1,67,2000,247,0.1478809918948787,0.24542226060397748,-0.5198809962006423,-0.20749723463349953
2018-10-19_1,LH_L,LH,L,11,11,67,2000,247,0.17597648323903903,0.25528392216803486,0.05118359035934971,0.6554692751444992
2018-10-19_1,LO_L,LO,L,39,23,67,2000,247,0.0943718464002507,0.24800972071953886,-1.6074995637050513,0.01892418640308932
2018-10-19_1,LOP_L,LOP,L,22,0,67,2000,247,,,,
2018-10-19_1,MB_L,MB,L,16,16,67,2000,247,0.21757424436592135,0.24776716823966613,0.8966932121258276,-0.0023009048895033103
2018-10-19_1,ME_L,ME,L,131,17,67,2000,247,0.14885683153888507,0.2345130553554481,-0.5000462313970298,-1.162131371753685
2018-10-19_1,OTU_L,OTU,L,4,4,67,2000,247,0.15091656704755316,0.25387249362767034,-0.4581803678578623,0.5319590985512659
2018-10-19_1,PLP_L,PLP,L,13,13,67,2000,247,0.17683396434028573,0.2568401112429517,0.06861261783454396,0.7916470425331328
2018-10-19_1,PVLP_L,PVLP,L,11,11,67,2000,247,0.15284219762849294,0.26751581759473264,-0.4190403002184965,1.725848342179113
2018-10-19_1,SCL_L,SCL,L,8,8,67,2000,247,0.18296221466526544,0.24717419853320705,0.19317448063670759,-0.054190030739462686
2018-10-19_1,SIP_L,SIP,L,7,7,67,2000,247,0.2232246976817981,0.2438852274913152,1.011543447246502,-0.3419987171708566
2018-10-19_1,SLP_L,SLP,L,23,23,67,2000,247,0.17638990749434535,0.26975135204936285,0.05958678746091783,1.92147372977424
2018-10-19_1,SMP_L,SMP,L,22,22,67,2000,247,0.2445058567128663,0.2405317331447731,1.44410097524006,-0.6354536581052742
2018-10-19_1,SPS_L,SPS,L,15,15,67,2000,247,0.22930134949712094,0.2493163482294499,1.1350565267679835,0.13326351700002426
2018-10-19_1,VES_L,VES,L,6,6,67,2000,247,0.24438081749592008,0.23770247433263988,1.441559447567364,-0.8830342089592954
2018-10-19_1,WED_L,WED,L,1,1,67,2000,247,0.1264532427036815,0.23914099533717836,-0.9554180929855903,-0.7571532463582866
2018-10-19_1,AL_R,AL,R,23,23,67,2000,247,0.17048251901374314,0.24257868849152298,-0.06048587184943605,-0.4563303024940545
2018-10-19_1,AME_R,AME,R,1,1,67,2000,247,0.053503339634437146,0.2115350569382028,-2.4381864747703914,-3.1728719520313393
2018-10-19_1,AMMC_R,AMMC,R,4,4,67,2000,247,0.1934090697883161,0.2500604625790652,0.40551563276740554,0.1983788891908203
2018-10-19_1,ATL_R,ATL,R,1,1,67,2000,247,0.13674812747633905,0.2536290833611254,-0.7461658665566546,0.5106589447384425
2018-10-19_1,AVLP_R,AVLP,R,28,28,67,2000,247,0.23350601295141754,0.248700648976461,1.220519862067541,0.07938539190178752
2018-10-19_1,CRE_R,CRE,R,8,8,67,2000,247,0.20603488905513115,0.2448521657256177,0.662146071127173,-0.25738464805007316
2018-10-19_1,EPA_R,EPA,R,1,1,67,2000,247,0.14745976995592605,0.23930082497338137,-0.5284426878070069,-0.7431670004891424
2018-10-19_1,GA_R,GA,R,1,1,67,2000,247,0.13178905640274002,0.24429363303817753,-0.8469631737713962,-0.3062602863739313
2018-10-19_1,GOR_R,GOR,R,1,1,67,2000,247,0.16683859536266332,0.24004337225809652,-0.13455169713683024,-0.6781887577788823
2018-10-19_1,IB_R,IB,R,4,4,67,2000,247,0.1791568401200458,0.2509001405703337,0.11582702959013749,0.27185676923725804
2018-10-19_1,ICL_R,ICL,R,8,8,67,2000,247,0.21636966361759527,0.24982609168670547,0.8722090912185085,0.17786974581173665
2018-10-19_1,IPS_R,IPS,R,11,11,67,2000,247,0.22190068259753698,0.2607710574003084,0.9846317226060316,1.1356331815325824
2018-10-19_1,IVLP_R,IVLP,R,5,5,67,2000,247,0.17049134898307738,0.2486461826042853,-0.06030639526632789,0.07461919152151614
2018-10-19_1,LAL_R,LAL,R,9,9,67,2000,247,0.23199020191717615,0.23824317687609062,1.1897097227833227,-0.8357188368266312
2018-10-19_1,LB_R,LB,R,1,1,67,2000,247,0.13737739071609553,0.2454454752940261,-0.7333755598328098,-0.2054657818284414
2018-10-19_1,LH_R,LH,R,14,14,67,2000,247,0.1106521633318686,0.25926653830065316,-1.2765883742998367,1.0039769096264453
2018-10-19_1,LO_R,LO,R,40,28,67,2000,247,0.09762247810568189,0.24695125097239704,-1.5414277293248813,-0.07369955022215881
2018-10-19_1,LOP_R,LOP,R,24,1,67,2000,247,0.019361248986715596,0.19320399071159353,-3.132153298172731,-4.776972451661333
2018-10-19_1,MB_R,MB,R,16,16,67,2000,247,0.2208198949480866,0.23845118554030054,0.9626638009693518,-0.8175165785367042
2018-10-19_1,ME_R,ME,R,129,24,67,2000,247,0.13361371102778502,0.246446002538603,-0.8098755277038474,-0.11791243206259548
2018-10-19_1,OTU_R,OTU,R,3,3,67,2000,247,0.1644954090309732,0.25246038057621745,-0.1821789380114686,0.4083890223010635
2018-10-19_1,PLP_R,PLP,R,15,15,67,2000,247,0.188608265193927,0.2550199284141107,0.3079352253893388,0.6323679177365903
2018-10-19_1,PVLP_R,PVLP,R,17,17,67,2000,247,0.18465157322977843,0.2509200214369006,0.22751212002437804,0.2735964884439211
2018-10-19_1,SCL_R,SCL,R,6,6,67,2000,247,0.18254183042281974,0.24820090181625667,0.18462981591923197,0.03565391117598268
2018-10-19_1,SIP_R,SIP,R,6,6,67,2000,247,0.2036526382063556,0.2583160692238312,0.6137248109550862,0.9208040105618084
2018-10-19_1,SLP_R,SLP,R,22,22,67,2000,247,0.14232488819918476,0.2729375604449034,-0.6328134956183962,2.2002899435192327
2018-10-19_1,SMP_R,SMP,R,21,21,67,2000,247,0.1902041460556207,0.2514219002813083,0.3403728515307849,0.3175145069113594
2018-10-19_1,SPS_R,SPS,R,12,12,67,2000,247,0.23082978267115245,0.25143686993654046,1.1661232217020907,0.3188244597062693
2018-10-19_1,VES_R,VES,R,6,6,67,2000,247,0.19853184460759213,0.24526929020764487,0.5096403568512169,-0.22088324754471483
2018-10-19_1,WED_R,WED,R,1,1,67,2000,247,0.08629223822873365,0.24310596710357854,-1.771724422545014,-0.4101896211727044
2018-10-19_1,EB,EB,midline,3,3,67,2000,247,0.20928668729311192,0.24055351426842306,0.7282416162664815,-0.6335476526990709
2018-10-19_1,FB,FB,midline,13,13,67,2000,247,0.24885354447480043,0.24001421754738886,1.5324714003679663,-0.6807400052314088
2018-10-19_1,FLA,FLA,midline,6,6,67,2000,247,0.1759376187095601,0.25230399893855426,0.05039363597888118,0.394704501171336
2018-10-19_1,NO,NO,midline,1,1,67,2000,247,0.1462340261324548,0.24608240156865627,-0.5533569660876241,-0.14973013924598055
2018-10-19_1,PB,PB,midline,1,1,67,2000,247,0.10096429406467293,0.2506721298162464,-1.4735024979913685,0.2519041838267316
2018-10-19_1,PRW,PRW,midline,7,7,67,2000,247,0.18718879057969304,0.2468736812994172,0.2790832051922116,-0.08048745604525122
2018-10-19_1,SAD,SAD,midline,20,20,67,2000,247,0.23403985148139178,0.24533962421510974,1.231370580984507,-0.21472851463825682
2018-10-19_1,SOG,SOG,midline,74,71,67,2000,247,0.26765073563757463,0.24851352942292398,1.9145401838736849,0.06301108144931933
2018-10-19_2,AL_L,AL,L,22,22,67,2000,247,0.15816680693304486,0.2410988465052522,-0.3436794556776726,1.0000400616859615
2018-10-19_2,AME_L,AME,L,1,1,67,2000,247,0.050807584872167216,0.18925912328392314,-1.9698710231002818,-1.7126175479755021
2018-10-19_2,AMMC_L,AMMC,L,4,4,67,2000,247,0.19065234937840236,0.21742936214370728,0.14838554045124747,-0.23853149850497457
2018-10-19_2,ATL_L,ATL,L,1,1,67,2000,247,0.17244947923109788,0.2401425849704541,-0.12733696729615374,0.9500010188824044
2018-10-19_2,AVLP_L,AVLP,L,34,34,67,2000,247,0.19042861424410712,0.23929984232663745,0.14499657971044796,0.9059021675830815
2018-10-19_2,CRE_L,CRE,L,10,10,67,2000,247,0.19520017816031474,0.21883007457796994,0.21727241084077084,-0.16523532700484053
2018-10-19_2,EPA_L,EPA,L,1,1,67,2000,247,0.15660696649667538,0.19445530434662817,-0.36730667014007323,-1.4407129307238784
2018-10-19_2,GA_L,GA,L,1,1,67,2000,247,0.11822036683498477,0.21743110249681818,-0.9487561578838609,-0.23844042969101448
2018-10-19_2,GOR_L,GOR,L,1,1,67,2000,247,0.15755699829333078,0.20400347838277477,-0.352916348872392,-0.9410781844706739
2018-10-19_2,IB_L,IB,L,3,3,67,2000,247,0.20783118424944794,0.21187945670349623,0.40859678145296346,-0.5289457270110367
2018-10-19_2,ICL_L,ICL,L,8,8,67,2000,247,0.20641622059209072,0.2540140444057777,0.38716404448231945,1.6758636905191013
2018-10-19_2,IPS_L,IPS,L,8,8,67,2000,247,0.24209979781399818,0.2188566029377715,0.9276703117579398,-0.16384715684080747
2018-10-19_2,IVLP_L,IVLP,L,7,7,67,2000,247,0.19074144355104203,0.22048011322322644,0.14973506766904865,-0.07889246849496052
2018-10-19_2,LAL_L,LAL,L,5,5,67,2000,247,0.23527768371465896,0.225145484281173,0.8243343876763599,0.1652360398344603
2018-10-19_2,LB_L,LB,L,1,1,67,2000,247,0.09975930699584093,0.20302036968123413,-1.2283895164329428,-0.9925220798975957
2018-10-19_2,LH_L,LH,L,11,11,67,2000,247,0.13950806966078638,0.22829988719248206,-0.6263070737661771,0.3302989400503347
2018-10-19_2,LO_L,LO,L,39,23,67,2000,247,0.05737559699032831,0.19557376499680748,-1.870384032451015,-1.382186368364311
2018-10-19_2,LOP_L,LOP,L,22,0,67,2000,247,,,,
2018-10-19_2,MB_L,MB,L,16,16,67,2000,247,0.2696356850642362,0.22385005088879495,1.3447618926045786,0.0974488868313349
2018-10-19_2,ME_L,ME,L,131,17,67,2000,247,0.06530393555370519,0.19359429775350573,-1.7502919055899988,-1.4857674939365404
2018-10-19_2,OTU_L,OTU,L,4,4,67,2000,247,0.1710820614238071,0.23811708194450862,-0.14804951778481915,0.844010943023692
2018-10-19_2,PLP_L,PLP,L,13,13,67,2000,247,0.23869632642185193,0.21865624014937407,0.8761172511858923,-0.17433169666596765
2018-10-19_2,PVLP_L,PVLP,L,11,11,67,2000,247,0.23042675196247708,0.20969625076726922,0.7508563560912616,-0.6431880459964048
2018-10-19_2,SCL_L,SCL,L,8,8,67,2000,247,0.18733694449218186,0.26474132361913993,0.09816644082414432,2.2371983925747174
2018-10-19_2,SIP_L,SIP,L,7,7,67,2000,247,0.16520552021643461,0.2740617585147289,-0.23706266051811611,2.724916055281511
2018-10-19_2,SLP_L,SLP,L,23,23,67,2000,247,0.1961809016625275,0.26441718347423315,0.23212762549915583,2.22023685852246
2018-10-19_2,SMP_L,SMP,L,22,22,67,2000,247,0.2557540476682988,0.24829693586122498,1.1344939599393145,1.3767000948257395
2018-10-19_2,SPS_L,SPS,L,15,15,67,2000,247,0.2796615142009369,0.21604446182524087,1.4966251278772549,-0.31100025709519813
2018-10-19_2,VES_L,VES,L,6,6,67,2000,247,0.24118865975645878,0.22343394448770648,0.9138691217205511,0.07567496279778492
2018-10-19_2,WED_L,WED,L,1,1,67,2000,247,0.09243648218301605,0.1920361516459062,-1.3393098056427166,-1.5673018199918383
2018-10-19_2,AL_R,AL,R,23,23,67,2000,247,0.23702827928268058,0.24495543465156572,0.8508510081961126,1.2018467560959964
2018-10-19_2,AME_R,AME,R,1,1,67,2000,247,0.03439619424511045,0.18476231828131398,-2.218457632942376,-1.9479253689183533
2018-10-19_2,AMMC_R,AMMC,R,4,4,67,2000,247,0.13103957570285327,0.20719995628608445,-0.7545810422134441,-0.773813593348009
2018-10-19_2,ATL_R,ATL,R,1,1,67,2000,247,0.18784704732344362,0.21274426001984695,0.1058930702351315,-0.4836924897021993
2018-10-19_2,AVLP_R,AVLP,R,28,28,67,2000,247,0.2006924750458055,0.23280029271525343,0.30046532812832316,0.565795168218569
2018-10-19_2,CRE_R,CRE,R,8,8,67,2000,247,0.2354802666818017,0.22807798728557507,0.8274029523189405,0.3186874106352479
2018-10-19_2,EPA_R,EPA,R,1,1,67,2000,247,0.11072616861450811,0.19464190228527825,-1.0622722743086062,-1.430948674922103
2018-10-19_2,GA_R,GA,R,1,1,67,2000,247,0.05062775720144062,0.21375619235813514,-1.9725949087256736,-0.43074031736516466
2018-10-19_2,GOR_R,GOR,R,1,1,67,2000,247,0.16284046629821272,0.20725488066212197,-0.2728866043254899,-0.7709395227057341
2018-10-19_2,IB_R,IB,R,4,4,67,2000,247,0.2177399728504157,0.21104480955056587,0.558687180367459,-0.5726209592477562
2018-10-19_2,ICL_R,ICL,R,8,8,67,2000,247,0.23161387940462982,0.22852474700796746,0.7688380124299232,0.34206535490905765
2018-10-19_2,IPS_R,IPS,R,11,11,67,2000,247,0.25261017929987695,0.23126196291507511,1.0868731581891375,0.48529778552988645
2018-10-19_2,IVLP_R,IVLP,R,5,5,67,2000,247,0.16345514353168167,0.20707985469333967,-0.26357596556930507,-0.7800982430190849
2018-10-19_2,LAL_R,LAL,R,9,9,67,2000,247,0.24912175209020582,0.22177064827581555,1.034033254890304,-0.011361634736567035
2018-10-19_2,LB_R,LB,R,1,1,67,2000,247,0.055266270629873285,0.1971417487480572,-1.9023344198929915,-1.3001372602606038
2018-10-19_2,LH_R,LH,R,14,14,67,2000,247,0.14536511426657242,0.22637390031380386,-0.5375892499489888,0.22951632320941454
2018-10-19_2,LO_R,LO,R,40,28,67,2000,247,0.1280011468805954,0.20452233320009647,-0.800604730110211,-0.9139276639613725
2018-10-19_2,LOP_R,LOP,R,24,1,67,2000,247,0.033623116258974746,0.18629220440415664,-2.230167599518895,-1.8678698251160455
2018-10-19_2,MB_R,MB,R,16,16,67,2000,247,0.28462621181470604,0.23118386890933676,1.571826393677565,0.48121129961192277
2018-10-19_2,ME_R,ME,R,129,24,67,2000,247,0.07757254625639878,0.20744896794364745,-1.5644568102369614,-0.7607833662208557
2018-10-19_2,OTU_R,OTU,R,3,3,67,2000,247,0.18349985362896165,0.24135542648315778,0.04004525956535354,1.013466322211711
2018-10-19_2,PLP_R,PLP,R,15,15,67,2000,247,0.19967514434496497,0.2286346833888588,0.2850556169248561,0.3478180816149916
2018-10-19_2,PVLP_R,PVLP,R,17,17,67,2000,247,0.196278396263248,0.22287117889672206,0.23360439567797678,0.04622668900354105
2018-10-19_2,SCL_R,SCL,R,6,6,67,2000,247,0.2225616638069357,0.2374527206449631,0.6317222957836689,0.8092463913866712
2018-10-19_2,SIP_R,SIP,R,6,6,67,2000,247,0.23226706059618962,0.2384038649849879,0.7787318783254052,0.8590176627501173
2018-10-19_2,SLP_R,SLP,R,22,22,67,2000,247,0.20927342098559562,0.2442519670877654,0.4304426291922527,1.1650358604832702
2018-10-19_2,SMP_R,SMP,R,21,21,67,2000,247,0.2682199848257131,0.24112413612802713,1.3233179984919796,1.0013634114919199
2018-10-19_2,SPS_R,SPS,R,12,12,67,2000,247,0.27087028971206983,0.22333268920063315,1.3634626956550084,0.07037649845558105
2018-10-19_2,VES_R,VES,R,6,6,67,2000,247,0.24217325788121746,0.2264983857537926,0.9287830260600848,0.2360303698727384
2018-10-19_2,WED_R,WED,R,1,1,67,2000,247,0.10505583138720072,0.19607513277967936,-1.148162004193767,-1.355950905539021
2018-10-19_2,EB,EB,midline,3,3,67,2000,247,0.18729604744923664,0.22529856560669148,0.09754696515085454,0.1732464456923738
2018-10-19_2,FB,FB,midline,13,13,67,2000,247,0.21588117403825766,0.22684846437685063,0.5305315837094233,0.25434920689205787
2018-10-19_2,FLA,FLA,midline,6,6,67,2000,247,0.21029053444051776,0.2311339207542972,0.44584904972842754,0.4785976235651174
2018-10-19_2,NO,NO,midline,1,1,67,2000,247,0.13045362679937253,0.2105731563514486,-0.7634565272205969,-0.59730152388434
2018-10-19_2,PB,PB,midline,1,1,67,2000,247,0.17139403749768048,0.22409840804478723,-0.14332395391772249,0.11044486534456785
2018-10-19_2,PRW,PRW,midline,7,7,67,2000,247,0.17277999279357684,0.2119670339595921,-0.12233061238872614,-0.524363003658764
2018-10-19_2,SAD,SAD,midline,20,20,67,2000,247,0.27512997003230755,0.2366290063709902,1.4279849237758366,0.7661432524300971
2018-10-19_2,SOG,SOG,midline,74,71,67,2000,247,0.27257827530740053,0.24162863072304758,1.389333894412681,1.0277624934540746
2018-10-20_1,AL_L,AL,L,22,22,67,2000,247,0.18369054237061772,0.29166633918422125,0.9248995780478598,0.8451021233812787
2018-10-20_1,AME_L,AME,L,1,1,67,2000,247,0.06114823049211454,0.23574739090674807,-1.6673745533453654,-1.9106034977386568
2018-10-20_1,AMMC_L,AMMC,L,4,4,67,2000,247,0.1174525715870842,0.26334942269925765,-0.47630605897632333,-0.5503655728849867
2018-10-20_1,ATL_L,ATL,L,1,1,67,2000,247,0.13946078033091833,0.2842641541465604,-0.010741885015675754,0.48031981711123745
2018-10-20_1,AVLP_L,AVLP,L,34,34,67,2000,247,0.15849909636498016,0.2832716911008726,0.3919968376658323,0.4314108859170226
2018-10-20_1,CRE_L,CRE,L,10,10,67,2000,247,0.17567828066107732,0.28302994952373794,0.7554072741635753,0.41949777518284453
2018-10-20_1,EPA_L,EPA,L,1,1,67,2000,247,0.13812928611234487,0.26423899471577034,-0.03890846654981354,-0.5065271481325929
2018-10-20_1,GA_L,GA,L,1,1,67,2000,247,0.04066044384863492,0.24569080353766895,-2.1007755436747524,-1.4205885935924334
2018-10-20_1,GOR_L,GOR,L,1,1,67,2000,247,0.13665085750299358,0.27240067130040885,-0.07018331505220525,-0.1043168288245701
2018-10-20_1,IB_L,IB,L,3,3,67,2000,247,0.17547132915565156,0.2880997326193442,0.7510293982630456,0.6693384857966573
2018-10-20_1,ICL_L,ICL,L,8,8,67,2000,247,0.1690754944066727,0.287265766139937,0.6157311758426778,0.6282403216515738
2018-10-20_1,IPS_L,IPS,L,8,8,67,2000,247,0.18525142554901392,0.2910942249084174,0.9579186799683052,0.8169081287815856
2018-10-20_1,IVLP_L,IVLP,L,7,7,67,2000,247,0.17397384072242197,0.28845064050310204,0.7193513560585669,0.6866313508728836
2018-10-20_1,LAL_L,LAL,L,5,5,67,2000,247,0.17103140373954315,0.2797774761879731,0.6571067063776139,0.25921473463931305
2018-10-20_1,LB_L,LB,L,1,1,67,2000,247,0.059663866721575476,0.24976843027438325,-1.6987749549287858,-1.2196417005386662
2018-10-20_1,LH_L,LH,L,11,11,67,2000,247,0.16494052718044389,0.2887500533760065,0.5282596045103265,0.7013865235346504
2018-10-20_1,LO_L,LO,L,39,23,67,2000,247,0.07975743130759166,0.24121183197414583,-1.273713383253425,-1.6413139021799918
2018-10-20_1,LOP_L,LOP,L,22,0,67,2000,247,,,,
2018-10-20_1,MB_L,MB,L,16,16,67,2000,247,0.20290883606529664,0.29717503448779403,1.3314455688206448,1.1165725834079363
2018-10-20_1,ME_L,ME,L,131,17,67,2000,247,0.07904619879578771,0.23588781725364932,-1.2887588774463465,-1.9036832375150747
2018-10-20_1,OTU_L,OTU,L,4,4,67,2000,247,0.1478142228711148,0.2845341452097503,0.1659677973224595,0.4936250725461682
2018-10-20_1,PLP_L,PLP,L,13,13,67,2000,247,0.1804988302945465,0.3013925496837495,0.8573817344326847,1.3244132293904582
2018-10-20_1,PVLP_L,PVLP,L,11,11,67,2000,247,0.14463132567524198,0.28617580969011175,0.09863642469481017,0.5745268808934377
2018-10-20_1,SCL_L,SCL,L,8,8,67,2000,247,0.18236663553393884,0.2935537390749384,0.896893500861231,0.9381138599815848
2018-10-20_1,SIP_L,SIP,L,7,7,67,2000,247,0.16632737751892296,0.28433210433827416,0.5575971957589531,0.48366842667972537
2018-10-20_1,SLP_L,SLP,L,23,23,67,2000,247,0.18615859435978555,0.30457996457016057,0.977109033119971,1.4814901664555058
2018-10-20_1,SMP_L,SMP,L,22,22,67,2000,247,0.21359446215206698,0.300602310187945,1.557490529600715,1.2854699465194388
2018-10-20_1,SPS_L,SPS,L,15,15,67,2000,247,0.20077523152434784,0.29502345039523065,1.2863110534574258,1.0105417555610239
2018-10-20_1,VES_L,VES,L,6,6,67,2000,247,0.12465188880292884,0.27094253558159787,-0.32401087622482344,-0.17617427465392774
2018-10-20_1,WED_L,WED,L,1,1,67,2000,247,0.057382130466621745,0.249375953292538,-1.7470430655732383,-1.2389831055247615
2018-10-20_1,AL_R,AL,R,23,23,67,2000,247,0.13437958842200648,0.27999174473469834,-0.11823000189710205,0.2697739646825899
2018-10-20_1,AME_R,AME,R,1,1,67,2000,247,0.061071216872914634,0.23197413565067754,-1.669003708285863,-2.096550856181067
2018-10-20_1,AMMC_R,AMMC,R,4,4,67,2000,247,0.11435354524041554,0.26319097359352434,-0.541863218032864,-0.5581740010614984
2018-10-20_1,ATL_R,ATL,R,1,1,67,2000,247,0.1579389740082598,0.288648482126308,0.3801479450385997,0.6963810562939313
2018-10-20_1,AVLP_R,AVLP,R,28,28,67,2000,247,0.1579938528201106,0.2713782845207266,0.3813088577237098,-0.1547004122523018
2018-10-20_1,CRE_R,CRE,R,8,8,67,2000,247,0.15647847951005656,0.2800507303962087,0.34925247678198584,0.2726807990204426
2018-10-20_1,EPA_R,EPA,R,1,1,67,2000,247,0.08436337330036486,0.25652651016804384,-1.1762787576491542,-0.8866011244082234
2018-10-20_1,GA_R,GA,R,1,1,67,2000,247,0.04754650368353127,0.2570720356412115,-1.9551070435168152,-0.8597174354408854
2018-10-20_1,GOR_R,GOR,R,1,1,67,2000,247,0.09542013939248185,0.25623657530408667,-0.9423826585949904,-0.9008892174245811
2018-10-20_1,IB_R,IB,R,4,4,67,2000,247,0.17432195447372587,0.2849391653400011,0.7267153943115912,0.5135846083382327
2018-10-20_1,ICL_R,ICL,R,8,8,67,2000,247,0.1939924238878595,0.29216312947126793,1.142826762156328,0.8695841250766476
2018-10-20_1,IPS_R,IPS,R,11,11,67,2000,247,0.18226323237439446,0.2903977185428149,0.8947060985551852,0.782584047840136
2018-10-20_1,IVLP_R,IVLP,R,5,5,67,2000,247,0.11726788712124869,0.26754521619873045,-0.4802128953654576,-0.3435953798158592
2018-10-20_1,LAL_R,LAL,R,9,9,67,2000,247,0.11406013910827643,0.28297453473741446,-0.5480699650305086,0.41676691484178374
2018-10-20_1,LB_R,LB,R,1,1,67,2000,247,0.08172895001713792,0.24133123967326978,-1.2320076501725798,-1.6354294483800373
2018-10-20_1,LH_R,LH,R,14,14,67,2000,247,0.11639868710429996,0.2710827294625981,-0.4986000522943781,-0.16926547043246887
2018-10-20_1,LO_R,LO,R,40,28,67,2000,247,0.06426266119185398,0.24543579887151604,-1.6014915288357903,-1.4331553140615392
2018-10-20_1,LOP_R,LOP,R,24,1,67,2000,247,0.05119379821484324,0.22158214452572558,-1.8779517563498316,-2.6086718677487153
2018-10-20_1,MB_R,MB,R,16,16,67,2000,247,0.1526218773193952,0.29050452751690786,0.26766947136392283,0.7878476319982929
2018-10-20_1,ME_R,ME,R,129,24,67,2000,247,0.06933875311166322,0.2432381883528547,-1.4941112977092383,-1.5414543405249346
2018-10-20_1,OTU_R,OTU,R,3,3,67,2000,247,0.17711042376185063,0.2866195051621655,0.7857029937046653,0.5963923512584544
2018-10-20_1,PLP_R,PLP,R,15,15,67,2000,247,0.1483487493538513,0.2664387056395152,0.17727523189343705,-0.3981246129610819
2018-10-20_1,PVLP_R,PVLP,R,17,17,67,2000,247,0.14050237444076277,0.2609081563820041,0.011292116342470416,-0.6706720435954971
2018-10-20_1,SCL_R,SCL,R,6,6,67,2000,247,0.17352658355462683,0.28558404536766846,0.7098900265929936,0.5453645250200149
2018-10-20_1,SIP_R,SIP,R,6,6,67,2000,247,0.18572142888088125,0.2941757088805373,0.9678611843995608,0.9687647527872018
2018-10-20_1,SLP_R,SLP,R,22,22,67,2000,247,0.17665654005021095,0.29727597509512493,0.7761014855699826,1.1215469723689153
2018-10-20_1,SMP_R,SMP,R,21,21,67,2000,247,0.20255048354614189,0.30423798472736596,1.3238649384972552,1.4646372784072081
2018-10-20_1,SPS_R,SPS,R,12,12,67,2000,247,0.1681726902170171,0.2804959108081003,0.5966331523870902,0.2946194477477907
2018-10-20_1,VES_R,VES,R,6,6,67,2000,247,0.145095693595958,0.2643890869627169,0.10845971699171501,-0.4991305489235947
2018-10-20_1,WED_R,WED,R,1,1,67,2000,247,0.0496370625084546,0.24282375482956095,-1.9108831221713651,-1.561877771667706
2018-10-20_1,EB,EB,midline,3,3,67,2000,247,0.15551060060042562,0.28647837623684075,0.32877785523049313,0.5894374677207627
2018-10-20_1,FB,FB,midline,13,13,67,2000,247,0.20289856654117525,0.3065368274702813,1.3312283261286022,1.5779250648170726
2018-10-20_1,FLA,FLA,midline,6,6,67,2000,247,0.09001949588301066,0.2619204599150718,-1.0566284913026303,-0.6207853661402633
2018-10-20_1,NO,NO,midline,1,1,67,2000,247,0.13206497855699476,0.2644714611433512,-0.16719352466209092,-0.4950711200609012
2018-10-20_1,PB,PB,midline,1,1,67,2000,247,0.15396374593998155,0.28160288844888004,0.2960555141890585,0.34917169883831484
2018-10-20_1,PRW,PRW,midline,7,7,67,2000,247,0.1555127005837022,0.2684410676368356,0.3288222785177706,-0.29944750293833045
2018-10-20_1,SAD,SAD,midline,20,20,67,2000,247,0.17478687210980476,0.2821467134511043,0.7365503153503807,0.37597158799393243
2018-10-20_1,SOG,SOG,midline,74,71,67,2000,247,0.20212816016506513,0.300207333035716,1.3149310612179261,1.2660053322493277
2018-10-31_1,AL_L,AL,L,22,22,67,2000,247,0.2861654482880551,0.26161865850582405,0.4644426093009176,1.3451333104499252
2018-10-31_1,AME_L,AME,L,1,1,67,2000,247,0.09047496302610193,0.20138198844886426,-1.6355586457139413,-1.4454897360466998
2018-10-31_1,AMMC_L,AMMC,L,4,4,67,2000,247,0.09932779011153658,0.21607562510440215,-1.5405568475173848,-0.7647681581603749
2018-10-31_1,ATL_L,ATL,L,1,1,67,2000,247,0.18589998351280118,0.2302877659585485,-0.6115299990802562,-0.10635314667096402
2018-10-31_1,AVLP_L,AVLP,L,34,34,67,2000,247,0.13957568264317077,0.308784202587592,-1.1086471166227283,3.530201877332408
2018-10-31_1,CRE_L,CRE,L,10,10,67,2000,247,0.3227031769032677,0.24206831532425854,0.856537686609496,0.4394119583598252
2018-10-31_1,EPA_L,EPA,L,1,1,67,2000,247,0.1902561980211191,0.20225170765266512,-0.564782422557382,-1.4051976938104285
2018-10-31_1,GA_L,GA,L,1,1,67,2000,247,0.15699759808879818,0.21532916614711736,-0.9216883881408305,-0.7993498434941259
2018-10-31_1,GOR_L,GOR,L,1,1,67,2000,247,0.21642479327257855,0.21462043964658278,-0.2839609876445978,-0.832183472979031
2018-10-31_1,IB_L,IB,L,3,3,67,2000,247,0.32147007746097295,0.22153682315763154,0.8433050024914573,-0.5117637152784332
2018-10-31_1,ICL_L,ICL,L,8,8,67,2000,247,0.3304287299492055,0.21327379444384098,0.9394424383169493,-0.8945703734280739
2018-10-31_1,IPS_L,IPS,L,8,8,67,2000,247,0.29219537469026285,0.23308604958314832,0.529151187213292,0.0232847427750868
2018-10-31_1,IVLP_L,IVLP,L,7,7,67,2000,247,0.2293360909726556,0.228786430902005,-0.14540677363803775,-0.1759064637009695
2018-10-31_1,LAL_L,LAL,L,5,5,67,2000,247,0.3337437389621421,0.25180754875319145,0.9750165904185888,0.890607704012606
2018-10-31_1,LB_L,LB,L,1,1,67,2000,247,0.127825251839019,0.2549302571020218,-1.2347437911884465,1.0352754268049364
2018-10-31_1,LH_L,LH,L,11,11,67,2000,247,0.29480848803996973,0.2525584036383923,0.5571931296027488,0.9253930423328484
2018-10-31_1,LO_L,LO,L,39,21,67,2000,247,0.07486182352558175,0.23618333303724778,-1.8031069682699645,0.1667745900785561
2018-10-31_1,LOP_L,LOP,L,22,0,67,2000,247,,,,
2018-10-31_1,MB_L,MB,L,16,16,67,2000,247,0.3650932979349394,0.23900394795670246,1.3114361823006901,0.2974470358176611
2018-10-31_1,ME_L,ME,L,131,18,67,2000,247,0.07831131982400079,0.1864536565380166,-1.7660896010425686,-2.1370841923267268
2018-10-31_1,OTU_L,OTU,L,4,4,67,2000,247,0.27914684077574986,0.23254148206407424,0.3891242586689597,-0.0019437877473444764
2018-10-31_1,PLP_L,PLP,L,13,13,67,2000,247,0.3611511556706099,0.23536681974470144,1.2691321137535794,0.12894745239322208
2018-10-31_1,PVLP_L,PVLP,L,11,11,67,2000,247,0.31236353325961713,0.23440002825284473,0.7455805054312336,0.08415827968860501
2018-10-31_1,SCL_L,SCL,L,8,8,67,2000,247,0.3543941064894547,0.23567929027595355,1.196620607935458,0.14342347613488346
2018-10-31_1,SIP_L,SIP,L,7,7,67,2000,247,0.2730494801772456,0.23725264416808575,0.3236920283180723,0.2163132561895827
2018-10-31_1,SLP_L,SLP,L,23,23,67,2000,247,0.3628019447138193,0.22433630746995079,1.286847124567028,-0.3820702007983578
2018-10-31_1,SMP_L,SMP,L,22,22,67,2000,247,0.35224707401455607,0.2225430828622916,1.173580290539294,-0.46514607323530693
2018-10-31_1,SPS_L,SPS,L,15,15,67,2000,247,0.3181210098535015,0.22674397543418448,0.807365359491415,-0.2705286148682462
2018-10-31_1,VES_L,VES,L,6,6,67,2000,247,0.29316875360430833,0.2646434212337518,0.5395967484186018,1.485263443320108
2018-10-31_1,WED_L,WED,L,1,1,67,2000,247,0.1287095393919793,0.21277337165087787,-1.2252542906206245,-0.9177537827651862
2018-10-31_1,AL_R,AL,R,23,23,67,2000,247,0.2918580438959397,0.2633294494475609,0.5255312100310316,1.4243902253031886
2018-10-31_1,AME_R,AME,R,1,1,67,2000,247,0.062051774970151866,0.21734798244726533,-1.9405746535649033,-0.7058228392870757
2018-10-31_1,AMMC_R,AMMC,R,4,4,67,2000,247,0.10315117475002553,0.21487551802848312,-1.499527195368056,-0.82036629233938
2018-10-31_1,ATL_R,ATL,R,1,1,67,2000,247,0.2024253118325105,0.23071510847815818,-0.43419276081612646,-0.08655537427014823
2018-10-31_1,AVLP_R,AVLP,R,28,28,67,2000,247,0.1859480980204435,0.2878356950726041,-0.6110136708270046,2.559706864813393
2018-10-31_1,CRE_R,CRE,R,8,8,67,2000,247,0.34152664729098314,0.2375471807148857,1.0585368353418583,0.2299584406720291
2018-10-31_1,EPA_R,EPA,R,1,1,67,2000,247,0.21016603772153167,0.21082945331189776,-0.3511251857119478,-1.007810940840752
2018-10-31_1,GA_R,GA,R,1,1,67,2000,247,0.14914476449931366,0.2205166323704859,-1.0059590177080544,-0.5590267515608179
2018-10-31_1,GOR_R,GOR,R,1,1,67,2000,247,0.25205500776101086,0.21510412707561052,0.09839533919468116,-0.809775373635738
2018-10-31_1,IB_R,IB,R,4,4,67,2000,247,0.3120609329621394,0.22323261250741167,0.7423332294912689,-0.43320178884682486
2018-10-31_1,ICL_R,ICL,R,8,8,67,2000,247,0.3056431705084908,0.21850058950175466,0.6734626904407456,-0.652425269222678
2018-10-31_1,IPS_R,IPS,R,11,11,67,2000,247,0.2955621922921864,0.24460231319015308,0.5652813096358571,0.556806111085263
2018-10-31_1,IVLP_R,IVLP,R,5,5,67,2000,247,0.26900376939720855,0.22678645143859272,0.2802765413354928,-0.2685608016290244
2018-10-31_1,LAL_R,LAL,R,9,9,67,2000,247,0.34512250343678585,0.23410516687800276,1.0971248249874987,0.07049804668804906
2018-10-31_1,LB_R,LB,R,1,1,67,2000,247,0.10366291680854166,0.26026665218548695,-1.494035569325588,1.2824980420498935
2018-10-31_1,LH_R,LH,R,14,14,67,2000,247,0.21051607409270184,0.2634665156771865,-0.3473688619552039,1.430740180885524
2018-10-31_1,LO_R,LO,R,40,28,67,2000,247,0.10602627577837294,0.21569400137512168,-1.4686738007344744,-0.7824478866880811
2018-10-31_1,LOP_R,LOP,R,24,1,67,2000,247,0.03132083013455507,0.19172489834173523,-2.270355749647109,-1.892879975074946
2018-10-31_1,MB_R,MB,R,16,16,67,2000,247,0.3568149111598754,0.24122215321919752,1.222598840036136,0.40021126102342636
2018-10-31_1,ME_R,ME,R,129,24,67,2000,247,0.19232908827418335,0.2682413527655978,-0.5425377430211441,1.6519471368740861
2018-10-31_1,OTU_R,OTU,R,3,3,67,2000,247,0.22268733791661038,0.263591419639367,-0.21675612791700852,1.436526687263285
2018-10-31_1,PLP_R,PLP,R,15,15,67,2000,247,0.3330132028840731,0.23502381792569943,0.9671770335861504,0.1130569860013686
2018-10-31_1,PVLP_R,PVLP,R,17,17,67,2000,247,0.3207760537528998,0.238131597761867,0.835857268606937,0.25703310596360823
2018-10-31_1,SCL_R,SCL,R,6,6,67,2000,247,0.3293735227593242,0.22727289818256002,0.9281187583736693,-0.24602486972367896
2018-10-31_1,SIP_R,SIP,R,6,6,67,2000,247,0.31444941089642875,0.23334766183665576,0.7679645556789922,0.03540462229686997
2018-10-31_1,SLP_R,SLP,R,22,22,67,2000,247,0.35401891987103407,0.223250641846925,1.1925943908790009,-0.43236653201221803
2018-10-31_1,SMP_R,SMP,R,21,21,67,2000,247,0.379954867801222,0.22859440063880307,1.4709192319180866,-0.18480277350045576
2018-10-31_1,SPS_R,SPS,R,12,12,67,2000,247,0.3188148436170865,0.22909818209180866,0.8148110550363453,-0.16146376535432883
2018-10-31_1,VES_R,VES,R,6,6,67,2000,247,0.33105012989668836,0.24035179554465108,0.9461108293111936,0.3598896399413217
2018-10-31_1,WED_R,WED,R,1,1,67,2000,247,0.1234148806978379,0.2047212762268691,-1.2820725354509164,-1.2907883984167643
2018-10-31_1,EB,EB,midline,3,3,67,2000,247,0.19706897638206747,0.19233993047152195,-0.4916728736236237,-1.8643869851056172
2018-10-31_1,FB,FB,midline,13,13,67,2000,247,0.2946023699618947,0.22815922611717657,0.5549812273630492,-0.20496338410776052
2018-10-31_1,FLA,FLA,midline,6,6,67,2000,247,0.2565064833446626,0.23518018065269214,0.14616518502966466,0.12030090285710286
2018-10-31_1,NO,NO,midline,1,1,67,2000,247,0.13319825551441017,0.2249176227507211,-1.1770848076848952,-0.3551392330296492
2018-10-31_1,PB,PB,midline,1,1,67,2000,247,0.22673826077698733,0.22786289466557597,-0.17328470885760716,-0.2186917223020278
2018-10-31_1,PRW,PRW,midline,7,7,67,2000,247,0.15572191555741702,0.23490112696930324,-0.9353780415407642,0.107373002969236
2018-10-31_1,SAD,SAD,midline,20,20,67,2000,247,0.22283781349929851,0.22526869413690043,-0.21514133856191459,-0.3388749225969657
2018-10-31_1,SOG,SOG,midline,74,71,67,2000,247,0.26168865034731664,0.26881468529291497,0.2017762546976795,1.6785082824773299
2018-11-03_2,AL_L,AL,L,22,22,67,2000,247,0.1796510106991282,0.22164330339443578,0.9768807830406578,0.3911427724000665
2018-11-03_2,AME_L,AME,L,1,1,67,2000,247,0.03093449882765388,0.19192505900395126,-1.6329594509528675,-1.422457249484269
2018-11-03_2,AMMC_L,AMMC,L,4,4,67,2000,247,0.08402023035546083,0.19145882298730185,-0.7013528912724971,-1.4509099951743671
2018-11-03_2,ATL_L,ATL,L,1,1,67,2000,247,0.1290500060350267,0.21008325534907174,0.08887893179365465,-0.3143263364941678
2018-11-03_2,AVLP_L,AVLP,L,34,34,67,2000,247,0.1408045280854045,0.2572805705049911,0.2951601590251842,2.565959950776037
2018-11-03_2,CRE_L,CRE,L,10,10,67,2000,247,0.20507417819384002,0.21945052829193745,1.4230343712891336,0.2573254135539389
2018-11-03_2,EPA_L,EPA,L,1,1,67,2000,247,0.07231392860323818,0.19806381836889544,-0.906787895898098,-1.0478303377353977
2018-11-03_2,GA_L,GA,L,1,1,67,2000,247,0.08549800882577865,0.20465115613618007,-0.6754192161194783,-0.6458282624468537
2018-11-03_2,GOR_L,GOR,L,1,1,67,2000,247,0.0806308343657988,0.195177735579673,-0.7608337243786492,-1.2239578283407908
2018-11-03_2,IB_L,IB,L,3,3,67,2000,247,0.12112191170888681,0.2062861072066324,-0.05025195078875531,-0.5460529440198479
2018-11-03_2,ICL_L,ICL,L,8,8,67,2000,247,0.16737627585009227,0.21375472085006514,0.761470291848515,-0.09026969891293778
2018-11-03_2,IPS_L,IPS,L,8,8,67,2000,247,0.1112859128441439,0.21494296213678454,-0.2228648318715626,-0.0177555087985247
2018-11-03_2,IVLP_L,IVLP,L,7,7,67,2000,247,0.10675569939961214,0.21208478835664746,-0.30236597917076297,-0.19217981065484785
2018-11-03_2,LAL_L,LAL,L,5,5,67,2000,247,0.18913853891987537,0.22019943608836573,1.1433783195956717,0.3030286246233842
2018-11-03_2,LB_L,LB,L,1,1,67,2000,247,0.05439222028291051,0.18957440583336427,-1.2212976624848122,-1.5659093520244878
2018-11-03_2,LH_L,LH,L,11,11,67,2000,247,0.1486840644778326,0.2230149754194186,0.43343889380311823,0.4748510958743658
2018-11-03_2,LO_L,LO,L,39,22,67,2000,247,0.029616100389664675,0.18246747801876073,-1.6560961507355525,-1.9996201820028001
2018-11-03_2,LOP_L,LOP,L,22,0,67,2000,247,,,,
2018-11-03_2,MB_L,MB,L,16,16,67,2000,247,0.22595694176339487,0.22706521068528934,1.7895079785231423,0.7220227211663319
2018-11-03_2,ME_L,ME,L,131,17,67,2000,247,0.03854578636701241,0.19697391311131154,-1.499388240851606,-1.1143434255555826
2018-11-03_2,OTU_L,OTU,L,4,4,67,2000,247,0.14777141112655415,0.20761765347583117,0.41742265319955935,-0.4647933544146117
2018-11-03_2,PLP_L,PLP,L,13,13,67,2000,247,0.1517169423156023,0.21588455283082889,0.4866631558987709,0.03970646240296673
2018-11-03_2,PVLP_L,PVLP,L,11,11,67,2000,247,0.11985779279154747,0.20977094489263415,-0.07243609409273336,-0.33338554615634025
2018-11-03_2,SCL_L,SCL,L,8,8,67,2000,247,0.20192556939373188,0.22527098824330868,1.36777913551054,0.6125276306325389
2018-11-03_2,SIP_L,SIP,L,7,7,67,2000,247,0.1917440520068303,0.21954860327254558,1.189102716967286,0.26331058497389515
2018-11-03_2,SLP_L,SLP,L,23,23,67,2000,247,0.1838440577812589,0.21458622529965543,1.0504649657266485,-0.0395259043549817
2018-11-03_2,SMP_L,SMP,L,22,22,67,2000,247,0.22879477920381217,0.22315598780219265,1.839309458105551,0.4834565860616287
2018-11-03_2,SPS_L,SPS,L,15,15,67,2000,247,0.12632371419985503,0.21527959814798397,0.041034976663855374,0.002788203988016213
2018-11-03_2,VES_L,VES,L,6,6,67,2000,247,0.1480359502762485,0.2246936493313721,0.4220650759383028,0.5772946656711853
2018-11-03_2,WED_L,WED,L,1,1,67,2000,247,0.02624026673062294,0.19045960477133184,-1.715338977209663,-1.5118887715293625
2018-11-03_2,AL_R,AL,R,23,23,67,2000,247,0.18833954727832694,0.22721502835037755,1.1293567391639054,0.7311655667904705
2018-11-03_2,AME_R,AME,R,1,1,67,2000,247,0.029374827423102344,0.1880396701420797,-1.6603302730101093,-1.6595688780290445
2018-11-03_2,AMMC_R,AMMC,R,4,4,67,2000,247,0.08939000936198704,0.20060748592519706,-0.6071181279464349,-0.8925992455093648
2018-11-03_2,ATL_R,ATL,R,1,1,67,2000,247,0.1252176356352444,0.20546038693325128,0.021624298565290436,-0.5964437506300069
2018-11-03_2,AVLP_R,AVLP,R,28,28,67,2000,247,0.1024553508281344,0.26253724624710567,-0.37783320591515224,2.886756398765084
2018-11-03_2,CRE_R,CRE,R,8,8,67,2000,247,0.20680033175004403,0.22280735394814,1.4533268044852912,0.46218068708753063
2018-11-03_2,EPA_R,EPA,R,1,1,67,2000,247,0.07346392460478751,0.20130226809055113,-0.8866065065149947,-0.8501991315007983
2018-11-03_2,GA_R,GA,R,1,1,67,2000,247,0.08217128594009115,0.20310453372684448,-0.733800192953562,-0.740213193082795
2018-11-03_2,GOR_R,GOR,R,1,1,67,2000,247,0.07769241280734436,0.2005588411872846,-0.812400364230423,-0.8955678629210602
2018-11-03_2,IB_R,IB,R,4,4,67,2000,247,0.1409214868663916,0.20516333154475178,0.29721267981455557,-0.6145719971039492
2018-11-03_2,ICL_R,ICL,R,8,8,67,2000,247,0.17206047721444429,0.2091665635294951,0.8436737878219718,-0.370268816884353
2018-11-03_2,IPS_R,IPS,R,11,11,67,2000,247,0.11982144097473392,0.23029191550073239,-0.0730740355889726,0.9189371770477005
2018-11-03_2,IVLP_R,IVLP,R,5,5,67,2000,247,0.10096060383409163,0.22167111757207753,-0.4040646633074902,0.39284017391938114
2018-11-03_2,LAL_R,LAL,R,9,9,67,2000,247,0.17110779113984104,0.23174256104753105,0.8269550091431542,1.007464977036547
2018-11-03_2,LB_R,LB,R,1,1,67,2000,247,0.09853314418755436,0.22665714610147117,-0.44666438389133367,0.6971199736009399
2018-11-03_2,LH_R,LH,R,14,14,67,2000,247,0.1108805906920065,0.22966963146956298,-0.22997786893157138,0.8809613694017934
2018-11-03_2,LO_R,LO,R,40,30,67,2000,247,0.032763055756960445,0.190057670614189,-1.6008699312068944,-1.5364174006977709
2018-11-03_2,LOP_R,LOP,R,24,1,67,2000,247,0.0147122785361356,0.18066332449960107,-1.9176447402239065,-2.109721331277901
2018-11-03_2,MB_R,MB,R,16,16,67,2000,247,0.2176148610169477,0.23016465653052864,1.6431120088132276,0.9111710092985591
2018-11-03_2,ME_R,ME,R,129,23,67,2000,247,0.03831274441373582,0.21806165356475413,-1.5034779162899008,0.17256726961658048
2018-11-03_2,OTU_R,OTU,R,3,3,67,2000,247,0.09545089024132225,0.2171113251660373,-0.5007551520181032,0.11457206700420762
2018-11-03_2,PLP_R,PLP,R,15,15,67,2000,247,0.11127101544313395,0.22596122966725193,-0.2231262677810553,0.6546506391494812
2018-11-03_2,PVLP_R,PVLP,R,17,17,67,2000,247,0.09431129439422976,0.23153347771837793,-0.5207540280998948,0.9947053562007628
2018-11-03_2,SCL_R,SCL,R,6,6,67,2000,247,0.169699111818871,0.22085002992941785,0.802233961544623,0.34273208048256476
2018-11-03_2,SIP_R,SIP,R,6,6,67,2000,247,0.208350197556535,0.22545846285590243,1.4805255471680585,0.6239685474321747
2018-11-03_2,SLP_R,SLP,R,22,22,67,2000,247,0.11950722993089884,0.23780078523281484,-0.07858815512987878,1.377177109780461
2018-11-03_2,SMP_R,SMP,R,21,21,67,2000,247,0.23401108385223734,0.22417861243841997,1.930850885300891,0.5458637739921232
2018-11-03_2,SPS_R,SPS,R,12,12,67,2000,247,0.1077049873650282,0.2312524646966511,-0.28570683423378507,0.9775561189962676
2018-11-03_2,VES_R,VES,R,6,6,67,2000,247,0.1313853955571831,0.23352337779168697,0.12986290499387446,1.1161419649412323
2018-11-03_2,WED_R,WED,R,1,1,67,2000,247,0.036930494380293416,0.18909048500058992,-1.5277351538038801,-1.5954413398962495
2018-11-03_2,EB,EB,midline,3,3,67,2000,247,0.1606164949556014,0.21281984382500746,0.6428422529749988,-0.14732195848876417
2018-11-03_2,FB,FB,midline,13,13,67,2000,247,0.21356848618121524,0.22103998242173922,1.572101791351698,0.3543242135744283
2018-11-03_2,FLA,FLA,midline,6,6,67,2000,247,0.1419683134129346,0.2113849614605249,0.3155835386035345,-0.23488778685446124
2018-11-03_2,NO,NO,midline,1,1,67,2000,247,0.09250335614517947,0.21028299413935966,-0.552481708661856,-0.30213698002756184
2018-11-03_2,PB,PB,midline,1,1,67,2000,247,0.08304667290769005,0.23897843295827573,-0.7184379436672984,1.4490448120782375
2018-11-03_2,PRW,PRW,midline,7,7,67,2000,247,0.1401694690240748,0.22849034900261217,0.28401544706036336,0.808993904575553
2018-11-03_2,SAD,SAD,midline,20,20,67,2000,247,0.1516178477660999,0.21517809177286226,0.4849241362095229,-0.003406373380796398
2018-11-03_2,SOG,SOG,midline,74,71,67,2000,247,0.09521167627444523,0.23842860348502357,-0.504953140711036,1.4154906514885206
2018-11-03_3,AL_L,AL,L,22,22,66,2000,247,0.307573239198138,0.2316964776655978,0.5041161815512161,0.3129879033030577
2018-11-03_3,AME_L,AME,L,1,1,66,2000,247,0.026363294446249252,0.18288497020046468,-2.1746248792956413,-1.7383183268591693
2018-11-03_3,AMMC_L,AMMC,L,4,4,66,2000,247,0.27538495438193067,0.20701001538593694,0.19749800596897113,-0.7244620035883815
2018-11-03_3,ATL_L,ATL,L,1,1,66,2000,247,0.24514356093739753,0.21571141365998678,-0.09057453153879705,-0.3587852724726444
2018-11-03_3,AVLP_L,AVLP,L,34,34,66,2000,247,0.29808641663234503,0.23491724205438436,0.4137468983227022,0.4483407002090293
2018-11-03_3,CRE_L,CRE,L,10,10,66,2000,247,0.3412882191409218,0.213566872399515,0.8252773027130115,-0.448909734446864
2018-11-03_3,EPA_L,EPA,L,1,1,66,2000,247,0.16943011264128485,0.20339681865387169,-0.8118033735274669,-0.8763067908566626
2018-11-03_3,GA_L,GA,L,1,1,66,2000,247,0.08114820928852019,0.24116949571654214,-1.6527564189448845,0.7110919971014718
2018-11-03_3,GOR_L,GOR,L,1,1,66,2000,247,0.21315478486835535,0.2097319873635415,-0.395292232820601,-0.6100709846268034
2018-11-03_3,IB_L,IB,L,3,3,66,2000,247,0.2985062837348361,0.21163141050993045,0.41774645548108796,-0.5302476245987371
2018-11-03_3,ICL_L,ICL,L,8,8,66,2000,247,0.3436064418037759,0.21267341002830145,0.847360157004143,-0.4864575387181218
2018-11-03_3,IPS_L,IPS,L,8,8,66,2000,247,0.2759135122964172,0.23861387883582408,0.20253292672833426,0.6036920600462717
2018-11-03_3,IVLP_L,IVLP,L,7,7,66,2000,247,0.29225214022262447,0.23132782134844257,0.3581709271640802,0.29749510171914034
2018-11-03_3,LAL_L,LAL,L,5,5,66,2000,247,0.3377496042880472,0.22255556320428616,0.7915692739543518,-0.07115951925426885
2018-11-03_3,LB_L,LB,L,1,1,66,2000,247,0.0868822375230643,0.20359981137945574,-1.5981353887765501,-0.8677760106310035
2018-11-03_3,LH_L,LH,L,11,11,66,2000,247,0.21604972985530596,0.24463708685125302,-0.3677156547153016,0.85681770129876
2018-11-03_3,LO_L,LO,L,39,22,66,2000,247,0.04518217793671424,0.18363008598346742,-1.9953605365296727,-1.7070047959472727
2018-11-03_3,LOP_L,LOP,L,22,0,66,2000,247,,,,
2018-11-03_3,MB_L,MB,L,16,16,66,2000,247,0.41444472144024264,0.21151147866435438,1.5221492670030015,-0.5352877668684832
2018-11-03_3,ME_L,ME,L,131,15,66,2000,247,0.055887785466578334,0.20128227390113343,-1.8933813888972504,-0.9651706479777982
2018-11-03_3,OTU_L,OTU,L,4,4,66,2000,247,0.24718728520740324,0.22339183342028854,-0.07110648561338072,-0.03601521838607356
2018-11-03_3,PLP_L,PLP,L,13,13,66,2000,247,0.36256471149480807,0.21727743787589401,1.027952260561445,-0.29297302045461165
2018-11-03_3,PVLP_L,PVLP,L,11,11,66,2000,247,0.3115226153242259,0.21951868135566904,0.5417370274392026,-0.19878464250588634
2018-11-03_3,SCL_L,SCL,L,8,8,66,2000,247,0.3176471745040447,0.22301741395771285,0.6000781652998933,-0.05175021646668251
2018-11-03_3,SIP_L,SIP,L,7,7,66,2000,247,0.3366840704198373,0.22269224148399616,0.7814192441358289,-0.06541560718809748
2018-11-03_3,SLP_L,SLP,L,23,23,66,2000,247,0.34627245536535417,0.20856609078504912,0.8727559871639734,-0.6590678511319946
2018-11-03_3,SMP_L,SMP,L,22,22,66,2000,247,0.39656281663120097,0.22166209339765666,1.351810367002869,-0.1087076359992824
2018-11-03_3,SPS_L,SPS,L,15,15,66,2000,247,0.3378860674169097,0.23819686833426895,0.792869190238956,0.5861671712586402
2018-11-03_3,VES_L,VES,L,6,6,66,2000,247,0.3117826226248934,0.23247574869555665,0.54421379700378,0.34573681030785275
2018-11-03_3,WED_L,WED,L,1,1,66,2000,247,0.12193363495422795,0.23795049443721183,-1.264243862921153,0.5758132949653579
2018-11-03_3,AL_R,AL,R,23,23,66,2000,247,0.3231222510396881,0.22688268790818816,0.6522324813225616,0.11068812948191348
2018-11-03_3,AME_R,AME,R,1,1,66,2000,247,0.028375404575244647,0.20441879217263875,-2.1554579823843625,-0.8333582986879834
2018-11-03_3,AMMC_R,AMMC,R,4,4,66,2000,247,0.09985328947302989,0.20125501732199672,-1.4745761402179438,-0.9663161071840313
2018-11-03_3,ATL_R,ATL,R,1,1,66,2000,247,0.22450122974191603,0.20757659431492875,-0.28720861648811646,-0.7006514935821142
2018-11-03_3,AVLP_R,AVLP,R,28,28,66,2000,247,0.2839503188110247,0.25111186750793346,0.2790896915602299,1.1289207071211034
2018-11-03_3,CRE_R,CRE,R,8,8,66,2000,247,0.3295581003295251,0.22288312641959004,0.7135388969591752,-0.05739365748888881
2018-11-03_3,EPA_R,EPA,R,1,1,66,2000,247,0.17584990443914436,0.19478092274311687,-0.7506499178550973,-1.238390280549853
2018-11-03_3,GA_R,GA,R,1,1,66,2000,247,0.1338017157421773,0.20040661125620107,-1.1511912632053878,-1.0019704177934132
2018-11-03_3,GOR_R,GOR,R,1,1,66,2000,247,0.2529765684886775,0.210459159355344,-0.015959108616787402,-0.5795115425065318
2018-11-03_3,IB_R,IB,R,4,4,66,2000,247,0.3037083863616566,0.2179765984305538,0.46730048502118193,-0.26359076048893076
2018-11-03_3,ICL_R,ICL,R,8,8,66,2000,247,0.3520802373267439,0.21819866479726946,0.9280795783198504,-0.25425840946742845
2018-11-03_3,IPS_R,IPS,R,11,11,66,2000,247,0.17335168713386107,0.30156016424697807,-0.774447359586701,3.249013094675328
2018-11-03_3,IVLP_R,IVLP,R,5,5,66,2000,247,0.31881602443222606,0.22503493047248646,0.6112123600715248,0.03303602372814284
2018-11-03_3,LAL_R,LAL,R,9,9,66,2000,247,0.33254315808315177,0.2260244741461785,0.7419738684915442,0.07462164991090386
2018-11-03_3,LB_R,LB,R,1,1,66,2000,247,0.12328031068585431,0.20110687918662748,-1.2514157405688784,-0.9725416203014984
2018-11-03_3,LH_R,LH,R,14,14,66,2000,247,0.35706475225617484,0.2241348048434954,0.9755609176503339,-0.004791804310091442
2018-11-03_3,LO_R,LO,R,40,23,66,2000,247,0.05233039869446259,0.31036463487429716,-1.9272682346280712,3.6190214469885817
2018-11-03_3,LOP_R,LOP,R,24,0,66,2000,247,,,,
2018-11-03_3,MB_R,MB,R,16,16,66,2000,247,0.30007589218008285,0.3076937673832285,0.43269818343453603,3.5067780968261135
2018-11-03_3,ME_R,ME,R,129,24,66,2000,247,0.1471755109437654,0.2345664229054297,-1.023795575341436,0.4335975065794339
2018-11-03_3,OTU_R,OTU,R,3,3,66,2000,247,0.2753427325389507,0.23018423517349101,0.19709581043298158,0.2494358311243694
2018-11-03_3,PLP_R,PLP,R,15,15,66,2000,247,0.3653229123665877,0.23238842763132417,1.054226245771387,0.3420671378804557
2018-11-03_3,PVLP_R,PVLP,R,17,17,66,2000,247,0.3824125281284086,0.22708654816721438,1.217017983082369,0.11925536784720424
2018-11-03_3,SCL_R,SCL,R,6,6,66,2000,247,0.3824716795659231,0.21786752490219582,1.217581446030374,-0.2681745813927685
2018-11-03_3,SIP_R,SIP,R,6,6,66,2000,247,0.33522354912816965,0.21102680693821352,0.7675066552418514,-0.5556561222634977
2018-11-03_3,SLP_R,SLP,R,22,22,66,2000,247,0.40037783458137904,0.20734087456816927,1.3881513479024827,-0.7105576286353162
2018-11-03_3,SMP_R,SMP,R,21,21,66,2000,247,0.3781771932414715,0.21940711668945992,1.1766731600069062,-0.20347315361208848
2018-11-03_3,SPS_R,SPS,R,12,12,66,2000,247,0.3097278849048186,0.2359709358244104,0.5246408394937193,0.4926222376452884
2018-11-03_3,VES_R,VES,R,6,6,66,2000,247,0.3070590398119851,0.24602743919032308,0.4992180368203629,0.9152473332311952
2018-11-03_3,WED_R,WED,R,1,1,66,2000,247,0.08698343170537014,0.21746459095134976,-1.5971714363405838,-0.2851079023787024
2018-11-03_3,EB,EB,midline,3,3,66,2000,247,0.17453165844458043,0.20986841565616735,-0.7632072250906252,-0.6043375782813085
2018-11-03_3,FB,FB,midline,13,13,66,2000,247,0.34966109640717785,0.21553524483524605,0.905035399996307,-0.3661887768206538
2018-11-03_3,FLA,FLA,midline,6,6,66,2000,247,0.22521955475114003,0.22222198159684606,-0.2803660181620179,-0.08517830427331775
2018-11-03_3,NO,NO,midline,1,1,66,2000,247,0.14797927161744584,0.21320870179391566,-1.0161391365850423,-0.4639618734378944
2018-11-03_3,PB,PB,midline,1,1,66,2000,247,0.18864852578709254,0.21157365587064833,-0.6287332034329639,-0.5326747664251765
2018-11-03_3,PRW,PRW,midline,7,7,66,2000,247,0.19181835640488512,0.2326777560706254,-0.5985381282221555,0.35422618112503673
2018-11-03_3,SAD,SAD,midline,20,20,66,2000,247,0.337654423269235,0.24174522198818005,0.7906626015266381,0.735286924675108
2018-11-03_3,SOG,SOG,midline,74,71,66,2000,247,0.2419096959306822,0.27609399308024846,-0.12137958356626792,2.1787958798104676
2018-11-03_4,AL_L,AL,L,22,22,66,2000,247,0.17536008626745267,0.24912620731850016,0.5237024856739706,0.5740159694939484
2018-11-03_4,AME_L,AME,L,1,1,66,2000,247,0.0577774203489932,0.20348513802328697,-1.793628248312316,-1.637589714171823
2018-11-03_4,AMMC_L,AMMC,L,4,4,66,2000,247,0.08816554272959493,0.19977532091663686,-1.1947361463970654,-1.8173544025352568
2018-11-03_4,ATL_L,ATL,L,1,1,66,2000,247,0.14827909335478662,0.21852497965928444,-0.010012383717621831,-0.9088118884714587
2018-11-03_4,AVLP_L,AVLP,L,34,34,66,2000,247,0.10703517933570628,0.28106644070758563,-0.8228514939703361,2.121727335413267
2018-11-03_4,CRE_L,CRE,L,10,10,66,2000,247,0.179571150300018,0.24684580257958652,0.606694549420978,0.4635155767661052
2018-11-03_4,EPA_L,EPA,L,1,1,66,2000,247,0.10090305174728371,0.21560164405199914,-0.9437040670462961,-1.0504664496850975
2018-11-03_4,GA_L,GA,L,1,1,66,2000,247,0.08508551178926914,0.22050196098663222,-1.2554376988231284,-0.8130143270299697
2018-11-03_4,GOR_L,GOR,L,1,1,66,2000,247,0.12973631069796668,0.22269375242965964,-0.3754553663939557,-0.7068078229391939
2018-11-03_4,IB_L,IB,L,3,3,66,2000,247,0.19729866984097252,0.23624989679022382,0.9560702464993609,-0.04992474856385684
2018-11-03_4,ICL_L,ICL,L,8,8,66,2000,247,0.14473712486221293,0.22816829639450628,-0.07981784681491244,-0.4415306781418256
2018-11-03_4,IPS_L,IPS,L,8,8,66,2000,247,0.1864977700757998,0.25039972555282464,0.7432050525948684,0.6357261837544063
2018-11-03_4,IVLP_L,IVLP,L,7,7,66,2000,247,0.1483591895601116,0.2422047513270987,-0.008433839832556581,0.23862655714660436
2018-11-03_4,LAL_L,LAL,L,5,5,66,2000,247,0.2258256421080427,0.2512886773261509,1.5182826190943086,0.6788016599593278
2018-11-03_4,LB_L,LB,L,1,1,66,2000,247,0.09400830400479082,0.21175028297735435,-1.0795864330562763,-1.2370898608817071
2018-11-03_4,LH_L,LH,L,11,11,66,2000,247,0.118943858261584,0.22160360816663188,-0.588154079512591,-0.7596323795360892
2018-11-03_4,LO_L,LO,L,39,25,66,2000,247,0.07351414041165791,0.20053936267261127,-1.4834874229746715,-1.7803316264223357
2018-11-03_4,LOP_L,LOP,L,22,0,66,2000,247,,,,
2018-11-03_4,MB_L,MB,L,16,16,66,2000,247,0.20682816692865583,0.2489147333684427,1.1438785115036203,0.5637686856963403
2018-11-03_4,ME_L,ME,L,131,17,66,2000,247,0.05183231800767129,0.18623861879271714,-1.910794909440691,-2.4732953745074284
2018-11-03_4,OTU_L,OTU,L,4,4,66,2000,247,0.12948981028177928,0.22592205573977178,-0.3803134208181308,-0.5503755995164649
2018-11-03_4,PLP_L,PLP,L,13,13,66,2000,247,0.12838479406792974,0.23684641112248905,-0.40209118894325957,-0.021019762155831342
2018-11-03_4,PVLP_L,PVLP,L,11,11,66,2000,247,0.11763068667168672,0.21889549835841346,-0.614034194242911,-0.8908578555455884
2018-11-03_4,SCL_L,SCL,L,8,8,66,2000,247,0.14612503261338164,0.23058484983142058,-0.05246482447443064,-0.32443299838780987
2018-11-03_4,SIP_L,SIP,L,7,7,66,2000,247,0.14014020676688652,0.233029354456722,-0.17041436034612376,-0.205980902357911
2018-11-03_4,SLP_L,SLP,L,23,23,66,2000,247,0.17144654375546503,0.25067522044240687,0.44657400528996616,0.6490756970990648
2018-11-03_4,SMP_L,SMP,L,22,22,66,2000,247,0.21492122732581773,0.23947877483085336,1.3033773410620193,0.1065353242782325
2018-11-03_4,SPS_L,SPS,L,15,15,66,2000,247,0.20269615128047225,0.24893470538270088,1.0624443410835664,0.564736459259268
2018-11-03_4,VES_L,VES,L,6,6,66,2000,247,0.20514065916287785,0.25404332169581473,1.1106209426355214,0.8122820371393906
2018-11-03_4,WED_L,WED,L,1,1,66,2000,247,0.1096512036354015,0.23603951184172048,-0.7712946300126617,-0.06011926317652204
2018-11-03_4,AL_R,AL,R,23,23,66,2000,247,0.18181018784315053,0.2666293384707377,0.6508217213363378,1.422156140966572
2018-11-03_4,AME_R,AME,R,1,1,66,2000,247,0.07152183526465619,0.21228404288017153,-1.522751968582336,-1.21122573339714
2018-11-03_4,AMMC_R,AMMC,R,4,4,66,2000,247,0.09706500728771271,0.21482575576844828,-1.0193446243945827,-1.0880632668563093
2018-11-03_4,ATL_R,ATL,R,1,1,66,2000,247,0.1412191516292197,0.23810809298750454,-0.14915040897853746,0.04011690328024639
2018-11-03_4,AVLP_R,AVLP,R,28,28,66,2000,247,0.11492057822232843,0.2801420318165872,-0.6674452778671677,2.0769337320000854
2018-11-03_4,CRE_R,CRE,R,8,8,66,2000,247,0.21476609545494818,0.2461134904117443,1.3003199869071467,0.42803030489086175
2018-11-03_4,EPA_R,EPA,R,1,1,66,2000,247,0.11332512162449294,0.21444352502496491,-0.6988886932722009,-1.1065848242565492
2018-11-03_4,GA_R,GA,R,1,1,66,2000,247,0.08319456193585607,0.22981320332119667,-1.2927047243452383,-0.3618242741432846
2018-11-03_4,GOR_R,GOR,R,1,1,66,2000,247,0.13487705169224865,0.21916616798402067,-0.2741411377322749,-0.8777421575211478
2018-11-03_4,IB_R,IB,R,4,4,66,2000,247,0.17249053013130772,0.24915851775910067,0.46714899137066035,0.575581619799195
2018-11-03_4,ICL_R,ICL,R,8,8,66,2000,247,0.20060154264310184,0.24519697514308283,1.0211635882350334,0.3836191986517111
2018-11-03_4,IPS_R,IPS,R,11,11,66,2000,247,0.13062642326815732,0.2608517071145041,-0.3579129403952058,1.1421924472388278
2018-11-03_4,IVLP_R,IVLP,R,5,5,66,2000,247,0.12876164047918556,0.2479416445790875,-0.3946642628400434,0.5166162256317134
2018-11-03_4,LAL_R,LAL,R,9,9,66,2000,247,0.24426069096027367,0.2588559011135302,1.8816023733635197,1.0454827083258718
2018-11-03_4,LB_R,LB,R,1,1,66,2000,247,0.12367176084105126,0.21064189753120552,-0.49497611089695936,-1.290798321052518
2018-11-03_4,LH_R,LH,R,14,14,66,2000,247,0.1382682834266337,0.27052886643159435,-0.20730640947726298,1.6111135500505134
2018-11-03_4,LO_R,LO,R,40,15,66,2000,247,0.04982834013803063,0.2162222303701908,-1.9502895022131248,-1.0203950195080251
2018-11-03_4,LOP_R,LOP,R,24,0,66,2000,247,,,,
2018-11-03_4,MB_R,MB,R,16,16,66,2000,247,0.20092743668703256,0.26396592528371043,1.0275863400762566,1.293096506007544
2018-11-03_4,ME_R,ME,R,129,20,66,2000,247,0.047663605904749926,0.21365513124748536,-1.9929522971966334,-1.1447876136776851
2018-11-03_4,OTU_R,OTU,R,3,3,66,2000,247,0.1907322734706201,0.24217336672543333,0.8266590615964271,0.2371057697396796
2018-11-03_4,PLP_R,PLP,R,15,15,66,2000,247,0.13022654227385907,0.2717707289852801,-0.3657938343244771,1.6712898413704702
2018-11-03_4,PVLP_R,PVLP,R,17,17,66,2000,247,0.2027628192207828,0.24393574970801257,1.0637582394022211,0.32250465020536767
2018-11-03_4,SCL_R,SCL,R,6,6,66,2000,247,0.2038016339852414,0.2435090209286065,1.084231302857578,0.30182687449827594
2018-11-03_4,SIP_R,SIP,R,6,6,66,2000,247,0.223328040975409,0.24452591346564792,1.4690596505497384,0.35110191010385067
2018-11-03_4,SLP_R,SLP,R,22,22,66,2000,247,0.20285421145585641,0.23748967159420725,1.0655594065515581,0.010150377748815881
2018-11-03_4,SMP_R,SMP,R,21,21,66,2000,247,0.22865314896515193,0.2423012540554822,1.5740074020744803,0.24330273993280752
2018-11-03_4,SPS_R,SPS,R,12,12,66,2000,247,0.15668673248824336,0.24471730891084773,0.15568619448723264,0.36037626017864227
2018-11-03_4,VES_R,VES,R,6,6,66,2000,247,0.23800599372113276,0.25996970964949234,1.7583341855670995,1.0994539523542781
2018-11-03_4,WED_R,WED,R,1,1,66,2000,247,0.10119413655521539,0.21991899095954,-0.9379673390486136,-0.8412630040490054
2018-11-03_4,EB,EB,midline,3,3,66,2000,247,0.15117272211400867,0.22792205345854116,0.047015536206748317,-0.4534627447027666
2018-11-03_4,FB,FB,midline,13,13,66,2000,247,0.19712158421187664,0.24650974702944672,0.9525802255201142,0.44723150682222795
2018-11-03_4,FLA,FLA,midline,6,6,66,2000,247,0.18794912836337266,0.23524809138658132,0.771808564341665,-0.09846871475124001
2018-11-03_4,NO,NO,midline,1,1,66,2000,247,0.1328896539383985,0.22206202490728819,-0.3133089679534916,-0.7374191166836049
2018-11-03_4,PB,PB,midline,1,1,66,2000,247,0.1287784162638646,0.2632554479290479,-0.39433364402714427,1.2586692723789001
2018-11-03_4,PRW,PRW,midline,7,7,66,2000,247,0.09584315600344401,0.22163849364815189,-1.0434249895681367,-0.7579419518051345
2018-11-03_4,SAD,SAD,midline,20,20,66,2000,247,0.20209669348936038,0.24106518278481434,1.0506301680316101,0.1834070738180851
2018-11-03_4,SOG,SOG,midline,74,70,66,2000,247,0.1706688253690723,0.28450692998386756,0.43124665490973324,2.2884413444300162
2018-11-03_5,AL_L,AL,L,22,22,66,2000,247,0.22682964931782987,0.22842205088807738,0.6810393616513798,0.867609165050586
2018-11-03_5,AME_L,AME,L,1,1,66,2000,247,0.07692572421332924,0.18838555301465132,-1.1766481649987002,-1.5818481190563958
2018-11-03_5,AMMC_L,AMMC,L,4,4,66,2000,247,0.08605594454888262,0.19386767382337133,-1.0635017185590856,-1.2464486345728496
2018-11-03_5,ATL_L,ATL,L,1,1,66,2000,247,0.06831918242248308,0.20162657411773363,-1.2833049141218593,-0.7717543967609046
2018-11-03_5,AVLP_L,AVLP,L,34,34,66,2000,247,0.09232891782401047,0.23737108023384237,-0.9857637660665763,1.4151162218858602
2018-11-03_5,CRE_L,CRE,L,10,10,66,2000,247,0.2597406657877766,0.22412767337996553,1.0888898214907388,0.6048765379061026
2018-11-03_5,EPA_L,EPA,L,1,1,66,2000,247,0.09432100960584722,0.19345285668037285,-0.9610767270015189,-1.2718273996112497
2018-11-03_5,GA_L,GA,L,1,1,66,2000,247,0.05959923511664369,0.1869498619524347,-1.3913670434611094,-1.6696845712154125
2018-11-03_5,GOR_L,GOR,L,1,1,66,2000,247,0.1360583529187265,0.19659938541733873,-0.44384582718487275,-1.0793208582354443
2018-11-03_5,IB_L,IB,L,3,3,66,2000,247,0.2112856633816225,0.2119395581211445,0.4884101908809224,-0.14079976461760432
2018-11-03_5,ICL_L,ICL,L,8,8,66,2000,247,0.19648565613660238,0.20968594163421145,0.30500079159909377,-0.27867739160070093
2018-11-03_5,IPS_L,IPS,L,8,8,66,2000,247,0.27352645859466823,0.23203604055160795,1.2597305471387963,1.0887152501534483
2018-11-03_5,IVLP_L,IVLP,L,7,7,66,2000,247,0.21675405345941964,0.21692897200788103,0.5561773292750579,0.16445561078832308
2018-11-03_5,LAL_L,LAL,L,5,5,66,2000,247,0.29104864158510674,0.23030263838173165,1.4768745662718918,0.9826646514044369
2018-11-03_5,LB_L,LB,L,1,1,66,2000,247,0.04355626457310065,0.184705909228477,-1.590179891412746,-1.8069709633036222
2018-11-03_5,LH_L,LH,L,11,11,66,2000,247,0.2009762982561205,0.22130562077409668,0.3606511679735804,0.4322216435286736
2018-11-03_5,LO_L,LO,L,39,23,66,2000,247,0.11261792772580777,0.20770513021213424,-0.7343317865745517,-0.39986463883667217
2018-11-03_5,LOP_L,LOP,L,22,0,66,2000,247,,,,
2018-11-03_5,MB_L,MB,L,16,16,66,2000,247,0.28098245296439917,0.22772924766058894,1.3521291132855244,0.8252230423335253
2018-11-03_5,ME_L,ME,L,131,19,66,2000,247,0.07859859052296365,0.2018620402049603,-1.1559171342735568,-0.7573484383691159
2018-11-03_5,OTU_L,OTU,L,4,4,66,2000,247,0.16254074360125653,0.21047158512915712,-0.11566224685156969,-0.23061124486903972
2018-11-03_5,PLP_L,PLP,L,13,13,66,2000,247,0.22642542098260712,0.21482879131446062,0.6760299535539044,0.035965278949034674
2018-11-03_5,PVLP_L,PVLP,L,11,11,66,2000,247,0.1577340613438959,0.20496140549222627,-0.17522915724330446,-0.5677273855237079
2018-11-03_5,SCL_L,SCL,L,8,8,66,2000,247,0.19908662569378843,0.22085730141497478,0.3372333612280264,0.40479319253680507
2018-11-03_5,SIP_L,SIP,L,7,7,66,2000,247,0.1427863294199825,0.21341896043171432,-0.36046923769753797,-0.050289031705694244
2018-11-03_5,SLP_L,SLP,L,23,23,66,2000,247,0.2329630309396187,0.21072817246428385,0.7570474216607429,-0.21491307568794007
2018-11-03_5,SMP_L,SMP,L,22,22,66,2000,247,0.20253095497970267,0.22418651566514872,0.37991728393157104,0.6084765446926882
2018-11-03_5,SPS_L,SPS,L,15,15,66,2000,247,0.2625594400618282,0.22691847171233412,1.123821540628162,0.7756192768266105
2018-11-03_5,VES_L,VES,L,6,6,66,2000,247,0.2937024962947038,0.23924375745813967,1.5097625162580128,1.529687753150608
2018-11-03_5,WED_L,WED,L,1,1,66,2000,247,0.24311693123588696,0.23824701081235466,0.8828798434207237,1.4687061872892295
2018-11-03_5,AL_R,AL,R,23,23,66,2000,247,0.22692124795640506,0.25146388110219214,0.6821744996954345,2.2773223481454887
2018-11-03_5,AME_R,AME,R,1,1,66,2000,247,0.048156487321611235,0.18718486443624294,-1.5331715348019188,-1.6553069763626578
2018-11-03_5,AMMC_R,AMMC,R,4,4,66,2000,247,0.11813950591062006,0.2014835770439851,-0.6659055134519607,-0.7805030446822762
2018-11-03_5,ATL_R,ATL,R,1,1,66,2000,247,0.05206152609946174,0.1907990622925829,-1.484778260085192,-1.4341881538971257
2018-11-03_5,AVLP_R,AVLP,R,28,28,66,2000,247,0.08251365546175513,0.23194270850927345,-1.107399610147702,1.0830051390528328
2018-11-03_5,CRE_R,CRE,R,8,8,66,2000,247,0.22297557873033336,0.22343201590820616,0.6332777112994621,0.5623157907890216
2018-11-03_5,EPA_R,EPA,R,1,1,66,2000,247,0.10369414136243661,0.19868842285524949,-0.8449199956969489,-0.9515122775438987
2018-11-03_5,GA_R,GA,R,1,1,66,2000,247,0.02549421647282758,0.19281303151776916,-1.8140142002091315,-1.3109722921053253
2018-11-03_5,GOR_R,GOR,R,1,1,66,2000,247,0.11314085953153974,0.197275642396402,-0.7278513432364625,-1.0379470450579897
2018-11-03_5,IB_R,IB,R,4,4,66,2000,247,0.13254184843373853,0.19786307926185795,-0.48742418255226727,-1.002007300438141
2018-11-03_5,ICL_R,ICL,R,8,8,66,2000,247,0.18171572585139104,0.2033804295681562,0.12196412167066513,-0.6644524538714466
2018-11-03_5,IPS_R,IPS,R,11,11,66,2000,247,0.24925393223253625,0.235872563358796,0.9589327566087333,1.3234360482966543
2018-11-03_5,IVLP_R,IVLP,R,5,5,66,2000,247,0.23041610496080875,0.2155656472557794,0.725484588206996,0.08104657348450861
2018-11-03_5,LAL_R,LAL,R,9,9,66,2000,247,0.28934298175770456,0.2305998985742429,1.4557371411920332,1.0008512107314707
2018-11-03_5,LB_R,LB,R,1,1,66,2000,247,0.04646844672837652,0.18622143786210793,-1.5540906131539038,-1.714249999980205
2018-11-03_5,LH_R,LH,R,14,14,66,2000,247,0.21451194861132816,0.22980544810655104,0.5283919980581626,0.9522462480521139
2018-11-03_5,LO_R,LO,R,40,19,66,2000,247,0.056210602079151135,0.20389712308953323,-1.433360749241368,-0.6328408300578684
2018-11-03_5,LOP_R,LOP,R,24,0,66,2000,247,,,,
2018-11-03_5,MB_R,MB,R,16,16,66,2000,247,0.2469688840245273,0.23395920761793673,0.9306152489060288,1.206375780654054
2018-11-03_5,ME_R,ME,R,129,22,66,2000,247,0.03378948253780318,0.19273241270299213,-1.7112149420282248,-1.315904600213691
2018-11-03_5,OTU_R,OTU,R,3,3,66,2000,247,0.16202078369481893,0.20401196070126157,-0.12210586086550508,-0.6258149951452663
2018-11-03_5,PLP_R,PLP,R,15,15,66,2000,247,0.231895639418547,0.22061280257441557,0.7438197499145582,0.38983460480376086
2018-11-03_5,PVLP_R,PVLP,R,17,17,66,2000,247,0.2452486045513495,0.21483235175500917,0.9092966495601694,0.0361831088667228
2018-11-03_5,SCL_R,SCL,R,6,6,66,2000,247,0.20730807431099674,0.21851685759735304,0.4391178351438056,0.2616034166667769
2018-11-03_5,SIP_R,SIP,R,6,6,66,2000,247,0.14330864917940211,0.20899150246162612,-0.35399637915617393,-0.32116360243352654
2018-11-03_5,SLP_R,SLP,R,22,22,66,2000,247,0.24895272911499983,0.2107198722705757,0.9552000906759003,-0.21542088658594122
2018-11-03_5,SMP_R,SMP,R,21,21,66,2000,247,0.20965974553451117,0.2158662644631272,0.46826096995938304,0.09943851702047744
2018-11-03_5,SPS_R,SPS,R,12,12,66,2000,247,0.2314622067809041,0.22310256503069137,0.7384484268886206,0.5421597857799105
2018-11-03_5,VES_R,VES,R,6,6,66,2000,247,0.30900823302293,0.23514244864510211,1.6994391787362937,1.278767186166278
2018-11-03_5,WED_R,WED,R,1,1,66,2000,247,0.19829235764179318,0.22864976591115344,0.3273903777839328,0.8815409086246028
2018-11-03_5,EB,EB,midline,3,3,66,2000,247,0.127955319636428,0.20593079549379087,-0.5442628365864794,-0.5084195157899538
2018-11-03_5,FB,FB,midline,13,13,66,2000,247,0.13813680241598822,0.21533465378152283,-0.4180885983254979,0.06691425227380478
2018-11-03_5,FLA,FLA,midline,6,6,66,2000,247,0.2579068179787811,0.22790784503480396,1.0661638241683162,0.8361497382842151
2018-11-03_5,NO,NO,midline,1,1,66,2000,247,0.06453921142849643,0.18574471284635058,-1.3301482837116345,-1.7434163263171027
2018-11-03_5,PB,PB,midline,1,1,66,2000,247,0.03854737995069913,0.2281887420247474,-1.6522525988417078,0.8533351869284973
2018-11-03_5,PRW,PRW,midline,7,7,66,2000,247,0.18101270440144202,0.22227858339716533,0.11325191365057947,0.4917480884183797
2018-11-03_5,SAD,SAD,midline,20,20,66,2000,247,0.2789457688560048,0.22852984782960323,1.3268894628810866,0.874204247479117
2018-11-03_5,SOG,SOG,midline,74,70,66,2000,247,0.26570732433328487,0.2416940424268655,1.16283176229078,1.679597677434147
2018-12-12_2,AL_L,AL,L,22,22,67,2000,247,0.20332640218518228,0.27506420946034116,1.051546383470138,1.439064590743985
2018-12-12_2,AME_L,AME,L,1,1,67,2000,247,0.04865038375549872,0.2002582632268066,-1.6656519234976677,-1.4440831829619718
2018-12-12_2,AMMC_L,AMMC,L,4,4,67,2000,247,0.12036975000628218,0.23021149705791055,-0.40575564137281955,-0.28963485654367155
2018-12-12_2,ATL_L,ATL,L,1,1,67,2000,247,0.09483768878217798,0.22997325456724393,-0.8542781352659036,-0.29881712534919197
2018-12-12_2,AVLP_L,AVLP,L,34,34,67,2000,247,0.14956030769035375,0.2679216427708177,0.10703577079210508,1.1637779820410226
2018-12-12_2,CRE_L,CRE,L,10,10,67,2000,247,0.17612334377600936,0.25534179424042946,0.5736694313467964,0.6789293288240967
2018-12-12_2,EPA_L,EPA,L,1,1,67,2000,247,0.12373263768529462,0.2185518179206787,-0.3466796915216181,-0.7390186240009955
2018-12-12_2,GA_L,GA,L,1,1,67,2000,247,0.05966446681397772,0.19483205940092116,-1.4721671923600668,-1.6532182620295643
2018-12-12_2,GOR_L,GOR,L,1,1,67,2000,247,0.1323545636518749,0.21717351317737063,-0.19521805656982413,-0.792140821529935
2018-12-12_2,IB_L,IB,L,3,3,67,2000,247,0.1609239017192306,0.2210443383136103,0.30666037174710403,-0.6429526695732188
2018-12-12_2,ICL_L,ICL,L,8,8,67,2000,247,0.16989132350096295,0.2268639860732462,0.4641913421623166,-0.4186535954118481
2018-12-12_2,IPS_L,IPS,L,8,8,67,2000,247,0.20082768816609997,0.27281887247986863,1.0076513985127014,1.352525503379738
2018-12-12_2,IVLP_L,IVLP,L,7,7,67,2000,247,0.15416947922484897,0.2356826499118551,0.18800522693147487,-0.07876736586037206
2018-12-12_2,LAL_L,LAL,L,5,5,67,2000,247,0.2274328444523187,0.24533220409000805,1.4750249859081608,0.29314278362350443
2018-12-12_2,LB_L,LB,L,1,1,67,2000,247,0.08297163145077005,0.209152919030839,-1.0627295242958203,-1.1012680944499222
2018-12-12_2,LH_L,LH,L,11,11,67,2000,247,0.17221192732612742,0.24245393586106853,0.5049574599412433,0.18220945473426337
2018-12-12_2,LO_L,LO,L,39,21,67,2000,247,0.05597313567487271,0.20649356246820158,-1.5370129184361707,-1.2037641972212445
2018-12-12_2,LOP_L,LOP,L,22,0,67,2000,247,,,,
2018-12-12_2,MB_L,MB,L,16,16,67,2000,247,0.23762842978802373,0.26961624992973504,1.654131142725338,1.2290910099958572
2018-12-12_2,ME_L,ME,L,131,16,67,2000,247,0.04660001631382945,0.1977902301833291,-1.7016707905316568,-1.5392053534979946
2018-12-12_2,OTU_L,OTU,L,4,4,67,2000,247,0.15646986917107697,0.231065808752216,0.22841624688605197,-0.25670823795912484
2018-12-12_2,PLP_L,PLP,L,13,13,67,2000,247,0.19851160237657375,0.2663589146089883,0.9669646492028606,1.103547793833521
2018-12-12_2,PVLP_L,PVLP,L,11,11,67,2000,247,0.1543495465166651,0.2628442771260598,0.1911684745081217,0.9680877168677909
2018-12-12_2,SCL_L,SCL,L,8,8,67,2000,247,0.17068191471632027,0.25211382859701764,0.4780796820205676,0.5545180697331712
2018-12-12_2,SIP_L,SIP,L,7,7,67,2000,247,0.1887184724735044,0.22869987099854283,0.7949284391769812,-0.34789548323417663
2018-12-12_2,SLP_L,SLP,L,23,23,67,2000,247,0.16100130751379804,0.23799514052796888,0.30802016168793295,0.010359936276145693
2018-12-12_2,SMP_L,SMP,L,22,22,67,2000,247,0.1551836379330684,0.2738261872696788,0.20582098371747765,1.3913491202162331
2018-12-12_2,SPS_L,SPS,L,15,15,67,2000,247,0.20749110608065338,0.2593478303184158,1.1247078631143839,0.8333287393144665
2018-12-12_2,VES_L,VES,L,6,6,67,2000,247,0.22742172988364073,0.27406761065844765,1.474829735943098,1.4006539862181484
2018-12-12_2,WED_L,WED,L,1,1,67,2000,247,0.14026346840204493,0.2676436522703601,-0.05628208695213497,1.1530637576663496
2018-12-12_2,AL_R,AL,R,23,23,67,2000,247,0.19084737778527058,0.2719943358190959,0.8323269833569606,1.3207464649805123
2018-12-12_2,AME_R,AME,R,1,1,67,2000,247,0.032462807772742755,0.18512106353551086,-1.9500195617444003,-2.0274964781277682
2018-12-12_2,AMMC_R,AMMC,R,4,4,67,2000,247,0.13260641108623517,0.22982355282866207,-0.19079384505206384,-0.3045868837179288
2018-12-12_2,ATL_R,ATL,R,1,1,67,2000,247,0.09413395162259207,0.24308368482397094,-0.8666407072921964,0.20648104558771588
2018-12-12_2,AVLP_R,AVLP,R,28,28,67,2000,247,0.14850471956818603,0.2609786123714605,0.08849222223474833,0.8961818396677081
2018-12-12_2,CRE_R,CRE,R,8,8,67,2000,247,0.16853547866169336,0.25102173621423324,0.4403731747490587,0.5124269809809968
2018-12-12_2,EPA_R,EPA,R,1,1,67,2000,247,0.12086395008307856,0.21276098193880744,-0.397074013635001,-0.962207243484616
2018-12-12_2,GA_R,GA,R,1,1,67,2000,247,0.029537750089157735,0.18614820204341265,-2.001404138786856,-1.9879088216452256
2018-12-12_2,GOR_R,GOR,R,1,1,67,2000,247,0.14939290338137926,0.21864952384023437,0.10409497421909658,-0.7352528724982292
2018-12-12_2,IB_R,IB,R,4,4,67,2000,247,0.12106833318652631,0.2219546530654566,-0.39348360945794025,-0.6078675983682681
2018-12-12_2,ICL_R,ICL,R,8,8,67,2000,247,0.15045530542699373,0.22537484441458497,0.12275822317630397,-0.4760476352452384
2018-12-12_2,IPS_R,IPS,R,11,11,67,2000,247,0.21086954269088531,0.27461339005816204,1.1840569615119063,1.4216892479914394
2018-12-12_2,IVLP_R,IVLP,R,5,5,67,2000,247,0.19119109251560945,0.24241724609299437,0.8383650304494467,0.18079536897682127
2018-12-12_2,LAL_R,LAL,R,9,9,67,2000,247,0.22484062124955728,0.26423175329150034,1.429487322284966,1.0215633965279556
2018-12-12_2,LB_R,LB,R,1,1,67,2000,247,0.027592623862528885,0.19640745809059382,-2.035574230204339,-1.5924997302346569
2018-12-12_2,LH_R,LH,R,14,14,67,2000,247,0.13278170329848704,0.24152977810324947,-0.18771448144294708,0.1465908506504255
2018-12-12_2,LO_R,LO,R,40,27,67,2000,247,0.048046907525326796,0.19481553141592295,-1.6762532087361024,-1.6538552785443033
2018-12-12_2,LOP_R,LOP,R,24,3,67,2000,247,0.017408510189646426,0.1861715599621638,-2.214478863972785,-1.9870085679242773
2018-12-12_2,MB_R,MB,R,16,16,67,2000,247,0.21229694427381185,0.2629027614188944,1.2091321684112508,0.970341800495802
2018-12-12_2,ME_R,ME,R,129,23,67,2000,247,0.028964590080699768,0.18818214235820896,-2.0114728580389722,-1.909517319555958
2018-12-12_2,OTU_R,OTU,R,3,3,67,2000,247,0.11496201747025951,0.2220063782105109,-0.5007534428458088,-0.6058740237352788
2018-12-12_2,PLP_R,PLP,R,15,15,67,2000,247,0.17668060504607952,0.23704688055253811,0.5834588569794567,-0.026187608066420034
2018-12-12_2,PVLP_R,PVLP,R,17,17,67,2000,247,0.15202670447208713,0.23404013082547825,0.15036303786087443,-0.14207283134266097
2018-12-12_2,SCL_R,SCL,R,6,6,67,2000,247,0.1468853294600964,0.23027678199837218,0.06004434709098806,-0.2871186644463102
2018-12-12_2,SIP_R,SIP,R,6,6,67,2000,247,0.1486535458836974,0.24852279407809577,0.09110665863313258,0.4161135217015403
2018-12-12_2,SLP_R,SLP,R,22,22,67,2000,247,0.20218158599878622,0.24401175327331054,1.0314353628022583,0.2422503743414332
2018-12-12_2,SMP_R,SMP,R,21,21,67,2000,247,0.15224570740645835,0.25907184720350857,0.15421026905117668,0.82269188297632
2018-12-12_2,SPS_R,SPS,R,12,12,67,2000,247,0.2017823227292145,0.2581885157847411,1.0244214928363211,0.7886467950963646
2018-12-12_2,VES_R,VES,R,6,6,67,2000,247,0.22164278143801633,0.2684426720332894,1.3733107733274206,1.1838593316364319
2018-12-12_2,WED_R,WED,R,1,1,67,2000,247,0.09647010010131,0.2238691504244203,-0.8256015161128377,-0.5340796299488846
2018-12-12_2,EB,EB,midline,3,3,67,2000,247,0.13671884989291128,0.24659230614420258,-0.11855050780784246,0.3417092494610101
2018-12-12_2,FB,FB,midline,13,13,67,2000,247,0.16285437822061263,0.2478793366128063,0.34057311099686055,0.39131358196503674
2018-12-12_2,FLA,FLA,midline,6,6,67,2000,247,0.17937081878831979,0.24009709083222378,0.6307179233816596,0.09137265846314638
2018-12-12_2,NO,NO,midline,1,1,67,2000,247,0.09840317073788649,0.20438298073156982,-0.7916432056114421,-1.28510958942038
2018-12-12_2,PB,PB,midline,1,1,67,2000,247,0.09800569869528741,0.24021247850047445,-0.7986256090388242,0.09581989448622216
2018-12-12_2,PRW,PRW,midline,7,7,67,2000,247,0.1100299966821317,0.2512777605380623,-0.5873944016155304,0.5222945917315893
2018-12-12_2,SAD,SAD,midline,20,20,67,2000,247,0.2212482458248178,0.2702478444100825,1.3663799542443777,1.2534337302151006
2018-12-12_2,SOG,SOG,midline,74,71,67,2000,247,0.1824042080650477,0.2727753030685384,0.6840055648064768,1.350846264527706
2018-12-12_3,AL_L,AL,L,22,22,66,2000,247,0.169621082718303,0.24401563834494536,0.6041203788597856,1.4243555753062094
2018-12-12_3,AME_L,AME,L,1,1,66,2000,247,0.028196918712780152,0.1831174291444722,-1.7197906837652979,-1.9418583108447012
2018-12-12_3,AMMC_L,AMMC,L,4,4,66,2000,247,0.07948735201754631,0.20690676362295674,-0.8769756938239373,-0.6268773103337525
2018-12-12_3,ATL_L,ATL,L,1,1,66,2000,247,0.13812530131972903,0.20578212616903957,0.08657519602024576,-0.6890428528671765
2018-12-12_3,AVLP_L,AVLP,L,34,34,66,2000,247,0.10634359012789069,0.2593144046902516,-0.4356684442178134,2.2700113078584874
2018-12-12_3,CRE_L,CRE,L,10,10,66,2000,247,0.19649874406765996,0.219601355458686,1.045779659552596,0.07482988069014761
2018-12-12_3,EPA_L,EPA,L,1,1,66,2000,247,0.12616846818110247,0.19983372364732624,-0.10990195482740808,-1.0178471877054978
2018-12-12_3,GA_L,GA,L,1,1,66,2000,247,0.06315399077570957,0.19195003536591218,-1.1453688580803218,-1.4536265203886503
2018-12-12_3,GOR_L,GOR,L,1,1,66,2000,247,0.11967585346535439,0.2027640081480155,-0.21658994035935827,-0.8558725663480542
2018-12-12_3,IB_L,IB,L,3,3,66,2000,247,0.17110090666703132,0.20975653699757346,0.6284371515228573,-0.4693530278965042
2018-12-12_3,ICL_L,ICL,L,8,8,66,2000,247,0.14143817347948184,0.2182466631390216,0.14101299535425188,-5.219150518470285e-05
2018-12-12_3,IPS_L,IPS,L,8,8,66,2000,247,0.0857178019727072,0.22907482510850813,-0.7745956537668157,0.5984860850997293
2018-12-12_3,IVLP_L,IVLP,L,7,7,66,2000,247,0.12094820606753082,0.21662950977647052,-0.19568237969920027,-0.08944207959097093
2018-12-12_3,LAL_L,LAL,L,5,5,66,2000,247,0.2166743226396294,0.24020929930813165,1.3773089322759644,1.213956099043432
2018-12-12_3,LB_L,LB,L,1,1,66,2000,247,0.05532961762372454,0.1886777621676162,-1.2739405732031677,-1.634504934122002
2018-12-12_3,LH_L,LH,L,11,11,66,2000,247,0.16181419068770755,0.22997159588914642,0.4758359171329206,0.6480560526588997
2018-12-12_3,LO_L,LO,L,39,6,66,2000,247,0.0486733984056548,0.20231846597719957,-1.383316941696503,-0.8805003881174795
2018-12-12_3,LOP_L,LOP,L,22,0,66,2000,247,,,,
2018-12-12_3,MB_L,MB,L,16,16,66,2000,247,0.2194821036905263,0.23867521722111154,1.423446970223663,1.1291580648874076
2018-12-12_3,ME_L,ME,L,131,9,66,2000,247,0.03291959812642283,0.19008004754160523,-1.6421866405540728,-1.5569921047590074
2018-12-12_3,OTU_L,OTU,L,4,4,66,2000,247,0.11382992836170704,0.20004737803310457,-0.31265138866400055,-1.0060372121793457
2018-12-12_3,PLP_L,PLP,L,13,13,66,2000,247,0.1626770098011178,0.21616061108521895,0.490013938949759,-0.11536095810007478
2018-12-12_3,PVLP_L,PVLP,L,11,11,66,2000,247,0.17570314712731072,0.22111033926631687,0.7040621169855231,0.15824058051060216
2018-12-12_3,SCL_L,SCL,L,8,8,66,2000,247,0.1764837001984965,0.2231716138525727,0.7168883262111527,0.2721797459888937
2018-12-12_3,SIP_L,SIP,L,7,7,66,2000,247,0.1542059859408683,0.21625916754028218,0.3508163258754749,-0.10991314424874238
2018-12-12_3,SLP_L,SLP,L,23,23,66,2000,247,0.2066352296933839,0.22134350704000338,1.212344484223153,0.1711291795004773
2018-12-12_3,SMP_L,SMP,L,22,22,66,2000,247,0.21558129846271207,0.23716150457275062,1.3593481333253998,1.0454859733193156
2018-12-12_3,SPS_L,SPS,L,15,15,66,2000,247,0.20051932605693384,0.23253610720473816,1.111846692925336,0.7898121685623699
2018-12-12_3,VES_L,VES,L,6,6,66,2000,247,0.20156890103853445,0.23809107869226637,1.12909352572755,1.0968691806484419
2018-12-12_3,WED_L,WED,L,1,1,66,2000,247,0.08204106535723035,0.2352110528040582,-0.8350125489639596,0.9376726580471652
2018-12-12_3,AL_R,AL,R,23,23,66,2000,247,0.20038954092913608,0.25598534793190975,1.1097140369087755,2.0859941218879725
2018-12-12_3,AME_R,AME,R,1,1,66,2000,247,0.014856598036598122,0.18368995529887633,-1.939001587477162,-1.9102113130685374
2018-12-12_3,AMMC_R,AMMC,R,4,4,66,2000,247,0.08721638599558282,0.20156742684269852,-0.7499706116919844,-0.9220148824973994
2018-12-12_3,ATL_R,ATL,R,1,1,66,2000,247,0.1360694705338495,0.21133398438649958,0.05279336008162849,-0.3821579301261357
2018-12-12_3,AVLP_R,AVLP,R,28,28,66,2000,247,0.1275830095356329,0.24684372555594206,-0.08665791923101912,1.5806811317698453
2018-12-12_3,CRE_R,CRE,R,8,8,66,2000,247,0.21723430025010798,0.23116629986800025,1.3865105999892888,0.7140945975727333
2018-12-12_3,EPA_R,EPA,R,1,1,66,2000,247,0.10156139497396995,0.19689297885718293,-0.5142504623614347,-1.1804000127913532
2018-12-12_3,GA_R,GA,R,1,1,66,2000,247,0.07246764456446592,0.20392495880076777,-0.9923249760439702,-0.7916997727677749
2018-12-12_3,GOR_R,GOR,R,1,1,66,2000,247,0.10478410809972356,0.19758709065824087,-0.46129417488913665,-1.1420322378774679
2018-12-12_3,IB_R,IB,R,4,4,66,2000,247,0.18909710410000555,0.20547160192625746,0.9241543833959107,-0.7062074137264062
2018-12-12_3,ICL_R,ICL,R,8,8,66,2000,247,0.1617546767184794,0.20640466830785353,0.47485797130278207,-0.6546311678619404
2018-12-12_3,IPS_R,IPS,R,11,10,66,2000,247,0.04653487693816449,0.1967582152289814,-1.4184575679883993,-1.1878492170053343
2018-12-12_3,IVLP_R,IVLP,R,5,5,66,2000,247,0.09073236425807983,0.2194038307438733,-0.6921953309425996,0.0639114900413896
2018-12-12_3,LAL_R,LAL,R,9,9,66,2000,247,0.23939134298584908,0.23655163669188956,1.750599700962406,1.0117748715279022
2018-12-12_3,LB_R,LB,R,1,1,66,2000,247,0.0483613064304984,0.21901450964199,-1.388445301469548,0.042391348209027145
2018-12-12_3,LH_R,LH,R,14,14,66,2000,247,0.15822921069516308,0.24157693274553443,0.4169267857086871,1.2895535054136968
2018-12-12_3,LO_R,LO,R,40,3,66,2000,247,0.029031107186333026,0.18912637451257727,-1.7060831265339316,-1.6097074051809546
2018-12-12_3,LOP_R,LOP,R,24,0,66,2000,247,,,,
2018-12-12_3,MB_R,MB,R,16,16,66,2000,247,0.21068241097270368,0.23876500170694515,1.2788486026218524,1.1341209987230982
2018-12-12_3,ME_R,ME,R,129,4,66,2000,247,0.01858676628889032,0.19202901217844948,-1.8777066925918993,-1.4492609922961606
2018-12-12_3,OTU_R,OTU,R,3,3,66,2000,247,0.11839719605352067,0.23114953807061572,-0.2376011029535519,0.7131680712289636
2018-12-12_3,PLP_R,PLP,R,15,14,66,2000,247,0.09366359607757996,0.22654411373894467,-0.6440287244764727,0.4585982974963083
2018-12-12_3,PVLP_R,PVLP,R,17,17,66,2000,247,0.165357119312629,0.2210110649223557,0.5340540518020745,0.15275308457980172
2018-12-12_3,SCL_R,SCL,R,6,6,66,2000,247,0.1500948047420578,0.2329851832503423,0.28326054758571356,0.8146353290542321
2018-12-12_3,SIP_R,SIP,R,6,6,66,2000,247,0.20572556387847402,0.2290848386317173,1.1973966677348873,0.5990395933443651
2018-12-12_3,SLP_R,SLP,R,22,22,66,2000,247,0.2260605463205111,0.22293523799948034,1.5315452977631427,0.2591138169660731
2018-12-12_3,SMP_R,SMP,R,21,21,66,2000,247,0.2200497584203521,0.23055789373633212,1.4327747899471872,0.680464295537108
2018-12-12_3,SPS_R,SPS,R,12,12,66,2000,247,0.14921145197762448,0.22272620277555064,0.2687451125757043,0.24755917056965052
2018-12-12_3,VES_R,VES,R,6,6,66,2000,247,0.20680113421233992,0.23864368968316657,1.2150706615327556,1.1274153463835326
2018-12-12_3,WED_R,WED,R,1,1,66,2000,247,0.0686626768533678,0.205208185855715,-1.0548489910800911,-0.7207680197957306
2018-12-12_3,EB,EB,midline,3,3,66,2000,247,0.12790505938318805,0.20645356650349372,-0.08136592964272697,-0.6519282676070269
2018-12-12_3,FB,FB,midline,13,13,66,2000,247,0.1839666750011417,0.21389310815579066,0.8398501131695175,-0.24069961662782127
2018-12-12_3,FLA,FLA,midline,6,6,66,2000,247,0.18555474683156511,0.21026351012600827,0.8659456373744203,-0.4413295440002097
2018-12-12_3,NO,NO,midline,1,1,66,2000,247,0.0640946991790724,0.2029889474817103,-1.1299109433692693,-0.8434388032117305
2018-12-12_3,PB,PB,midline,1,1,66,2000,247,0.0951422343437238,0.24985657911264406,-0.6197314351944355,1.74721984633406
2018-12-12_3,PRW,PRW,midline,7,7,66,2000,247,0.09301826611276157,0.21441508176644092,-0.6546329196989126,-0.21184696497445235
2018-12-12_3,SAD,SAD,midline,20,20,66,2000,247,0.1218543738515771,0.23361429334331554,-0.18079204357631973,0.8494100647761458
2018-12-12_3,SOG,SOG,midline,74,44,66,2000,247,0.06780165239299747,0.21989972933294352,-1.0689975227876376,0.09132281688608586
2018-12-12_4,AL_L,AL,L,22,22,66,2000,247,0.21373486917246198,0.27830459344533304,0.02196273623026642,0.8485000747254997
2018-12-12_4,AME_L,AME,L,1,1,66,2000,247,0.05777679893350396,0.19711498363306182,-1.7414078004714075,-1.8928673477851312
2018-12-12_4,AMMC_L,AMMC,L,4,4,66,2000,247,0.14984970011806836,0.23726775355457758,-0.7003674687415997,-0.537108949131376
2018-12-12_4,ATL_L,ATL,L,1,1,66,2000,247,0.1678820400381932,0.22169921724630431,-0.4964812775735677,-1.0627806249819922
2018-12-12_4,AVLP_L,AVLP,L,34,34,66,2000,247,0.09161733446622826,0.294341628795437,-1.3587831423618215,1.3899906221499765
2018-12-12_4,CRE_L,CRE,L,10,10,66,2000,247,0.2892607180580847,0.27074718464216274,0.8759105728522015,0.5933241434762921
2018-12-12_4,EPA_L,EPA,L,1,1,66,2000,247,0.15107348496351802,0.21341629773264445,-0.6865305051499018,-1.3424534275798539
2018-12-12_4,GA_L,GA,L,1,1,66,2000,247,0.029224116275554324,0.2016430825572107,-2.0642443120137526,-1.7399760738244696
2018-12-12_4,GOR_L,GOR,L,1,1,66,2000,247,0.15698246420876055,0.21907364243020971,-0.6197194713439734,-1.1514331666415556
2018-12-12_4,IB_L,IB,L,3,3,66,2000,247,0.2014287515571099,0.22903869796967344,-0.11717879835558949,-0.8149630360108003
2018-12-12_4,ICL_L,ICL,L,8,8,66,2000,247,0.25774665798331947,0.2559034000873451,0.5195906662097174,0.0921237127877674
2018-12-12_4,IPS_L,IPS,L,8,8,66,2000,247,0.31252758641351613,0.27984456713152167,1.138981987344708,0.9004972909284412
2018-12-12_4,IVLP_L,IVLP,L,7,7,66,2000,247,0.28282455129446854,0.258739689754613,0.803138789879574,0.18789104203876417
2018-12-12_4,LAL_L,LAL,L,5,5,66,2000,247,0.321129503679929,0.27494926623456645,1.2362412535275797,0.7352074412379478
2018-12-12_4,LB_L,LB,L,1,1,66,2000,247,0.05290983507331775,0.21418726577348376,-1.7964370827720575,-1.3164216893335359
2018-12-12_4,LH_L,LH,L,11,11,66,2000,247,0.25806274148768055,0.2673174529468974,0.5231645264009452,0.4775192423430995
2018-12-12_4,LO_L,LO,L,39,24,66,2000,247,0.0726032147936496,0.19911752398803612,-1.5737700190304802,-1.8252515666022577
2018-12-12_4,LOP_L,LOP,L,22,0,66,2000,247,,,,
2018-12-12_4,MB_L,MB,L,16,16,66,2000,247,0.2947991760175527,0.2920115006147592,0.9385322350048737,1.3113138370348125
2018-12-12_4,ME_L,ME,L,131,17,66,2000,247,0.0477758316458023,0.1916506010751816,-1.8544857003622532,-2.0773722414894493
2018-12-12_4,OTU_L,OTU,L,4,4,66,2000,247,0.19584001692536124,0.26491660784682314,-0.1803689235730283,0.39645470022920076
2018-12-12_4,PLP_L,PLP,L,13,13,66,2000,247,0.3268351859844117,0.2789106685333355,1.3007536705643459,0.8689642019172298
2018-12-12_4,PVLP_L,PVLP,L,11,11,66,2000,247,0.2481552192904808,0.24909024787113662,0.4111431817697153,-0.13792239253662378
2018-12-12_4,SCL_L,SCL,L,8,8,66,2000,247,0.2864356024808296,0.2622769604191191,0.8439678489901048,0.30732699679579667
2018-12-12_4,SIP_L,SIP,L,7,7,66,2000,247,0.18232101867353956,0.24570995526368852,-0.3332241311711847,-0.2520579827191394
2018-12-12_4,SLP_L,SLP,L,23,23,66,2000,247,0.27030206514094474,0.24993425442523443,0.6615508419423818,-0.1094245086677513
2018-12-12_4,SMP_L,SMP,L,22,22,66,2000,247,0.2592746004915375,0.26575665557948847,0.536866648123558,0.4248189144803522
2018-12-12_4,SPS_L,SPS,L,15,15,66,2000,247,0.31304643525630277,0.2757369575951362,1.144848453638949,0.7618038424258826
2018-12-12_4,VES_L,VES,L,6,6,66,2000,247,0.3172021385600002,0.2924520659631917,1.1918357288327612,1.3261895273660307
2018-12-12_4,WED_L,WED,L,1,1,66,2000,247,0.22874119725800687,0.2913155113659377,0.1916347305655657,1.2878137579292641
2018-12-12_4,AL_R,AL,R,23,23,66,2000,247,0.21492446591768766,0.2754330664068587,0.03541314535544396,0.7515429555284303
2018-12-12_4,AME_R,AME,R,1,1,66,2000,247,0.07455112685521377,0.1993516953483469,-1.5517455689190809,-1.8173447699083787
2018-12-12_4,AMMC_R,AMMC,R,4,4,66,2000,247,0.2118866955288903,0.25930664108957124,0.0010659981211744525,0.20703415558983573
2018-12-12_4,ATL_R,ATL,R,1,1,66,2000,247,0.15379716600106064,0.23571993324361357,-0.6557346708232986,-0.5893711066437488
2018-12-12_4,AVLP_R,AVLP,R,28,28,66,2000,247,0.1287897758816569,0.27960196075594324,-0.9384856363154689,0.8923056859183678
2018-12-12_4,CRE_R,CRE,R,8,8,66,2000,247,0.2837733756208541,0.25860322008449704,0.8138668583860035,0.18328314321178826
2018-12-12_4,EPA_R,EPA,R,1,1,66,2000,247,0.1364469733428443,0.20937884100660342,-0.8519080300647869,-1.4787781662275379
2018-12-12_4,GA_R,GA,R,1,1,66,2000,247,0.04745285160562394,0.20941652104948422,-1.8581375375895324,-1.4775058994649428
2018-12-12_4,GOR_R,GOR,R,1,1,66,2000,247,0.1498764922290934,0.2139593711200041,-0.7000645384788361,-1.3241165530021513
2018-12-12_4,IB_R,IB,R,4,4,66,2000,247,0.2520539672857713,0.23894993080764657,0.4552251413270902,-0.4803102290597498
2018-12-12_4,ICL_R,ICL,R,8,8,66,2000,247,0.24814396470984815,0.23876011082585738,0.4110159296444478,-0.48671950132280956
2018-12-12_4,IPS_R,IPS,R,11,11,66,2000,247,0.3111026651829666,0.2868008546044773,1.1228708357305475,1.1353763586327066
2018-12-12_4,IVLP_R,IVLP,R,5,5,66,2000,247,0.27830210445466963,0.26887612576012065,0.7520048569007796,0.5301478346272984
2018-12-12_4,LAL_R,LAL,R,9,9,66,2000,247,0.32059085620961314,0.271573703578215,1.2301509301645854,0.6212315578686112
2018-12-12_4,LB_R,LB,R,1,1,66,2000,247,0.0625724130544041,0.24251834751734505,-1.687185248004396,-0.35982262799196546
2018-12-12_4,LH_R,LH,R,14,14,66,2000,247,0.22609301942340576,0.2676276313654261,0.16169258802477174,0.4879924175891264
2018-12-12_4,LO_R,LO,R,40,26,66,2000,247,0.08749445098075041,0.21531902833854671,-1.4053993338381987,-1.27820772287829
2018-12-12_4,LOP_R,LOP,R,24,1,66,2000,247,0.0206290889795196,0.1770966133920572,-2.1614256753939998,-2.5687876799229015
2018-12-12_4,MB_R,MB,R,16,16,66,2000,247,0.3037103926869206,0.2792011633937326,1.0392886556046652,0.8787727617630109
2018-12-12_4,ME_R,ME,R,129,0,66,2000,247,,,,
2018-12-12_4,OTU_R,OTU,R,3,3,66,2000,247,0.24845794834124707,0.26879183536756296,0.4145660472098109,0.5273017692659475
2018-12-12_4,PLP_R,PLP,R,15,15,66,2000,247,0.3226754429211427,0.27013893577041803,1.2537207190359074,0.572786618469887
2018-12-12_4,PVLP_R,PVLP,R,17,17,66,2000,247,0.2863406110767202,0.2545362118902303,0.8428938100321349,0.04596059914948699
2018-12-12_4,SCL_R,SCL,R,6,6,66,2000,247,0.2782180443560466,0.25493478778359513,0.7510544148941748,0.059418515402501114
2018-12-12_4,SIP_R,SIP,R,6,6,66,2000,247,0.1874529590066084,0.2558904448521151,-0.27519884036334785,0.09168627923078201
2018-12-12_4,SLP_R,SLP,R,22,22,66,2000,247,0.28987014993926186,0.24894800017774854,0.8828012340520224,-0.14272538633697615
2018-12-12_4,SMP_R,SMP,R,21,21,66,2000,247,0.2583891223003159,0.25855298052651354,0.5268548151296024,0.1815868043835102
2018-12-12_4,SPS_R,SPS,R,12,12,66,2000,247,0.3011446129738292,0.2668920032697854,1.0102781635999873,0.46315393270003946
2018-12-12_4,VES_R,VES,R,6,6,66,2000,247,0.32843444064643273,0.2869439546338995,1.3188359573441821,1.140208131561846
2018-12-12_4,WED_R,WED,R,1,1,66,2000,247,0.19901693844876348,0.2824321279578882,-0.14444843671911037,0.9878662901090942
2018-12-12_4,EB,EB,midline,3,3,66,2000,247,0.18878866558835142,0.2674242425041429,-0.2600964116893121,0.4811249920686366
2018-12-12_4,FB,FB,midline,13,13,66,2000,247,0.22239168504381526,0.2537606719943319,0.11984272426683672,0.019774492203178794
2018-12-12_4,FLA,FLA,midline,6,6,66,2000,247,0.26470563477133685,0.2619309907116589,0.5982737033541162,0.29564532857002346
2018-12-12_4,NO,NO,midline,1,1,66,2000,247,0.12479511307268688,0.23867707649399844,-0.9836520755423893,-0.48952315579084255
2018-12-12_4,PB,PB,midline,1,1,66,2000,247,0.1748347045496988,0.3065414871618117,-0.4178696114226888,1.8019188770357193
2018-12-12_4,PRW,PRW,midline,7,7,66,2000,247,0.15540801302126103,0.25277014228140565,-0.637521312770055,-0.013670746569657092
2018-12-12_4,SAD,SAD,midline,20,20,66,2000,247,0.3052682124781438,0.2847124193048616,1.056902450883901,1.0648603343824898
2018-12-12_4,SOG,SOG,midline,74,71,66,2000,247,0.2925524078722786,0.2957101092627436,0.9131287099156892,1.4361973692952177
2018-12-14_1,AL_L,AL,L,22,22,67,2000,247,0.2519233910069964,0.30383996722202616,-0.1522286115156208,1.3104987591875923
2018-12-14_1,AME_L,AME,L,1,1,67,2000,247,0.12786872373621655,0.21727815366050354,-1.248830651130051,-1.2071236387870665
2018-12-14_1,AMMC_L,AMMC,L,4,4,67,2000,247,0.20784521291814118,0.22834285503847926,-0.5418650601727361,-0.8853103718284909
2018-12-14_1,ATL_L,ATL,L,1,1,67,2000,247,0.1744386665868779,0.2369059084672723,-0.8371678299054962,-0.6362567277287097
2018-12-14_1,AVLP_L,AVLP,L,34,34,67,2000,247,0.28971075518964823,0.3222294490013189,0.18179913242972615,1.8453508990608951
2018-12-14_1,CRE_L,CRE,L,10,10,67,2000,247,0.3616506532645129,0.2709867700917947,0.8177239282808585,0.35497412844078996
2018-12-14_1,EPA_L,EPA,L,1,1,67,2000,247,0.16579209490643176,0.21862833569525972,-0.9136006506050441,-1.1678540302589462
2018-12-14_1,GA_L,GA,L,1,1,67,2000,247,0.11509381757211218,0.23153976029292395,-1.3617565769629079,-0.7923294147339126
2018-12-14_1,GOR_L,GOR,L,1,1,67,2000,247,0.22546560715323335,0.23018568766231956,-0.3861066297798175,-0.8317121799860655
2018-12-14_1,IB_L,IB,L,3,3,67,2000,247,0.29215143120984766,0.2493686348403475,0.20337389749637788,-0.2737823551881759
2018-12-14_1,ICL_L,ICL,L,8,8,67,2000,247,0.33340268283945557,0.2716340927636195,0.56802125554327,0.37380129934039846
2018-12-14_1,IPS_L,IPS,L,8,8,67,2000,247,0.3105799679985327,0.319053286900873,0.3662760395453423,1.7529732499027297
2018-12-14_1,IVLP_L,IVLP,L,7,7,67,2000,247,0.36377354268234285,0.28028352952582414,0.8364895653720198,0.6253673748006223
2018-12-14_1,LAL_L,LAL,L,5,5,67,2000,247,0.41948106625388965,0.27945678529655243,1.328925564068348,0.6013217858350978
2018-12-14_1,LB_L,LB,L,1,1,67,2000,247,0.043819407856406825,0.1874481173762888,-1.9917986768377507,-2.074720612459054
2018-12-14_1,LH_L,LH,L,11,11,67,2000,247,0.39457228528274646,0.26618004992308075,1.1087402166066278,0.21517222434886782
2018-12-14_1,LO_L,LO,L,39,4,67,2000,247,0.09075170094708436,0.22686284181850366,-1.5769327998878582,-0.9283560784582494
2018-12-14_1,LOP_L,LOP,L,22,0,67,2000,247,,,,
2018-12-14_1,MB_L,MB,L,16,16,67,2000,247,0.40909044500313596,0.2805909115223165,1.2370759246544072,0.6343074809197411
2018-12-14_1,ME_L,ME,L,131,4,67,2000,247,0.018154862238965286,0.19838116689960902,-2.218664732658393,-1.7567363971847985
2018-12-14_1,OTU_L,OTU,L,4,4,67,2000,247,0.36064109976811687,0.2816131019160695,0.8087998108122969,0.6640375584726785
2018-12-14_1,PLP_L,PLP,L,13,13,67,2000,247,0.40027734645731955,0.28943178774391587,1.159171061796082,0.8914415112436384
2018-12-14_1,PVLP_L,PVLP,L,11,11,67,2000,247,0.3968637685443808,0.27415911524059094,1.1289961672591389,0.4472407627926584
2018-12-14_1,SCL_L,SCL,L,8,8,67,2000,247,0.40238443207630836,0.27547096215038547,1.1777969985565413,0.48539540658908437
2018-12-14_1,SIP_L,SIP,L,7,7,67,2000,247,0.26721293509517635,0.25741886433409233,-0.01707412196082011,-0.03964402965640533
2018-12-14_1,SLP_L,SLP,L,23,23,67,2000,247,0.37469756720339387,0.26392602082074285,0.9330543124639998,0.149614515698282
2018-12-14_1,SMP_L,SMP,L,22,22,67,2000,247,0.34631302965089067,0.2688812871074916,0.6821444316963052,0.2937368356700163
2018-12-14_1,SPS_L,SPS,L,15,15,67,2000,247,0.3859120910552823,0.27758690943837216,1.0321869771177399,0.5469370502537338
2018-12-14_1,VES_L,VES,L,6,6,67,2000,247,0.42076633576140243,0.27871625615447987,1.340286919464323,0.5797837348432505
2018-12-14_1,WED_L,WED,L,1,1,67,2000,247,0.3200093656497482,0.30407958134775226,0.4496287817205977,1.3174678586666644
2018-12-14_1,AL_R,AL,R,23,23,67,2000,247,0.29439490792567735,0.28278981721492097,0.22320548623488404,0.6982619429967203
2018-12-14_1,AME_R,AME,R,1,1,67,2000,247,0.12344148510372241,0.21366308456732705,-1.2879659696235974,-1.312266756112565
2018-12-14_1,AMMC_R,AMMC,R,4,4,67,2000,247,0.28016543583040854,0.25731060615014467,0.09742168087229594,-0.042792683981640586
2018-12-14_1,ATL_R,ATL,R,1,1,67,2000,247,0.13584988351062297,0.2195229655918874,-1.178279850586618,-1.1418340085775986
2018-12-14_1,AVLP_R,AVLP,R,28,28,67,2000,247,0.22478550147025178,0.2742922168153126,-0.3921185380418667,0.45111197911701023
2018-12-14_1,CRE_R,CRE,R,8,8,67,2000,247,0.3462968595264813,0.2714715855996516,0.6820014931692976,0.36907483094742666
2018-12-14_1,EPA_R,EPA,R,1,1,67,2000,247,0.14169492844949674,0.20536319193585995,-1.1266115954324911,-1.5536664533926463
2018-12-14_1,GA_R,GA,R,1,1,67,2000,247,0.06328690749951459,0.21241034566357414,-1.8197124483669773,-1.3487022626383256
2018-12-14_1,GOR_R,GOR,R,1,1,67,2000,247,0.21924409018146657,0.23430608556281549,-0.44110277261613184,-0.7118717374624878
2018-12-14_1,IB_R,IB,R,4,4,67,2000,247,0.34539914758100104,0.26964074210115374,0.6740660178497665,0.31582533894448356
2018-12-14_1,ICL_R,ICL,R,8,8,67,2000,247,0.30693024055346163,0.26881953837312744,0.3340136616086403,0.29194089366874004
2018-12-14_1,IPS_R,IPS,R,11,11,67,2000,247,0.37307382111415677,0.2920211187076478,0.9187009365495995,0.9667513662691174
2018-12-14_1,IVLP_R,IVLP,R,5,5,67,2000,247,0.3652620275001492,0.26006842397766966,0.8496472765895969,0.037417557075473847
2018-12-14_1,LAL_R,LAL,R,9,9,67,2000,247,0.3804991402829153,0.27799877407907114,0.9843382908256421,0.558916000343782
2018-12-14_1,LB_R,LB,R,1,1,67,2000,247,0.04900096637450496,0.20013125925106812,-1.945995421189776,-1.70583552622019
2018-12-14_1,LH_R,LH,R,14,14,67,2000,247,0.3306010399078324,0.25433255184149733,0.5432556629164058,-0.12940843198126686
2018-12-14_1,LO_R,LO,R,40,29,67,2000,247,0.13256892577049315,0.20744967861475297,-1.2072824268610103,-1.4929816620311143
2018-12-14_1,LOP_R,LOP,R,24,1,67,2000,247,0.03551796136920911,0.18902662285648947,-2.065180705502103,-2.0288102902422667
2018-12-14_1,MB_R,MB,R,16,16,67,2000,247,0.4124047215231552,0.2718222375123696,1.266373027872348,0.3792734286087849
2018-12-14_1,ME_R,ME,R,129,22,67,2000,247,0.06184466527773763,0.19032861774003956,-1.832461390400464,-1.990942189448094
2018-12-14_1,OTU_R,OTU,R,3,3,67,2000,247,0.2422442478919566,0.27434427140617634,-0.23778902060933585,0.4526259700846659
2018-12-14_1,PLP_R,PLP,R,15,15,67,2000,247,0.3872784002347134,0.2626495131313887,1.0442646962868032,0.11248770171787954
2018-12-14_1,PVLP_R,PVLP,R,17,17,67,2000,247,0.3472908104095369,0.2589319052946664,0.6907876887201365,0.004362278144516931
2018-12-14_1,SCL_R,SCL,R,6,6,67,2000,247,0.31915426973287486,0.2549843815063032,0.44207001793412526,-0.1104501766460409
2018-12-14_1,SIP_R,SIP,R,6,6,67,2000,247,0.21000041456930998,0.24935987874347493,-0.5228137936750927,-0.27403702343850705
2018-12-14_1,SLP_R,SLP,R,22,22,67,2000,247,0.31918084514208633,0.24859552172000532,0.4423049357214688,-0.29626810066713527
2018-12-14_1,SMP_R,SMP,R,21,21,67,2000,247,0.3189055719725443,0.26080182960361725,0.43987161236643524,0.05874842290089872
2018-12-14_1,SPS_R,SPS,R,12,12,67,2000,247,0.37057654740751245,0.26804858044016533,0.8966258667402213,0.26951783111885325
2018-12-14_1,VES_R,VES,R,6,6,67,2000,247,0.4117352365641934,0.28579406135899743,1.2604550032817357,0.7856394139035124
2018-12-14_1,WED_R,WED,R,1,1,67,2000,247,0.28688212042231304,0.29514184527465476,0.15679494094361762,1.0575166908364817
2018-12-14_1,EB,EB,midline,3,3,67,2000,247,0.1911149872348586,0.24779101160685776,-0.6897546963397645,-0.31966701754423893
2018-12-14_1,FB,FB,midline,13,13,67,2000,247,0.21015381104004388,0.2252610584645298,-0.521457819842127,-0.974943430117667
2018-12-14_1,FLA,FLA,midline,6,6,67,2000,247,0.30402597760469613,0.28286731268881193,0.30834094212730706,0.7005158738327567
2018-12-14_1,NO,NO,midline,1,1,67,2000,247,0.1293158604993036,0.23987692729165572,-1.2360384429776692,-0.5498456045172513
2018-12-14_1,PB,PB,midline,1,1,67,2000,247,0.2324956000985051,0.3090728375514041,-0.32396382796621853,1.4626951031051716
2018-12-14_1,PRW,PRW,midline,7,7,67,2000,247,0.21641286940708704,0.26892336260749894,-0.46612982354527194,0.29496058800220587
2018-12-14_1,SAD,SAD,midline,20,20,67,2000,247,0.367803491869572,0.3078307323932615,0.872112977174914,1.4265688756370156
2018-12-14_1,SOG,SOG,midline,74,66,67,2000,247,0.2752014487366185,0.35486394465462856,0.05354168432377397,2.7945146679667308
2018-12-14_2,AL_L,AL,L,22,22,66,2000,247,0.15208107499181103,0.23962784167736745,0.7023907531614667,0.8965887254159108
2018-12-14_2,AME_L,AME,L,1,1,66,2000,247,0.039586070616692504,0.18908697097034075,-1.410573332191432,-1.7791591963449005
2018-12-14_2,AMMC_L,AMMC,L,4,4,66,2000,247,0.06662959184270646,0.20297108268587621,-0.902621984400873,-1.04410294288835
2018-12-14_2,ATL_L,ATL,L,1,1,66,2000,247,0.06319211041672367,0.19275327673069856,-0.967187294100757,-1.585056683238548
2018-12-14_2,AVLP_L,AVLP,L,34,34,66,2000,247,0.11164325379123798,0.2470209180148506,-0.0571422088696118,1.2879948956837546
2018-12-14_2,CRE_L,CRE,L,10,10,66,2000,247,0.15848519077393697,0.23131326932662413,0.8226775758629618,0.4563964735491809
2018-12-14_2,EPA_L,EPA,L,1,1,66,2000,247,0.06663756156967433,0.20046695415843852,-0.9024722911149647,-1.1766771666676372
2018-12-14_2,GA_L,GA,L,1,1,66,2000,247,0.032254377068289736,0.20047957043783993,-1.5482826041599127,-1.176009232322296
2018-12-14_2,GOR_L,GOR,L,1,1,66,2000,247,0.06146620167816065,0.19892577732907385,-0.9996045840900978,-1.2582705512007828
2018-12-14_2,IB_L,IB,L,3,3,66,2000,247,0.08282293850093811,0.20724060793493299,-0.5984666123416967,-0.8180646267245436
2018-12-14_2,ICL_L,ICL,L,8,8,66,2000,247,0.1261590009189135,0.22534446560035656,0.2155032523507683,0.14039451429250785
2018-12-14_2,IPS_L,IPS,L,8,8,66,2000,247,0.08676266323716879,0.2424813393371361,-0.5244677986159465,1.0476593406638144
2018-12-14_2,IVLP_L,IVLP,L,7,7,66,2000,247,0.08902410375850092,0.2208629753629364,-0.4819917559749508,-0.09686570741359013
2018-12-14_2,LAL_L,LAL,L,5,5,66,2000,247,0.15751094352288236,0.24836935580474123,0.8043785459356605,1.3593842398610398
2018-12-14_2,LB_L,LB,L,1,1,66,2000,247,0.05966610295132081,0.21376953215900363,-1.0334153651201514,-0.472408622395714
2018-12-14_2,LH_L,LH,L,11,11,66,2000,247,0.14818631723231857,0.22761173667407142,0.6292365423352188,0.26042896915435254
2018-12-14_2,LO_L,LO,L,39,22,66,2000,247,0.040846050910127885,0.190685155711695,-1.3869074536658057,-1.694547684108449
2018-12-14_2,LOP_L,LOP,L,22,0,66,2000,247,,,,
2018-12-14_2,MB_L,MB,L,16,16,66,2000,247,0.22004556898033018,0.24686600736426834,1.9789499717207453,1.2797935757310994
2018-12-14_2,ME_L,ME,L,131,15,66,2000,247,0.025575769525681705,0.19522238654931234,-1.6737251334178513,-1.4543364290495653
2018-12-14_2,OTU_L,OTU,L,4,4,66,2000,247,0.10200827573131893,0.22979202531811505,-0.23811346814336956,0.3758583776019467
2018-12-14_2,PLP_L,PLP,L,13,13,66,2000,247,0.13829630165052728,0.22569947657375383,0.4434749803531156,0.15918959757820114
2018-12-14_2,PVLP_L,PVLP,L,11,11,66,2000,247,0.1248786058060722,0.22546543327141533,0.19145392764054667,0.14679881619525942
2018-12-14_2,SCL_L,SCL,L,8,8,66,2000,247,0.14389408619762542,0.2355968003975174,0.5486166955009386,0.6831762895753226
2018-12-14_2,SIP_L,SIP,L,7,7,66,2000,247,0.1510241030587609,0.2194592706604573,0.6825379272856279,-0.17118100685108253
2018-12-14_2,SLP_L,SLP,L,23,23,66,2000,247,0.16953513511709276,0.2213419204110861,1.030225774753478,-0.071509274109285
2018-12-14_2,SMP_L,SMP,L,22,22,66,2000,247,0.17216962890916007,0.22365172753564475,1.079708778880145,0.05077713541920817
2018-12-14_2,SPS_L,SPS,L,15,15,66,2000,247,0.08842474713674096,0.24718476068867726,-0.4932493137939124,1.2966690971340764
2018-12-14_2,VES_L,VES,L,6,6,66,2000,247,0.1617140546313357,0.2502891142414417,0.883324476630464,1.4610205903121576
2018-12-14_2,WED_L,WED,L,1,1,66,2000,247,0.0502602670967748,0.2303649668628725,-1.210082706605904,0.40619119787649033
2018-12-14_2,AL_R,AL,R,23,23,66,2000,247,0.1570001857807638,0.2517150872187497,0.7947851175749328,1.536514822547229
2018-12-14_2,AME_R,AME,R,1,1,66,2000,247,0.02214073494920728,0.18907675409500016,-1.738244484586846,-1.7797001008164108
2018-12-14_2,AMMC_R,AMMC,R,4,4,66,2000,247,0.0925117267127176,0.20853370143321515,-0.4164846511355281,-0.7496053344276686
2018-12-14_2,ATL_R,ATL,R,1,1,66,2000,247,0.09512919098802443,0.20371385537090875,-0.3673215079440706,-1.0047788782152778
2018-12-14_2,AVLP_R,AVLP,R,28,28,66,2000,247,0.13102305824864005,0.23683986316511696,0.3068635621165139,0.7489868419162882
2018-12-14_2,CRE_R,CRE,R,8,8,66,2000,247,0.17271377339511831,0.22375124682898803,1.089929301670994,0.05604591173060205
2018-12-14_2,EPA_R,EPA,R,1,1,66,2000,247,0.057379513452765055,0.19500796097504622,-1.0763637743871324,-1.4656886035706738
2018-12-14_2,GA_R,GA,R,1,1,66,2000,247,0.03584786432009455,0.19207007280404922,-1.4807870780570982,-1.621227043212513
2018-12-14_2,GOR_R,GOR,R,1,1,66,2000,247,0.09212069750070605,0.20316738620788816,-0.4238292499992176,-1.0337101907709088
2018-12-14_2,IB_R,IB,R,4,4,66,2000,247,0.10801909183840042,0.20977338824419273,-0.12521388981566733,-0.6839735128602105
2018-12-14_2,ICL_R,ICL,R,8,8,66,2000,247,0.13704191908551175,0.22435691329934912,0.4199142424884137,0.08811126352762944
2018-12-14_2,IPS_R,IPS,R,11,11,66,2000,247,0.13752471485020057,0.24325193143849289,0.42898246837999465,1.0884562281112655
2018-12-14_2,IVLP_R,IVLP,R,5,5,66,2000,247,0.14961236854958504,0.21650504921803781,0.6560216892312235,-0.32758416679656793
2018-12-14_2,LAL_R,LAL,R,9,9,66,2000,247,0.17089194710052613,0.2416925205202934,1.0557104174493563,1.0058974897046626
2018-12-14_2,LB_R,LB,R,1,1,66,2000,247,0.0375910982704684,0.22372468412440444,-1.4480443731701733,0.05463962211604629
2018-12-14_2,LH_R,LH,R,14,14,66,2000,247,0.14990075668583625,0.2419270253818886,0.6614384077595302,1.0183127070778148
2018-12-14_2,LO_R,LO,R,40,27,66,2000,247,0.024596875878113017,0.18630869686555673,-1.6921114353890543,-1.9262473065804875
2018-12-14_2,LOP_R,LOP,R,24,0,66,2000,247,,,,
2018-12-14_2,MB_R,MB,R,16,16,66,2000,247,0.2214897933369558,0.24624324003780335,2.006076458036228,1.246822865962588
2018-12-14_2,ME_R,ME,R,129,24,66,2000,247,0.02786529945477439,0.18921433620342,-1.6307214948173143,-1.7724161930497662
2018-12-14_2,OTU_R,OTU,R,3,3,66,2000,247,0.11802159753510533,0.23189884126188803,0.06266054441431919,0.4873979752428587
2018-12-14_2,PLP_R,PLP,R,15,15,66,2000,247,0.17834698257683493,0.23516357592042458,1.1957363884155503,0.6602404066350261
2018-12-14_2,PVLP_R,PVLP,R,17,17,66,2000,247,0.1310502782017443,0.22612023555127284,0.3073748273378788,0.18146552879800404
2018-12-14_2,SCL_R,SCL,R,6,6,66,2000,247,0.19458609422072776,0.24267861306759117,1.5007513521659837,1.0581034578089867
2018-12-14_2,SIP_R,SIP,R,6,6,66,2000,247,0.16678353125664022,0.2149381702472465,0.9785431230077394,-0.4105382807857963
2018-12-14_2,SLP_R,SLP,R,22,22,66,2000,247,0.20472881621515587,0.23910069060357736,1.6912594322446548,0.8686801561646156
2018-12-14_2,SMP_R,SMP,R,21,21,66,2000,247,0.18886743575219303,0.22810824720871845,1.3933392939369726,0.2867153590132717
2018-12-14_2,SPS_R,SPS,R,12,12,66,2000,247,0.1455208756793629,0.23212981670703273,0.5791722545538471,0.49962633733235007
2018-12-14_2,VES_R,VES,R,6,6,66,2000,247,0.16301069560471554,0.24779611100274748,0.9076789430671496,1.3290353644630204
2018-12-14_2,WED_R,WED,R,1,1,66,2000,247,0.04790252251921934,0.22197122095590846,-1.2543676030107094,-0.03819268099532323
2018-12-14_2,EB,EB,midline,3,3,66,2000,247,0.12686523094471458,0.21842074631236713,0.2287681852142724,-0.22616283298954595
2018-12-14_2,FB,FB,midline,13,13,66,2000,247,0.15047053377754271,0.20509443531367155,0.6721403810437668,-0.9316878558210268
2018-12-14_2,FLA,FLA,midline,6,6,66,2000,247,0.1396385321720587,0.23186661699742314,0.4686857432844488,0.48569194985259534
2018-12-14_2,NO,NO,midline,1,1,66,2000,247,0.048190299667768687,0.203901409157883,-1.2489623605037403,-0.9948493568458542
2018-12-14_2,PB,PB,midline,1,1,66,2000,247,0.06353606356027398,0.23725536296432195,-0.9607269126517938,0.7709843403499712
2018-12-14_2,PRW,PRW,midline,7,7,66,2000,247,0.09731105452838153,0.2298364184435897,-0.326340138811068,0.3782086499966955
2018-12-14_2,SAD,SAD,midline,20,20,66,2000,247,0.16914828214820743,0.24276298369235333,1.0229596171662383,1.062570229368457
2018-12-14_2,SOG,SOG,midline,74,71,66,2000,247,0.1240852166586718,0.25185122222186546,0.17655190791551262,1.543722117288498
2018-12-14_3,AL_L,AL,L,22,22,67,2000,247,0.18478920228114964,0.2628601423059338,0.14495007985869937,1.0203822736707504
2018-12-14_3,AME_L,AME,L,1,1,67,2000,247,0.06642234762341243,0.203208179838165,-1.7081880780774077,-1.315474425806856
2018-12-14_3,AMMC_L,AMMC,L,4,4,67,2000,247,0.15008971198805302,0.20201061026085382,-0.3983012357989281,-1.3623689587698637
2018-12-14_3,ATL_L,ATL,L,1,1,67,2000,247,0.16288008927147948,0.2388967051177529,-0.19805652821712183,0.08201993012224267
2018-12-14_3,AVLP_L,AVLP,L,34,34,67,2000,247,0.11201175097589369,0.29645926573653203,-0.9944455088901903,2.3360596514995815
2018-12-14_3,CRE_L,CRE,L,10,10,67,2000,247,0.21548770484693403,0.2341049319075493,0.6255623818468719,-0.10561673919067657
2018-12-14_3,EPA_L,EPA,L,1,1,67,2000,247,0.17090712968824498,0.19948969046731474,-0.07238608665123071,-1.4610833538204147
2018-12-14_3,GA_L,GA,L,1,1,67,2000,247,0.08425547553287945,0.2223684295648575,-1.4289946341023505,-0.5651957118091222
2018-12-14_3,GOR_L,GOR,L,1,1,67,2000,247,0.13557717941554004,0.20547227455411818,-0.6255078128105317,-1.2268168093308076
2018-12-14_3,IB_L,IB,L,3,3,67,2000,247,0.1784417446117257,0.2539779075616407,0.04557499679928991,0.6725709582425242
2018-12-14_3,ICL_L,ICL,L,8,8,67,2000,247,0.2403481314187567,0.22986627038826707,1.0147744229712736,-0.27159461312873856
2018-12-14_3,IPS_L,IPS,L,8,8,67,2000,247,0.20123990971464573,0.25461932687061933,0.4025005044112878,0.6976877109539145
2018-12-14_3,IVLP_L,IVLP,L,7,7,67,2000,247,0.14791799333253242,0.21837306096200135,-0.432301418708949,-0.7216467007083832
2018-12-14_3,LAL_L,LAL,L,5,5,67,2000,247,0.28518509126684677,0.2422495267109412,1.7167368213183485,0.2133100077091061
2018-12-14_3,LB_L,LB,L,1,1,67,2000,247,0.10046924117866213,0.20964862982984298,-1.1751537435176194,-1.0632787286604284
2018-12-14_3,LH_L,LH,L,11,11,67,2000,247,0.19518038403697732,0.26759296244970093,0.3076332522168243,1.2057104537153613
2018-12-14_3,LO_L,LO,L,39,20,67,2000,247,0.09151236112384521,0.20259471138473018,-1.3153816498317044,-1.3394966765022656
2018-12-14_3,LOP_L,LOP,L,22,0,67,2000,247,,,,
2018-12-14_3,MB_L,MB,L,16,16,67,2000,247,0.2993382209495505,0.25814075471565606,1.9383166271269503,0.8355800867160778
2018-12-14_3,ME_L,ME,L,131,17,67,2000,247,0.06097319288078007,0.22216985750038087,-1.793499431591611,-0.5729714138639783
2018-12-14_3,OTU_L,OTU,L,4,4,67,2000,247,0.22201807789105427,0.24276746875857952,0.7278011674309708,0.23359162715407986
2018-12-14_3,PLP_L,PLP,L,13,13,67,2000,247,0.27388495098195903,0.26258576255437566,1.5398230965048656,1.0096380876563442
2018-12-14_3,PVLP_L,PVLP,L,11,11,67,2000,247,0.23461713917200683,0.2472078321243758,0.9250506532048365,0.40746775942239244
2018-12-14_3,SCL_L,SCL,L,8,8,67,2000,247,0.28475216479327464,0.24793604374406203,1.709958973160796,0.43598313293421265
2018-12-14_3,SIP_L,SIP,L,7,7,67,2000,247,0.19774832135152717,0.2481153531608435,0.3478365898702612,0.4430045465665756
2018-12-14_3,SLP_L,SLP,L,23,23,67,2000,247,0.18383710518154253,0.2733798321467815,0.13004415479678927,1.4323131972249872
2018-12-14_3,SMP_L,SMP,L,22,22,67,2000,247,0.20626959976302273,0.2713692849165685,0.48124476587020854,1.3535840150988028
2018-12-14_3,SPS_L,SPS,L,15,15,67,2000,247,0.23038447070779508,0.2403807810159156,0.8587844719870956,0.14013350234762625
2018-12-14_3,VES_L,VES,L,6,6,67,2000,247,0.25865888069390164,0.25601998045010993,1.3014454533056425,0.7525346248181177
2018-12-14_3,WED_L,WED,L,1,1,67,2000,247,0.15758354819255854,0.24254424379729794,-0.2809785793842801,0.2248505648364414
2018-12-14_3,AL_R,AL,R,23,23,67,2000,247,0.17369792578836935,0.2640582862733819,-0.028693696926809825,1.0672992986523597
2018-12-14_3,AME_R,AME,R,1,1,67,2000,247,0.061422761806973744,0.17949228663215291,-1.7864610310684168,-2.2441434207169713
2018-12-14_3,AMMC_R,AMMC,R,4,4,67,2000,247,0.1490010065223018,0.21504944770182105,-0.4153458860700781,-0.8517930358680945
2018-12-14_3,ATL_R,ATL,R,1,1,67,2000,247,0.16916939516808202,0.24821296397769094,-0.09959186276979275,0.446826799365011
2018-12-14_3,AVLP_R,AVLP,R,28,28,67,2000,247,0.0688084150451172,0.2824028047478202,-1.6708320750024346,1.7856355378056024
2018-12-14_3,CRE_R,CRE,R,8,8,67,2000,247,0.209623701320921,0.25357905920343765,0.5337562024586603,0.6569528197766258
2018-12-14_3,EPA_R,EPA,R,1,1,67,2000,247,0.1375474019828287,0.207471869196445,-0.5946622299856206,-1.148516509587235
2018-12-14_3,GA_R,GA,R,1,1,67,2000,247,0.08046153655047353,0.19981181318802088,-1.488392115918584,-1.4484696444957306
2018-12-14_3,GOR_R,GOR,R,1,1,67,2000,247,0.12332816318918194,0.22017069814624232,-0.817277032596579,-0.6512546685550713
2018-12-14_3,IB_R,IB,R,4,4,67,2000,247,0.213753596659855,0.25487880402326707,0.5984133791910384,0.7078483397127936
2018-12-14_3,ICL_R,ICL,R,8,8,67,2000,247,0.2188723016178484,0.2413636847001489,0.6785512480589959,0.17862212972511024
2018-12-14_3,IPS_R,IPS,R,11,11,67,2000,247,0.2250721721896784,0.254388808220001,0.7756157241249088,0.6886610417191453
2018-12-14_3,IVLP_R,IVLP,R,5,5,67,2000,247,0.18891573963395275,0.22931085592555792,0.20955468433805163,-0.2933435806401917
2018-12-14_3,LAL_R,LAL,R,9,9,67,2000,247,0.24674779983450218,0.25403638148277796,1.1149669116003635,0.6748606850978149
2018-12-14_3,LB_R,LB,R,1,1,67,2000,247,0.10905536291986158,0.22509897195809758,-1.0407303876439702,-0.45827289689077466
2018-12-14_3,LH_R,LH,R,14,14,67,2000,247,0.18273783831072332,0.23624603180105133,0.11283415635625926,-0.021775364597345904
2018-12-14_3,LO_R,LO,R,40,30,67,2000,247,0.09163173185141225,0.20031772776168796,-1.3135127951524554,-1.4286589979155426
2018-12-14_3,LOP_R,LOP,R,24,1,67,2000,247,0.021164009034844652,0.1923338805440049,-2.416747534572054,-1.7412911769676085
2018-12-14_3,MB_R,MB,R,16,16,67,2000,247,0.2580594541978806,0.2688220003383048,1.2920608995311382,1.2538372255304258
2018-12-14_3,ME_R,ME,R,129,22,67,2000,247,0.04709519145976306,0.19483744789140378,-2.010771860292554,-1.6432562705020448
2018-12-14_3,OTU_R,OTU,R,3,3,67,2000,247,0.1972626669609655,0.2495054285428428,0.3402332393772421,0.4974372384595945
2018-12-14_3,PLP_R,PLP,R,15,15,67,2000,247,0.22813654959841603,0.229387828933014,0.8235912720337327,-0.290329464964746
2018-12-14_3,PVLP_R,PVLP,R,17,17,67,2000,247,0.18587414591216309,0.21256185200358027,0.16193583526847477,-0.94920252311618
2018-12-14_3,SCL_R,SCL,R,6,6,67,2000,247,0.20808350299195996,0.25708836283127845,0.5096430307228716,0.7943704343944539
2018-12-14_3,SIP_R,SIP,R,6,6,67,2000,247,0.2040964320969855,0.27127726004210245,0.4472218974145813,1.349980497114693
2018-12-14_3,SLP_R,SLP,R,22,22,67,2000,247,0.20379365023192322,0.26504365520533624,0.4424815786040461,1.105884460413069
2018-12-14_3,SMP_R,SMP,R,21,21,67,2000,247,0.22425359649587248,0.2730125036538876,0.7628001951684534,1.417929316367774
2018-12-14_3,SPS_R,SPS,R,12,12,67,2000,247,0.23896066552436313,0.23417354482590583,0.9930524130456885,-0.10292998860639535
2018-12-14_3,VES_R,VES,R,6,6,67,2000,247,0.22130410330013492,0.2377272796003024,0.7166232615716384,0.036227464686545315
2018-12-14_3,WED_R,WED,R,1,1,67,2000,247,0.09275595020369001,0.2030329438162495,-1.2959121591257399,-1.3223363330911684
2018-12-14_3,EB,EB,midline,3,3,67,2000,247,0.15872248212288742,0.2125756135281984,-0.2631475579233865,-0.9486636481463641
2018-12-14_3,FB,FB,midline,13,13,67,2000,247,0.23652696095410716,0.24945908457760324,0.9549506081331085,0.4956224974652194
2018-12-14_3,FLA,FLA,midline,6,6,67,2000,247,0.2084956319465578,0.2121936016329916,0.5160952752634901,-0.9636225029398011
2018-12-14_3,NO,NO,midline,1,1,67,2000,247,0.11626993540698567,0.21733257237494003,-0.9277798525660177,-0.7623902426854036
2018-12-14_3,PB,PB,midline,1,1,67,2000,247,0.19107052725716914,0.26476783658939157,0.2432897969113899,1.0950839312227159
2018-12-14_3,PRW,PRW,midline,7,7,67,2000,247,0.10885479692511613,0.21262160630895424,-1.0438704262901093,-0.9468626588643402
2018-12-14_3,SAD,SAD,midline,20,20,67,2000,247,0.21086737258934563,0.22888743384274757,0.5532269798997824,-0.30992397913711833
2018-12-14_3,SOG,SOG,midline,74,71,67,2000,247,0.21628126113048995,0.2568000126141307,0.6379862097316262,0.7830791916816211
