roi,label,atlas_region,base_region,side,n_recordings,FCS_z,FCV_z,Metastability_z,NetTE_z,NeighborNetTE_z,FCS,FCV,Metastability,NetTE,NeighborNetTE
1,FB_1,FB,FB,midline,20,0.5161387599436139,0.4614039611109072,0.07446419035568644,0.18924483295051447,0.1624419096632302,0.0603713023401319,0.27597996119347423,0.018720925,0.0006152910708267136,0.00010027715468846306
2,FB_2,FB,FB,midline,20,0.5781518282259145,0.09161664005932735,-0.029782469100443253,-0.06411137622721211,0.09551554093920253,0.06100480544219199,0.27365741837083524,0.018661186,0.00019063736179404179,0.0001369604634083488
3,FB_3,FB,FB,midline,20,1.1980595311754947,0.4500756078297403,-0.6069215444941306,0.43201020364267456,0.06830897439974458,0.07205140606484416,0.2758163889489542,0.018332135,0.00013173238110890305,0.0001612774036272607
4,FB_4,FB,FB,midline,20,0.5526293515580212,0.1732305530137792,-0.287543771779014,0.3870388095085652,0.14122543599877813,0.05970219695151939,0.27431987740311004,0.01858004,-2.3002440485985087e-05,0.0002720160779816749
5,FB_5,FB,FB,midline,20,0.5288325625814114,-0.07714195935172471,-0.0338998385546704,-0.19855973532560905,0.21991841220353625,0.06123042935542093,0.2735451927860314,0.018587569,-4.235442278642697e-05,0.00023065065434200714
6,FB_6,FB,FB,midline,20,1.2977463085183856,0.4008258400108583,-0.15097604194573844,0.30472546416871876,0.04118681783447868,0.07469847236897273,0.27522798803709897,0.01864639,0.0006246775702154539,0.00017900095390332283
7,FB_7,FB,FB,midline,20,0.029222886269037306,-0.17023968967246392,0.2986098615944846,0.004187342231887789,0.41187441900939437,0.050876791477906955,0.2729775529455682,0.018939568,0.00010118310653075654,0.0004927447330267596
8,FB_8,FB,FB,midline,20,0.8754729779159914,0.5318518741225747,-0.339349620550513,0.5156203044112551,-0.059518904108878765,0.0676443811586334,0.27632298050004384,0.01853471,0.0012308859366502332,0.00020272776589390175
9,FB_9,FB,FB,midline,20,1.1483314672906604,0.34137623534616673,-0.08450009322685474,0.05751663663681885,-0.042302946646563276,0.0733241188069281,0.2752553521866306,0.018585268,0.00011588337366453432,0.00015974466106213734
10,FB_10,FB,FB,midline,20,0.5602345461537268,0.4144185263145007,-0.1348852892183909,0.15638134749980342,0.08583581160834813,0.0606057914389244,0.27543531443817504,0.018658765,0.0005021500647395727,0.00013736944856641367
11,FB_11,FB,FB,midline,20,0.25491004156723546,0.1456456665996489,0.10127121264362282,-0.1046823211098161,0.06963372326086995,0.055961249905257845,0.2744045472686779,0.018916257,0.0003307449365631518,0.000265774797091889
12,FB_12,FB,FB,midline,20,0.939240692499425,0.6872887186746899,-0.03934541606341543,0.22330875060241429,0.10690596273594902,0.06762084707877351,0.276895943707592,0.018788612,0.0004513728564833323,0.00023645421452060704
13,FB_13,FB,FB,midline,20,1.3798964696993132,0.6266153859009821,-0.590220200484114,0.6792778379964687,-0.10503613745950087,0.07680030467044507,0.27699493511337386,0.01809891,0.0012493373828214118,4.572250156157899e-05
14,EB_14,EB,EB,midline,20,0.9937203223793485,0.31571229786493726,-0.32983526273569225,0.09440925985551027,-0.0044557630230872,0.06826972390846793,0.2756704382162488,0.018609397,0.00035895019407519816,0.00018948243117585675
15,EB_15,EB,EB,midline,20,1.1509718362096883,1.0041615272264315,0.007666895950532782,0.5843318387006331,-0.1435942757771033,0.07141932838270904,0.278464486382409,0.018947152,0.0012969782442676537,0.00020862581389082574
16,EB_16,EB,EB,midline,20,1.4627502894987483,0.546192517571887,-0.675423632654303,0.0064829283188418945,-0.174821619638585,0.07724899896315832,0.2765960714899025,0.018132476,0.001073411771994782,0.00015147652036942227
17,SAD_17,SAD,SAD,midline,20,0.2566023444830766,-0.040453702791770046,0.11503086058014696,-0.11261922825568808,0.23208675028437079,0.05789840993427191,0.27473550662470003,0.018724032,0.00015955762102545806,0.0003191726610820491
18,SAD_18,SAD,SAD,midline,20,0.32271381571130797,-0.027396160692187033,-0.13630613792470475,-0.14115052372671946,0.31989495602070517,0.05790958744848507,0.27436732310630196,0.018680029,1.6782614748064177e-05,0.0003427108568667522
19,SAD_19,SAD,SAD,midline,20,-0.3521370084667356,-0.45429877091368026,0.1322582095496565,0.07061845634821014,0.4919000896099641,0.045297837976943596,0.27227982959100117,0.019003212,0.00017542633590490798,0.00032315837852323927
20,SAD_20,SAD,SAD,midline,20,-0.3629109732906877,-0.4359084062581561,0.2945640618349268,-0.0034350497881598476,0.24659425367975946,0.04477711286164418,0.2720126652003628,0.019016009,-0.00017860068027388746,0.00042294693919412644
21,SAD_21,SAD,SAD,midline,20,0.2580236384262252,0.12028017272943223,0.08301996178968248,-0.1644097107183056,0.030618135101753468,0.0597601528679008,0.2759464298981731,0.018601242,0.0003418380433790196,0.00034158506800191014
22,SAD_22,SAD,SAD,midline,20,0.572813489560573,0.2286192370454764,-0.04563981300984034,0.38270994041047113,0.19056993596723976,0.06313817193088558,0.2763478385299719,0.018575082,0.0004991745844021472,0.00016755553279647708
23,SAD_23,SAD,SAD,midline,20,-0.29313823451754967,-0.2560380741229774,0.3103331346502444,0.04348855698445462,0.7170858413542192,0.04541866159697401,0.2727620833407676,0.019051323,0.0004897244237990889,0.0004998083391921732
24,SAD_24,SAD,SAD,midline,20,0.16867623653225428,0.019491776626580755,0.1022505166364223,-0.10254907431509368,0.3629531912799197,0.05462407127913822,0.27462718282346005,0.018748978,-1.8551883156412546e-05,0.0002819738921513078
25,SAD_25,SAD,SAD,midline,20,-0.17601525511156196,-0.28108671572035276,0.17308975965826212,-0.1591741372526053,0.5677162668219627,0.047875546682105544,0.2730298832007589,0.01891184,-0.0001974869216808146,0.0003475375918293675
26,SAD_26,SAD,SAD,midline,20,0.2694816424031089,0.07539322344019747,0.09778483916922512,0.10948207380970505,-0.0725319950173645,0.05842726657033244,0.2750238931296806,0.0187207,7.327246815548432e-05,0.0002288131908970416
27,SAD_27,SAD,SAD,midline,20,0.05522633620689086,0.10622318469052701,0.03869607503713335,-0.28434968360171803,0.32666297524542237,0.05284191122710041,0.27504144492483595,0.018621568,-0.00020156033149188168,0.0002138938901637269
28,SAD_28,SAD,SAD,midline,20,-0.4557968276943031,-0.5189367788869418,0.40102263395525994,-0.006403571170039646,0.5157044293936722,0.041433394194515985,0.27131102235545645,0.019091967,-8.589184747092283e-05,0.0005543840894170971
29,SAD_29,SAD,SAD,midline,20,-0.21678593654543277,-0.3508117169626927,0.23063907570232187,-0.1072631147601804,0.3107100095692099,0.04644822788326514,0.27243336890937403,0.018882688,0.00020843884767524778,0.00035188127450358817
30,SAD_30,SAD,SAD,midline,20,0.09668942884883994,-0.28193837342111727,0.03448536601018563,0.05434004289341822,0.3270600268207797,0.05608062752508963,0.2732816070265387,0.018719126,0.00026630173816272244,0.0003980383831853668
31,SAD_31,SAD,SAD,midline,20,-0.456542903984151,-0.4517778568081301,0.15185580805754267,0.015790798140677572,0.5305473149761057,0.043332586911120775,0.2718934566498151,0.018874582,-1.366261937870724e-05,0.0006359105625901063
32,SAD_32,SAD,SAD,midline,20,-0.48705809974170816,-0.6143572842172406,0.2004709739458313,-0.26097832203980564,1.1203316717959584,0.0406567081488015,0.27082039220692444,0.018884625,-0.00022582345885313474,0.0010893934870178934
33,SAD_33,SAD,SAD,midline,20,-0.19593028852641683,-0.6140014588402695,0.08896388782597217,0.0029809388342677046,0.5526655184975716,0.048928877794948054,0.2710798558578188,0.018802147,0.00017409795307766015,0.0005494437255911935
34,SAD_34,SAD,SAD,midline,20,-0.4854348109654141,-0.5127664762955737,0.256144769595994,0.0837125421073153,0.31772270464272023,0.041485450877413864,0.2715889983799878,0.018964402,4.436625173911493e-05,0.0005315398339659046
35,SAD_35,SAD,SAD,midline,20,-0.5527665394727838,-0.7314980709767428,0.3340053548941488,0.11071167244342632,0.18538168790885326,0.04129730703379873,0.2702945299538893,0.018915065,7.146240591115702e-05,0.0003236040741967842
36,SAD_36,SAD,SAD,midline,20,1.1681291912904577,0.8045541906818674,-0.535813045105703,0.8581659988893499,0.025749690750450784,0.07568914684537145,0.27844825097086817,0.018028248,0.0013460968729270546,0.00018856361066095693
37,NO_37,NO,NO,midline,20,0.41445886909143753,0.19080381900770965,0.16855943032280987,0.09647997744921324,-0.10057579250405135,0.05781642125264994,0.2747264034223661,0.019109787,3.586915673753721e-05,0.0002028409742223852
38,SOG_38,SOG,SOG,midline,20,-0.10458061429165891,0.3514293979085685,0.10538896416137548,0.1315382702733918,0.21609195533666542,0.04906454165980931,0.27602943097244825,0.018879805,0.0003601775682864394,0.00019197009774016177
39,SOG_39,SOG,SOG,midline,20,-0.01219422543758325,-0.029599437977020047,-0.03247998221745248,-0.1055154475134588,0.34652540710491886,0.049328768806419794,0.2735814911684749,0.018817548,0.00026179955846038097,0.00040028427431536214
40,SOG_40,SOG,SOG,midline,20,0.35906634726763037,0.6433611997119301,-0.3406020478489497,0.46653169650754817,0.12866882762529203,0.05710752186139985,0.2776773120551308,0.018521676,0.0011514373542807893,0.00027325074519509286
41,SOG_41,SOG,SOG,midline,20,0.7134596521969534,0.8972985811135162,-0.19955353508383894,0.3978133625583665,-0.09311888889040143,0.06680741780673394,0.27898367805410496,0.018441537,0.0012688925997337275,0.00016616192611594422
42,SOG_42,SOG,SOG,midline,20,0.29424774683612737,0.06730910669236741,0.09783641025808024,0.10944030721956013,0.2495117132503458,0.056224236968936504,0.2747545434374607,0.018722555,0.000294444323283723,0.00025026316806390624
43,SOG_43,SOG,SOG,midline,19,0.12097174184252578,0.3319781115039038,-0.09663155512531958,0.008867167815694103,0.18963056546561965,0.05337065714151102,0.2761443900436104,0.019001897,0.000734825530551132,0.0003958719986422666
44,SOG_44,SOG,SOG,midline,20,0.06999042911909945,0.24285587603059583,0.26103647705194877,0.05251472993148866,0.17852518477510657,0.05054386043896012,0.2743526620475616,0.019013572,-5.262882987899279e-05,0.0004014324965538849
45,SOG_45,SOG,SOG,midline,20,-0.04101240118958258,-0.030814041887943188,-0.05338480087506474,-0.15897801732348613,0.46988872619042016,0.049300635250433884,0.2734470318107979,0.018890327,-0.0005326399828488913,0.0003813030104356387
46,SOG_46,SOG,SOG,midline,20,-0.10605900483811811,-0.15700022231340086,0.2172051235213049,-0.29446007467255214,0.33339816466586764,0.048188451197729264,0.27318637966452985,0.01893282,-0.0002093341290073179,0.00048394558270674945
47,SOG_47,SOG,SOG,midline,20,-0.04412415201759426,0.22812844749767666,0.29777120218706254,0.03168457532233735,0.4600745756270486,0.04911091544422936,0.27550806612356904,0.01899182,0.0005026097904331409,0.0006134853843563625
48,SOG_48,SOG,SOG,midline,20,0.22892631000351468,0.7187390642517181,0.24056013683859145,0.8272531552886283,-0.05622560379529272,0.05684004985245237,0.27879687104129824,0.018845119,0.0018880528985190334,0.00025063640393789875
49,SOG_49,SOG,SOG,midline,20,0.23669344873402548,0.747803229551909,0.35763843246599314,0.31209262199625537,-0.08445224362945815,0.05727395118043569,0.2781604535422214,0.018909693,0.0005778800019263846,0.00017831234792826714
50,SOG_50,SOG,SOG,midline,19,0.010623112445791907,0.8154052093948504,0.22850716171350013,0.874710973352143,0.18259438840625616,0.051075539577169364,0.27817827946002127,0.019109135,0.0011792446090448155,0.00034103740146899887
51,SOG_51,SOG,SOG,midline,19,0.24401401161001887,0.29132330469510487,0.2974055500033912,0.3038114724923614,0.11914800721569321,0.056754336169974565,0.2766618134796044,0.019014772,0.0007272703730891285,0.00019739755334847515
52,SOG_52,SOG,SOG,midline,18,-0.5727347557308051,-0.18483842437609976,0.6108763821912427,0.18265684017541975,0.26760321090761446,0.03943268220102328,0.2734514864220982,0.01962345,0.0008732957367799594,0.00032778635330406157
53,SOG_53,SOG,SOG,midline,20,0.2365346963489759,0.061131064515189695,0.0676744614670535,0.21817551216741995,0.3125182742578033,0.056011705492562805,0.2746387920797998,0.018765505,0.0005152256441596341,0.00034385273413375185
54,SOG_54,SOG,SOG,midline,19,0.5247687824087476,0.9814045902611431,-0.1716267385568214,0.7214647828151631,-0.04968924392793852,0.06402815286332703,0.280458493470665,0.018733978,0.001687993300281669,0.00021305418056808336
55,SOG_55,SOG,SOG,midline,19,-0.020799156245450135,0.4616321881733422,0.2860028031686058,0.5617470692604075,0.033281628090349874,0.05115542949183779,0.27744139607993157,0.019188019,0.0018378699554703166,0.00027605369113740003
56,SOG_56,SOG,SOG,midline,18,0.05035315847588057,0.37443259239249993,0.3442371277912617,0.4875392853841594,0.0654060663344511,0.051628712644250487,0.27600251950673,0.018328153,0.0012494960701301733,5.485818019719514e-05
57,SOG_57,SOG,SOG,midline,19,0.30490363203402304,0.8401709589412854,0.11285512780977791,0.5919936554587812,-0.04775598266822636,0.05857057781506861,0.27916603402033924,0.019029783,0.0011924794662451928,0.00022123002438762942
58,SOG_58,SOG,SOG,midline,19,1.1115298724710732,1.3551943896057217,-0.28180414655799446,1.9681441471583034,-0.029007911212388104,0.0756224789877857,0.28198603472681416,0.018513883,0.0029636273304207137,0.0001441124313479675
59,SOG_59,SOG,SOG,midline,20,-0.599895952841755,-0.13827988757643103,0.4219815167572419,-0.26691209459786625,0.5412971384435775,0.03723031665604762,0.27295900957819696,0.019227605,-0.0006042700379810862,0.0007581614184131249
60,SOG_60,SOG,SOG,midline,19,0.1594922927417893,0.1369564073931641,0.1089360483056137,0.23410454489495558,0.4397820329470411,0.05584552502523087,0.27544674384436735,0.019065926,0.00013980960206569763,0.00025340712510775584
62,SOG_62,SOG,SOG,midline,19,0.647943038896753,1.2114664425704798,0.06956697360628927,1.2658991445178225,-0.010144761115656533,0.06658796676954758,0.281108184911398,0.019027367,0.002484504910225945,0.0003274439382797642
63,SOG_63,SOG,SOG,midline,20,-0.15316564257575052,-0.08488949176386275,0.3907649537446407,-0.13133942402409252,0.7697477455068038,0.0467238413408111,0.2734126251962861,0.019122379,-0.00013747492796615978,0.0006139296477066683
64,SOG_64,SOG,SOG,midline,19,0.2826329002304046,0.6694059127374788,-0.16545524047074958,1.1761135695704341,0.02535996727505747,0.06025310262560799,0.2788736035124201,0.01875942,0.0021147111740982107,0.00017235861371697563
65,SOG_65,SOG,SOG,midline,18,0.08110165087662234,0.2939501237863924,0.11341647354398687,0.563930015748156,0.11394060389658196,0.05241155639751453,0.27521664445027044,0.018080711,0.0004388253618242154,0.00016519616530564064
66,SOG_66,SOG,SOG,midline,19,0.7727162102419652,0.9265093457115607,-0.31497092974345164,1.4163148264383183,0.0454863754695776,0.06913533076250107,0.28010975983024755,0.018664535,0.002383960160702895,0.0002833055510771931
67,SOG_67,SOG,SOG,midline,19,-0.6067842650872977,-0.2934128594265695,0.6821107608886123,-0.01845840954072922,0.5593053002342278,0.038396557193439505,0.2726494881997099,0.019388532,-0.0004040677138298003,0.0005455258982709753
68,SOG_68,SOG,SOG,midline,20,-0.19995464914076946,-0.11290316389650057,0.07118827687779156,-0.05347118904089937,0.5164711957917166,0.047722104999350576,0.2742264094096454,0.01889411,-0.00029342607075344727,0.0003312392226333326
69,SOG_69,SOG,SOG,midline,20,1.0096277453539941,0.7797208927780515,-0.6137902594807778,0.8459939401963247,0.11455969986720424,0.07323657145782915,0.27871842531730573,0.017900553,0.0016411672333003669,9.025792775851078e-05
71,SOG_71,SOG,SOG,midline,19,-0.2772897981874556,0.19416146356284034,0.49366688772469003,0.1917908694099635,0.6158788142370736,0.04592917902319347,0.2757793797309614,0.019350762,0.0006418332828811912,0.0005696820638830233
72,SOG_72,SOG,SOG,midline,17,-1.494819110107635,-1.1689421418022796,0.05154117195798612,0.06405708211040319,-0.8287065506521797,0.020684816567788894,0.2674270075869166,0.018086324,0.0003307831347856069,-0.0007897759293393607
73,SOG_73,SOG,SOG,midline,19,-0.23551384575757864,0.10955474749150436,0.5093997360961046,0.00033948356738088795,0.49936649009726275,0.04567830133966159,0.27397271632616294,0.019301794,-0.00014615749324682533,0.0005499332352324671
74,SOG_74,SOG,SOG,midline,18,-0.5258419050780643,-0.013539949984591721,0.13504704821790636,0.2733025554203579,0.290495009328599,0.040120363276707996,0.27380938473522654,0.018107474,0.0005655111838535926,0.00017849301229267832
75,SOG_75,SOG,SOG,midline,20,0.4383057904227745,0.290683236896552,-0.16581211431253143,0.29044635504772054,0.33369784106533185,0.06148212569637248,0.27590134635057967,0.018475432,0.0008286467390127636,0.00029169176023622056
76,SOG_76,SOG,SOG,midline,20,-0.06505718555582277,-0.07074242562781947,0.1875889560672458,0.05776631721269907,0.22166912005437908,0.05140572895396546,0.27364333965846804,0.018763676,0.00014430818581967104,0.00026066183525781113
77,SOG_77,SOG,SOG,midline,20,0.9976891585824086,1.3501780661463534,-0.5023479748044235,2.396638534378444,0.025743415461190727,0.07290069165372993,0.2821288303911535,0.018097576,0.004179696030707733,0.0002813613289711084
78,SOG_78,SOG,SOG,midline,20,-0.17945075015295572,-0.28104673954173576,0.10628957321018621,-0.009470969885887881,0.5230672860428216,0.049559330353444356,0.2734062630542283,0.018774051,0.0004952284085101444,0.00037100927763186894
79,SOG_79,SOG,SOG,midline,20,0.3809115733638254,0.3407402854586841,-0.07781425451284105,0.4053525062376287,0.29879751709922997,0.06137360706029018,0.27675667410048843,0.018470142,0.0009661030551724491,0.00023872010104335222
80,SOG_80,SOG,SOG,midline,20,-0.4128873645356612,-0.2215869674633685,0.34331496244542414,0.1337068467421285,0.4687374054830399,0.042239094138530664,0.2726382298917596,0.019124921,0.00028155366746543186,0.000556633863981544
82,SOG_82,SOG,SOG,midline,19,0.4098572643217471,0.8541746118269967,0.09446388963457693,0.9764474029740775,0.10856350602498333,0.060549455595714965,0.2792774516559474,0.01897198,0.0017857568825662064,0.0003812155261514243
83,SOG_83,SOG,SOG,midline,20,0.5293585769063043,0.6628326113373153,0.017965939758418297,0.5007008748054466,0.2114739457406,0.06268999003513781,0.2781623015754423,0.01871037,0.0008714075253615728,0.00019454895370046274
84,SOG_84,SOG,SOG,midline,20,-0.059213591487033944,0.2717103802084955,0.29205286629695615,0.3838560205245449,0.16500223732100966,0.049880528502704,0.27622504014109855,0.01892604,0.0011396417489365686,0.0004253918676242518
85,SOG_85,SOG,SOG,midline,20,-0.11411066577217695,-0.06685747848279236,0.06697651018656116,0.26148627210986947,0.28435116107996117,0.0493987777958902,0.2747290817815728,0.018812591,0.0008252867064993622,0.0004358570271112898
86,SOG_86,SOG,SOG,midline,20,0.4369037352531275,0.915646246254399,-0.04300443415426679,1.6057444751513308,-0.06584769903626327,0.06102541931367619,0.27955250190774805,0.018608134,0.0027504745128252243,0.0002645776677085864
87,SOG_87,SOG,SOG,midline,20,0.28049191178570354,0.45383884873552527,0.08611662012736862,0.25591623397614954,-0.12055693015722294,0.057345145552998,0.2770172382210605,0.018870432,0.0004899649378067178,3.284356687076063e-05
88,SOG_88,SOG,SOG,midline,20,-0.3362022941049486,-0.31292395373141685,0.08085060243782807,-0.2124952592739106,0.5491568134042376,0.044238043681782115,0.272576446674311,0.018989356,0.00012285000951991573,0.00042610911357979806
89,SOG_89,SOG,SOG,midline,20,-0.2156224112871184,-0.23957709534186064,0.2649948838329746,-0.2055694506951855,0.35960720050813183,0.04744043078483752,0.2734312563671037,0.018858736,1.5619550114366733e-05,0.00025933539280409055
90,SOG_90,SOG,SOG,midline,18,0.4014604122570672,1.1793751997837598,-0.05713470402932372,1.0220368239517867,0.06003523617708896,0.05881341441142707,0.27931937480343383,0.018061824,0.0016782110367090466,0.0001530481960697336
91,SOG_91,SOG,SOG,midline,19,-0.35951920305096646,-0.2969728483418896,0.3170682323041712,0.07720861988650607,-0.0261405615937327,0.04561733460556993,0.2732991250098403,0.019333655,-4.196362126061592e-05,0.00021813464505416748
92,SOG_92,SOG,SOG,midline,20,-0.08609929043441625,-0.3495014919130262,0.13248159825060607,-0.2802877025757712,0.42415220640035206,0.04887163852678704,0.27203787973651167,0.018850783,-0.00015617958456631384,0.0004500918441707081
93,SOG_93,SOG,SOG,midline,20,-0.3531341878340625,-0.3170440988895195,0.23203118299512568,-0.19991372258155318,0.14525277448907264,0.042687453460260885,0.27176258996174407,0.019030225,5.160583319975089e-05,0.00032380285101411095
94,SOG_94,SOG,SOG,midline,20,-0.30931229513041403,-0.4088630241075131,0.4242424363870282,-0.3854688660336037,0.22497471160852697,0.04676577308115125,0.27212121927240834,0.018985968,-0.0006097370940400059,0.00037673576716243135
95,SOG_95,SOG,SOG,midline,19,0.5395139204112853,1.307976361165594,0.1696558853646451,1.2762566415837695,-0.16967836714937998,0.06285422853161358,0.281356212490517,0.019111473,0.002441070937398651,7.725988719943629e-05
96,SOG_96,SOG,SOG,midline,20,-0.20517829265899498,-0.08768561159427862,0.13166627190771335,0.033678305251622576,0.11142402281464343,0.04702810696605591,0.27289769802687175,0.018855602,-0.0002745194220924851,0.0003060213323706422
97,SOG_97,SOG,SOG,midline,20,-0.22373193517484752,0.09418556695215699,0.3856801290229611,0.016321636214479334,0.35032892348095507,0.045263664556727576,0.27433078473990263,0.01917486,0.00015193071760700235,0.0003470162934793206
98,SOG_98,SOG,SOG,midline,20,-0.13878675075114164,0.08456250688324413,0.09604547284633236,0.12266845391051392,0.16454234746334817,0.04764976724234028,0.27376241869326357,0.018886065,0.00015217225112194556,0.0003548177104103733
99,SOG_99,SOG,SOG,midline,20,-0.4081467425769235,-0.6084317999315687,0.2519247138418046,-0.02519390980805592,0.28947308885088957,0.0414368239105936,0.27058364662555484,0.019088967,0.00012957769359491872,0.0004853930652026819
100,SOG_100,SOG,SOG,midline,20,-0.6186569730470662,-0.3475847755717673,0.5339627435681134,0.0838022361588089,0.4700182813713437,0.038529819117639176,0.2721253797043764,0.019283324,0.0003719518790911585,0.0005389351957271372
101,SOG_101,SOG,SOG,midline,20,0.22455329968773613,-0.13144516897023678,-0.02729331120045647,0.022820156977101446,0.2796173845667155,0.055590068600769496,0.2734196758034311,0.018709492,-0.00011675767413101644,0.0002929097027560825
102,SOG_102,SOG,SOG,midline,19,-0.0016059436555610805,0.029563105090236765,0.0821656342827835,0.09368680272022936,-0.17586963043742423,0.05167255801422964,0.2751129349978296,0.019116336,0.0003762811893518723,0.00011018879142636332
103,SOG_103,SOG,SOG,midline,20,-0.0458901737193113,0.06841423699638391,0.1626107075658342,0.008202569480965169,0.18191344454814376,0.049909913467880054,0.27465210081627756,0.01899501,-8.06546521937227e-05,0.00031512443949874806
104,SOG_104,SOG,SOG,midline,20,-0.3437653678246878,0.010069331733777798,0.16275434369274985,0.08042273518046723,0.16449045922964856,0.04339642047637114,0.2744244800310198,0.019014288,0.0001007860053657543,0.00034879506061996407
105,SOG_105,SOG,SOG,midline,19,0.832183675548288,0.9258652069441426,-0.09692317995378305,0.3928492331839427,-0.17981037132760216,0.06895809262522234,0.2793377508296759,0.018733276,0.0010809725825678084,7.776473692839778e-05
106,SOG_106,SOG,SOG,midline,19,0.03131184188264858,0.7623641982452147,0.033217430634587666,0.5081588129882375,0.06753214190534595,0.05062537549199761,0.2782119015626069,0.018935192,0.0009380672291288681,0.00023810900187213577
107,SOG_107,SOG,SOG,midline,19,-0.2606873724400754,0.08716062442308732,0.48637485644212547,0.10175710738254405,0.19828860067481258,0.04664663943884812,0.27544205168208635,0.019270975,0.00010234857386826049,0.00018087357377680405
108,SOG_108,SOG,SOG,midline,20,0.025761544981858574,0.22228680432981712,0.17732093343778071,-0.1376595841815424,-0.09301426458535812,0.0514691878443317,0.2743110397860582,0.019019332,-0.00016888261026399914,0.00024286765202067139
109,SOG_109,SOG,SOG,midline,20,0.08987899375056697,-0.04960882329616168,0.024532288312507318,-0.025687372831548445,0.13451585256276646,0.052261489948969356,0.27314247305840234,0.01888125,0.0001934014636318661,0.00034427090036065597
110,SOG_110,SOG,SOG,midline,20,-0.03583020297360873,-0.09257540782753655,-0.18471960869893803,0.05905373599530792,0.10404749037048151,0.04982750546428723,0.27303585333888597,0.018826976,0.000275722760632776,0.00033247279015951627
111,SOG_111,SOG,SOG,midline,20,0.1698377527607165,0.35685199845820575,-0.25510551006916615,0.29322057614194985,0.15088927277282804,0.05466580070347603,0.27704576589427893,0.018639347,0.001063296788228587,0.00043400767424022553
112,PB_112,PB,PB,midline,20,0.5081021437960241,1.403863212700553,-0.28110868528232624,1.1950819802544874,0.27831382650485265,0.06148918523636247,0.2813778607314745,0.01844562,0.001246337565513809,0.00039130318253374053
113,FLA_113,FLA,FLA,midline,20,0.09208444533892224,-0.1530344944760889,0.1420122368523057,-0.19491879358788228,0.34135990388982806,0.05220916757942075,0.27356369045540097,0.01897672,0.0001995744470995006,0.0005690910388976693
114,FLA_114,FLA,FLA,midline,20,0.6028180047938003,0.052930258128334254,-0.3765891124760845,0.02328694157292862,-0.06529214888438706,0.061741281217916444,0.2747510001229518,0.0186622,0.00040698792514228525,0.0003325401497957004
115,FLA_115,FLA,FLA,midline,20,0.2861499923913965,0.010084129750034181,-0.37776688899952837,-0.12321146997325136,0.399716673264825,0.05596890550588275,0.274427170746313,0.018568924,0.0004061150439614521,0.0005340712676962307
116,FLA_116,FLA,FLA,midline,20,-0.04219792392203707,-0.31650257385530595,0.11326391316049673,-0.05048619770429373,-0.03361611838804538,0.049392478888639624,0.2722433750825422,0.01903179,0.0007263487619728304,0.0004535574316844941
117,FLA_117,FLA,FLA,midline,20,-0.01500358935822298,-0.3423735615973919,-0.12734489323310588,0.2152326963301284,0.41262142149148423,0.04913497616931006,0.2726948360786321,0.018893015,0.000585901501190275,0.0006545121887399643
118,FLA_118,FLA,FLA,midline,20,1.2797781061051299,0.4367124827577694,-0.7722995117467135,0.1307617044837979,0.005480638101650557,0.07679754435627877,0.2773443805300702,0.018127475,0.0007190167091564674,0.0002836643469431744
119,PRW_119,PRW,PRW,midline,20,-0.6475325783590486,-0.5162047935574013,0.31449258326294477,-0.03739922486349275,0.19355798872955984,0.03657814355186168,0.27082263808315976,0.019170774,2.853586153882898e-05,0.0005259228716877361
120,PRW_120,PRW,PRW,midline,20,-0.2956394837031443,-0.12532281451512994,0.12455091794753219,0.0071900216541083235,-0.08458303314513835,0.04591774270795563,0.27290799574835073,0.018794464,0.0004381779264776164,0.00022619437489945483
121,PRW_121,PRW,PRW,midline,20,-0.1000502716715221,-0.45217569244246125,0.22883304111401878,-0.3787045074385561,0.09030724313029559,0.051105042583397854,0.2718507958758022,0.018890342,-2.380874833820099e-05,0.00032271142964533753
122,PRW_122,PRW,PRW,midline,20,-0.31665053306126356,-0.35350013303532857,-0.05241820991524319,0.053824203670609014,0.37967919071266726,0.04369725035893471,0.2726355861690766,0.018829146,-0.00011586926823716363,0.0003853947489306485
123,PRW_123,PRW,PRW,midline,20,-0.5378512600033089,-0.5316201035472463,0.29380815065400445,-0.07816081754397332,0.390267318229683,0.038861146893810324,0.2712205741823773,0.019103304,-3.9314106501143e-06,0.00034221877127926055
124,PRW_124,PRW,PRW,midline,20,-0.5018885962417852,-0.03424703536300833,0.2719037881609273,-0.1670338014110388,0.08244159385479302,0.04000301355750358,0.2728612379392696,0.019060608,-2.9201913696444568e-05,0.000344817944848536
125,PRW_125,PRW,PRW,midline,20,0.11601876849577326,-0.11114867769837741,-0.035919301597105546,0.02272460297678782,0.2527507134560482,0.05166774839009487,0.2736493694636842,0.018941933,8.733158070523552e-05,0.0003898725118401145
126,CRE_R_126,CRE_R,CRE,R,20,0.8651778082927539,0.7691393758267975,-0.6369250883889861,-0.4707159626956239,-0.38478085064958856,0.06657629443078554,0.2783899966442601,0.018268686,-0.0005581670509447782,-4.995889902776748e-05
127,CRE_R_127,CRE_R,CRE,R,20,0.0908867771259839,-0.23901561920358744,0.42995171103466223,-0.4645763722924512,-0.05478952288969456,0.05230552595776363,0.2728000506658956,0.018980552,-0.0002468192401070907,0.0002806500983000282
128,CRE_R_128,CRE_R,CRE,R,20,0.7175992938638387,0.4516879991443751,-0.46385391603512954,-0.7568885071278469,-0.13802165541470157,0.06536588251506066,0.27646360596069486,0.01823857,3.5973381593152695e-05,0.00028687273373023366
129,CRE_R_129,CRE_R,CRE,R,20,0.7591030772538658,0.8596212343945553,-0.5233450827132491,-0.30763057003967126,-0.32250981449011784,0.06419215275966825,0.27861214974047754,0.018513415,-8.952190252689473e-05,8.597460000043145e-05
130,CRE_R_130,CRE_R,CRE,R,20,1.102383739252438,0.5221611010937158,-0.8559329933261269,-0.3915665547611986,-0.17865642525197195,0.07168034828035061,0.2767169451285144,0.018088724,-0.00014154491564413312,0.00022822991310966737
131,CRE_R_131,CRE_R,CRE,R,20,0.8423264207928117,0.909737129611534,-0.32717189376534994,-0.31924664565741956,-0.1269301333226375,0.06703592643897091,0.2789977080966081,0.018441033,-0.0004857150375863511,4.0962361202878146e-05
132,CRE_R_132,CRE_R,CRE,R,20,0.3693702897926479,0.1314792102194488,-0.0278367404515396,-0.5731093066156806,-0.12002118243791535,0.05863451473081408,0.2747767710093292,0.018539011,-0.00041998469866315856,0.00014604515443372484
133,CRE_R_133,CRE_R,CRE,R,20,1.4087823074087757,1.2783025763457463,-0.7136592879696073,-0.03444430135066275,-0.30535335145597475,0.07671282275200186,0.28037948010270264,0.018216245,0.001162760735245377,4.1292734461209736e-05
134,CRE_L_134,CRE_L,CRE,L,20,0.7393094308490697,0.6244848384216795,-0.3949080736931103,-0.03104919112938561,-0.07073743561932014,0.06491680135747946,0.2768409429509541,0.01826696,-0.0004346692873223606,-3.100713809467735e-05
135,CRE_L_135,CRE_L,CRE,L,20,-0.15117452306125903,-0.4766202154527629,0.09458823214144828,-0.340749208594315,0.10703699499662137,0.04757312635490215,0.271153468158925,0.018631468,-0.0006335040248890074,4.586369696541289e-05
136,CRE_L_136,CRE_L,CRE,L,20,0.48487215377502135,0.19077902301271774,-0.3100504286098037,0.017989833332723682,-0.16316551251429684,0.05955773186182502,0.2747401346359086,0.018666554,-2.927307641972106e-05,0.00010065630217121434
137,CRE_L_137,CRE_L,CRE,L,20,1.0261409042580538,0.4407572055229466,-0.3542012939800646,-0.9755377543581554,-0.24863119882429024,0.07083368911792705,0.2764796668892099,0.018387672,-0.0017218823029235425,-4.1365233608830286e-05
138,CRE_L_138,CRE_L,CRE,L,20,0.28968649149419395,0.14398840437487243,-0.1710663592329585,-0.5229115637410297,0.02691889692626171,0.057815494779935396,0.275197964635027,0.018326165,-0.0008891116868228084,-9.505279857824628e-06
139,CRE_L_139,CRE_L,CRE,L,20,0.4104670061241785,0.23510201956492516,-0.1996312238513495,-0.2279969861728571,-0.2181961963386768,0.05790039971568587,0.2751755030256114,0.018486025,-0.0006045498358845431,-8.50668916636358e-06
140,CRE_L_140,CRE_L,CRE,L,20,0.46225786157706256,0.36886024636363823,0.2312075737329383,-0.732598942763888,-0.46784283837519886,0.05949863503344821,0.2756635124662873,0.018853689,-0.00044803028047333654,-6.164596472576409e-05
141,CRE_L_141,CRE_L,CRE,L,20,0.24618655913771442,0.09330842315668084,0.08397714951109307,-0.2976389998347851,-0.1228695355972678,0.05469886171204441,0.2742536469000344,0.019036299,0.00014174709460634358,0.00015523055544044132
142,CRE_L_142,CRE_L,CRE,L,20,0.47439309419412884,0.18263313507804807,-0.344091821012698,-0.8166124888661365,-0.01016653822805676,0.0616313576763684,0.27530844669477456,0.018319499,-0.0011018459285779185,7.125823944546393e-05
143,CRE_L_143,CRE_L,CRE,L,20,0.8890097998204685,0.7794338996868111,-0.6255980815529896,0.05399823334145491,-0.12585768852661336,0.06814682875715308,0.27834687838165384,0.018166006,0.00020459640407119746,3.6407880621949696e-05
144,EPA_R_144,EPA_R,EPA,R,20,0.1588156132716379,-0.09469922873961892,0.19831139345970367,-0.2754190610803956,-0.09454734698956477,0.05316857721442547,0.2729520232761135,0.018947488,-0.000493292515376923,0.00018894187218936276
145,EPA_L_145,EPA_L,EPA,L,20,0.270619744582968,-0.3526299896549567,-0.06986297148257496,-0.0981403578040059,-0.046215186063065204,0.056214368947719175,0.2723024409103286,0.01869487,-0.00022110162331906032,0.00024783037452417056
146,VES_R_146,VES_R,VES,R,20,0.526568021336767,0.3354086797178052,-0.2178849051335002,0.056666316272457815,0.10843560808069767,0.062221728046126426,0.27577172343793427,0.01839682,0.00018090172416995815,6.551768226755985e-05
147,VES_R_147,VES_R,VES,R,20,0.5990352582256462,0.530393975595552,-0.24596545933161867,0.34021690866793974,0.2726980763117261,0.06427900078552388,0.2776470820405895,0.018499885,0.0013054301943150562,0.0003379506215920096
148,VES_R_148,VES_R,VES,R,20,0.84498704674169,0.6257146470607029,-0.43647833034282346,-0.2383719482423186,0.04499090426822936,0.06714242789397509,0.2774908926436589,0.018484164,-0.0006114462589104817,0.00017759811187918794
149,VES_R_149,VES_R,VES,R,20,0.7996595525649999,0.5183494127939893,-0.3857753776934118,-0.17407200838867215,0.03263304945399477,0.06686355597404911,0.2763581974917386,0.01832584,-0.00040239962781266867,0.00011633866071095304
150,VES_R_150,VES_R,VES,R,20,0.53623470132611,0.1099050495445256,-0.23021553323213179,-0.3375672241543786,0.19113067093211286,0.06176688163811728,0.2746211305311628,0.01845513,-0.0005461340999913588,0.0002466963805911609
151,VES_R_151,VES_R,VES,R,20,1.6734143946176414,1.3758343105438235,-1.1181310971663132,1.3485541342140106,-0.1535136853374046,0.08479788073216882,0.28113353739972025,0.01758056,0.002240630190986378,9.795208291639752e-05
152,VES_L_152,VES_L,VES,L,20,0.7029045909727579,0.4560461774495261,-0.7521132109869659,-0.13765951878541655,0.04661415735419239,0.06654305087986274,0.27693321898493134,0.018048126,0.00016797684935304001,0.00018460981800717994
153,VES_L_153,VES_L,VES,L,20,0.7579936874580563,0.7067035643242663,-0.21498451543584324,0.018804321041921025,0.18426666101013334,0.06822222401810492,0.27883813812982805,0.018351633,0.001603174980981634,0.00030227859966531183
154,VES_L_154,VES_L,VES,L,20,1.115770102814654,0.5519244153194633,-0.9666220992971173,-0.13308206841782444,0.11955960593167787,0.07363585208666304,0.27684821050882025,0.017916275,0.00032356730750152265,0.00033675521977916616
155,VES_L_155,VES_L,VES,L,20,0.29847924405939885,0.061542768302651554,-0.10051054672918187,-0.21877026693803808,0.18919452476183346,0.05748329478323626,0.2749050706138767,0.018605873,-0.00041427634828707294,0.00016147586020528635
156,VES_L_156,VES_L,VES,L,20,0.6870214433566161,0.6768053753351309,-0.8429420310685618,-0.24140985797344516,-0.055001907329233955,0.06396197887787294,0.27787314411261943,0.01824408,0.00030030003631738376,0.00014311537651803862
157,VES_L_157,VES_L,VES,L,20,1.6347897065638093,1.245095169545629,-1.3271157112017244,1.1524050565096142,-0.10190835792198001,0.08531838083912018,0.28088327088791404,0.017302735,0.0028111838638427327,0.00012311430637965384
158,ATL_R_158,ATL_R,ATL,R,20,0.6667786291990502,0.4835094951085178,0.1843487723098413,0.29528097383036667,-0.006899786034044744,0.061735624606136054,0.27662790573942714,0.01880459,9.10722342948029e-05,0.00010707432815279202
159,ATL_L_159,ATL_L,ATL,L,20,0.49686003730413464,0.301033889516713,-0.19322066811144642,0.5590005327560763,-0.015819504728681984,0.06068207586026605,0.27549414798313643,0.018566018,0.0003295363249038305,0.00021002485514145237
160,PLP_R_160,PLP_R,PLP,R,20,-0.031862972555397294,-0.12637301090049508,0.1563893904316474,-0.04500352205934337,0.2799917605564429,0.049788462038714336,0.2733573078866194,0.018896509,0.0003784541934240943,0.00041326924410493214
161,PLP_R_161,PLP_R,PLP,R,20,0.23932792594000984,0.4885790391071483,0.27931932003107834,0.38108649224238167,-0.06353681821232038,0.05903850304841253,0.277477703056254,0.018394064,0.0001485177147096801,2.6569469031799604e-05
162,PLP_R_162,PLP_R,PLP,R,20,-0.4799487879853027,-0.5783078659721034,0.22176885214622555,-0.16111039893004225,-0.07201102535863323,0.043535109243225,0.27127983956393703,0.018827897,-0.0003381332360208723,0.00025704906691152057
163,PLP_R_163,PLP_R,PLP,R,20,0.25067031791246175,0.07833318465475966,-0.0065216710649660895,-0.18842580207505435,0.15434444697031205,0.05790815956201547,0.2748861358675927,0.018330192,-0.00026767712282645747,0.000306929054942553
164,PLP_R_164,PLP_R,PLP,R,20,-0.7444721944527015,-0.7054368425565537,0.3084484769469098,-0.19154627633664062,0.20595512579397432,0.03716626335922748,0.26992411147406764,0.018854834,-0.0004959778295843852,0.0003483950559361859
165,PLP_R_165,PLP_R,PLP,R,20,-0.39465660130525554,-0.4873878697538984,0.16384981588369088,-0.1766397788436222,0.40978507142137854,0.04367581963719715,0.2714160676254031,0.018931404,-0.0005944013805665135,0.00032821282927771684
166,PLP_R_166,PLP_R,PLP,R,20,0.10197139943855445,-0.20788344767960396,0.08839949681033657,0.09931108121267652,0.15871390883493638,0.0561560707158487,0.2741057235006332,0.01855243,0.00010630595739200979,8.76467451629094e-05
167,PLP_R_167,PLP_R,PLP,R,20,-0.2048021590628156,-0.30327111628591547,0.254651106234273,-0.0205498362603595,0.4079801744779763,0.04672671041072496,0.2726219774139638,0.018867102,9.825028583387908e-05,0.00030844054502018024
168,PLP_R_168,PLP_R,PLP,R,20,-0.34168328210588594,-0.4355425740285691,0.23702997782108953,-0.008709150710485735,0.30670827189578104,0.04446189290907714,0.2715284611363748,0.01891763,-0.0003421166267876538,0.0002741771242746147
169,PLP_R_169,PLP_R,PLP,R,20,-0.37241441959669364,-0.25037744621720043,0.49862900291421575,-0.11320188809218859,0.21698206026031117,0.04335024544211449,0.2724434317616683,0.019149633,-0.0004565580468688181,0.00017731475994751876
170,PLP_R_170,PLP_R,PLP,R,20,-0.12634555788299084,-0.17660483224993118,0.10259694636197585,0.05773070951839678,-0.1294749240098379,0.050177341025461064,0.2736204659820426,0.018606503,0.0001500883371021336,6.446404733364677e-05
171,PLP_R_171,PLP_R,PLP,R,20,-0.6088148654448854,-0.49641747697741617,0.5383340371494018,0.04383420633441434,0.9511089026179032,0.03799178618840603,0.27092727398274496,0.019194696,9.761234621234345e-05,0.000699308118320459
172,PLP_R_172,PLP_R,PLP,R,19,-0.9680212875912764,-0.494011570178282,0.5091977794670774,-0.0976654047295891,0.1974865087897456,0.03146037571209668,0.27176009938643647,0.01944334,-7.392829205050836e-05,0.0002633649178907657
173,PLP_R_173,PLP_R,PLP,R,20,0.24277657269094344,0.08805750100258644,0.010334072539694254,0.046444247832049354,-0.1359678591656209,0.055841855781399,0.27465401678159335,0.018674266,-0.0006513904351015955,6.586586388626734e-05
174,PLP_R_174,PLP_R,PLP,R,20,0.2603835349140494,0.1214553748922432,-0.04766298671477444,0.10625659256618207,0.09526528687539716,0.05770240008007963,0.2748161047642505,0.018653817,0.00017470116084801127,0.00023858475497831865
175,PLP_L_175,PLP_L,PLP,L,20,0.16600659557621406,-0.1518086506765719,-0.19433382264583904,-0.2835986993826221,0.018997001069029133,0.057367460851790855,0.27397331337229547,0.018429948,-0.0003358301278425327,0.00018496183773418306
176,PLP_L_176,PLP_L,PLP,L,20,-0.07524501774938402,-0.003176156782668238,-0.00030751882053811077,-0.22397611986739857,0.3519257214833083,0.05104094875054158,0.2745823910426257,0.018755471,-0.0006641681971473365,0.0002252235328255653
177,PLP_L_177,PLP_L,PLP,L,20,0.05983096677394221,-0.17766079845246072,0.11434219128314868,-0.20622003279529313,-0.21836512035809363,0.05455063656365905,0.27399546095310967,0.018580694,-0.0008661364917005238,3.54154934833464e-05
178,PLP_L_178,PLP_L,PLP,L,20,0.3115616852890918,0.28040326257666903,-0.2666686642499937,0.4071791422118497,0.06714436728716838,0.05882998833865668,0.27635359864633363,0.018472318,0.00038962856051251145,4.480905230109356e-05
179,PLP_L_179,PLP_L,PLP,L,20,0.2251288619571988,0.2186298619872912,-0.3214566245865936,0.09646050257869139,0.27203241003401285,0.05694734403510197,0.2759593765696664,0.018348927,-0.00018085885974921382,9.287630729499732e-05
180,PLP_L_180,PLP_L,PLP,L,20,-0.21102734138663976,-0.4168654940143197,0.29573218528337286,-0.07651709423836882,0.6428331671939852,0.048563678793774226,0.2719449789296555,0.018877622,-0.0002921004831086546,0.0005653707158880893
181,PLP_L_181,PLP_L,PLP,L,20,-0.2748766327569783,-0.23415775524693952,0.2025614517557271,0.05803988276624379,0.3982454614551539,0.04523064294960374,0.27261022529472523,0.018934332,-0.0004437348815833182,0.0002900864038358024
182,PLP_L_182,PLP_L,PLP,L,20,-0.2564841800736274,-0.45663738087060757,0.10585601928630688,-0.08595933625759544,0.0741921070992335,0.04729544218435224,0.27158782067183634,0.018688872,-0.0003455190653283567,0.0001741537641740595
183,PLP_L_183,PLP_L,PLP,L,20,0.515663085101339,0.33677763816457273,-0.06027078201212026,0.2097103647709461,-0.07273262029631251,0.06425365991916714,0.2763981246351033,0.018221647,0.0003753697358308117,7.957473335225847e-05
184,PLP_L_184,PLP_L,PLP,L,20,-0.006743158097016066,-0.06104949301525793,0.20044321865362152,0.17750740562032677,0.26717944335551563,0.05141487688657885,0.27348027270357,0.018919371,-0.00014201355582311602,0.00018969847387267317
185,PLP_L_185,PLP_L,PLP,L,20,-0.13318102185944067,-0.27917617184942134,0.3055813770638713,0.21939767768835913,0.4869696189242231,0.04996202675818353,0.2726166395321169,0.0188059,-3.874440385419471e-05,0.00035497317680761756
186,PLP_L_186,PLP_L,PLP,L,20,0.3156591581205287,0.04550747868768669,0.07217265931052463,-0.24722451132091655,-0.0794473279083497,0.059946938081904724,0.2750564101144054,0.018493043,-0.0006348028108092924,1.0928671483333491e-05
187,PLP_L_187,PLP_L,PLP,L,20,0.8707260904162503,0.31781826709250977,-0.6362824425443712,0.28353012295555696,-0.018208816124322614,0.0706623749274969,0.27594694555504856,0.017987248,0.0003237507598704483,0.00010315555071116785
188,AVLP_R_188,AVLP_R,AVLP,R,20,-0.18679757551883824,-0.2180626826604656,0.2693545321361938,-0.1845627811959933,-0.15324564457784023,0.04773865820517964,0.2730514087073833,0.018902063,0.00021050926315370906,0.0002419716082436959
189,AVLP_R_189,AVLP_R,AVLP,R,20,-0.677872840912493,-0.3342631769996405,0.3214273586843791,-0.036916098810914656,-0.16537495230507976,0.037817602423649746,0.27190414858419976,0.018978793,3.2708450345790464e-05,0.00010413292120138285
190,AVLP_R_190,AVLP_R,AVLP,R,20,-0.8424457338528514,-0.8621548289543325,-0.030359611292176604,-0.20936847095529307,0.24222867666385658,0.033995721152576854,0.26957995035380167,0.018869933,-0.0004137429989537058,0.0003622996823804072
191,AVLP_R_191,AVLP_R,AVLP,R,20,-0.7767698941771336,-0.3198308886227205,0.4444854204638709,-0.29204675064643576,-0.23392596890669096,0.03347232019410693,0.27176437485608906,0.019294035,-0.0002854525987975147,0.00014116874169193248
192,AVLP_R_192,AVLP_R,AVLP,R,20,-0.4615408125450141,-0.42983844445433483,0.37483368317555293,-0.21132773027746105,0.4217249717360935,0.039973418916991146,0.2713027003710681,0.01908559,-0.00025693844977912574,0.0006192355451240743
193,AVLP_R_193,AVLP_R,AVLP,R,20,-0.39954014674688765,0.006472146255952255,0.401342447642973,0.12396025909341898,0.1434855127109332,0.04225355003166267,0.2737844951496682,0.019016873,3.3340637802648575e-05,0.00037256564242512676
194,AVLP_R_194,AVLP_R,AVLP,R,20,-0.02321035633554367,-0.08539836904970216,0.019008374327758367,-0.19703954916506838,0.1881666016462405,0.05092613237464905,0.2729461245909469,0.018647585,-0.0003583657425753191,0.00022750596176673643
195,AVLP_R_195,AVLP_R,AVLP,R,20,-0.9600911603764176,-0.7207672747901834,0.44347954476162793,-0.23420976801940063,0.2642318522554057,0.031039572681519273,0.269787155714278,0.019165212,-0.0005662515756899828,0.00023349761678278163
196,AVLP_R_196,AVLP_R,AVLP,R,20,0.31954331795822793,0.13762069758915269,-0.1966337389933029,-0.17058754000855195,-0.3867231757521893,0.05682889201336011,0.2741666579673616,0.018427735,-0.0004704815435979899,-2.425493040306513e-05
197,AVLP_R_197,AVLP_R,AVLP,R,20,-0.2765718882405005,-0.3201997120523608,0.2621346045563545,-0.20686326233279684,0.103374696671466,0.04532425339943651,0.2724832815999992,0.018919062,-0.00036688340186327934,0.00028153784000309063
198,AVLP_R_198,AVLP_R,AVLP,R,20,-0.9801971894671571,-0.8361468457733465,0.41953038917148777,-0.09046738095600339,-0.06544643628105305,0.031108486220302732,0.26929935062700733,0.019212041,-0.00013062384434904818,-8.696009220766486e-05
199,AVLP_R_199,AVLP_R,AVLP,R,20,-0.5655707657641739,-0.5225809816843809,0.43350321605497905,-0.2506140606820525,0.3372350228743656,0.04159207386230916,0.2715908503827765,0.018970333,-0.00029663282951883976,0.000545752865491418
200,AVLP_R_200,AVLP_R,AVLP,R,20,-0.6182938192456333,-0.4918475311398183,0.3624230073401296,-0.27994001474961466,-0.604379034675232,0.038145487227334796,0.271257642660777,0.019018658,-0.00023249139292957346,3.769960250952951e-05
201,AVLP_R_201,AVLP_R,AVLP,R,20,-0.8473252344846726,-0.440557524381713,0.6023841597404417,-0.35359424824783475,-0.3163159515171757,0.03272344564989628,0.2711176841176312,0.019371692,-0.00030829770384184724,-7.017747880609848e-05
202,AVLP_R_202,AVLP_R,AVLP,R,20,-0.9284041024838089,-0.7192614750855183,0.2552522148369147,-0.23854620495024553,-0.46115150841236613,0.03375001217213809,0.27013011745089,0.018897763,-0.00046109993755883365,5.521995184321002e-06
203,AVLP_R_203,AVLP_R,AVLP,R,20,-0.4773412647486023,-0.35173418422957897,0.5154886911616738,-0.10322711959531017,0.12792877176452508,0.041355121423632214,0.27244737273413755,0.019158836,0.00030269786684956375,0.0002928024257847284
204,AVLP_R_204,AVLP_R,AVLP,R,20,-0.46909975664202275,-0.38238212886090306,0.333491532430537,-0.12678630420545234,-0.019228850836120207,0.04187477654199958,0.27154083769203796,0.018793426,-0.0001656420355736893,7.552261681786928e-05
205,AVLP_R_205,AVLP_R,AVLP,R,20,-0.61974648822009,-0.6814748429343445,0.22817294302122412,-0.16802022853813786,-0.1929593632255144,0.039591250653020986,0.27049955450644453,0.018841365,-0.0006489556949415763,5.581832118094787e-05
206,AVLP_R_206,AVLP_R,AVLP,R,20,-0.15241999527131275,0.7273780872367211,0.5260290224040156,-0.08066141428804756,-0.02643287392688791,0.04676643117765082,0.27746370390453057,0.0192494,9.018000351117134e-05,0.00031356229905619016
207,AVLP_R_207,AVLP_R,AVLP,R,20,-0.8111939013218024,-0.6332695863005278,0.49536683584428387,0.05427753678191638,-0.05726397396017223,0.035333170513094495,0.27052614056532065,0.019150427,0.0003637544348277346,0.00017536300076838505
208,AVLP_R_208,AVLP_R,AVLP,R,20,-0.6181750199654223,-0.6254818745672197,0.34485856176892477,-0.13990207902999946,-0.10094077281324051,0.03898048302256692,0.2711382675704922,0.01900561,-0.00045324536322985376,9.05676152967201e-05
209,AVLP_R_209,AVLP_R,AVLP,R,20,-1.1967390580492414,-1.045448111411028,0.4735516849436078,-0.0013757181401459998,-0.30700430073482604,0.026990656683161106,0.26839971693110687,0.01908484,0.00011793977571962478,-0.0002784735700786765
210,AVLP_R_210,AVLP_R,AVLP,R,20,0.12952370849070238,1.5314744721688105,0.21818921059315494,0.46529164421698754,0.05738631678603011,0.05214598191485258,0.2820670821288219,0.019003868,0.0003910282650558974,0.0003046804420040746
211,AVLP_R_211,AVLP_R,AVLP,R,20,-0.1933084539010503,0.8617334484164252,0.20894110072565483,-0.15312791935063957,0.01860853330821459,0.04687740284541486,0.2779157726519895,0.018995728,-0.0003470552996181524,0.00033848526157867297
212,AVLP_R_212,AVLP_R,AVLP,R,20,-0.15428795657517042,0.7602530651287744,0.4000333230466621,-0.0903356596272004,-0.06967184081419756,0.04816865858848622,0.2777357324617776,0.019112969,-0.00018899575119781,0.00016924887363342812
213,AVLP_R_213,AVLP_R,AVLP,R,20,-0.4509107837552295,-0.427227262823501,-0.000935067935303218,0.11555464464291713,0.20553364115003675,0.040320550353126795,0.27139579049281454,0.01893538,0.00011025804293076277,0.00019647214228730135
214,AVLP_R_214,AVLP_R,AVLP,R,20,0.0675586953793322,1.4696180746292766,0.1995394096041458,0.5106564852186024,-0.04445533922304421,0.051695506401721714,0.28144458325791166,0.01905412,0.000834366782879762,0.00023926917339556954
215,AVLP_R_215,AVLP_R,AVLP,R,20,-0.1320949124097455,-0.26128996118490866,0.022253907520660386,-0.17369125074475952,-0.29355617814449975,0.048958176995348636,0.2725381974508746,0.018739443,-0.0004973036410904582,-5.3859878717237836e-05
216,AVLP_L_216,AVLP_L,AVLP,L,20,0.5059624469092235,0.25475794603833846,-0.10044046272234144,-0.18819626906443937,-0.1743215497985163,0.06246761996150788,0.27582619401344016,0.01841325,-0.00027165760268331614,7.243463998373421e-05
217,AVLP_L_217,AVLP_L,AVLP,L,20,-0.06718048046065915,1.0529454550755557,0.3530499284961579,-0.15631090653817103,-0.06457387548126606,0.04844229007059784,0.2804282225914649,0.019191895,5.29794687857707e-06,0.00019770338672475078
218,AVLP_L_218,AVLP_L,AVLP,L,20,-0.19038515780681067,0.5149953433993282,0.5230872034249404,-0.10207658321526306,-0.057592800025346585,0.047620959559078586,0.2770519648425366,0.01922741,0.0003390645680596669,0.00022199748583907105
219,AVLP_L_219,AVLP_L,AVLP,L,20,-0.586902131495287,-0.2566864563349481,0.3999941339402115,-0.3204221391579961,0.06587283169706858,0.039092397156609185,0.27306702909782404,0.01916648,1.0773346190433623e-06,0.00023234021376318168
220,AVLP_L_220,AVLP_L,AVLP,L,20,0.25668783709238563,0.024132552483060545,0.08997858844183831,-0.17493469124992342,-0.15989703596156327,0.05664593350063797,0.27423771784768874,0.018640257,-0.000311053836709166,0.00010927641737407238
221,AVLP_L_221,AVLP_L,AVLP,L,20,-0.09047598127324777,-0.30787411629937,0.12873042350821431,0.17564547921343857,-0.06365328748198931,0.05013025772534803,0.2725617557521069,0.01874325,-0.00026794739691282746,0.00025820245477614477
222,AVLP_L_222,AVLP_L,AVLP,L,20,-0.42144997316011973,-0.40681798821423276,-0.016456068557550146,-0.024430580998401494,0.4266951016172329,0.04253412428961654,0.2724035529899066,0.018917423,0.0005510067842117241,0.000588529724754623
223,AVLP_L_223,AVLP_L,AVLP,L,20,-0.7469265057885066,-0.6471213190369844,0.5067353138755436,0.0974602975748166,-0.16272595732909095,0.036417097454824805,0.2707159209951265,0.019139517,0.00025416783908343546,0.00021455015966666543
224,AVLP_L_224,AVLP_L,AVLP,L,20,-0.23714351724339228,-0.09709607796278294,0.455770077691105,-0.03944266985565561,0.030471908814522795,0.046610001844695034,0.2738490978652603,0.019231759,-0.00016261287466379055,0.00021312540765945853
225,AVLP_L_225,AVLP_L,AVLP,L,20,0.18297079479621653,-0.029780928755806357,-0.07406452186465289,0.13883950807359446,-0.14933414686101906,0.054850834786004964,0.2737461049375344,0.01863176,0.00015722159733451017,2.8446416589820544e-05
226,AVLP_L_226,AVLP_L,AVLP,L,20,-0.4140363002042931,-0.44770166367259245,0.16158049253039697,-0.29479996807180997,0.024551469278330674,0.04329247215046602,0.27193921863340875,0.019011792,-0.0007009717013407135,0.0001678308463530287
227,AVLP_L_227,AVLP_L,AVLP,L,20,-0.04454312776739448,-0.052436305452000655,0.16743156153753933,-0.4792864496465663,-0.33086559663166126,0.04992409407436067,0.273449315866829,0.018807529,-0.0005656858343906156,0.00014590847250989754
228,AVLP_L_228,AVLP_L,AVLP,L,20,0.2722605730873611,0.38927646983341013,0.2029390458363447,-0.10034737519651041,0.07306120326844719,0.0555733719338792,0.27601295280031374,0.018921096,-0.0004471159010007372,0.00010002836332531951
229,AVLP_L_229,AVLP_L,AVLP,L,20,-0.2816337393254644,-0.2496001825527127,0.38643965070173153,-0.08234302299773925,0.22044597579875114,0.04613987850163427,0.27296514624326107,0.019043354,0.0007217829745660487,0.0004171264905810736
230,AVLP_L_230,AVLP_L,AVLP,L,20,-0.8292038714935904,-0.49946455239599175,0.2776145242373217,-0.34809597583178975,-0.059905447808155855,0.03376004774370634,0.27139196641811847,0.019117322,-0.0004792157559832404,5.22312321167611e-05
231,AVLP_L_231,AVLP_L,AVLP,L,20,-0.4284072043031865,-0.4067955753335326,0.4405019246648578,-0.27803175478616415,-0.31203695350848515,0.042895179892114346,0.27216844030489434,0.019074608,-0.0003003696181413932,0.00025162450429556233
232,AVLP_L_232,AVLP_L,AVLP,L,20,-0.4137282891043281,-0.45622432835405996,0.4488026161846815,-0.1975196625007101,-0.3104162443198615,0.043839166017478406,0.27181621879915463,0.019122837,-2.2103527767099817e-05,6.306587797086508e-05
233,AVLP_L_233,AVLP_L,AVLP,L,20,-0.5140322178531409,-0.34483524830364165,0.2071918042555902,-0.10986469337158936,-0.6806054067522697,0.03945846074041605,0.2724029024344644,0.01895896,-0.00048797824342081424,-0.0002138350946249842
234,AVLP_L_234,AVLP_L,AVLP,L,20,-0.29414956207021886,-0.033730007384241166,0.26547154105179904,-0.07663269761449101,0.02354082239104713,0.04661770841074799,0.274910779901909,0.019054295,0.00017876967967175652,0.00014559971766521442
235,AVLP_L_235,AVLP_L,AVLP,L,20,-0.35221379703849903,-0.12571830794907995,0.3574865713670681,-0.08988710108022627,-0.5473645784293993,0.04488616870354262,0.27324155454444254,0.01902878,0.0006422229964810015,-3.176138328290073e-05
236,AVLP_L_236,AVLP_L,AVLP,L,20,-0.6982582136767949,-0.47388260774271485,0.4077041640086628,-0.33774874508571423,-0.5989836209389797,0.036554256719141434,0.27183281673474646,0.019220421,-0.0004616474297194389,-0.00018560345969514805
237,AVLP_L_237,AVLP_L,AVLP,L,20,-0.08067342439391864,0.9727579210185981,0.28347676827490653,0.2715898476716671,0.12881334208949158,0.04939766985582078,0.2792285235986683,0.019167569,0.0005730883747749279,0.0004200576579932399
238,AVLP_L_238,AVLP_L,AVLP,L,20,0.046176662316833,0.1468547121988837,0.032914140043788155,-0.10916704429152946,-0.07474690793955804,0.052147843637086154,0.27500707298298,0.018870775,5.1213027934436074e-05,0.00020912733748678424
239,AVLP_L_239,AVLP_L,AVLP,L,20,-0.2380789394716866,-0.2690102571277204,0.1267826956744105,0.1388443313305878,0.08164980147153597,0.04820695067307686,0.27282822450535876,0.018743819,-0.00023994460668859313,0.00019401377913521418
240,AVLP_L_240,AVLP_L,AVLP,L,20,0.04261351045524862,0.7445630828873753,0.24155489619595025,-0.13102263835207412,0.19525162486758096,0.05160437548770186,0.27803069255144003,0.019029148,-9.16014368502038e-05,0.000324190223491552
241,AVLP_L_241,AVLP_L,AVLP,L,20,0.12145894519003342,1.5321445816333346,0.31905209768119497,0.2727965007847977,0.06729556807446405,0.05211130782434551,0.28198928525541506,0.019185346,0.00037372249420132125,0.00030609884646660827
242,AVLP_L_242,AVLP_L,AVLP,L,20,-0.2978687033622117,-0.031731820031223004,0.4933997438397477,-0.09565704013457138,-0.4913942077076665,0.04602308080399942,0.2741211756317834,0.019113371,0.00029035289532122895,0.00014369772775989497
243,AVLP_L_243,AVLP_L,AVLP,L,20,-0.4431354523865424,-0.392809221513286,0.08122867498541063,-0.3853454234185115,-0.03960468097641899,0.04362911863093041,0.27204835027003715,0.018838793,-0.0004100273268766,0.00023973661796377853
244,AVLP_L_244,AVLP_L,AVLP,L,20,-0.30284244624857465,-0.37888666492768286,0.30616067441824485,-0.09501311379954523,-0.44927338867478595,0.0461080409482281,0.2722216072970673,0.01904739,0.00046917266339542574,2.4310559853123445e-05
245,AVLP_L_245,AVLP_L,AVLP,L,20,-0.359450747571788,-0.2584074818513933,0.14807248681236473,0.055427783098929685,-0.24029700982119517,0.0434916668110601,0.2728900908076203,0.018952921,7.521004867524467e-05,1.716088938699556e-05
246,AVLP_L_246,AVLP_L,AVLP,L,20,0.04014844961760326,1.1409793053210489,0.31103415286860414,0.22878586753067828,0.012768247875418127,0.05177388177808142,0.2796222910281358,0.019015154,0.00034971658848348175,0.00021034623318191592
247,AVLP_L_247,AVLP_L,AVLP,L,20,-0.1894819176506346,-0.3018476661676907,0.21442398009541913,-0.0960082575552143,0.12345255456702053,0.046688200789666005,0.27201083764981704,0.018966224,-0.00037149276896515865,0.0001111820257201928
248,AVLP_L_248,AVLP_L,AVLP,L,20,0.12053307208097216,1.649183782209193,0.372813166849299,0.5055774033682103,0.11106520277300765,0.053983464945569236,0.28272737566860384,0.019047657,0.0009659204799735999,0.00039180364644280676
249,AVLP_L_249,AVLP_L,AVLP,L,20,0.31373083061793194,0.03131174192505299,0.09455027008186,0.2583419519668039,-0.39702368706847696,0.05814132897465048,0.27418230194900495,0.018513517,0.00038720168473050347,3.9925862344899815e-05
250,AL_R_250,AL_R,AL,R,20,0.21141921316300816,0.14127732186986064,-0.2780100265008766,-0.4408519454698747,-0.22088310583726595,0.05296480937244058,0.273900116922992,0.018609118,-0.0005585928240926458,3.878694419046226e-05
251,AL_R_251,AL_R,AL,R,20,0.31714599768455776,0.5821865868671574,-0.5372662351834261,-0.39955192309567156,-0.24306888041452446,0.054172117662192584,0.2761374595713839,0.018505167,-0.00033880863169996064,7.268855832845711e-05
252,AL_R_252,AL_R,AL,R,20,0.4565275077476508,0.29769995819219863,-0.27532138442558257,0.024221691466280403,-0.12620971087217836,0.05804656270426404,0.27537023607424993,0.018528422,0.0007247640851637105,0.00021144902137638423
253,AL_R_253,AL_R,AL,R,20,0.7146977656720896,0.8097924567626453,-0.45839917552377846,0.11554692662991624,-0.2621096482612713,0.06199637157856906,0.27766925048925245,0.018521035,0.0003942097537027281,0.00012925050678550082
254,AL_R_254,AL_R,AL,R,20,0.2102008793648617,0.18812679786706848,-0.1427364423459824,0.061251674449544026,-0.14418963437621293,0.05256362513741293,0.27477314643067957,0.018778587,0.00010679247591893202,0.00017214235522656818
255,AL_R_255,AL_R,AL,R,20,-0.7773082965769469,-0.846678031460969,0.35749142673150225,-0.5191412801071417,0.31692823187039826,0.03435410937917918,0.26910336735633505,0.019000469,-0.0007789943888504198,0.0004589659503336744
256,AL_R_256,AL_R,AL,R,20,0.27799161327983024,0.3314418557421007,-0.28566456549235425,-0.7939503415582103,-0.2855776564777247,0.05344536601389306,0.2751215792673922,0.018600104,-0.0007327363037940881,-6.7583595318445395e-06
257,AL_R_257,AL_R,AL,R,20,0.5501281200315047,0.7985804018451104,-0.3425245671282559,-0.16371637206490955,-0.2669407700726375,0.05718997733815234,0.2771976378851891,0.018582655,0.00010386857831878971,0.0001253670797712566
258,AL_R_258,AL_R,AL,R,20,-0.03200321931009168,-0.0399325517602698,-0.12481211991892782,0.15863984216421018,0.515123034488705,0.047929210049469144,0.2737001242478886,0.01883829,0.00041837264079367623,0.0005534154879775976
259,AL_R_259,AL_R,AL,R,20,0.8109337273513078,1.0968646381641014,-0.5586911080592167,0.35367282411556533,-0.26186697500763445,0.06450182884590684,0.27911401806025127,0.018396156,0.0006930024859902624,0.00019752028157711478
260,AL_R_260,AL_R,AL,R,20,1.0947080734136978,0.4932712208696106,-0.7021529346977835,-0.6884686382225171,-0.28062996966761816,0.07165976828149603,0.2762224942538795,0.01797381,-0.0007181191891267839,8.637163991409913e-05
261,AL_R_261,AL_R,AL,R,20,0.17771866772086126,0.07534435292593808,0.0849457772312546,-1.0353595571742145,-0.32051252248767326,0.05018100497141846,0.27415969370292453,0.018858675,-0.0014481678020633376,-0.00013954564991892608
262,AL_R_262,AL_R,AL,R,20,1.0966962908015747,1.4254242312668244,-1.2795270193589459,0.5649428062357664,-0.2035702376598016,0.06901897859228348,0.28090657537597497,0.017922778,0.0008374734131500533,0.0001371471269802983
263,AL_R_263,AL_R,AL,R,20,1.0095314198486152,0.5957265462633036,-0.5954261143723172,0.1903886071706744,-0.15324398475090634,0.06735614975439101,0.27732010729159073,0.01829997,0.0008363689591614137,0.0002652060780704008
264,AL_R_264,AL_R,AL,R,20,0.18499587554056596,0.33775099737372616,-0.14736075861504544,-0.8716849686788342,-0.3910451435012201,0.05119082488197117,0.27527010322172074,0.018681187,-0.0008927753596287899,-5.7958773900129476e-05
265,AL_R_265,AL_R,AL,R,20,1.0970653713252405,1.5293130008321232,-1.526747324787051,1.0655222459864047,-0.24192598563452644,0.07122244064003015,0.2819844877258673,0.017626991,0.0015382425247030488,0.00010985004032859657
266,AL_R_266,AL_R,AL,R,20,0.48083813255279395,0.46797107444859104,-0.4264667371315035,0.4420193253207606,-0.19779375421556375,0.05770685999863891,0.27598090139659276,0.018694064,0.00031889169240685176,0.00010896339589894222
267,AL_R_267,AL_R,AL,R,20,0.6282627238718679,0.6631303994577638,-0.7006014313263106,-0.0007952791540991016,-0.2060617669590346,0.061723351321789785,0.2771820618299844,0.01814143,-0.00014123053786982404,9.324917563124482e-05
268,AL_R_268,AL_R,AL,R,20,0.6010445224283921,0.7129818330825721,-0.769320205517807,-0.3164945742815419,-0.2946346185398599,0.05705591920905249,0.2772283090943771,0.01845628,-0.00010997148537042294,-1.5804300172111664e-05
269,AL_R_269,AL_R,AL,R,20,0.8291764033697337,1.0687407409341252,-0.9657640867551809,-0.03437015406385922,-0.16634577300624173,0.06481617961634663,0.27957460265692075,0.018100547,0.00013437525949564887,0.0002040816993500975
270,AL_R_270,AL_R,AL,R,20,0.3259435871139745,0.030652528449304484,-0.26463486243432816,-1.054573797547407,-0.31443777216672414,0.05690326551267921,0.27397520519542495,0.01834907,-0.0011297465563278831,-9.919290586972726e-05
271,AL_R_271,AL_R,AL,R,20,0.9053676507670325,1.080751356379854,-0.9605953279649307,0.4250849825158142,-0.1416238222357046,0.06593490344070514,0.27967649316756676,0.018219234,0.00035068833367483623,0.00026186430952378654
272,AL_R_272,AL_R,AL,R,20,1.0791602621805336,0.6661643877258127,-1.0391214809943006,0.133200518100746,-0.3783509975499394,0.06963757026039138,0.27701748886732985,0.01790318,0.0007694798059295955,2.818344326653583e-05
273,AL_L_273,AL_L,AL,L,20,0.5885741598529732,0.6810434100749333,-0.5469531982618163,0.27616607384790387,-0.02342682120239247,0.06017722157093401,0.2776626763144984,0.018352646,0.00029172854024816684,0.00014038035785743095
274,AL_L_274,AL_L,AL,L,20,0.6477845382682339,0.20008199585902603,-0.19806337031132443,-0.33461759685488135,-0.2016416141548163,0.061519877636310616,0.2749359613744225,0.018452603,-0.00034453206431842986,-5.4703905814884385e-05
275,AL_L_275,AL_L,AL,L,20,0.729254892029233,0.7991009056124594,-1.0369943598636753,-0.31765453392268594,-0.17801408741519467,0.062384134462059294,0.2780577027646256,0.017892,-0.0005260612897342552,-8.843520165733664e-05
276,AL_L_276,AL_L,AL,L,20,0.2579405144238459,0.23207383053363695,-0.399549097038373,-0.04875265110821588,-0.014241761381686521,0.0530638170113946,0.275346011026286,0.018578466,6.711387757136462e-05,0.0001358177762864879
277,AL_L_277,AL_L,AL,L,20,1.0924392207789455,1.2662712127930065,-1.3492747825519185,0.6540943898267019,-0.233898237195428,0.07090040821489853,0.2808149412728068,0.017581511,0.0012441190772722692,8.060164462849836e-05
278,AL_L_278,AL_L,AL,L,20,-0.5366731919415156,-0.5100880460681427,0.12725903445606956,-0.6087461727869397,-0.3796549670932726,0.03900095362362081,0.27121949045200416,0.018817578,-0.0009392638988630613,-0.00014472502277601508
279,AL_L_279,AL_L,AL,L,20,0.31967350964362445,0.3191458428500496,-0.3209819340359544,-0.552887755833243,-0.22604426475270448,0.05503615427940132,0.2758006732404553,0.018402472,-0.0006361203073274915,-4.2617920317999315e-05
280,AL_L_280,AL_L,AL,L,20,-0.2718612308821492,-0.2874525628573281,-0.3385733200626713,-0.6669430057957447,0.08484243925616093,0.04413598222693172,0.27228270542502897,0.01842615,-0.0011470929457347522,-9.205222774194885e-06
281,AL_L_281,AL_L,AL,L,20,1.016111904796192,0.8546055990894686,-0.7637304087857226,-0.08450920906759006,-0.16950683314346732,0.07004713759189599,0.2785425329139032,0.01813671,0.0002875945476825166,0.00024287160352537282
282,AL_L_282,AL_L,AL,L,20,0.47221158150691933,0.7112631870581191,-0.6068928243302546,-0.1873164662606196,-0.1224452759805698,0.05850336633759394,0.27750184335498945,0.018022817,-0.0001963999711629009,0.00010679742074908736
283,AL_L_283,AL_L,AL,L,20,0.07984671087871384,0.03143564554942588,0.04803304982785969,-0.16830218580357356,-0.2959805852764247,0.050056419215872096,0.2742643960565779,0.018804079,-0.00023347874683577662,3.927745994619981e-05
284,AL_L_284,AL_L,AL,L,20,0.44799119761796724,0.49332733607471474,-0.676869177627595,-0.10774889257729377,-0.03051530610576466,0.05726647919973179,0.2763285433596988,0.01826638,-0.0002955799786798127,-5.741476058113309e-05
285,AL_L_285,AL_L,AL,L,20,0.5437984145708924,0.3665438142718542,-0.5682121534263149,-0.861287390733572,-0.1965789267867494,0.060905657392430854,0.27626534068600106,0.018396053,-0.000449023996329483,0.0002242083591662817
286,AL_L_286,AL_L,AL,L,20,0.9929488347934917,1.2788050832429465,-1.064593455893983,0.1519465305482236,-0.28114412901606955,0.06866400278365709,0.28071087434428266,0.017855298,0.00032988448222456677,3.255382736363917e-05
287,AL_L_287,AL_L,AL,L,20,0.10062568420239623,0.25013660364823964,-0.07223117706507853,-0.8073704742612214,-0.1262290634744502,0.05101006172148884,0.27538742410996886,0.018667188,-0.0013952956764263413,-2.2191268637912067e-05
288,AL_L_288,AL_L,AL,L,20,0.2943261498727835,0.12222197712224966,-0.03569188468489001,-0.7226707336686585,-0.22286878691592266,0.0555877893472139,0.2745740872526632,0.018726775,-0.0009012519265639843,-1.6587324646062737e-05
289,AL_L_289,AL_L,AL,L,20,0.7943289125145028,0.8469569525429606,-0.8234358354318336,0.6775413735575441,-0.1171806215842277,0.06467517598479672,0.27834033191177715,0.018074691,0.00038222183364397484,0.0002453272394307869
290,AL_L_290,AL_L,AL,L,20,0.23588126187326858,0.33249091343782666,0.21579837436154295,-0.2867369705125661,-0.2160432332203678,0.054141233630840904,0.2759465073756434,0.01902182,-0.0007637189635335535,-4.921964084348105e-05
291,AL_L_291,AL_L,AL,L,20,0.5956491021661408,0.6550590033105108,-0.7305675306958942,-0.19757009625339234,-0.192512784236189,0.060530906891853364,0.27742622948329865,0.018251805,-0.0001683359931425532,0.00021754969978806188
292,AL_L_292,AL_L,AL,L,20,0.9378782140480931,1.5076072529683273,-1.5122311252778786,0.6131419294637417,-0.13616073686903235,0.06739670634455436,0.2816682830057586,0.01751832,0.0007964923772779727,0.00016213645555393643
293,AL_L_293,AL_L,AL,L,20,0.6178557517691136,1.214040178856712,-0.4678798864457037,0.10165139558147925,-0.06804334404809484,0.06149214621126212,0.28024705912801656,0.018380376,0.000550906276047398,0.0002618075284247965
294,AL_L_294,AL_L,AL,L,20,1.017556018190955,0.8324036985308363,-0.9739377468395999,0.07182143639388636,-0.3529242045096649,0.0686362135516999,0.27811777594616294,0.017897505,-0.00026127152406607617,-8.425767841166559e-05
295,GOR_R_295,GOR_R,GOR,R,20,0.6978426362908061,0.1692758634983003,-0.21268822834690204,-0.1452623261555493,-0.13387883648491244,0.06343728476840899,0.274453264500627,0.018465037,-0.0003868401323442855,0.00012025901953466337
296,GOR_L_296,GOR_L,GOR,L,20,0.3932523255657377,-0.10515642490287283,-0.09138910899759205,-0.13919968260407875,0.16408546010988886,0.0583852622924386,0.27360310422722733,0.018661084,-0.0004642778597757526,0.00017109890044976898
297,SCL_R_297,SCL_R,SCL,R,20,0.426673037098683,0.2613231922459337,0.20515453760261435,-0.1903100124211937,-0.1986122492216144,0.05797062212529168,0.27506631642411056,0.018695394,-0.0005869335541808609,-2.700686277008175e-05
298,SCL_R_298,SCL_R,SCL,R,20,0.11178562153431515,0.43148489067968665,0.22075116260911662,-0.24656709225162504,-0.18492536257917241,0.052779022167949496,0.275908239546602,0.018728467,-0.0006763748255844769,-0.00013583032266230216
299,SCL_R_299,SCL_R,SCL,R,20,0.31154791607082744,0.23609612904351246,0.03671279052868419,-0.02603612951532961,-0.1126361522396925,0.05718838077602517,0.27577492124284153,0.01873764,0.00044113863511055924,0.0002401967734362076
300,SCL_R_300,SCL_R,SCL,R,20,0.6330862764968772,0.269814667747645,-0.11181785359552446,-0.3033703703419147,-0.31539287829871737,0.06311757117569257,0.2756628559207825,0.018437184,-8.434068204838211e-05,2.4231318756344733e-05
301,SCL_R_301,SCL_R,SCL,R,20,0.2765959897665663,0.44149008487812313,0.07167504597977753,-0.19466361632656332,0.04831131037178104,0.05521978047047908,0.2759751873212214,0.018617615,-0.0007379378434620835,1.4045856784202967e-05
302,SCL_R_302,SCL_R,SCL,R,20,1.1400135818017088,0.8341473505240558,-0.5227640356034653,-0.06984669803096841,-0.3803022581765671,0.07314173548210567,0.27856373544852825,0.017925557,-0.00031176236812743065,-4.736871148723007e-05
303,SCL_L_303,SCL_L,SCL,L,20,0.3501469574296729,0.024417083545795755,-0.02120161336591761,-0.4487239310090801,-0.054045370962261696,0.058567914048310465,0.27457913313005056,0.018536638,-0.0008961262390254486,0.00027821571851665774
304,SCL_L_304,SCL_L,SCL,L,20,-0.030634724043278327,0.21347507327151333,0.29269221190131633,-0.452652314008059,0.19895242229104465,0.04887640334186872,0.27535334511165893,0.018851588,-0.000950344468633476,1.4256620386475099e-05
305,SCL_L_305,SCL_L,SCL,L,20,0.20796554153439978,0.26496042631053435,0.18487458210560165,0.28057887677988935,-0.14862717380235138,0.05431362539109791,0.2752103540551764,0.018802278,-0.00013183448532511907,-5.661403400227297e-05
306,SCL_L_306,SCL_L,SCL,L,20,0.3591007110304546,0.44132433490410816,0.01983561037193093,-0.3413931187831166,-0.05662667442590017,0.05949746802164968,0.2771041747579875,0.018420538,-0.0008084049890425719,7.867084773116514e-05
307,SCL_L_307,SCL_L,SCL,L,20,0.5713960235567043,0.39652264046180474,0.02012612944808728,-0.3171940535116661,-0.3917551234898782,0.06386092525289513,0.2764401347897533,0.018588137,-0.0004494987687399611,-4.6094462811880314e-05
308,SCL_L_308,SCL_L,SCL,L,20,0.22843435132639942,0.07473010180634301,0.17247229263828692,-0.36110092606267397,0.04297718338092434,0.05646890878035552,0.27539368282853055,0.018902931,-0.0007478333647928118,0.00016080122692940018
309,SCL_L_309,SCL_L,SCL,L,20,-0.31189401746608003,-0.15301708606674363,0.6894081359144084,-0.06953344726958909,-0.06510027038699781,0.044668030065846444,0.27315303762935916,0.019260326,-0.0003336008415627693,0.0002889713695557326
310,SCL_L_310,SCL_L,SCL,L,20,1.4666980158914946,1.1498004872123184,-0.9388497377285727,0.16181786908418266,-0.3784597493920222,0.08031285786850176,0.2803242354614225,0.01784442,0.0001233832264135149,-7.451010291642548e-05
311,ICL_R_311,ICL_R,ICL,R,20,0.09599066544804868,-0.29506083314773407,0.2812663084024708,-0.1303812242198082,0.08720492901743257,0.051255635608483105,0.2725333687409854,0.019138254,-0.0005115646858784011,0.00014163464053570116
312,ICL_R_312,ICL_R,ICL,R,20,0.24404456208430664,0.12156976351529152,0.1732891340787404,-0.09848185671193568,-0.09745829562776545,0.05627709118346861,0.27551601516296226,0.018674973,-0.00013805773929056735,4.142350419823629e-05
313,ICL_R_313,ICL_R,ICL,R,20,-0.047933732940864934,-0.3833383115569403,0.16352419180495673,0.02926566562690176,0.032959708685507204,0.049283307738133816,0.27191829994841704,0.019010417,-0.00023015155205155752,1.2347923898692044e-05
314,ICL_R_314,ICL_R,ICL,R,20,0.16726157320375715,-0.02026155095548688,0.31121097089776906,-0.09624428896812223,-0.12391711721478574,0.05276369899964274,0.2739314100086139,0.018892992,-0.0006686475047923788,0.00022232208099499554
315,ICL_R_315,ICL_R,ICL,R,20,-0.20203012170365592,-0.28970489486174233,0.2473893211313824,-0.33653849249062145,0.27087902363091804,0.04490124881775244,0.27228812332072816,0.01905239,-0.0005428738964484597,0.00024329399229182
316,ICL_R_316,ICL_R,ICL,R,20,0.031008861173135217,0.057581412570090154,0.31589002946421985,-0.03279767038659191,0.17137177117339236,0.05176000906925567,0.2748708584950146,0.018824127,0.00027709684977045605,0.00026150893714313445
317,ICL_R_317,ICL_R,ICL,R,20,-0.185054474322619,-0.2496993764578242,0.2550425097129665,-0.16875711338237084,-0.5312422076777922,0.04771553419463938,0.2730538856507228,0.018866882,-0.0008046595820616242,-0.00021627528248379624
318,ICL_R_318,ICL_R,ICL,R,20,0.80375449253825,0.18323207149277465,-0.15597082563707482,-0.22722916794467135,-0.17377884892908735,0.06587257180251976,0.27486940053076336,0.018391337,-0.0005832543266787018,5.451874495831742e-05
319,ICL_L_319,ICL_L,ICL,L,20,0.16937008224028044,-0.1790889582802752,0.031707238699296605,0.1757948604962689,0.12555259978652486,0.05457651948720475,0.27285646293078714,0.018712066,0.000288264092744936,0.0004187868632751624
320,ICL_L_320,ICL_L,ICL,L,20,0.07137948175833762,-0.10990635878789726,0.20106484760242166,0.03426026528554858,-0.07110348896172698,0.05236547456525782,0.27346745154588287,0.018768042,-0.0007041482394387257,4.708584709763325e-05
321,ICL_L_321,ICL_L,ICL,L,20,-0.1940450503913938,-0.3832487607611805,0.1634574815329174,-0.019471350714431974,-0.08248495493651524,0.047032999561646846,0.27184046177562543,0.018988486,-0.000326828318239278,6.089025450360257e-05
322,ICL_L_322,ICL_L,ICL,L,20,-0.3217014438184338,-0.5303098097266759,0.37530008399546433,-0.012164022146389805,0.14055013377348977,0.04569783483183153,0.2713816858251688,0.019079003,0.0001349606531378487,0.0003740349241089381
323,ICL_L_323,ICL_L,ICL,L,20,0.2993522213288119,0.24102094375088606,0.07903247084765042,0.19321789015370086,0.026734230436701985,0.058627171297068535,0.27614691791496604,0.018688938,-0.00010639928825826773,6.832688419326378e-05
324,ICL_L_324,ICL_L,ICL,L,20,-0.3422282048060157,-0.276917380308786,0.2611898826157163,0.03125090716768118,0.2375794107664553,0.044007058093796306,0.27245546816633226,0.019073835,-0.00015929082517382044,0.00024394869493894343
325,ICL_L_325,ICL_L,ICL,L,20,0.1933038469524972,0.11645741406540178,0.14084580106976752,-0.1207076476502635,-0.1271253276817262,0.05572610477388945,0.2743811191995258,0.018625231,-0.0007383509049484823,-3.4038089269578425e-05
326,ICL_L_326,ICL_L,ICL,L,20,0.7753190888052062,0.18947123325058324,-0.42800102259367934,-0.2743566681953242,-0.0015908063831573545,0.06623289615824297,0.2748355141559731,0.018332256,-0.0001042167173469319,9.483631188194452e-05
327,ME_R_327,ME_R,ME,R,16,-1.2443771869280185,-0.7830561348464053,0.3200001855511479,-0.1327896257828254,-0.38867953962085233,0.025419639966693323,0.2701083757441197,0.018266514,-0.00010079122164303089,2.7988229662020765e-05
329,ME_R_329,ME_R,ME,R,19,-0.8701223131603111,-0.34350860155721563,0.4503539710980044,-0.1657399906281991,-0.2818138769602018,0.033908658649986656,0.27191031286800355,0.018673776,-0.0005340042610704311,-3.7153464979747266e-05
330,ME_R_330,ME_R,ME,R,19,-0.8258919933873814,-0.5096727812151157,0.04678680161099985,-0.062078496576275746,-0.28533516867393893,0.036357466228484306,0.2708807161780056,0.018195977,-2.0007112654311613e-05,0.00015287673550738674
331,ME_R_331,ME_R,ME,R,19,-0.8474892599853939,-0.40573413762902427,0.3777661866120782,0.06808454911330887,0.7619166867190036,0.03295539214210139,0.2714358143130806,0.018875618,-1.524557635076501e-05,0.0004676579782595734
332,ME_R_332,ME_R,ME,R,18,-1.1384420995193512,-0.7396732986519274,0.4888274645903256,-0.18607161273649636,-0.5223849914708342,0.02877234726473743,0.27031767506150567,0.019038318,-0.00013986151247833022,-8.816619072089858e-05
333,ME_R_333,ME_R,ME,R,19,-0.6433273564785174,-0.46590908455513164,0.3860794966449965,0.16601610895278143,-0.09569377794927483,0.037746614685601615,0.2715780644066226,0.018771982,-1.0145029270167805e-06,4.723588010832158e-05
362,ME_R_362,ME_R,ME,R,18,-0.8994135930098016,-0.5988601564542634,0.00429765787406493,-0.19960280678930584,-0.588278837702347,0.033193925597797214,0.26992313841811344,0.018631103,-0.0005592513031720301,-0.00042921042897998567
363,ME_R_363,ME_R,ME,R,15,-1.4249196933692467,-1.2859963404801562,0.2728439515288336,0.19255240231093967,0.10203922703901695,0.020535439225727852,0.2670280398542859,0.018068416,0.0007055578217989744,0.00047537773567801983
371,ME_R_371,ME_R,ME,R,18,-1.2314429867145833,-0.8486351017977829,0.4362954603638759,0.0015237109178044767,0.010596409537013214,0.02556112779061363,0.2698822494817732,0.019244503,-0.0001311853846448502,-0.0001355281369558821
373,ME_R_373,ME_R,ME,R,16,-1.2656254465449093,-0.9786207347410333,0.2678844921099788,-0.10816842497224657,-0.554127981017642,0.0257629927854043,0.268931993001607,0.019014727,6.526496897588548e-05,-0.00023457612888701826
382,ME_R_382,ME_R,ME,R,15,-1.4692987972603322,-1.1740589352415114,0.16157241801634425,0.44201975473515803,0.708580313756099,0.021252370148012952,0.26767387049096975,0.019550947,0.0032269553111338345,0.0006825937454332042
385,ME_R_385,ME_R,ME,R,16,-1.5076097853000092,-1.3869412408860597,0.28471259394873694,-0.07579584383489664,-1.4537848154994235,0.020319563402464515,0.2667283732461144,0.019799521,-6.551261245491417e-05,-0.0021887577384876256
390,ME_R_390,ME_R,ME,R,18,-1.324618509013805,-1.2317057285021293,0.10461089002225098,-0.24097661464333228,-0.0385027801467795,0.023413060714952107,0.2666155992825497,0.018621746,-0.0004234499648582629,-0.0008988530223419372
398,ME_R_398,ME_R,ME,R,16,-1.4513585727118876,-1.4276158159625147,0.06168521145798841,0.008970034010618917,-0.5450614912546525,0.021464030052437084,0.26638258119917463,0.018981922,0.0004949383582210887,-0.0004623267342876181
438,ME_R_438,ME_R,ME,R,18,-0.972716765085778,-0.5694586620184355,0.4548891973294751,0.023502898541249314,0.33392657226454825,0.031034744456743566,0.270689687026466,0.019091167,0.0006551910416564781,0.0004645800695319153
440,ME_R_440,ME_R,ME,R,18,-1.171217522523402,-0.6822281920204818,0.2947310236574984,-0.030243440859856172,0.721964175546976,0.026978248005777763,0.2700670707621387,0.01899029,6.333566889072692e-05,0.001404537115624541
442,ME_R_442,ME_R,ME,R,18,-0.13371424335081514,0.34641029980755333,-0.011321133849240403,0.18916241455841065,0.1388973414551228,0.04967261641783791,0.27446045092569193,0.018148564,0.0002946536873189406,0.00012056063439447055
443,ME_R_443,ME_R,ME,R,18,-0.9609671991093387,-0.6405225429887372,0.5829701382542427,-0.14212756838225848,-0.40837863633845906,0.030306475979781082,0.2702978926452746,0.01910881,-0.00021850895697397182,4.611765142860924e-06
445,ME_R_445,ME_R,ME,R,18,-0.6793387265411648,-0.435267797758438,0.0684893167649241,-0.05888225787512569,-0.38003217920805976,0.039623759062414755,0.27132475721069604,0.01836278,-0.00039502902008556177,6.160711197847536e-05
446,ME_R_446,ME_R,ME,R,18,-1.2066884701841936,-0.9224916936456548,0.43264077301003867,0.007640449877580457,-0.10244067040219211,0.027397627512218584,0.2693333254006578,0.018894326,0.0002767409009489327,0.00043545008478573517
447,ME_R_447,ME_R,ME,R,18,-0.6028133294105742,-0.3557205995746186,0.1515220950561653,-0.05205464618320068,0.24516962570487313,0.04067712603737577,0.27261037355604417,0.01864617,7.609935841411558e-05,0.0010239486427223697
448,ME_R_448,ME_R,ME,R,18,-0.6158173120317765,-0.26846716092332396,0.03511148103543618,0.020910344809283554,-0.4399387823193606,0.041352406814275745,0.27264134986906197,0.018331544,0.0001574275870709905,-1.7028342221258273e-05
449,ME_R_449,ME_R,ME,R,18,-0.5656796965270874,-0.1869371126580618,0.0016288124355777825,0.15845306638529286,0.09444508673033537,0.0403034671735682,0.2730864462117048,0.018642051,0.00020343261454237706,0.00019773210911648315
450,ME_R_450,ME_R,ME,R,18,-1.048564144228564,-0.6684618510644392,0.13448293839793385,-0.03548039009670753,0.10439284304264541,0.030311150717589816,0.2698177361455472,0.018686507,-0.0005060798455556287,0.00042249239796947547
451,ME_R_451,ME_R,ME,R,1,-1.3362066688427374,-1.1180952596173181,1.7959694603531995,0.26461027686702665,,0.018096929896041013,0.2658116054137196,0.011922527,0.00011628756315953899,
480,ME_L_480,ME_L,ME,L,13,-1.5376237309675096,-1.6598601450952455,0.11094225987183531,0.01863178743188191,0.2886477099593833,0.019410945470156496,0.2655718535283862,0.017614517,9.958002473813153e-06,-0.0004344993477425548
481,ME_L_481,ME_L,ME,L,19,-1.4549139873951067,-1.3469310120888043,0.30667851848208677,-0.029240502010316104,-0.3350715179683257,0.022121136826293,0.2666297505068284,0.019373428,-0.00039694467089600714,0.0015130272329802797
483,ME_L_483,ME_L,ME,L,7,-1.6780754103735496,-1.9012103722192026,-0.3228411579990259,0.5738368574724213,0.015315845852110854,0.020683486288079842,0.26580465245997437,0.019424837,0.005808322486520274,-0.0012460647922418883
491,ME_L_491,ME_L,ME,L,19,-0.8604400761798674,-0.5656459913223902,0.22187262366509622,-0.04203696954028749,0.2556454561737876,0.03440006761501227,0.27091899172874995,0.019367391,-0.00029197154574153137,0.0004430217246708391
492,ME_L_492,ME_L,ME,L,18,-0.7891184221918085,-0.6652976908782988,0.22844569297581266,-0.0951989174339674,-0.3700838566525935,0.033660215211030076,0.26985817274154444,0.0183544,-0.000513437683032876,-0.00017183311531508239
493,ME_L_493,ME_L,ME,L,17,-1.443914478259177,-1.3718746215294217,0.25095862988939655,-0.1276620378452394,-0.7291615986739757,0.021265631369852715,0.26687926256899697,0.018665684,-0.00015430096786388865,-0.0008328758090204132
494,ME_L_494,ME_L,ME,L,17,-1.4155037132643837,-1.278828584141257,0.19429482880587579,-0.0475450252629904,-0.4738161471502464,0.022314050007362557,0.2670746472697414,0.018482476,-0.00029316992667727146,-0.0006779630998029509
495,ME_L_495,ME_L,ME,L,15,-1.512004678519717,-1.4819534877768588,0.015300204799475529,-0.051567558363218816,0.6997210211098368,0.021307220328972823,0.26616344053118984,0.019389242,1.0398922163692669e-06,0.0010502480729917513
496,ME_L_496,ME_L,ME,L,17,-1.2215514664121268,-1.012547432718744,0.010736948243034642,-0.13857577071289046,0.15653564869566045,0.02669981616919447,0.2682154948941804,0.018501146,-0.0003277922022296812,5.981381630188092e-05
497,ME_L_497,ME_L,ME,L,17,-1.4077237020573004,-1.0937962618530983,0.41507765854607503,0.028722677567128593,-0.34569532185073676,0.022037991543374293,0.26791612772415796,0.018851869,-8.736164355510773e-05,-0.0006709312365660142
498,ME_L_498,ME_L,ME,L,17,-0.7917479489392945,-0.5837851892283541,0.24440047323059008,-0.11168864978709292,-0.09178397376738304,0.03411805145269051,0.27094618348506183,0.018821586,-0.0005012152512551091,0.0002675145904313096
519,ME_L_519,ME_L,ME,L,2,-1.7121997158539046,-1.2451953046490911,0.07773889123644984,-0.08635747278236029,3.178670999611636,0.02097989315094572,0.26541493297864677,0.016587028,-7.969198863866465e-05,0.001614326763498996
525,ME_L_525,ME_L,ME,L,1,-1.6624846537920452,-1.6535171680696135,0.4138857062322718,-0.24851182145055284,,0.019127383005623676,0.2630316260190922,0.025192166,-0.0003663034784088356,
531,ME_L_531,ME_L,ME,L,15,-1.3124022863566907,-1.2902489069966943,0.29698431564485955,0.22792532695188328,0.007305785399496556,0.025022459992283596,0.26733325980002154,0.019461852,0.0006956493819590758,9.691088938163302e-05
545,ME_L_545,ME_L,ME,L,18,-1.3331237005369765,-0.975838565585717,0.14120111201117597,-0.0903209260735992,-0.1927447122348886,0.02390717669860642,0.2683844236373244,0.018358162,-0.0005405991224553923,0.00012196407846124717
546,ME_L_546,ME_L,ME,L,19,-1.031560824378948,-0.7667437234017608,0.29958756518786694,-0.12021878842977878,0.1772411524908066,0.031085511244944696,0.27026207848312805,0.01944594,-0.0002817722857996341,0.0004576909789275669
549,ME_L_549,ME_L,ME,L,17,-1.4672122490491533,-1.4606261139388566,0.36006954558044235,-0.18046067335747415,0.8735987921994819,0.02126562368240069,0.2664170858970103,0.018745122,-0.00018479186738787156,-8.269000475030113e-05
550,ME_L_550,ME_L,ME,L,19,-1.1417102680347944,-0.9256199600080629,0.4289698151661468,-0.02933467360811016,0.9104241078700955,0.028664860611713763,0.2687786490809235,0.01956431,2.7685634028199015e-05,0.0016899980220948612
551,ME_L_551,ME_L,ME,L,3,-1.678266622535985,-1.4425621335890702,0.26278764504393887,0.0318531861364173,,0.018264721171089387,0.2641219241730077,0.022382015,5.050502323549352e-06,
561,ME_L_561,ME_L,ME,L,18,-1.373859791653257,-1.1918211773305092,0.10593124263659119,0.02680892817427936,0.24053315825020477,0.022745024549395434,0.2675611942768778,0.018294333,6.010487348118218e-05,-0.0003020684388104993
569,ME_L_569,ME_L,ME,L,5,-1.3684321314948016,-1.1485832006096057,0.315735648390728,-0.05834679603845729,,0.018914908912960306,0.2657649748063355,0.016011892,3.489261477158879e-05,
580,ME_L_580,ME_L,ME,L,2,-1.1711367492964593,-0.9389519778004696,0.7106796136885765,0.27701583323448076,-0.6176808841766828,0.019723087093612916,0.2656374349618387,0.016826091,0.00025985043527040105,-1.1609150554360337e-05
592,LOP_R_592,LOP_R,LOP,R,1,-1.5532274560573152,-1.1208408064294626,0.372698178088755,-0.1493964987049893,,0.01741339268970696,0.2650847281005646,0.0121320635,-0.00010383194645068475,
597,LOP_R_597,LOP_R,LOP,R,9,-1.6888106138971932,-1.5478299779012565,0.4105477277865051,0.27939828485851065,2.5696447189673166,0.02140861117934932,0.26735708901228833,0.023599228,0.002788951818345999,0.0014312928994182205
608,LOP_R_608,LOP_R,LOP,R,1,-1.5348887994452707,-0.8797753025107773,1.0058346119490098,0.13226727299394447,,0.01764021683414632,0.26626140229910916,0.012393311,9.192697637315308e-05,
633,LO_R_633,LO_R,LO,R,15,-1.5570376486285382,-1.4314731580523887,0.032958668657589146,-0.004975706149435769,0.9025267409400785,0.018985535616661463,0.2662160700892422,0.017955117,7.635554513247644e-05,-0.0006909084369901258
634,LO_R_634,LO_R,LO,R,20,-0.8568854685443343,-0.6909554846360162,0.490008089026987,-0.022692772911235358,0.21978251051543835,0.03582807253911933,0.2706581268218614,0.019070322,-0.00013656376854989316,0.00030551024235034
635,LO_R_635,LO_R,LO,R,17,-1.482687915376374,-1.297675702422972,0.14745747078230484,0.07049320729187365,0.9623956039703199,0.02000318319811248,0.2672409445818091,0.01849685,-8.795464936288666e-05,0.0009487632631339798
636,LO_R_636,LO_R,LO,R,19,-1.094255257819941,-0.6774660240851628,0.4478133030646311,-0.040731963874967546,0.9947708484845772,0.02927857705333633,0.2709354980018435,0.019361263,-0.00029385534089616615,0.0007470016683056819
638,LO_R_638,LO_R,LO,R,18,-0.8677877492465496,-0.2324072983552451,0.4149743480530711,-0.05614542389784484,0.6800802193519434,0.03358369171705337,0.2736729616035769,0.01978981,-0.00036097748528983627,0.0007522539281257792
639,LO_R_639,LO_R,LO,R,7,-1.400287812217298,-1.079480586184688,0.5018518273010583,-0.03899573827786175,0.15347853918174714,0.01770592653524356,0.26661863058635094,0.015126506,-3.014972454511305e-05,0.0002627803422284845
642,LO_R_642,LO_R,LO,R,19,-1.3382012110316583,-1.1011029979484173,0.25481920253235524,0.09859605489623265,1.1739173382917294,0.023690074300475455,0.26827423505712317,0.019330163,0.00044000193034475363,0.0011471643004644877
643,LO_R_643,LO_R,LO,R,19,-0.7155706088677906,-0.5134685471809302,0.43234212686629736,-0.07250464101720702,0.22884975903358581,0.03647503516598501,0.27165703941055347,0.019458355,-0.00045314534565726975,0.0005544579683594372
644,LO_R_644,LO_R,LO,R,19,-1.0306556856573663,-0.7525139025601926,0.2623001891068889,-0.03469933147970234,0.3699831111167599,0.030029059600377536,0.27010591556215513,0.019339161,0.0001497491619337753,0.00035699678758974705
645,LO_R_645,LO_R,LO,R,19,-1.0227885343098102,-0.7284488886970737,0.46683495387400475,-0.00962593876298726,0.8527113014072244,0.02992939586929713,0.26975868333885844,0.019446835,6.326759675342234e-05,0.0011403156164963742
646,LO_R_646,LO_R,LO,R,19,-1.2335812598025488,-0.9660204365315835,0.458252544338828,0.032587538913608584,0.32066685567185005,0.025732456607439266,0.26909868416205046,0.019468447,0.00023014026049378113,0.00048232299557522847
647,LO_R_647,LO_R,LO,R,19,-1.1084048345208386,-0.5736387828973034,0.428538074196872,0.10929410801702505,0.6516832343952731,0.028241941997602778,0.2710928718761644,0.01940967,0.0003195090953954357,0.0005151839809026638
648,LO_R_648,LO_R,LO,R,19,-1.2611971189603859,-0.9508418037909769,0.3261063446293954,0.07423492308090633,-0.4684816228207623,0.024822686284526,0.26912355468394317,0.01926923,0.0005266049316218912,-9.002875828303272e-05
649,LO_R_649,LO_R,LO,R,19,-1.3066130288761009,-0.737534081473169,0.6795020541773573,0.04066866529467599,-0.009260199380883793,0.02423649248112232,0.2699849565133549,0.019535948,0.0006083198993962513,1.1846781779577882e-05
650,LO_R_650,LO_R,LO,R,19,-0.912592908572507,-0.569494435210553,0.6175454663016906,0.05276710170870427,0.3477764592530223,0.03208443237136071,0.2710468983264256,0.019528085,0.0004670872473180143,0.00035120491591628653
651,LO_R_651,LO_R,LO,R,18,-1.3556792687941017,-1.014498668787297,0.41017313264418376,0.07724682402806542,0.0329658781694443,0.02291039632128282,0.2689393463441475,0.01907041,0.0003486631009948392,0.0004557843111256543
652,LO_R_652,LO_R,LO,R,19,-1.5206626440434825,-1.3209708540284093,0.3745379332807259,0.021018033712307625,0.1443745810099208,0.020153227016432303,0.2664420572359086,0.019218797,-8.372263797946087e-05,0.00016929106472518614
655,LO_R_655,LO_R,LO,R,19,-1.219038213656146,-1.0335536527788487,0.3261179253123791,-0.08219808883404707,0.5930406889318143,0.02624659405465078,0.2681324285806469,0.019256312,0.00021677670943304376,0.00045650049995862076
658,LO_R_658,LO_R,LO,R,1,-1.4353885895723988,-1.3146381309516324,-0.10491895482515394,0.25296881405493715,,0.01698945346625436,0.2652967236622379,0.011212653,0.00011117152096322405,
659,LO_R_659,LO_R,LO,R,17,-1.4263854846369604,-1.1891612809086565,0.5248129264649647,-0.10719865911909628,-0.6211822698403404,0.02170592876171224,0.2675157503441761,0.019589102,-0.00013853354695821145,-0.001093746043359241
660,LO_R_660,LO_R,LO,R,8,-1.4038633933413376,-1.3486746795216893,0.3038346179671473,0.02727027767919857,3.576297432850165,0.017193480172245902,0.2650423040772252,0.015156642,-2.4016174913805745e-05,0.0036530343383572115
661,LO_R_661,LO_R,LO,R,19,-1.1602503434438303,-0.7042325538405567,0.4492818253242669,0.024899568856781695,1.0180297513504668,0.02802078030981397,0.27043485530340183,0.019500589,-4.592452889371398e-05,0.00023056383164340609
662,LO_R_662,LO_R,LO,R,19,-0.7817330230565389,-0.24037163865153927,0.47573303019068025,0.19466377073722252,0.8623078044398247,0.035765115972967,0.27360664171967725,0.019525787,0.00036235510893927565,0.0007328900753623476
663,LO_R_663,LO_R,LO,R,17,-1.4130712403294672,-1.1446921496418712,0.4377898448169938,-0.047786328747601234,0.49657545686843846,0.022057319266983778,0.26828970079002834,0.019597309,1.4726397681488247e-05,-0.00015936687779870518
664,LO_R_664,LO_R,LO,R,8,-1.7157366333493576,-1.6316960910549148,0.3438054354108028,0.208189178864598,3.4812311532606586,0.01944325496170059,0.2660344503023989,0.022637503,0.0021760188444253617,0.0037836204640476333
665,LO_R_665,LO_R,LO,R,17,-1.3001282357466182,-0.9957230472929147,0.28070323200540637,-0.023902323229418085,0.5976003383575749,0.02541294978977925,0.26912429473943383,0.019483492,-7.765161031426905e-05,0.0010914646733140372
666,LO_R_666,LO_R,LO,R,17,-1.4902736455789825,-1.1501497490242742,0.49129554415304627,-0.0027169868585677198,1.0117977669906728,0.0201043089848442,0.26777178679347186,0.019692738,0.0005343694462030904,0.0001736015645962557
667,LO_R_667,LO_R,LO,R,10,-1.4736388939888097,-1.236933509538891,-0.09241393961217785,0.11189447143493189,-1.8064686927401015,0.017205179621824877,0.26560742847493557,0.016706744,6.477865670202842e-05,-0.0016941311615134092
669,LO_R_669,LO_R,LO,R,13,-1.5886315173478163,-1.6741109839388244,0.10354970433982576,0.18089801230137484,-1.313517640874384,0.018600842468031124,0.26559276289896594,0.01896566,0.0017257883524791036,-0.001651938668748269
670,LO_R_670,LO_R,LO,R,15,-1.57748252763365,-1.4392403471332713,-0.05563672487778157,-0.03160936519030492,-0.5250812214715147,0.018831129257650858,0.26667759460275353,0.01890434,1.235100978712755e-05,-0.0005444889163847496
671,LO_R_671,LO_R,LO,R,19,-1.2853772205382454,-0.8653134345570141,0.2678661437065883,0.011706613344177979,1.1457629952244142,0.024658632207978825,0.26945526401355013,0.019294119,0.00045890024989868084,0.0011676608185430563
672,LO_R_672,LO_R,LO,R,16,-1.4005027538959012,-1.1934390015882355,0.5196969579797099,0.04216516388983732,-0.594807503893384,0.02169893845076515,0.26786075216515587,0.018822568,-0.0002474655492763637,0.00011667628065109461
674,LO_L_674,LO_L,LO,L,7,-1.7609519927714214,-1.506031344255622,0.049250267323252696,0.27099454613069346,-0.23855841081640483,0.0193300411970553,0.2684049575400885,0.021884209,0.0015407211593620053,-0.0006146066275988141
675,LO_L_675,LO_L,LO,L,20,-0.8863917442070555,-0.6074475778652805,0.08058805009607123,-0.0895520977132813,0.6736091603047429,0.033698307801199555,0.270902259407735,0.018936222,-0.00020131030336231976,0.0004283607132952933
677,LO_L_677,LO_L,LO,L,19,-0.9275307849459933,-0.5248786205314807,0.4956770155366141,-0.2529332012716518,0.34959026008438,0.030855466436535865,0.2706896524814444,0.018273452,-0.000865191051879858,0.00045293477564561956
679,LO_L_679,LO_L,LO,L,18,-1.4847578835526583,-1.0164196617434065,0.7485739147862301,0.03691875772185164,0.6530503022340676,0.020485299881060716,0.2679648727025519,0.018471895,0.0003207526096660173,-0.00029921392948802533
681,LO_L_681,LO_L,LO,L,2,-1.699800485957163,-1.271031567975081,0.5256775697909362,-0.21069862349118926,4.32132216318826,0.020269580245150545,0.2666677663554686,0.030648284,-0.0008013901469483673,0.006159529749906265
682,LO_L_682,LO_L,LO,L,2,-1.8320813468989048,-1.362085992038078,0.534385185658935,0.13182967150699137,,0.018310546847286252,0.2649114630036048,0.024513697,5.686863227076047e-05,
683,LO_L_683,LO_L,LO,L,20,-1.0119193712676673,-0.8856143439318223,0.3507450596528212,-0.02722147666987428,0.9747302644774525,0.03059676405127788,0.2695113030169347,0.019275561,-0.0001348308033956443,0.0007036623528399197
687,LO_L_687,LO_L,LO,L,18,-1.3624088511136454,-0.984284474220387,0.5296861225766787,-0.0007528128686342518,1.037444022573476,0.022507129735226963,0.26888351535584604,0.018435199,-2.206664327198422e-05,0.0005448740410035466
689,LO_L_689,LO_L,LO,L,16,-1.3605075055338103,-0.8229396735728052,0.49877397769790094,-0.031400170191613605,0.5464807568841096,0.021953626750254057,0.2687113070160863,0.018164303,-0.0001984292234989087,0.0006554037654808196
690,LO_L_690,LO_L,LO,L,15,-1.5728513219636178,-1.4228249921443539,0.014974067237410838,0.3363609686246355,2.5022148891665315,0.01829811119583656,0.26595952020773506,0.017467795,0.0030909361225837325,0.007359224548305028
691,LO_L_691,LO_L,LO,L,18,-0.8713160193822035,-0.4649406777028513,0.4251791465271262,-0.05243687936043769,0.717736974916455,0.032251656176525305,0.27134921920639055,0.018373827,-0.00020107135653332789,0.0005197949910253651
693,LO_L_693,LO_L,LO,L,18,-0.8400221697218335,-0.3715309086091261,0.32795948853873724,0.11707269771509157,1.0281386067399905,0.03277464566661434,0.27186054765697487,0.018334294,0.00014606701287093413,0.0006649860121428797
694,LO_L_694,LO_L,LO,L,19,-0.5077992259999181,0.09809574762325184,0.44018464411926805,0.1026892450633576,0.16222094137617116,0.0396053203455709,0.2738675277360679,0.018210933,-1.1434775027841893e-05,0.00027903508766643353
696,LO_L_696,LO_L,LO,L,20,-0.8579099340434005,-0.5417707390443708,0.474138174042556,-0.09082042468350264,0.8051742002487988,0.0329621754574174,0.2710439484728969,0.019268587,-0.00017233974974064452,0.0006285300358161239
698,LO_L_698,LO_L,LO,L,1,-1.8869872156022092,-1.4957723049562042,0.6679297956178246,-0.5576777191531879,3.3209355002617134,0.018441585401717246,0.2645360787542408,0.01605185,-0.0005570497796884344,0.0008458272335404644
700,LO_L_700,LO_L,LO,L,18,-1.5338676750277707,-1.338474864496117,0.24195251491369602,0.12821244794656597,-2.864138778110711,0.01892378267479427,0.26674603794246354,0.01818687,2.8439210975101938e-05,-0.0031256775272623244
702,LO_L_702,LO_L,LO,L,18,-1.1321879137739144,-0.6791874116847197,0.353722082402564,0.016290176263875106,0.5529149607437172,0.02694849448162936,0.2699734912554512,0.01842084,-0.0003564294195706867,0.00046569762721226297
703,LO_L_703,LO_L,LO,L,17,-1.5631186235967627,-1.5577835696940694,0.10573571825907094,0.18637182093579596,-0.8249457162355146,0.018503241568048435,0.2655586716869308,0.01803751,0.0015288578312196363,0.001276268229504558
704,LO_L_704,LO_L,LO,L,18,-1.0364295598059658,-0.784697530425293,0.33430449327628375,-0.06696184400603689,0.443671664969509,0.028894381100390807,0.27007652840509155,0.018417839,-0.00023614848182265918,0.0002957483703489303
705,LO_L_705,LO_L,LO,L,19,-0.4765839442863204,-0.4880508719725717,0.26091952184568895,-0.0011154075835149452,0.6335230361080723,0.03931794491887241,0.27130697066053155,0.018126776,-0.00019067545625157448,0.00024003604015474192
706,LO_L_706,LO_L,LO,L,18,-1.2882739127184724,-1.065072800444861,0.30444376276067897,-0.07615185831887178,0.29041525776331706,0.0235957246823676,0.26861414404582,0.01831242,-7.961538647342985e-05,0.00016349738535512812
707,LO_L_707,LO_L,LO,L,18,-1.4341381562840736,-1.1951223949215894,0.25541718490154014,-0.09243368827976767,0.298593967819633,0.02096074869042864,0.267525729909353,0.018223276,-0.0002802953081302061,-0.0002506689180161402
708,LO_L_708,LO_L,LO,L,18,-1.2989744363822155,-1.1703395830598877,0.2283469789003403,-0.08613034837239383,-0.08943986231081763,0.023998822628605993,0.2679284423263246,0.018324368,-0.0001145025109789535,0.00011264664826712285
709,LO_L_709,LO_L,LO,L,18,-1.322027841206256,-1.116915258749061,0.1384117854373671,-0.13926699151195004,0.4454590224435439,0.023280791090526234,0.26808968729363003,0.0182191,-6.812039415166933e-05,3.1105699716966186e-05
710,LO_L_710,LO_L,LO,L,18,-0.9741350229449594,-0.8096636952110301,0.3758064299680849,-0.11704910599558338,0.477721283411365,0.029941635673282167,0.26954906126788697,0.018489419,-0.0004937241551872704,7.049725151373825e-05
711,LO_L_711,LO_L,LO,L,18,-1.3886145955335425,-1.1856082626241158,0.23312271588668945,-0.04894162467224991,-0.784438226795382,0.02238946187216258,0.2678286722099492,0.018302746,5.703542694201702e-05,2.694205665146762e-05
712,MB_R_712,MB_R,MB,R,20,0.9846846259982573,1.242002978262119,-0.2104221708948119,0.25580018216444883,-0.17929836149878844,0.06868975564511044,0.2809346992617572,0.018632006,0.0012965128401959097,0.00016057849513739694
713,MB_R_713,MB_R,MB,R,20,0.02099598594425061,0.3167552179380443,0.37583196740606384,0.1007838124515102,0.1815807772262022,0.05069200117909519,0.2754822293294082,0.01900279,-0.00032115043228487036,0.0002748487659988112
714,MB_R_714,MB_R,MB,R,20,-0.08597750838174165,0.5842545993396778,0.4947629549290258,-0.014816154821462073,0.11839693130179103,0.047158281436422776,0.2783729453549958,0.01947765,-0.0005669847067936369,0.00014262254932699626
715,MB_R_715,MB_R,MB,R,20,-0.22511167453687753,0.5967172403597589,0.3873033302418176,0.03691794209483518,0.1577309882336925,0.04416742246820001,0.27746872148771495,0.01928739,-0.0005613315959203909,0.000187028655213408
716,MB_R_716,MB_R,MB,R,20,1.2784691423762424,1.272028239365777,-1.1846111999420097,0.6582139493959628,-0.3995806030429855,0.07347490646112237,0.2804722136945984,0.017863054,0.0002410353300974871,-5.263936456018645e-05
717,MB_R_717,MB_R,MB,R,20,1.0274650163864385,0.5023093694981219,-0.5275804910295815,-0.2964741693857236,-0.5779617998255846,0.07040150886100618,0.27630039522194016,0.017934304,-0.00016666597890595955,-0.00023771969466967186
718,MB_R_718,MB_R,MB,R,20,1.3087142671722956,0.9443318398686282,-1.0127939614423425,-0.43165152566199677,-0.21415600462270606,0.07663411305771346,0.2783920699346602,0.017892057,-0.0005561801339069551,8.453323603249444e-05
719,MB_R_719,MB_R,MB,R,20,1.8931442550528916,0.9480194206738558,-1.3770273554751569,1.3074702166282015,-0.292210376487271,0.08509277169925002,0.27861309297698084,0.01771589,0.0010966018291769268,0.00015074353045047115
720,MB_R_720,MB_R,MB,R,20,2.5342238319566284,1.760200586645059,-2.8549287267817838,3.3287710778745057,-0.44714379463345333,0.10008814702790336,0.2831319922754329,0.016008731,0.005476517511570022,-2.5668448195181078e-05
721,MB_R_721,MB_R,MB,R,20,1.3842091930612972,1.1958504565203902,-0.9874873450946129,0.579800820851091,-0.394332216667587,0.07427010347496048,0.27973742357206993,0.018161038,2.5818422263722167e-05,-7.291518166086107e-05
722,MB_R_722,MB_R,MB,R,20,1.5496256666671846,0.9739792823706447,-1.1786795202216942,0.727592919101752,-0.3707721198120621,0.08138386948773998,0.27931555921151385,0.017435791,0.0019926901858251245,-5.439287509713499e-05
723,MB_R_723,MB_R,MB,R,20,1.2570837300440405,1.04057132321558,-0.6311220146666308,-0.4960213377905737,-0.27909371011268974,0.07677973433197657,0.2798937237540566,0.017915547,-0.0004203396329578822,6.214785529971286e-05
724,MB_R_724,MB_R,MB,R,20,1.5711189479024446,1.500403515029238,-1.5580423673489412,2.3671933163700425,-0.3993894472311744,0.08129458103113262,0.28121112801986137,0.017479176,0.0026413222003350487,4.0061055854546386e-05
725,MB_R_725,MB_R,MB,R,20,1.3740220574785376,0.6870338151363123,-0.5587097368957163,-0.024958664181490377,-0.3761845967944638,0.0791751361637331,0.27755887336297475,0.01783482,0.0008509083268243928,-1.4504040309850491e-05
726,MB_R_726,MB_R,MB,R,20,1.2776838212152006,0.6251325221935449,-0.7759989088224521,-0.3067393431173347,-0.3231925182326433,0.07421616987438476,0.2769077075614925,0.018095227,-5.896240623604002e-05,5.5812056846057436e-05
727,MB_R_727,MB_R,MB,R,20,0.5949122818396982,1.470435401737928,0.2533583054213787,0.6143749901403894,-0.029658002382975567,0.05886387220013203,0.2824431357643965,0.01934029,0.00010796399541700818,6.349606676372547e-05
728,MB_L_728,MB_L,MB,L,20,0.9910760516501315,0.94218840297118,-1.190128653666733,1.3116148121875344,0.009420616568673674,0.06973152645172284,0.2779707373760563,0.017587654,0.001012641629823613,6.983876885941428e-05
729,MB_L_729,MB_L,MB,L,20,1.9666982692064459,1.4022742153248227,-2.221999439175133,2.112842892956256,-0.3538761869259885,0.08785313270377483,0.2812250584021847,0.016817782,0.0021582898820492477,-4.9565803773370274e-05
730,MB_L_730,MB_L,MB,L,20,0.38762197513972807,0.2808787406619508,-0.3298015938808458,-0.1019951111580075,-0.15216753565482866,0.05811777432167745,0.2754642920927396,0.018481134,-0.000354763403976169,-3.836769587836387e-05
731,MB_L_731,MB_L,MB,L,20,1.174254653405897,0.6434154856254171,-0.788574549155344,-0.5824411058264399,-0.18808435147348362,0.07399236461447274,0.2769401164601985,0.017937843,-0.0005020132990762791,8.149496245002009e-05
732,MB_L_732,MB_L,MB,L,20,0.037034586299942426,0.38784745859209596,0.18920726781989414,-0.11339502341490115,0.07062234021184856,0.05179263605301195,0.2756142337767204,0.018682148,0.00015869465518569495,-4.957096366738039e-05
733,MB_L_733,MB_L,MB,L,20,2.202762131913148,1.6369638823029227,-2.1837466410731,2.534830660502771,-0.3090339287763769,0.09510901048339161,0.2827518645685584,0.016366782,0.003196714292959895,-5.461025102763481e-05
734,MB_L_734,MB_L,MB,L,20,1.7482381882098188,1.3509346321451297,-1.4576361205859811,1.2768068830661212,-0.3258761253664169,0.08507915658339985,0.281357874859819,0.017357824,0.0006167372218724229,-5.593795065230386e-05
735,MB_L_735,MB_L,MB,L,20,0.9571977853856259,0.4122518660509379,-0.9178022508110006,-0.013747922191273017,-0.39322848114201436,0.06998208017934686,0.2758295704445012,0.017736834,-0.00037037710569073353,-0.00016240665469191567
736,MB_L_736,MB_L,MB,L,20,1.4185978634502339,1.317358335794194,-0.7996279666543824,-0.1696736496319972,-0.18833803018553258,0.07906907747653816,0.2811546799597785,0.01783042,0.00019326711119145717,0.0001144580449077168
737,MB_L_737,MB_L,MB,L,20,1.4118634810160315,0.9165288656749233,-0.9495249912412398,-0.018657681315276408,-0.30286153684914513,0.07610176881197689,0.27772747658343355,0.018040497,-0.0007293248740274042,-3.2165925510525817e-07
738,MB_L_738,MB_L,MB,L,20,2.118452196631636,1.5326897823501446,-1.941559655873221,3.0399644763075413,-0.42281818410627264,0.0898460222049912,0.28179261909232434,0.017097235,0.002246665872323463,-9.979253227520165e-05
739,MB_L_739,MB_L,MB,L,20,1.1028824556559123,0.6217644757058599,-0.5892414807334589,0.15792721154182174,-0.49002480120205016,0.0710363538871826,0.2765942192847297,0.018023375,-0.0002786334725032911,-0.00019376010850064284
740,MB_L_740,MB_L,MB,L,20,1.1127403105502653,0.6221429349743453,-0.4002312322291847,0.5789975934547474,-0.0281162110706625,0.07062190016998317,0.2770333507825357,0.018419113,0.00029334986238836475,0.00015030642402849933
741,MB_L_741,MB_L,MB,L,20,0.8888606307284173,0.1980766601849156,-0.6433911258320879,-0.6537064890010651,-0.26703574063199104,0.06801357620425041,0.2750245739883119,0.018111546,-0.0012422488465778686,-3.32248804081605e-05
742,MB_L_742,MB_L,MB,L,20,0.4765998259892605,0.23766237815029823,-0.3225251464580279,-0.44887469861279616,-0.29936997592684544,0.059013998592503544,0.2746724413138418,0.01839673,-0.0002137415104751939,-1.1495555277747193e-05
743,MB_L_743,MB_L,MB,L,20,0.9133091359026133,1.5355135121017605,-0.3311209957891962,0.7789873755595236,-0.12379398993713453,0.06691039439778769,0.28060681026148654,0.018163983,0.0008932317166915193,1.5070898530438863e-05
744,PVLP_R_744,PVLP_R,PVLP,R,20,0.3583745532278833,0.22141168186536433,-0.13549616465458253,-0.2954177352268876,-0.20327146429397203,0.05982408094930851,0.27569877292380435,0.018329456,-0.0008500384907899307,0.00026594132672739444
745,PVLP_R_745,PVLP_R,PVLP,R,20,-0.7532725619449399,-0.9533733282139562,0.36981253268636777,-0.01852570886573967,0.030917162306004994,0.03840414051677657,0.2691082049361156,0.018918129,-2.699176241472089e-05,0.000276745669610614
746,PVLP_R_746,PVLP_R,PVLP,R,20,-0.6115140983936476,-0.6607621644839277,0.32625415829090276,-0.23850899806887876,-0.3589811154663728,0.04048599086065087,0.27043764347537436,0.018929893,-0.0002694955128317516,6.101865650046228e-05
747,PVLP_R_747,PVLP_R,PVLP,R,20,-0.11697350765106855,-0.18803314924614262,0.15309169945733156,-0.11473431400279599,0.152687376265441,0.048161370093263586,0.2729697815612964,0.018785859,-0.00047155060847636277,0.00019830838327011425
748,PVLP_R_748,PVLP_R,PVLP,R,20,-0.6097159891929619,-0.7529146012193801,0.19544635146358263,-0.10826273685164545,-0.1639864933899414,0.04057074889462939,0.26985549105394246,0.018757498,-0.0005286241118490285,9.98135239513556e-05
749,PVLP_R_749,PVLP_R,PVLP,R,20,-0.25888183568042944,-0.5364991948570698,0.10649875611885436,-0.21984987045813392,0.14453700836467323,0.04835632235514062,0.27136042803005384,0.018574316,-0.00025372402268255504,0.00014339394085921087
750,PVLP_R_750,PVLP_R,PVLP,R,20,-0.5518929308896798,-0.7015654939268896,0.16937368033466774,-0.07668091334225421,-0.18613798962273886,0.04328464237618384,0.27062705608120996,0.018528014,-0.00017849803532635496,2.466488114802797e-05
751,PVLP_R_751,PVLP_R,PVLP,R,20,-0.6472855749246534,-0.6500068082754106,0.2154494388286507,-0.18383020706480677,0.4932301700868853,0.039286549493230113,0.2706455315204134,0.018840909,-0.00046205614477555035,0.0005266283730099285
752,PVLP_R_752,PVLP_R,PVLP,R,20,-0.5494589978962057,-0.46772919976114596,0.25492519780798906,0.015179246594513186,0.5295447077518336,0.04077144802621513,0.271552808612868,0.018856,-0.00030065157616687363,0.0002679572471430917
753,PVLP_R_753,PVLP_R,PVLP,R,20,-0.1964542071542959,-0.1984066624356731,0.5594670600482841,-0.19757676702072127,-0.21290709248887954,0.04683250172745236,0.2728628836609365,0.019077908,-0.0005175972006677791,0.00010013198509979601
754,PVLP_R_754,PVLP_R,PVLP,R,20,-0.43963682686407735,-0.4195948310224578,0.4143438641597907,-0.3414591447485362,-0.10396094630062742,0.04109444867266397,0.27192052005447914,0.019088471,-0.0009384335235580537,0.000442954299141164
755,PVLP_R_755,PVLP_R,PVLP,R,20,-0.6732756967308686,-0.5934014563934568,0.4838135055028969,-0.3397563661321236,0.407739937002457,0.040229507476439226,0.2710064946585238,0.018963322,-0.0007342838718708964,0.0005302418936111636
756,PVLP_R_756,PVLP_R,PVLP,R,20,-0.5526769908836251,-0.6222902716780296,0.09625755067115169,-0.1694401761326393,0.44604677374332663,0.042475869632929375,0.27049134832368427,0.01866412,-0.00017161665650518523,0.0005023127683526551
757,PVLP_R_757,PVLP_R,PVLP,R,20,-0.5799027093723661,-0.5781735368002171,0.27108685461414805,-0.06747341789255522,-0.14799468479641592,0.042046627453623614,0.27096084450150737,0.018753674,-0.00014510610836987245,0.0002670494801438644
758,PVLP_R_758,PVLP_R,PVLP,R,20,-0.6267435167201076,-0.5116439271973919,0.4943745701411316,-0.05964455374284694,0.15325694768718848,0.03917450035822374,0.27075499524345736,0.019151602,5.7097963889627205e-05,0.0002159395376665044
759,PVLP_R_759,PVLP_R,PVLP,R,20,-0.5086964053961349,-0.4795959585819739,0.4275001322159927,-0.2532208578131204,0.3069128652108425,0.04134066491119516,0.2714714946701964,0.019021068,-0.00043692662672265074,0.00025652181335710075
760,PVLP_R_760,PVLP_R,PVLP,R,20,0.11861576579103854,-0.0254944302656804,0.012258792154709819,-0.06990933362410966,-0.018137611102461017,0.055644967868984194,0.2737283368943507,0.018373558,-0.0004467992185446637,0.00012223016061559014
761,PVLP_L_761,PVLP_L,PVLP,L,20,0.02559021458259871,-0.16229410408011427,0.042461121203035274,0.027023056135877466,-0.3678513989887479,0.052508974707235236,0.27322441679002213,0.018701952,-0.00020859674493872428,-1.5582397622947389e-06
762,PVLP_L_762,PVLP_L,PVLP,L,20,0.36968954937398524,0.15652302721695452,-0.09329832150688636,-0.28958402255400956,-0.0400089622981125,0.06042081853686239,0.2754156118777118,0.018496532,-0.00013729529324165067,0.00017799335187164767
763,PVLP_L_763,PVLP_L,PVLP,L,20,-0.08396691747628797,-0.2842610975061345,0.004543109876866783,0.29290707843189834,-0.3337218844613778,0.051486734527268284,0.272544523750277,0.018596575,0.00038143702733257,2.8278934242886312e-05
764,PVLP_L_764,PVLP_L,PVLP,L,20,-0.1355989801563721,-0.2497996360331587,0.1068391245060829,-0.2926236092042556,-0.20665838248482662,0.05003385829309326,0.27293496062694267,0.01881032,-0.00010963243784558677,0.00012845574527969912
765,PVLP_L_765,PVLP_L,PVLP,L,20,-0.016175734242735093,-0.16630628784148152,0.16573568646914807,-0.22004624507696757,0.06030619437989408,0.051857965371233515,0.27289696401039937,0.018807866,-0.00047645220897544495,0.0001462781408267949
766,PVLP_L_766,PVLP_L,PVLP,L,20,-0.41095872428634905,-0.28925795285353484,0.5820061498496777,-0.21172785304755268,0.0063410684805663385,0.04174025620379444,0.2725256115305784,0.019270007,-0.0003025027694594439,0.00021036125668114352
767,PVLP_L_767,PVLP_L,PVLP,L,20,-0.31700569374397025,-0.41924200270600365,0.05794719482364898,0.02235258626554387,0.5180470532573125,0.04698120582941092,0.27175961955447653,0.018808166,-0.000272180408361342,0.00029410854099428513
768,PVLP_L_768,PVLP_L,PVLP,L,20,0.05193559323691187,-0.17125971183298444,-0.12069810032868086,0.08921721345053338,0.28707481597886736,0.05286865215524743,0.273535565956108,0.018588647,-7.021869911887448e-05,0.00032863235500520365
769,PVLP_L_769,PVLP_L,PVLP,L,20,0.2053844282100786,-0.04324215975190737,-0.1787677351301968,0.11214140774016046,0.13820153981164532,0.055579205496742265,0.27412355986319087,0.01861436,-5.148944593979987e-05,0.00025657990024393446
770,PVLP_L_770,PVLP_L,PVLP,L,20,-0.3311863942398813,-0.2942323302915062,0.3220912063968302,-0.060233161016394386,0.46047851336690254,0.045818217514276054,0.2728872510094257,0.018887898,-0.00025055407366619397,0.000314683265509789
771,PVLP_L_771,PVLP_L,PVLP,L,20,0.6756918798090553,0.24350224311932767,-0.24013514597470959,-0.13980971536867787,0.0787971026025502,0.06509271145143279,0.27497516671344774,0.018367339,-0.00036046777135511005,0.00030325778276830463
772,OTU_R_772,OTU_R,OTU,R,20,0.23000843619254527,-0.0676053974325908,-0.22851699156428498,-0.43543349090777533,-0.2169553001277682,0.0538578029043049,0.2738425551886775,0.018550554,-0.0006135949645856965,-1.0275540275094549e-05
773,OTU_R_773,OTU_R,OTU,R,20,0.08214801499870686,0.23399343134483397,-0.016966765015754892,-0.13182185524795323,-0.34491309292161065,0.05489857319753072,0.27637517929058714,0.018477503,-0.0006183109556429606,-6.430096256408328e-05
774,OTU_R_774,OTU_R,OTU,R,20,0.26741902320258304,0.2502301609678268,-0.0723170347886617,-0.7647165571501935,-0.49540680818550165,0.05447157023735131,0.2752503348389438,0.018572172,-0.0010538671051768692,-8.954012951609696e-05
775,OTU_L_775,OTU_L,OTU,L,20,0.23513683330168372,-0.18854281414897128,-0.1654871140295207,-0.42023767916849775,-0.41897816160807533,0.055890347579660625,0.27360979387943823,0.018510472,-0.000779184793688212,-0.00020235776817861072
776,OTU_L_776,OTU_L,OTU,L,20,0.14351656879154442,0.023078211337398423,0.006704794292557731,-1.1324300617649654,-0.14560618678908313,0.05583219350659607,0.27493517506718423,0.018598191,-0.0013683177483055724,0.000155295875619604
777,OTU_L_777,OTU_L,OTU,L,20,0.3227341057158729,0.26535911428634334,-0.02398678109184508,-0.8331871869764477,-0.3614698141507988,0.05855150024565266,0.2761388396497751,0.018625945,-0.0015330422388603608,-2.187296115946406e-05
778,OTU_L_778,OTU_L,OTU,L,20,0.6978481958982463,0.39818215611855745,-0.3903053779231509,-0.7111276437757045,-0.2675221381314621,0.065866598862537,0.27642179932129035,0.018094486,-0.0011666191698552846,-3.604836109650748e-05
779,WED_R_779,WED_R,WED,R,20,-0.30286746977030093,-0.12882177009785223,0.2523419254722614,0.10990018379146764,0.49149137866345405,0.04714395277904393,0.2743871373790717,0.01897825,0.00046564246654917077,0.0003033519091839068
780,WED_L_780,WED_L,WED,L,20,0.09654622302933162,0.3877809891548967,0.19588443218078527,0.15131347486165345,0.3819956941266819,0.05542532374783501,0.2770750819280162,0.018751893,0.0011541025187812395,0.0004052073520368507
781,SMP_R_781,SMP_R,SMP,R,20,0.20695863221849214,-0.18971017852430871,-0.01179118007085631,0.18402244286380415,-0.2771314830916553,0.0562714591391741,0.27313360004352644,0.018827483,-0.00013778788213149483,6.971910733967854e-05
782,SMP_R_782,SMP_R,SMP,R,20,0.38873405824143215,0.14161607976550797,-0.11420560511694913,-0.5899964616097444,-0.14171367020140246,0.059131276599011275,0.27472090209575045,0.018566905,-0.001138257191101633,5.744861689794941e-05
783,SMP_R_783,SMP_R,SMP,R,20,0.09189974927150239,-0.017634627885064806,-0.0056336710966698456,0.20232598419679762,-0.5659941308454902,0.052867477058909915,0.27415620741304475,0.018723104,-0.00024069467544826146,-7.547090342524772e-05
784,SMP_R_784,SMP_R,SMP,R,20,-0.23453094801886037,-0.22563776975684763,0.5038398274734401,-0.03963061655620974,-0.2563900497501323,0.046706303129458275,0.27293021757110486,0.019196372,4.883526913347458e-05,7.488685256193883e-05
785,SMP_R_785,SMP_R,SMP,R,20,-0.010175654771246784,-0.17694974572953076,0.37984695829801013,0.2679194294666565,-0.25419476509666167,0.05001323948832996,0.2732500153135847,0.01898717,-9.416569451829989e-05,-7.836025105758466e-05
786,SMP_R_786,SMP_R,SMP,R,20,0.3501222942272337,0.2472511792075271,-0.1389180942316929,-0.06996307428742063,0.05010418384126716,0.056743108416436275,0.2752677150067657,0.018558208,-0.0003666106638403982,0.00018550889347073723
787,SMP_R_787,SMP_R,SMP,R,20,0.47977006842756004,0.23479708669001256,-0.30077162352701897,0.20291293605995464,-0.41115684537676206,0.06150928229181977,0.27515542777695945,0.018306997,-0.00031575131941378385,-0.00017279147022198707
788,SMP_R_788,SMP_R,SMP,R,20,-0.2168355344107499,-0.2577536189718719,0.236730783923847,-0.2069795254026284,-0.057774481346350305,0.046006142974428746,0.2724700993297416,0.01897907,-0.00010199514223369203,0.0001302275349156444
789,SMP_R_789,SMP_R,SMP,R,20,-0.20280721227426302,-0.2972259329761896,0.12593865991431902,-0.15082034217876766,-0.08297879819005254,0.045996380449743586,0.27227378472008135,0.019009104,-0.00029817937352147783,2.2832933347607153e-05
790,SMP_R_790,SMP_R,SMP,R,20,0.045027308248728304,-0.1908616264746621,0.054643729713782105,-0.27114777078295843,-0.5823298142753344,0.052515008233881576,0.2729397779975779,0.018918578,9.020387375561548e-05,-9.411642098331337e-05
791,SMP_R_791,SMP_R,SMP,R,20,0.2917875501035545,-0.014518938719719038,-0.1599985056217369,-0.5228592585187978,-0.14117553144789802,0.05589362697858652,0.27413674296025403,0.018497612,-0.0007411095399711351,-0.0001034743276287886
792,SMP_R_792,SMP_R,SMP,R,20,-0.015413714392282738,-0.08429079169403818,-0.28676812294457354,-0.11728747932756212,-0.5898140691738948,0.05126865129805529,0.2738739966482176,0.0185203,-0.0004860781252782992,-0.00018450743128566678
793,SMP_R_793,SMP_R,SMP,R,20,-0.011945865822574776,-0.22231884663237192,0.027370012214076707,-0.14177016413225435,-0.24815666411392004,0.05277330918229524,0.27351058046258386,0.018776871,-1.2622176790460832e-05,-6.315483801973507e-05
794,SMP_R_794,SMP_R,SMP,R,20,0.23725868067322703,0.007219952826544804,-0.33452188038714714,-0.29780006118408875,-0.2603373952220861,0.057194761885224654,0.27446076124659763,0.018224759,-0.0007908665915864022,-5.0523540527637004e-05
795,SMP_R_795,SMP_R,SMP,R,20,0.5522418844322748,0.36289734176663463,-0.5292251032544227,-0.3129454832673409,-0.2392581577230409,0.061753267547465976,0.2763534989142703,0.018148994,-0.000524485402447839,8.219352655242516e-06
796,SMP_R_796,SMP_R,SMP,R,20,0.18247681737501023,-0.13580850958747967,-0.13528254111283688,0.31532740613394517,-0.5238509771470999,0.0558544465188921,0.27345822448780366,0.01859799,-0.0001489410595234776,-0.00012822925029663197
797,SMP_R_797,SMP_R,SMP,R,20,0.12150100054203686,-0.2033027594163162,-0.25512016890478495,-0.3062716094265739,-0.13949473345768534,0.05500750540293976,0.27302863581589476,0.0182617,-0.0006516568723883606,-3.6031007379779684e-05
798,SMP_R_798,SMP_R,SMP,R,20,-0.17490632995010966,-0.05365869355374268,0.09304121803232285,0.15990794667031166,-0.003274673075199519,0.04826682119224208,0.2741653909094308,0.018915523,9.710430712939773e-05,0.00016825009501435716
799,SMP_R_799,SMP_R,SMP,R,20,-0.13519902936767078,-0.38254664861493565,-0.19390725541261283,-0.5421184624160509,-0.4893283408994987,0.04887575492482363,0.27187087633859053,0.018413778,-0.0006785228046982891,-0.00013390044730424223
800,SMP_R_800,SMP_R,SMP,R,20,0.2248789749936909,-0.0006788354773365937,-0.3782176530855643,-0.4817748623858611,-0.3871478549360667,0.054822354025510556,0.2735989449544013,0.018380482,-0.0005808505831465073,-9.167771652962491e-05
801,SMP_R_801,SMP_R,SMP,R,20,0.7455645875671729,0.549945018240735,0.38790205523361676,-0.4284902236428179,-0.5196118227691804,0.06497563363861539,0.2765614601357061,0.018794445,-0.0004247639744056797,-0.00015183508833718293
802,SMP_L_802,SMP_L,SMP,L,20,-0.07183187034228375,-0.08331856256176734,0.008471722123267814,0.08084017181761585,-0.3983656835258126,0.04895456511763878,0.273625551812072,0.018869597,-0.00023854754076943905,-7.783499887892848e-05
803,SMP_L_803,SMP_L,SMP,L,20,0.41763641475538754,0.13223847211436765,-0.07523099847267192,0.3488020662541848,-0.35448643610415864,0.06087459411363473,0.2751446885377119,0.018552382,0.0002439392291385092,-2.2971823870662295e-05
804,SMP_L_804,SMP_L,SMP,L,20,0.13221221398977018,-0.02265155975912761,0.1585369021832805,-0.10995854527114154,-0.30745720155120226,0.05556572045549396,0.2742781207600623,0.018679008,0.0004270090010893046,2.7459860911368988e-05
805,SMP_L_805,SMP_L,SMP,L,20,0.18326784739578109,0.14643279032256998,0.15767831160107532,-0.09098785268506852,-0.0033285994198731326,0.05521830041670676,0.27473155716709086,0.018692067,-0.0004954061278917495,0.00021219916452791432
806,SMP_L_806,SMP_L,SMP,L,20,0.17442680890179302,-0.04775067452777067,-0.19685933950897502,-0.12269665647651255,-0.5918836240948582,0.0549320975056651,0.27429754665246103,0.018480867,-0.0004703254686022042,-0.00012581423039231577
807,SMP_L_807,SMP_L,SMP,L,20,-0.09966783494890999,0.1854878688981952,0.02792060478868729,-0.1087690376416726,0.06830222071674001,0.04897412862414587,0.27485560719163676,0.018883724,2.5239528161026524e-05,0.00023572834211108942
808,SMP_L_808,SMP_L,SMP,L,20,-0.2374991817032981,-0.27671538028425197,0.19703819662391917,-0.008501987965470702,0.17736133974107265,0.04613285243979803,0.27260295578242844,0.018881563,-5.594983446114189e-05,0.0002269164230002237
809,SMP_L_809,SMP_L,SMP,L,20,-0.0051892095627868035,0.020281332802276408,0.36084283611467555,-0.3692642019597344,-0.5296231343046277,0.051316216063731344,0.2744330766362061,0.018935958,-0.00067543433677081,-8.579785460946237e-05
810,SMP_L_810,SMP_L,SMP,L,20,-0.3108428809952579,-0.1586523831700697,0.5101455979989338,0.10098298557967456,-0.20877517829629544,0.0442323440223665,0.27332433183407845,0.019179331,-0.0001643996188366947,0.00010396486356778415
811,SMP_L_811,SMP_L,SMP,L,20,0.05970620978152882,-0.3939129977378456,-0.060831531110785854,0.006959509577369255,-0.5523091503734676,0.05255178006741886,0.27197061428066155,0.018624935,-0.00018241401673414303,-0.0001465531406694454
812,SMP_L_812,SMP_L,SMP,L,20,0.4194428244715779,0.12445385040241427,-0.3379519056505302,0.1295011859674648,-0.56706114366986,0.06115707650001363,0.2752086257256276,0.018154066,-0.00031317065413040553,-0.00022270855717374918
813,SMP_L_813,SMP_L,SMP,L,20,-0.13028461590969126,-0.1654320124202392,0.27602296049116,-0.23481015902556748,-0.17390040162810116,0.0493271736464952,0.2733797156929793,0.01899359,-6.645759191719088e-05,6.942559729300567e-05
814,SMP_L_814,SMP_L,SMP,L,20,0.33414585988032286,0.08326655563864793,-0.21822630739255375,-0.2904158847111074,-0.05696356016033133,0.05968798659799519,0.2748409329876244,0.018331941,-0.00047094878639989486,-2.0666268961325534e-05
815,SMP_L_815,SMP_L,SMP,L,20,0.5706396129989072,0.34806816712940947,-0.5356920895601773,-0.08484419890629105,-0.3087257801310499,0.06508553809140713,0.27644703414602106,0.018016482,-0.00025171237346905274,-1.4583217685051987e-05
816,SMP_L_816,SMP_L,SMP,L,20,0.21841242163641264,-0.18846147802175087,-0.20398273181972212,-0.25273048834589756,-0.5009400874701522,0.05666751137462818,0.2732669346612254,0.018507745,-0.0006975555181447277,-5.67103417366475e-05
817,SMP_L_817,SMP_L,SMP,L,20,0.021534146202562686,0.1886438442061808,0.18297437344422093,-0.25977670664910885,-0.30918314418819093,0.051134754607827904,0.275325651974898,0.018709546,-0.0007101461893901965,-0.00012549295417326094
818,SMP_L_818,SMP_L,SMP,L,20,-0.16413386075210043,-0.4242785667681469,-0.41135423078647176,-0.3448396524138495,-0.2419244593934958,0.04839077430155322,0.2720641474965598,0.018439356,-0.0007211708794370322,6.839869748704477e-06
819,SMP_L_819,SMP_L,SMP,L,20,0.3374569388061377,0.06305497615895658,-0.35458809386954326,0.2228606538373777,-0.5506720403772943,0.05955508206168675,0.27430091812271096,0.018191963,9.059878704910284e-05,-0.00021808478835127647
820,SMP_L_820,SMP_L,SMP,L,20,-0.2517837606821316,-0.3558799975978474,-0.054264602223184064,-0.0888914246657716,-0.09178936029218959,0.04780931199908219,0.2721067979024935,0.018433258,-0.00016703758783094932,6.360467704289108e-05
821,SMP_L_821,SMP_L,SMP,L,20,0.24331137023989471,-0.0462610939089602,-0.3384075765157045,-0.12041871812337868,-0.2758666288447499,0.05724071148111759,0.27391377956530777,0.018326964,-0.00037059038781759625,-0.00017105464180036415
822,SMP_L_822,SMP_L,SMP,L,20,-0.15611424603695312,-0.1497619876496826,-0.03893587771967959,-0.43037003305594057,-0.19438886634809302,0.04863975502904497,0.2731509316084158,0.018730516,-0.0005397135527689127,-5.615281944803646e-05
823,SMP_L_823,SMP_L,SMP,L,20,0.578380118807672,0.5508788563128908,-0.13425430579841902,0.17221846720844863,-0.33987901331760767,0.06136695964973436,0.2766939350640031,0.018668462,0.0005247140160411464,2.835728342949913e-05
824,LH_R_824,LH_R,LH,R,20,0.5159071292588215,0.9128114855113416,-0.1860233901013906,0.4152977309635039,-0.08154917102080109,0.061862422485969557,0.27960377081914684,0.0181777,0.0002523344851324948,7.774148364739932e-05
825,LH_R_825,LH_R,LH,R,20,0.3994068138003212,0.7684981776434091,-0.020497306910033382,0.031235149383341276,-0.2859186192109842,0.058977622906435545,0.2780951538422175,0.018493896,-0.00028616985459816385,-0.0001232487973138134
826,LH_R_826,LH_R,LH,R,20,-0.7207586580054925,-0.34352311929971213,0.22123863788950965,-0.34266136637995526,0.11672866247837992,0.036539722251157564,0.27272623651387656,0.01899097,-0.0006242945652147906,1.8342534307399602e-05
827,LH_R_827,LH_R,LH,R,20,0.4060412284846919,0.5896375951077837,0.06625794723122276,-0.4258173703659775,-0.4081747281486101,0.0607650827421916,0.27731008759323494,0.018355787,-0.0008380171194760386,-9.518449145981641e-05
828,LH_R_828,LH_R,LH,R,20,-0.3192111827709048,-0.11710951241755856,0.5855918918944982,-0.25348808535367295,-0.28534009215232314,0.044939469057150606,0.27368692291772495,0.01911124,-0.0009263764436133935,-5.289819428893962e-05
829,LH_R_829,LH_R,LH,R,20,-0.948540860870325,-0.7150893539633476,0.26456072022422383,-0.18605930447509506,-0.5036223596533154,0.03149158697531347,0.27029310872462675,0.018888852,-0.0006428877905975346,-9.204743525029834e-05
830,LH_R_830,LH_R,LH,R,20,-0.4941677457036655,-0.14573490443909973,0.49869479345540124,-0.43380991752561976,-0.4004131464758194,0.04143722349490438,0.27369347424650603,0.01908806,-0.0007374991439868704,-0.00011349459571612497
831,LH_R_831,LH_R,LH,R,20,-0.1002660674385308,0.3838142688398943,0.3037495222008422,-0.18341610349741005,0.3938767088317715,0.05089037050420446,0.2771705858680901,0.01870167,-0.0005411765689874067,0.0002473764302578507
832,LH_R_832,LH_R,LH,R,20,-0.7783571701782611,-0.442802988836252,0.38503834806714804,-0.5123189564303032,-0.34925121640837803,0.03429763079378783,0.27173931142471985,0.019052392,-0.0010166269079471255,-9.783681868643369e-05
833,LH_R_833,LH_R,LH,R,20,-0.7471265877558169,-0.3233864590041943,0.5006597373560115,-0.3371379184228558,-0.07623919942202127,0.03512881573013367,0.2721286599988352,0.0191156,-0.0005997746553455996,-3.99919187337455e-05
834,LH_R_834,LH_R,LH,R,20,-0.030279498182496485,0.41175321249110863,0.18596583249702314,-0.33624147865645376,0.11070331339647643,0.05163663062917804,0.2770069465657824,0.01872491,-0.00037470746973620165,0.00011177921430353634
835,LH_R_835,LH_R,LH,R,20,-1.4894949111652795,-1.2444299030267536,0.41376358597129875,-0.046084334992772105,0.1283718661944027,0.020171764604782292,0.26692021743916916,0.01909439,-0.00044319461687116575,-0.00010890257709643568
836,LH_R_836,LH_R,LH,R,20,0.16269230993926906,0.16554647066121503,-0.3492007612154153,0.03947865769667373,-0.2074417806630498,0.057295653383433544,0.27587534192964025,0.017994203,-0.0002685363136743184,-4.485124807259717e-05
837,LH_R_837,LH_R,LH,R,20,0.6204241060520026,0.9134991117644786,-0.05798254828772929,-0.03930637855222395,-0.3112770054634476,0.06377303555222333,0.2797220476148797,0.018381596,-0.00029998986673749934,1.069017571116164e-05
838,LH_L_838,LH_L,LH,L,20,-0.5686752918089464,-0.35264772600471894,0.5344161122392734,-0.25926859558046456,-0.08422031714970428,0.03793401377597151,0.27195252647793355,0.019139562,-0.000320850938796477,9.538238087797161e-05
839,LH_L_839,LH_L,LH,L,20,1.2670824582304256,1.0526103267218554,-1.1499214335584311,0.34943241201897246,-0.313933707898424,0.07533976079483205,0.2793732524104607,0.017476821,0.00026418374652193235,-0.00014503310824047732
840,LH_L_840,LH_L,LH,L,20,0.3571849931514647,0.1004568596647731,-0.06159056608032759,-0.4854546958606753,-0.13693229960152703,0.058700811162089285,0.2746526023282568,0.01849164,-0.001130821877307186,5.7458640723087336e-05
841,LH_L_841,LH_L,LH,L,20,-1.2401763162767698,-0.9022823721426677,0.5848683311682322,-0.25596351404355855,0.33047140826277926,0.024613426810771936,0.2688743008561657,0.019144678,-0.0004985722996098506,0.00017955112162894657
842,LH_L_842,LH_L,LH,L,20,0.8921586553961411,1.0306279442370274,-1.0491858383288482,0.014954388091453441,-0.3040835405072263,0.0693968539159547,0.27906538956530175,0.017557506,1.59917906503122e-05,-7.335189147881145e-05
843,LH_L_843,LH_L,LH,L,20,0.12838017572299582,0.16694235086896564,-0.22384567336217795,-0.2665257661160659,-0.14085720198711943,0.05278002468968267,0.27486067444930423,0.018381502,-0.000592814618293511,-8.063024192581532e-05
844,LH_L_844,LH_L,LH,L,20,-0.3180686480867455,-0.3397673855033368,0.09475996406335307,-0.4072592437972558,-0.2430138529009908,0.044480165914914445,0.2721611680702286,0.018783163,-0.0006933855706065166,-0.00017423514228596422
845,LH_L_845,LH_L,LH,L,20,-0.5746231070817621,-0.4494555512471994,0.49112840362455223,-0.015154969033342439,-0.7088861024772091,0.03655853597998223,0.271467601398089,0.01913934,-0.0001098874583491693,-0.000468767052442187
846,LH_L_846,LH_L,LH,L,20,0.1479858953730245,0.2055010982335747,-0.07326078706002688,-0.1497541167752848,0.03758564394496722,0.053903219895087916,0.27490950920031965,0.01853138,-0.0006212749478284119,-2.386549684966072e-05
847,LH_L_847,LH_L,LH,L,20,0.7721937959545266,0.8880324956712388,-0.7589265750901488,0.595362086115383,-0.036010780808463566,0.06651783403298668,0.27842467712126295,0.01779856,0.0004891501943456919,3.422042155358783e-05
848,LH_L_848,LH_L,LH,L,20,0.43038306741721427,0.24881183787737435,-0.43424182692127394,-0.1489514826442565,-0.22021953576870734,0.057036465107210665,0.27522157734333486,0.01848311,-0.0005210658882291669,-0.00011095987611342608
849,SLP_R_849,SLP_R,SLP,R,20,0.2718975050800884,0.3029453066186588,0.3542761766745747,0.16343915134761686,-0.16676737537441627,0.05589239801159489,0.27587687298870145,0.01880502,-2.700775310211679e-05,0.000143575242660495
850,SLP_R_850,SLP_R,SLP,R,20,-0.06215076862705147,-0.23852400754745706,0.08106791785990716,-0.3371027744050972,-0.43532420269397376,0.05050463494306249,0.2729994822989303,0.018606307,-0.0007536601795572132,-0.00025857042164120786
851,SLP_R_851,SLP_R,SLP,R,20,-0.015404262183442402,0.04385373748116672,0.0992443394097483,-0.5143978611463824,-0.4369110425314169,0.04910955288049422,0.2738163331169562,0.01883826,-0.0009638622838103099,-9.465210274372171e-05
852,SLP_R_852,SLP_R,SLP,R,20,0.2719177672482146,0.4464313563297293,0.29343733850462206,-0.78519690657381,-0.4026478878783288,0.05629982023241784,0.276616210757185,0.018963803,-0.0006752057063536025,-5.4689062784280864e-05
853,SLP_R_853,SLP_R,SLP,R,20,0.35925761016856883,0.49647066076776625,0.020995259959611334,0.19924395314172455,-0.2294348167495152,0.05695107364102825,0.27598973042274,0.018675404,-4.002664846737944e-05,-0.00014593536071264503
854,SLP_R_854,SLP_R,SLP,R,20,0.11920305011202773,0.14979535385520662,0.37485500533351956,0.07082474207147338,0.001884878490226563,0.051020027071451146,0.2744163441162503,0.01903527,-7.206482926917185e-05,5.799401335910774e-05
855,SLP_R_855,SLP_R,SLP,R,20,0.1221490661463583,0.18606233354842688,0.19979981379299483,-0.036681903027331084,-0.4444446268106502,0.05198260567308625,0.2748945772259438,0.018908769,-0.0005370830733157108,-0.0001728579766000291
856,SLP_R_856,SLP_R,SLP,R,20,-0.5796880246316848,-0.2680460469568412,0.5780858478102162,-0.622034106829651,-0.2489476862665786,0.03903993327361448,0.2728743749871537,0.019223396,-0.0009083511003109658,-3.140907895117456e-05
857,SLP_R_857,SLP_R,SLP,R,20,-0.46830663291431096,-0.3552442269210775,0.10445659589475349,-0.2790395666115819,-0.3436100774125869,0.03998530378841707,0.27197922200457,0.018780168,-0.0006776590673105513,-0.0002564230331358042
858,SLP_R_858,SLP_R,SLP,R,20,0.0052919063946752385,-0.07823561669375387,0.3098361404037049,-0.3817758681705118,0.052716213941527125,0.05179771756031683,0.27368612882909166,0.018685896,-0.0009285902482553983,-9.478656694655337e-05
859,SLP_R_859,SLP_R,SLP,R,20,0.18010202872225736,-0.116409968487815,0.13288110567681521,0.19041434363851886,-0.32225541589125595,0.05280398035705419,0.27291533673008556,0.018828757,-0.000169601481910052,-0.0002220544861082498
860,SLP_R_860,SLP_R,SLP,R,20,0.011841431398447577,0.2472256898171865,0.42492181670920387,-0.6623635692423087,-0.24696258778676689,0.05101237019904897,0.27565858994238557,0.019124646,-0.0007932535527137524,8.500294330180968e-05
861,SLP_R_861,SLP_R,SLP,R,20,0.5863613498653706,0.3532522737493879,-0.2567195287266888,-0.15474682752767252,-0.32645186158247924,0.060710889618225884,0.27574959635956076,0.018570224,-0.0003732099555884708,-0.000185657380278154
862,SLP_R_862,SLP_R,SLP,R,20,0.012737459335706167,-0.13182832249463552,0.09491932937883522,-0.26838447663646725,-0.4668566970585156,0.0504861294988707,0.2726796603912514,0.01865799,-0.0004338863439320651,-0.0001729699488495596
863,SLP_R_863,SLP_R,SLP,R,20,0.22342958010915331,-0.050227743410412785,-0.34420916966284176,-0.4455121096688498,-0.27798740722076565,0.05494799781450647,0.27347822612713013,0.018518142,-0.0008250301856214013,-9.071958924171905e-05
864,SLP_R_864,SLP_R,SLP,R,20,0.16445887134581333,0.25423444387606886,0.25319916716560775,-0.5965257639364406,-0.28672335714541836,0.05405521697198027,0.2760079572986518,0.018847318,-0.000862044974331889,8.465597286759018e-05
865,SLP_R_865,SLP_R,SLP,R,20,-0.87203691979668,-0.6195450540107901,0.41428861233110215,-0.3858815079344935,-0.19346344632819412,0.032371053593251715,0.27108303895770425,0.019178178,-0.0006724826955141238,0.0001646642032703519
866,SLP_R_866,SLP_R,SLP,R,20,-0.5876501645971854,-0.30515246119757333,0.2797480504112269,-0.24736302545790362,-0.40083832774350836,0.038108922720324526,0.27236776724381484,0.018955186,-0.0003940458284854183,-0.00013518027761192625
867,SLP_R_867,SLP_R,SLP,R,20,-0.15078540445760527,-0.23640658086840652,0.27374760938413345,-0.24815947495399365,-0.5008840223067177,0.0481168078428582,0.27302743464367923,0.018874433,-0.0005401599419482142,5.463251243015278e-05
868,SLP_R_868,SLP_R,SLP,R,20,-0.6336201145692035,-0.2753210508890698,0.45220489055030094,-0.30659068085307795,0.2656679354126737,0.03904937558961266,0.2729209913480987,0.019182665,-0.0005597154999489477,0.0001442029044264038
869,SLP_R_869,SLP_R,SLP,R,20,-0.6354120508234044,-0.33997822905641284,0.4769916696468256,-0.4283575587410994,-0.14669393439355605,0.037869824395999466,0.27265446112619945,0.019172505,-0.00036236238550821506,0.00026844588698250033
870,SLP_R_870,SLP_R,SLP,R,20,0.9399607914411456,0.5902782185930178,-0.25052757875543474,-0.8355682685533508,-0.4919166444200694,0.06990912078154601,0.27717867637483035,0.01827119,-0.0012294326439920551,-0.0001774805331869364
871,SLP_L_871,SLP_L,SLP,L,20,0.41849554199664674,0.08871939853180152,-0.2264189224884273,-0.7032036179016281,-0.35236435809556754,0.058968200540533686,0.2747252541880162,0.018493079,-0.0012308702487904388,-0.0001270941848245336
872,SLP_L_872,SLP_L,SLP,L,20,-0.1801701429502691,-0.18860428676893082,0.283308519050649,-0.3485354864514688,-0.4611232740198072,0.045807487892678814,0.2730563741197108,0.01888773,-0.0006303052164911757,-0.00016500174710307254
873,SLP_L_873,SLP_L,SLP,L,20,-0.14623830206148325,-0.05442177954227849,0.16126792064531753,-0.0810779057988473,-0.015675194252971376,0.04786560943091537,0.273511507858661,0.018693889,-0.0004199942505238973,6.161340660208793e-07
874,SLP_L_874,SLP_L,SLP,L,20,0.03244360039307627,-0.14900918375643704,0.13928985840145175,-0.019596963685918744,-0.448364596707061,0.050552776883793116,0.27298924188336154,0.018789701,-9.566517985854146e-05,-0.0001916483444477809
875,SLP_L_875,SLP_L,SLP,L,20,0.28867798202466916,0.05618307927886963,0.08415133715654757,-0.5486488949583204,0.15764416485220661,0.05728648913220202,0.2748527853787496,0.018741956,-0.001073120377889195,5.745831867621784e-05
876,SLP_L_876,SLP_L,SLP,L,20,0.4130828076160909,0.35937220412173393,0.06812801634044016,-0.21897634124949925,-0.4507085564164444,0.058688609292193404,0.27615036458493375,0.018777238,-0.00020899742884098482,-0.0001917384516748173
877,SLP_L_877,SLP_L,SLP,L,20,0.012340508508696686,-0.12672166899073128,0.5844561413649847,-0.37157963107106196,-0.45867485120082135,0.05059378362084982,0.27393686096515346,0.019190695,-0.00042494443151832716,-0.00010140583140217942
878,SLP_L_878,SLP_L,SLP,L,20,0.08996648655699935,0.05240591649831634,-0.017521498192236022,-0.41716367821739003,-0.2703048129598216,0.05166534738962146,0.27410907369930976,0.018584307,-0.0006656961384763184,-0.00016725833378333018
879,SLP_L_879,SLP_L,SLP,L,20,0.47214567818127834,0.3733714481620599,0.09593049911205223,-0.03904890365489691,-0.01926732445627497,0.06045802416235981,0.2764834320610444,0.018647827,-0.000603037017648589,0.00010487953297647212
880,SLP_L_880,SLP_L,SLP,L,20,-0.3405572830829603,-0.47031480413049936,0.18258967353217992,-0.28927309923836675,-0.4461731658024408,0.043987986061286295,0.271544451041296,0.018785244,-0.0004209573508760538,-9.933230623559202e-05
881,SLP_L_881,SLP_L,SLP,L,20,-0.2198840543242902,-0.09417044025799386,0.14180848342221863,-0.0663113401230863,-0.1483602527354505,0.04655483225103554,0.27337890553122,0.018809458,-0.00026795124998479827,-0.0001391569342935167
882,SLP_L_882,SLP_L,SLP,L,20,0.13729375066606322,-0.16878250179854698,-0.11079198300697997,-0.02638967365481727,0.002897315973087333,0.055380414351570775,0.2733809066659315,0.018408973,-0.0002762853013144539,0.00013183310001337585
883,SLP_L_883,SLP_L,SLP,L,20,0.7543499393172115,0.475044019973323,-0.1290087890646671,-0.7191077816813178,-0.23835455822140467,0.06542534810246099,0.2764787618641074,0.018585648,-0.0014406790505595705,-1.0524495222277665e-05
884,SLP_L_884,SLP_L,SLP,L,20,0.07225139100345737,-0.08251571701674017,0.1646472633309093,-0.12977739108677253,-0.44583658755997074,0.05078590317341856,0.27384572212092756,0.018936425,-0.0005905748686314353,-0.0001881737134110244
885,SLP_L_885,SLP_L,SLP,L,20,0.32198308477939697,0.221374601059038,0.05449972107081004,0.05662333540234672,-0.19381149425339664,0.054513069682205914,0.2746154176851837,0.018699504,-0.0002050925737570341,-4.15837570551673e-05
886,SLP_L_886,SLP_L,SLP,L,20,0.05196342569581937,-0.07618687579645023,0.13036964089067507,-0.536356664301479,-0.21106519621122724,0.052348067958631915,0.27377201856859423,0.018903034,-0.0008360314071760546,0.0001573483834082573
887,SLP_L_887,SLP_L,SLP,L,20,0.1658413930174947,-0.0773883155003522,-0.033585721518612055,-0.5146759273365242,-0.4605621363962634,0.052282307650036865,0.273316480498914,0.018662672,-0.0007163776877911448,-0.000188104091559175
888,SLP_L_888,SLP_L,SLP,L,20,0.8795142930835022,0.5553940738245099,-0.5687521521375299,0.19521774447818815,-0.33129609560808704,0.06996642934224122,0.27691668844802564,0.01786973,-0.00014508170790743192,-0.00015569474758523374
889,SLP_L_889,SLP_L,SLP,L,20,-0.37544029889320873,-0.5102849741119936,-0.050998136292106054,-0.00010039731511299332,-0.27565384366280204,0.04341169031607053,0.2714553337472104,0.018641878,-0.00020000640794455527,-0.0001171913397066564
890,SLP_L_890,SLP_L,SLP,L,20,0.3578994482731006,0.210820342071043,-0.0017955001153055373,-0.6844039777565687,-0.11161975910494423,0.058127970351637435,0.2757187305057248,0.018606579,-0.0009911635292606529,5.0592288258556584e-05
891,SLP_L_891,SLP_L,SLP,L,20,-0.4356414940290449,-0.4257793771627904,0.11231891901706736,-0.2696149324295655,-0.3134820697729056,0.04121926276987195,0.2716876992827897,0.018724348,-0.00038257502856219375,-0.00022907876172824972
892,SLP_L_892,SLP_L,SLP,L,20,-0.33321503414998344,-0.2583941443907604,0.2162660747396387,-0.26289124839758765,-0.02048475269926591,0.0437838736702941,0.27310891362917017,0.018795427,-0.0004198465003712154,-9.789815321055346e-05
893,SLP_L_893,SLP_L,SLP,L,20,1.0057218960014587,0.7928368445822155,-0.2630241663608109,-0.1863560245393417,-0.38520031355449574,0.07026673330298774,0.27818857675704617,0.01834351,-0.0007235761474994185,-0.00016406808656952056
894,LB_R_894,LB_R,LB,R,20,-0.5062107735454577,-0.2982536335877521,0.2903154933405781,-0.029673824852530263,-0.20399403114989292,0.040726560850133244,0.2721307772209939,0.019109583,-0.00032636163533212507,-5.3895335842743486e-06
895,LB_L_895,LB_L,LB,L,20,-0.47075140779125285,-0.2333776321041067,0.2034945722987945,-0.04890481306958096,-0.2889199891767577,0.040550543667417976,0.2722184630456114,0.019104065,0.00033587473524616886,0.00010818350475333028
896,SIP_R_896,SIP_R,SIP,R,20,-0.01906609474654588,-0.018730014216180764,0.20383777192114763,-0.25621645778918445,-0.1869920836915432,0.04944245058780013,0.2740602700094005,0.01906038,-0.000708879297368541,7.230641661077751e-05
897,SIP_R_897,SIP_R,SIP,R,20,0.6292257547789006,0.16537345100098255,-0.6064986047052727,0.050255543991077324,-0.33440551548350694,0.06360769433509939,0.2748255365966518,0.017996056,-0.00021971710678383966,-0.00014041158382317563
898,SIP_R_898,SIP_R,SIP,R,20,0.43255387194995887,0.14419382460245173,0.4283634419670235,-0.5260277225131044,-0.2983173745168234,0.05736101338444884,0.2752060949983926,0.019153817,-0.0007999504382529306,-1.1853162462492369e-05
899,SIP_R_899,SIP_R,SIP,R,20,0.4016887874119786,0.2149549706330213,-0.05380480522321993,-0.06514379427691856,-0.27703289709244044,0.05782765101401847,0.2747161403922691,0.018520216,-0.00030352184040278004,-0.000158037319213932
900,SIP_R_900,SIP_R,SIP,R,20,0.6191854047033913,0.46427291932404496,-0.3021076608125778,-0.19528654410346694,-0.1584196520331657,0.061518462500855776,0.2763003252173145,0.018472238,-0.0004072558631588623,-6.190029281657817e-05
901,SIP_R_901,SIP_R,SIP,R,20,0.8045408639396738,0.5598213552677797,-0.09523135137023973,0.09876024818504217,-0.4622904072405908,0.06656793954936008,0.27667167421175287,0.01831395,-0.00026283653879849184,-0.00017230511360524136
902,SIP_L_902,SIP_L,SIP,L,20,-0.07055751197134312,0.03731290991327465,0.21395215817020818,-0.3259184490117593,0.16421469075450507,0.048717789417944954,0.2742884673535061,0.01891374,-0.0002978538820618566,0.00014078191415784952
903,SIP_L_903,SIP_L,SIP,L,20,-0.02733886208245643,-0.0673249276265477,0.15654127921909397,-0.2653561786023054,-0.08385274778461702,0.049822372683978676,0.27362159230304817,0.018908152,-0.00020358824429212544,0.00011105523981891729
904,SIP_L_904,SIP_L,SIP,L,20,0.36775665156300275,0.07795391208894464,-0.24842206478918208,0.37281023542385133,0.05244784890512426,0.05931145774587978,0.2747575572742226,0.018323584,0.00032499341842880596,5.487312420183668e-05
905,SIP_L_905,SIP_L,SIP,L,20,0.03079176964258748,0.07539732790494616,0.2906121201450106,-0.2821933727210028,0.15660168293590263,0.05219170692849003,0.27507903588972116,0.019062784,0.00021722051952447185,0.00043130795071419646
906,SIP_L_906,SIP_L,SIP,L,20,0.20913528842875678,0.22899130141105353,0.10645908781659297,-0.42928421764201563,-0.3064145895116523,0.054534151318552306,0.27528891478917206,0.018802332,-0.0009919531629883143,-6.793976065384254e-05
907,SIP_L_907,SIP_L,SIP,L,20,-0.137150091332381,-0.13346500821085006,0.21321939270276308,-0.057613663376421244,-0.28189493190593823,0.04847416236305073,0.2734125705838627,0.018750817,-3.064282176658685e-05,-3.8020764966356784e-05
908,SIP_L_908,SIP_L,SIP,L,20,0.7234316682420573,0.6530992849470536,-0.16723687922119054,-0.10191162866794337,-0.41672128321847846,0.06461497014040454,0.2771533703048855,0.018578753,-0.0003589317681614423,-0.00010780429331219963
909,IB_R_909,IB_R,IB,R,20,0.13384527377822347,0.030651077766710545,0.375628651009075,0.1960204181537892,0.04489143037434123,0.05415053557700974,0.27440323293686963,0.018958662,-0.00035445647826939345,0.00014398433681521149
910,IB_R_910,IB_R,IB,R,20,-0.24655462936387615,-0.5638832496030697,0.17688445509853296,-0.09555510110170372,0.019198877988028246,0.04584001673980518,0.2710291811876143,0.01894394,-0.0004013604219947808,0.00018387546459128212
911,IB_R_911,IB_R,IB,R,20,0.19171297871207835,-0.10042462558036373,-0.20779786415934548,0.018288755855017616,0.2544770980552715,0.05529280554231155,0.2736765406751142,0.018599275,-0.0004447645695674492,9.074142965609208e-05
912,IB_R_912,IB_R,IB,R,20,1.0144299338028089,0.36228359788403514,-0.7511951556965938,0.8857496472654931,-0.08415646881039049,0.07041190332482108,0.2758439211249373,0.017977713,0.0008228068592149487,-2.3514673967120698e-05
913,IB_L_913,IB_L,IB,L,20,0.46201412747785986,-0.23870079612863768,-0.36831412283379195,0.03461730283025332,0.27486329910333784,0.06064327004961828,0.2733603410778521,0.018399099,-0.00032631315288637387,0.00021307610615994418
914,IB_L_914,IB_L,IB,L,20,-0.006379439234873252,-0.3041370900206382,0.11695879254130097,0.16287850769712608,0.3072895790458722,0.04996813424914739,0.27247607547889435,0.01888422,-0.00047684606139927,0.00011063717463639588
915,IB_L_915,IB_L,IB,L,20,0.9357550827357828,0.12904682561537706,-0.601691278899239,0.44884777366146505,0.05877795507786574,0.06902250851168473,0.27437451794878565,0.018203106,0.00019809780550576506,6.304526320474084e-05
916,IVLP_R_916,IVLP_R,IVLP,R,20,0.390196754288271,0.4331729488574599,0.049310573193777275,-0.08911532070614467,0.15493399901382154,0.05963208669786613,0.2771904807525888,0.0186995,-3.768634688604042e-05,0.00023801722679737258
917,IVLP_R_917,IVLP_R,IVLP,R,20,0.10796994518205058,-0.25048899495981625,-0.10831189149413864,-0.09642893805114561,-0.26160624288488016,0.055360381282146834,0.2727419969351624,0.018506628,-0.0002688125955284241,-6.542356275742193e-05
918,IVLP_R_918,IVLP_R,IVLP,R,20,-0.2701552881275561,-0.29698284653985507,0.24470723329116995,0.2645297638693109,0.08918124315131892,0.04663477990283434,0.2717072692128628,0.018837377,-9.984237864498345e-05,8.065905801672341e-05
919,IVLP_R_919,IVLP_R,IVLP,R,20,-0.5115289924884315,-0.5700736320862952,0.04622467357596184,-0.1357500328390105,0.19475492452495027,0.042574865509495435,0.2709979014161775,0.01860777,-0.00038234712442308854,7.6585464148841e-05
920,IVLP_R_920,IVLP_R,IVLP,R,20,1.1459506856815964,0.7113750215618374,-0.8011898234404583,0.5083672232329066,-0.09559110549713762,0.07380311196459685,0.2782741888352801,0.017903306,0.00047367446499105813,2.4973988479760338e-05
921,IVLP_L_921,IVLP_L,IVLP,L,20,0.7021011138804428,0.6738212861767428,-0.07400272343762639,0.2894652311199626,0.2558607670856962,0.06636380090712084,0.2784724938407483,0.018566381,0.0012356251366581674,0.00027222780305965577
922,IVLP_L_922,IVLP_L,IVLP,L,20,-0.12449146341091463,-0.3323174505910314,0.13931041010784828,0.012279193733498391,-0.2122683651395654,0.05009465478277385,0.2724337561654169,0.018667705,-0.00015744156484192846,0.00012148517998791561
923,IVLP_L_923,IVLP_L,IVLP,L,20,-0.5025316982041369,-0.5014775469598197,0.33739999911215024,0.18829712086489192,0.09284927506409801,0.041626814856231355,0.27160125214886743,0.019053416,0.000145449382799055,0.0003499740824131504
924,IVLP_L_924,IVLP_L,IVLP,L,20,-0.2909838644166972,-0.30524291615159427,0.42548861922554754,0.042890155251539094,0.5564930140815195,0.04690008336649269,0.2728154256069293,0.019002456,-0.00018602531849782624,0.00045205338066143136
925,IVLP_L_925,IVLP_L,IVLP,L,20,-0.007393701260339769,0.007237198850944493,0.3677250884399341,0.22160574828293728,-0.07544283392399047,0.05160546879142732,0.2735660474560376,0.018932834,-0.00031779966651936353,3.3570827858536916e-05
926,IVLP_L_926,IVLP_L,IVLP,L,20,-0.26002157271757953,-0.489826429688776,0.44374358614784243,0.11920890171608862,-0.010966306468219255,0.04607298229832662,0.271868598213172,0.019176401,3.44286461007682e-05,0.00015767819466929527
927,IVLP_L_927,IVLP_L,IVLP,L,20,0.8362319089029757,0.5014033674793168,-0.37085128497608133,0.020206019236125944,-0.20203617735958387,0.06946725854499267,0.27672925038136675,0.018219322,-0.00014580421758903788,-4.161689948189997e-05
928,IPS_R_928,IPS_R,IPS,R,20,0.253094124720029,0.764562907055508,0.39226224086472705,0.6977870549070693,0.09292460691366644,0.05648403323560401,0.27843652893186516,0.019088838,0.0007499259060090509,0.0001524261486737984
929,IPS_R_929,IPS_R,IPS,R,20,-0.09437797267665196,0.040907895019106424,0.09572780151810356,0.054401890101110705,0.1256822619215422,0.04835328680371241,0.27430837950301584,0.018995909,-0.0003330397208446793,0.00013479731894227014
930,IPS_R_930,IPS_R,IPS,R,20,0.22163770706170988,0.2648652421267741,-0.08252845508095479,0.1777257465195125,0.3211727245045134,0.056357185764673745,0.27589661807722904,0.018596582,-9.649778412486626e-05,0.00019467347337539338
931,IPS_R_931,IPS_R,IPS,R,20,0.7540317325279562,0.5452902327415245,-0.8807399906962476,0.8195262945926565,-0.026751638486219614,0.06568625699943967,0.27651193225125453,0.017880568,0.0005978890642673975,5.57576467940427e-05
932,IPS_R_932,IPS_R,IPS,R,19,-0.43969516765414174,-0.45791367236064096,0.23066651394488938,-0.028509187787143963,0.5258627238406103,0.0417950217427653,0.2723021714808311,0.019230591,-0.0002867968820330043,0.0004299728578894062
933,IPS_R_933,IPS_R,IPS,R,20,0.390003721777309,0.691749934888547,-0.21095679047005564,0.872477464445072,0.012078990950233771,0.06120072781032687,0.27793510728916837,0.018409496,0.001006965860285611,3.278030698883289e-05
934,IPS_R_934,IPS_R,IPS,R,20,0.515623956397987,0.569755661521897,-0.3579783042485546,0.7072493196740836,0.11698792623752689,0.06349255943508911,0.27761142996305954,0.01826799,0.0013795485870487661,6.695910287534651e-05
935,IPS_R_935,IPS_R,IPS,R,20,-0.09132095184707371,-0.23894723903453077,0.11206351145281826,-0.16243098364268407,0.2691753556891413,0.04970184061429743,0.2727768069495918,0.018731218,-0.0008455558981256016,0.00012919190806948358
936,IPS_R_936,IPS_R,IPS,R,20,-0.5002044221604277,-0.5056244475904175,0.40049366269070497,0.06734648332204854,0.2458393082840716,0.04112133742403045,0.2713085984966794,0.019174803,2.0615022682552973e-06,0.0003615678827799501
937,IPS_R_937,IPS_R,IPS,R,20,-0.49999321066301805,-0.594553936493633,0.15215368531176515,-0.10757800810664855,0.5906225724600612,0.041244820385827094,0.27081004343037496,0.018832555,-0.0004810541273179522,0.0004863527346119778
938,IPS_R_938,IPS_R,IPS,R,20,0.6499407323027971,0.7695048431674543,-0.19724287260410994,0.955806732679882,-0.004218879540446546,0.06497606277043409,0.27854848693410406,0.018330298,0.001524401131029974,4.078276447646644e-05
939,IPS_L_939,IPS_L,IPS,L,20,0.7119148091117449,0.48224235931505516,-0.4768681465302467,0.4338964593362148,0.007958876457195774,0.06708129003780283,0.2773491303829026,0.018146023,0.0008950982821249121,3.782734911750119e-05
940,IPS_L_940,IPS_L,IPS,L,20,0.9191198491926889,1.1051652115466795,-0.6703987118848781,1.5163916721035613,0.27209753648201357,0.07184404590007912,0.28030126532770466,0.017972497,0.0026510950695490068,0.00031542560726650676
941,IPS_L_941,IPS_L,IPS,L,20,0.030895331461780095,0.0586101251711606,0.15571546571398237,0.21543936801752633,0.17127411060710512,0.05200957593853293,0.2746919010378894,0.01898799,0.0001433134219635604,0.00016695675008646072
942,IPS_L_942,IPS_L,IPS,L,20,-0.5253610787531369,-0.5990644913550882,0.2356588448399412,-0.0018879835338262527,0.5572226148754836,0.04024369783605747,0.27079036113216154,0.018990401,-0.0006061916790071255,0.00040861220607549584
943,IPS_L_943,IPS_L,IPS,L,20,-0.2640393111704674,-0.4460475241134437,0.1488555023031184,-0.0772279623122375,0.32969348640231894,0.0465708652193471,0.2719001230086623,0.018792773,-0.0005203072565283456,0.0001913051371071162
944,IPS_L_944,IPS_L,IPS,L,20,-0.4095529798474705,-0.4271670558395083,0.32198221058943244,0.12564376529470647,0.5768790734790556,0.04321098697078689,0.27154740371668884,0.019090101,-0.0003870635647947888,0.0003659797664540725
945,IPS_L_945,IPS_L,IPS,L,20,-0.1716121578784115,-0.38788870371695044,0.35249966902620605,-0.11754401562166454,0.07665006235861203,0.04766323677804948,0.2721355546528844,0.01906376,-0.00039080484273668027,0.00018975023561347456
946,IPS_L_946,IPS_L,IPS,L,20,0.7160208152748375,0.7193296042224872,-0.7330437271330423,0.9486896280572514,0.015413425376644939,0.06684335349789752,0.2784640903697097,0.018115293,0.001398251614778123,7.67141398194177e-05
947,SPS_R_947,SPS_R,SPS,R,20,-0.645625906462645,-0.4463209511562768,0.35687177486386895,-0.13797716528448334,0.28866231115245344,0.03672970199642799,0.2718042500013439,0.019273562,-0.0005276472313581633,0.00030515656964346787
948,SPS_R_948,SPS_R,SPS,R,20,-0.2024394085811157,-0.30421550516759827,0.11144938486812928,-0.23205100487988722,0.02235272532931739,0.04704923683149957,0.2722290822034373,0.018950168,-0.0007477269457643405,0.00033663834001013154
949,SPS_R_949,SPS_R,SPS,R,20,-0.7438302905145797,-0.5149505041236183,0.375381403769632,-0.11782013304816738,0.666684694095565,0.03573542263706701,0.27141501734992934,0.019202355,-0.00036123809761373404,0.0007025152426065421
950,SPS_R_950,SPS_R,SPS,R,20,-0.5803942081714198,-0.7005751823741507,0.09773309592694283,-0.19040471204006632,0.24911793278483527,0.038353267625589355,0.2701992439122907,0.018934451,-0.0006185250106837224,0.00017143847125141449
951,SPS_R_951,SPS_R,SPS,R,20,0.4776876209172106,0.13879578396784328,-0.28497524154556625,0.11326332998183904,0.06346763211592245,0.060720902244258225,0.2748766298722489,0.018395383,-0.00024799217394112983,6.666009377842006e-05
952,SPS_R_952,SPS_R,SPS,R,20,-0.5288148625471318,-0.51616081788075,0.2754014369205033,-0.16192253728215253,0.14293876251124402,0.04004565115882678,0.2711132771817223,0.01901698,-0.000570064097798053,0.00029816989393834385
953,SPS_R_953,SPS_R,SPS,R,20,-0.3313835857985673,-0.42395329067712784,0.24064196121817766,0.08568073876952538,0.27887052563760306,0.04470559052797148,0.27145200524304525,0.018903166,-0.00026469653514670253,0.0002564684854412535
954,SPS_R_954,SPS_R,SPS,R,20,-0.5473010181874229,-0.6048727411715303,0.42792613411399644,-0.20385893891632317,0.02392146798590219,0.03963327795424465,0.27052787555223723,0.019148428,-0.0005872223095758179,0.0002386349661132349
955,SPS_R_955,SPS_R,SPS,R,20,0.15630679295844818,-0.220128491211757,-0.15785171734018605,0.15230940951407584,0.09765360749921924,0.05312774957649696,0.27219140385498203,0.018705372,-0.0004192476105544642,6.049876497931271e-05
956,SPS_R_956,SPS_R,SPS,R,20,0.6178819646999493,0.33150294277757064,-0.599668180464342,0.4162961082371508,0.0038503022396115237,0.06496956054431569,0.27599370288729574,0.018008001,0.0002897923058108198,7.053914224016134e-05
957,SPS_R_957,SPS_R,SPS,R,20,0.5917396998344983,0.38980371728261615,-0.5476416087638808,0.44876460960060827,0.09689641601671867,0.06508567511051552,0.27643527487629876,0.018090924,0.0004448719582145374,8.619567564379781e-05
958,SPS_R_958,SPS_R,SPS,R,20,0.2723501229343447,-0.15992671637044875,-0.02330325489552208,0.2573431157771263,0.07885874614013316,0.0562346538088133,0.27293967467938013,0.01870227,-8.77762230558203e-05,0.0001044697049088564
959,SPS_L_959,SPS_L,SPS,L,20,0.18233516806660885,-2.7192181732935138e-05,0.28557890251605855,-0.10566539381572052,0.04485914488120733,0.05414279574838869,0.2737219107034009,0.018861372,-0.0002122308768753169,0.0002313964025840408
960,SPS_L_960,SPS_L,SPS,L,20,-0.3292471979837942,-0.49339143956458653,0.15739253007833884,0.3026913019387937,0.8505035541911515,0.04498323461034899,0.27128624026308096,0.018805992,-0.00010622587541264676,0.0005681379879018501
961,SPS_L_961,SPS_L,SPS,L,20,0.07199667079076452,-0.22555400666716033,0.2592605988020111,-0.18259334008016764,0.6254848055370681,0.05294757381437397,0.27291841830425556,0.018766366,-0.000791827272149098,0.00043999924597779987
962,SPS_L_962,SPS_L,SPS,L,20,-0.32568781680589376,-0.5231955623706709,0.12490163649082667,-0.20099209147111585,0.011670713744899265,0.04417469353243442,0.27140174379439136,0.018957166,-0.0007920162928674839,0.00032646720808143174
963,SPS_L_963,SPS_L,SPS,L,20,-0.7437749057768163,-0.8172813880605287,0.27787466957240703,-0.09859670093363673,1.1508802604843695,0.03489399540282274,0.2699953838075685,0.01899994,-0.0006875270535663007,0.0010912389353924157
964,SPS_L_964,SPS_L,SPS,L,20,-0.5300690033415941,-0.7101872019958556,0.5241417741649197,-0.1605271619464764,0.21545884234220072,0.04086423504573513,0.27046402371844663,0.019192863,-0.0003126286371592657,0.00029000071009455304
965,SPS_L_965,SPS_L,SPS,L,20,0.33753415108859197,-0.02041704281367502,0.12342719002099667,0.009983917898967942,0.10720930819648596,0.057281262936801546,0.27374394874687863,0.01878208,-0.00014257155936571683,9.2380618577612e-05
966,SPS_L_966,SPS_L,SPS,L,20,-0.07892716666202673,-0.30984480270354153,0.24007915683435016,-0.18067039682854574,0.2273888332851635,0.05039015736659656,0.27284285577485845,0.018844899,-0.0004223400238164574,0.00015597490734576237
967,SPS_L_967,SPS_L,SPS,L,20,0.02648208171521995,0.06517123058946879,0.09107175780242038,0.04913667569670118,0.4375024546851069,0.053905298426048166,0.2744291120751773,0.018448297,-0.00021592164173949677,0.0002648327555211059
968,SPS_L_968,SPS_L,SPS,L,20,-0.4502379538852927,-0.6205884217186957,0.07347852687426396,-0.06946341295959965,0.4666966811116186,0.041975834535899405,0.27080182515357454,0.018839868,-0.0004590755140606144,0.0002858544812703695
969,SPS_L_969,SPS_L,SPS,L,20,0.5286246677820763,0.31687138772010964,-0.2901065814403514,0.20186482673644796,0.19944436360713427,0.06438779185581894,0.2759120768122544,0.018255154,0.00025268218769169016,0.00019671411170333542
970,SPS_L_970,SPS_L,SPS,L,20,-0.5302043966341135,-0.4984209685959704,0.3164095688603197,0.016267306944574116,0.5962735186186556,0.039451356744360296,0.2711754040950315,0.019028252,-0.000368124265774724,0.00048034745752761367
971,SPS_L_971,SPS_L,SPS,L,20,0.42303527588411205,0.41280340893208695,0.013433240079373143,0.2094677769458455,0.2115186427007972,0.0620133089304835,0.2771980795358369,0.018498607,0.001014591441481026,0.00010102688553133747
972,SPS_L_972,SPS_L,SPS,L,20,-0.7593170619129095,-0.6705007152911612,0.48452105689704117,0.023543965730413015,0.4932566322052952,0.035207489377683046,0.2702357089626169,0.01923315,-0.0004048776682628396,0.00025113447103212116
973,SPS_L_973,SPS_L,SPS,L,20,0.1533936536002777,-0.15515934285610097,0.10014914660710032,-0.05632884847943476,0.014708939126297466,0.05431714445846576,0.2729340397210077,0.018657723,-0.00033960725460658095,0.00017386192875000706
974,LAL_R_974,LAL_R,LAL,R,20,0.7917090087934743,0.84198070783895,-0.8404513646880034,-0.03838579171894278,0.014964076080989175,0.06628207982812725,0.2780179728831639,0.018019313,0.0002444840993440199,0.0001691674058796982
975,LAL_R_975,LAL_R,LAL,R,20,0.6562402006480798,0.4352473065794146,-0.5511355200492799,-0.5483953457312438,-0.17619178077329956,0.06387441228614112,0.27577926470065306,0.018202228,-0.0008312645183731907,-8.597675524695517e-06
976,LAL_R_976,LAL_R,LAL,R,20,0.08743330885128088,0.025697780184718112,0.028311625318606128,-0.29075022365373826,-0.2565232573171126,0.05330828091101786,0.27448322997561575,0.018643636,2.4955195037788726e-05,0.00021448292063230425
977,LAL_R_977,LAL_R,LAL,R,20,0.5845022668241504,0.4933312809302355,-0.10680999392755211,-0.3662711883374224,4.14619594564353e-05,0.06279763421554019,0.2768059487247855,0.018644162,-0.00033953866883178034,0.0001114075932239951
978,LAL_R_978,LAL_R,LAL,R,20,-0.11869000268389714,-0.21416489240703496,0.10269685726971504,-0.30772658780347234,0.03871127161753922,0.04969385256063083,0.2724670400926147,0.018764555,-0.0007107593636952605,0.0001839066841672236
979,LAL_R_979,LAL_R,LAL,R,20,0.1826749159529944,-0.14951781846260095,0.09622370642474298,-0.4598057749038603,-0.351037251664157,0.053134383456275316,0.27329949835341383,0.0188323,-0.00042679470505958947,1.9123396307892746e-05
980,LAL_R_980,LAL_R,LAL,R,20,0.3233320656507916,0.3231046371788136,-0.12228813766319653,-0.4140225132627341,-0.20955220222052304,0.0550000172409999,0.2750117603474952,0.018734388,-0.00023270872753609288,8.183882246495808e-05
981,LAL_R_981,LAL_R,LAL,R,20,-0.47388763741552997,-0.43631518261414676,0.30309435787840483,0.059758498405056516,0.6603012358928756,0.040557514750449844,0.27211523823130357,0.019060995,-8.984840525925913e-05,0.0005039700127047715
982,LAL_R_982,LAL_R,LAL,R,20,1.6999139823470384,1.3076479684372044,-1.341492888450445,1.2925150009939375,-0.1635687481254536,0.08446927039166278,0.2804030029821784,0.01728442,0.0019634473301854737,0.00014415368919850762
983,LAL_L_983,LAL_L,LAL,L,20,0.35536586362348854,0.34156853107861423,-0.3926450440593456,-0.0843890033924613,0.15512304460868181,0.06021144823403388,0.27591668425229854,0.01815942,0.0006383580234549063,0.00020079492401387202
984,LAL_L_984,LAL_L,LAL,L,20,0.7170079152898052,0.1598363794086144,-0.44323092905767797,-0.0353348640919596,-0.31859302798059985,0.06489511905426677,0.27501689249688194,0.018477742,0.0003396139955118378,4.2730583085239596e-05
985,LAL_L_985,LAL_L,LAL,L,20,1.087553460518584,1.0502651717091571,-0.7050697065748212,0.11667365941874727,-0.07499589258003266,0.07369778908145658,0.2796871523471455,0.018107988,0.0005526334357881453,0.00010911247721061374
986,LAL_L_986,LAL_L,LAL,L,20,0.8488865165096341,0.7010201544181103,-0.6889026070653325,-0.23357425476354524,-0.11316362602402785,0.06715988153166864,0.2773027939315376,0.018021306,-0.0005691333040910352,5.662072504023871e-05
987,LAL_L_987,LAL_L,LAL,L,20,1.5627864291066713,1.1133922079020526,-1.4220747272214136,0.37313140474710343,-0.16638889844151622,0.08280743575199316,0.2800598484458826,0.017374068,0.0011817633268707355,7.748033572137402e-05
988,AME_R_988,AME_R,AME,R,20,-1.1889752744517017,-0.9550923318218787,0.5277173022875681,-0.1786855615104431,0.5378482871412383,0.026652761045514332,0.2688436546544578,0.019266468,-0.0001283562355019704,0.0005195275047033862
989,AME_L_989,AME_L,AME,L,19,-0.9110555467929299,-0.8572778289471491,0.332970305146668,-0.23682323507156933,1.187470662218724,0.032248160398996875,0.2695929996767764,0.019424697,-0.0003861785549384974,0.0008706342627947714
990,GA_R_990,GA_R,GA,R,20,-0.5838356871199695,-0.1215013000675799,0.461068211160253,-0.4558613470416125,-0.213917714157814,0.038921074162314585,0.27296488448841555,0.019179791,8.697518447978238e-05,0.00023223302626522687
991,GA_L_991,GA_L,GA,L,20,-0.351637374224928,-0.01524669191368327,0.32788628764305955,-0.5779218634562351,-0.1406514713691564,0.04498759252703758,0.2739624121211724,0.019149154,3.927018691534904e-05,0.00039629010420365226
992,AMMC_L_992,AMMC_L,AMMC,L,20,-0.42441481250816626,-0.5353713763681047,0.22215194288102008,0.08396728924965333,0.45250540394863115,0.04348962446686995,0.2709538205307195,0.01894747,0.00026368831128956735,0.0005720689704540519
993,AMMC_L_993,AMMC_L,AMMC,L,20,-0.32096046048076754,-0.42586686063901125,0.21770366885382728,-0.2052955549146455,0.4339379757541033,0.04537338611212602,0.27221253202432805,0.018998662,0.0002739309640971933,0.0008693827563755921
994,AMMC_L_994,AMMC_L,AMMC,L,20,0.031368714917320094,-0.21091158947057295,0.12486780157137563,-0.19988356588000383,-0.3046730667667077,0.05230868339889509,0.27312035962318787,0.018753303,0.0004468474859634479,0.0002174158369192838
995,AMMC_L_995,AMMC_L,AMMC,L,20,0.6254827239319737,0.131987797564241,-0.28914278341224153,0.21562870500876033,0.15614496088008784,0.06636987987874877,0.27520781801020233,0.01819443,0.0006102835205010109,0.0002897292197255931
996,AMMC_R_996,AMMC_R,AMMC,R,20,0.2839313711070481,-0.073416813175852,-0.15106818105857667,-0.029797642083959748,0.31719736671050924,0.05739897363515787,0.2745909922223278,0.018615182,0.0005447308744684954,0.0002657883087865086
997,AMMC_R_997,AMMC_R,AMMC,R,20,-0.5384621248559373,-0.5051929550880881,0.35541961746322187,-0.14948769522499117,0.12719255670152183,0.0401736082671587,0.27114122142950237,0.019153977,-0.000391291131607403,5.621374389556998e-05
998,AMMC_R_998,AMMC_R,AMMC,R,20,-0.9863123708718454,-1.0023335962722721,0.2791605886857198,-0.20845562923391103,0.02542067006222405,0.03033374816178474,0.2686876409076728,0.019069431,-0.0005464353077570658,0.00015869488227302246
999,AMMC_R_999,AMMC_R,AMMC,R,20,0.06979451604802117,-0.12121116963969221,0.260360751111224,-0.3361550916227444,-0.31688430570744136,0.05029153992632892,0.27305330225539226,0.019034257,-0.0006843354951879811,0.00015280274099657053
