recording_id,side_key,side,big_group,n_mapped_rois,weighted_mean_PostDCA_positive,n_present_rois,n_valid_sidekeys,n_time,n_windows,FCS,FCV,FCS_z,FCV_z
2017-10-26_1,ATL_L,L,inferior/ventrolateral protocerebrum,1,0.0081194081525082,1,41,2000,247,0.08605554732926508,0.2148945627803418,-1.5108141624982954,-0.9405163606011636
2017-10-26_1,CRE_L,L,inferior/ventrolateral protocerebrum,10,0.0207756652701866,10,41,2000,247,0.22922883228230542,0.25218272827730337,0.9016123802613256,0.5429039572289412
2017-10-26_1,EPA_L,L,inferior/ventrolateral protocerebrum,1,0.0641271040364944,1,41,2000,247,0.13550730424303545,0.21668277623920593,-0.6775670172364875,-0.8693765728925823
2017-10-26_1,IB_L,L,inferior/ventrolateral protocerebrum,3,0.0356146528386148,3,41,2000,247,0.18056117523840426,0.2296222814927784,0.08157708062328221,-0.3546093608294709
2017-10-26_1,LAL_L,L,inferior/ventrolateral protocerebrum,5,0.0372312491272941,5,41,2000,247,0.17363297548778195,0.24499211178459496,-0.035160989453295474,0.2568425095592487
2017-10-26_1,VES_L,L,inferior/ventrolateral protocerebrum,6,0.0256192691445413,6,41,2000,247,0.181851037737747,0.26580539828940697,0.10331087356478867,1.084849242273764
2017-10-26_1,MB_L,L,mushroom body,16,0.1238445491944881,16,41,2000,247,0.2512779085406165,0.2669701625094756,1.2731326455561192,1.1311865958684886
2017-10-26_1,LH_L,L,olfactory system,11,0.0154207396394683,11,41,2000,247,0.16827702162716593,0.25241988512920205,-0.12540719187425606,0.5523386743283328
2017-10-26_1,AME_L,L,optic/lateral protocerebrum,1,0.003772548406603,1,41,2000,247,0.03901894042887309,0.18238063901035206,-2.3033667605969836,-2.234004910921832
2017-10-26_1,AOTU_L,L,optic/lateral protocerebrum,4,0.0275586782600697,4,41,2000,247,0.1760773726577592,0.2484360643935673,0.006026363451499178,0.39385191202529035
2017-10-26_1,AVLP_L,L,optic/lateral protocerebrum,34,0.017506590080857,34,41,2000,247,0.18662180720516167,0.2652540311832443,0.18369689597360073,1.0629144230901406
2017-10-26_1,ICL_L,L,optic/lateral protocerebrum,8,0.0141316259929802,8,41,2000,247,0.19701194219173826,0.23348338544396102,0.3587675275700889,-0.20100459175320465
2017-10-26_1,ME_L,L,optic/lateral protocerebrum,131,0.0137407167826744,16,41,2000,247,0.030025857087895357,0.18663335211479024,-2.454897494561354,-2.064820910021064
2017-10-26_1,PLP_L,L,optic/lateral protocerebrum,13,0.0247627492367811,13,41,2000,247,0.16614305021717582,0.23881155370292778,-0.16136396462441566,0.010963815563931879
2017-10-26_1,PVLP_L,L,optic/lateral protocerebrum,11,0.0210877228173999,11,41,2000,247,0.1842017182388945,0.2317878675220006,0.1429191289482963,-0.2684567096345773
2017-10-26_1,SIP_L,L,superior protocerebrum,7,0.026564468898378,7,41,2000,247,0.1526724852282216,0.233657534209711,-0.388338909957131,-0.19407650038706864
2017-10-26_1,SMP_L,L,superior protocerebrum,22,0.0283202025188532,22,41,2000,247,0.1554700033386625,0.23739536348446597,-0.3412015760216001,-0.04537591893305476
2017-10-26_1,SPS_L,L,superior protocerebrum,15,0.0174081044878027,15,41,2000,247,0.1910185408488323,0.2285436559467351,0.25778052789497624,-0.39751989367565327
2017-10-26_1,ATL_R,R,inferior/ventrolateral protocerebrum,1,0.0076843012696145,1,41,2000,247,0.18190499291541468,0.2314252602962293,0.10422000198750746,-0.282882169265863
2017-10-26_1,CRE_R,R,inferior/ventrolateral protocerebrum,8,0.011210897585465,8,41,2000,247,0.24994046127313235,0.2801662662164309,1.2505970636654171,1.6561619625618653
2017-10-26_1,EPA_R,R,inferior/ventrolateral protocerebrum,1,0.0143470987549166,1,41,2000,247,0.15547770487955012,0.22311964824530883,-0.34107180738729437,-0.6133010435693994
2017-10-26_1,IB_R,R,inferior/ventrolateral protocerebrum,4,0.0364638376026452,4,41,2000,247,0.1796335277570493,0.22514620707094193,0.0659465011679123,-0.5326792565451216
2017-10-26_1,LAL_R,R,inferior/ventrolateral protocerebrum,9,0.023416134530816,9,41,2000,247,0.2420838942793116,0.2675794659413218,1.1182162863641285,1.1554262729477474
2017-10-26_1,VES_R,R,inferior/ventrolateral protocerebrum,6,0.0197899974539006,6,41,2000,247,0.21396114994208562,0.22786364131349018,0.6443565511724755,-0.4245726464708929
2017-10-26_1,MB_R,R,mushroom body,16,0.0541119400368117,16,41,2000,247,0.2480316549141745,0.2817544553764883,1.218434253914641,1.719344262822215
2017-10-26_1,AL_R,R,olfactory system,23,0.0669363001194896,23,41,2000,247,0.18560279299389137,0.2658555314744664,0.16652681475681497,1.086843670916834
2017-10-26_1,LH_R,R,olfactory system,14,0.015880788129262,14,41,2000,247,0.17245967347593497,0.25721524883412694,-0.05493077343905306,0.7431107291200947
2017-10-26_1,AOTU_R,R,optic/lateral protocerebrum,3,0.0151695582829394,3,41,2000,247,0.16193704131694864,0.2381872308696687,-0.23223394231137928,-0.013873372412431481
2017-10-26_1,AVLP_R,R,optic/lateral protocerebrum,28,0.0220640996038256,28,41,2000,247,0.1947842567216585,0.23083039986036097,0.3212317012551236,-0.3065472663571178
2017-10-26_1,ICL_R,R,optic/lateral protocerebrum,8,0.0142208345232401,8,41,2000,247,0.26690276809568136,0.26464861815610335,1.5364068026720437,1.038829516440252
2017-10-26_1,LO_R,R,optic/lateral protocerebrum,40,0.0119475088678664,29,41,2000,247,0.07224109164352324,0.20259040114770005,-1.743583562047876,-1.430007949057391
2017-10-26_1,ME_R,R,optic/lateral protocerebrum,129,0.0062167920089693,23,41,2000,247,0.05973733567850108,0.1990609162061639,-1.9542680677788304,-1.5704200504297892
2017-10-26_1,PLP_R,R,optic/lateral protocerebrum,15,0.0182239601527843,15,41,2000,247,0.22621145835081466,0.24013959238400187,0.8507705422456177,0.06379665236653961
2017-10-26_1,PVLP_R,R,optic/lateral protocerebrum,17,0.0190223107650327,17,41,2000,247,0.1806366439634109,0.21350771768939386,0.08284870581099753,-0.9956886695141014
2017-10-26_1,WED_R,R,optic/lateral protocerebrum,1,0.012935449669569,1,41,2000,247,0.05133117691210946,0.18844136200369982,-2.0959093002011087,-1.9928935687775058
2017-10-26_1,SIP_R,R,superior protocerebrum,6,0.0113351905713117,6,41,2000,247,0.24156100161417932,0.26270186879221435,1.1094057031272266,0.9613827576193844
2017-10-26_1,SLP_R,R,superior protocerebrum,22,0.0215671447223606,22,41,2000,247,0.21141928469414278,0.2693418575858629,0.6015268906372239,1.225538801645338
2017-10-26_1,SMP_R,R,superior protocerebrum,21,0.0249790898738309,21,41,2000,247,0.2747417502696146,0.27267589899465133,1.668491281077486,1.3581756503711546
2017-10-26_1,SPS_R,R,superior protocerebrum,12,0.0185531881136671,12,41,2000,247,0.1994967275511471,0.21980022459936593,0.40063540924972296,-0.7453563596261419
2017-10-26_1,NO,midline,central complex,1,0.0034522715914941,1,41,2000,247,0.17641725923570262,0.24487554640077364,0.01175334947705134,0.2522052350671501
2017-10-26_1,PB,midline,central complex,1,0.0033217601035986,1,41,2000,247,0.17334129232965761,0.24309366718038242,-0.040075762436019804,0.18131743985869475
2017-10-30_1,ATL_L,L,inferior/ventrolateral protocerebrum,1,0.0081194081525082,1,39,2000,247,0.09682638923220682,0.1930093019931199,-0.8601461138695778,-1.3060743899138672
2017-10-30_1,CRE_L,L,inferior/ventrolateral protocerebrum,10,0.0207756652701866,10,39,2000,247,0.17939220393380842,0.21486794002181395,1.0394891849463987,0.43140623605588213
2017-10-30_1,EPA_L,L,inferior/ventrolateral protocerebrum,1,0.0641271040364944,1,39,2000,247,0.07417562687712813,0.18850450511989325,-1.381284164409094,-1.664147810631382
2017-10-30_1,IB_L,L,inferior/ventrolateral protocerebrum,3,0.0356146528386148,3,39,2000,247,0.1707072262373397,0.1972967870419961,0.8396693168657968,-0.9652744646496115
2017-10-30_1,LAL_L,L,inferior/ventrolateral protocerebrum,5,0.0372312491272941,5,39,2000,247,0.16858834706033937,0.2204384443295289,0.7909191447382289,0.8741896930503434
2017-10-30_1,VES_L,L,inferior/ventrolateral protocerebrum,6,0.0256192691445413,6,39,2000,247,0.17379587374011338,0.21767754634930828,0.9107314609634907,0.6547338081678887
2017-10-30_1,MB_L,L,mushroom body,16,0.1238445491944881,16,39,2000,247,0.16014256841332716,0.22224182643551396,0.5966026555007113,1.0175353793761075
2017-10-30_1,LH_L,L,olfactory system,11,0.0154207396394683,11,39,2000,247,0.16894927919897362,0.22037219872325395,0.7992233010468017,0.8689240192555153
2017-10-30_1,AME_L,L,optic/lateral protocerebrum,1,0.003772548406603,0,39,2000,247,,,,
2017-10-30_1,AOTU_L,L,optic/lateral protocerebrum,4,0.0275586782600697,4,39,2000,247,0.11753939161754609,0.21733215792061347,-0.3835911302137725,0.6272798697064168
2017-10-30_1,AVLP_L,L,optic/lateral protocerebrum,34,0.017506590080857,34,39,2000,247,0.1586080123553537,0.2334589640101051,0.5612963139321866,1.9091535666165607
2017-10-30_1,ICL_L,L,optic/lateral protocerebrum,8,0.0141316259929802,8,39,2000,247,0.15545720935966645,0.211179222479703,0.4888041255869956,0.13820062756008875
2017-10-30_1,ME_L,L,optic/lateral protocerebrum,131,0.0137407167826744,0,39,2000,247,,,,
2017-10-30_1,PLP_L,L,optic/lateral protocerebrum,13,0.0247627492367811,13,39,2000,247,0.18445698982346465,0.21450932747479468,1.1560173884372489,0.4029011502468888
2017-10-30_1,PVLP_L,L,optic/lateral protocerebrum,11,0.0210877228173999,11,39,2000,247,0.16181113728118426,0.22021557465916985,0.6349923005534752,0.8564744203120895
2017-10-30_1,SIP_L,L,superior protocerebrum,7,0.026564468898378,7,39,2000,247,0.1621888864521384,0.21292321640808054,0.6436833752050889,0.2768257174850483
2017-10-30_1,SMP_L,L,superior protocerebrum,22,0.0283202025188532,22,39,2000,247,0.16222601647118648,0.21615628145682278,0.6445376451603286,0.533812812349586
2017-10-30_1,SPS_L,L,superior protocerebrum,15,0.0174081044878027,15,39,2000,247,0.17530911098447596,0.21385936788699986,0.9455473093295872,0.3512377213555576
2017-10-30_1,ATL_R,R,inferior/ventrolateral protocerebrum,1,0.0076843012696145,1,39,2000,247,0.10681397135389595,0.19614928836730544,-0.6303565379203442,-1.0564858527051604
2017-10-30_1,CRE_R,R,inferior/ventrolateral protocerebrum,8,0.011210897585465,8,39,2000,247,0.14662996430457087,0.22908400553589892,0.28571103726029534,1.5614006289277171
2017-10-30_1,EPA_R,R,inferior/ventrolateral protocerebrum,1,0.0143470987549166,1,39,2000,247,0.0747582671265682,0.18988758850392126,-1.3678790525192959,-1.5542104677514277
2017-10-30_1,IB_R,R,inferior/ventrolateral protocerebrum,4,0.0364638376026452,4,39,2000,247,0.1522300539646325,0.20470693351132208,0.41455525727113546,-0.37626311320351924
2017-10-30_1,LAL_R,R,inferior/ventrolateral protocerebrum,9,0.023416134530816,9,39,2000,247,0.18800975763436914,0.21279166047150883,1.2377577935490078,0.26636871230821135
2017-10-30_1,VES_R,R,inferior/ventrolateral protocerebrum,6,0.0197899974539006,6,39,2000,247,0.18003175888906867,0.2121374360344436,1.0542037635275687,0.214366282744913
2017-10-30_1,MB_R,R,mushroom body,16,0.0541119400368117,16,39,2000,247,0.13441233717617626,0.22939684529883883,0.004613638236872729,1.5862673670304088
2017-10-30_1,AL_R,R,olfactory system,23,0.0669363001194896,23,39,2000,247,0.12810007206157617,0.21694443856329637,-0.1406159785302517,0.5964611667859698
2017-10-30_1,LH_R,R,olfactory system,14,0.015880788129262,14,39,2000,247,0.07813145760749547,0.20284091692112508,-1.2902702778665196,-0.5245874355583429
2017-10-30_1,AOTU_R,R,optic/lateral protocerebrum,3,0.0151695582829394,3,39,2000,247,0.06774617138575068,0.19200643615992577,-1.5292100420586718,-1.3857893270171986
2017-10-30_1,AVLP_R,R,optic/lateral protocerebrum,28,0.0220640996038256,28,39,2000,247,0.1570523410610487,0.22334502424857866,0.5255041629712006,1.105225418631798
2017-10-30_1,ICL_R,R,optic/lateral protocerebrum,8,0.0142208345232401,8,39,2000,247,0.16673850898047252,0.19971570039510742,0.748358943203139,-0.7730019597747261
2017-10-30_1,LO_R,R,optic/lateral protocerebrum,40,0.0119475088678664,29,39,2000,247,0.023471175877837248,0.18813278430380728,-2.547868243709284,-1.6936948352617003
2017-10-30_1,ME_R,R,optic/lateral protocerebrum,129,0.0062167920089693,24,39,2000,247,0.03200798995089559,0.18982569584027117,-2.3514572543522556,-1.5591301385854714
2017-10-30_1,PLP_R,R,optic/lateral protocerebrum,15,0.0182239601527843,15,39,2000,247,0.14373117121850423,0.21219429595892092,0.21901697398292944,0.21888591553464862
2017-10-30_1,PVLP_R,R,optic/lateral protocerebrum,17,0.0190223107650327,17,39,2000,247,0.1501973737913754,0.20851783889890396,0.3677883111412182,-0.07334514230179479
2017-10-30_1,WED_R,R,optic/lateral protocerebrum,1,0.012935449669569,1,39,2000,247,0.05647648152552739,0.18456908343531553,-1.7884977477823987,-1.9769632258918888
2017-10-30_1,SIP_R,R,superior protocerebrum,6,0.0113351905713117,6,39,2000,247,0.13494557941317095,0.20705154987218427,0.01688222396906269,-0.1898962637693438
2017-10-30_1,SLP_R,R,superior protocerebrum,22,0.0215671447223606,22,39,2000,247,0.13969395354789382,0.22582576658143114,0.12613057512872689,1.302412532288929
2017-10-30_1,SMP_R,R,superior protocerebrum,21,0.0249790898738309,21,39,2000,247,0.14992881376816422,0.21368162324450835,0.3616094088705075,0.3371093080347679
2017-10-30_1,SPS_R,R,superior protocerebrum,12,0.0185531881136671,12,39,2000,247,0.1649326493843799,0.21112676928977056,0.7068105778676663,0.13403127349702737
2017-10-30_1,NO,midline,central complex,1,0.0034522715914941,1,39,2000,247,0.08141038933795378,0.19983228652348836,-1.2148301640603694,-0.763734861840591
2017-10-30_1,PB,midline,central complex,1,0.0033217601035986,1,39,2000,247,0.10663607549206308,0.20437554373946068,-0.634449481953808,-0.402604338466405
2017-10-30_2,ATL_L,L,inferior/ventrolateral protocerebrum,1,0.0081194081525082,1,41,2000,247,0.11718436068476068,0.21403627280544701,-0.18747318967436388,-0.13539289691758968
2017-10-30_2,CRE_L,L,inferior/ventrolateral protocerebrum,10,0.0207756652701866,10,41,2000,247,0.17788106221051667,0.23975589214481272,0.9982434336112159,1.1644101303842707
2017-10-30_2,EPA_L,L,inferior/ventrolateral protocerebrum,1,0.0641271040364944,1,41,2000,247,0.059116104792555156,0.18270219460090883,-1.3218428434746134,-1.7189361512158627
2017-10-30_2,IB_L,L,inferior/ventrolateral protocerebrum,3,0.0356146528386148,3,41,2000,247,0.11286472618268395,0.20220886421795684,-0.27185771645885315,-0.733119530593922
2017-10-30_2,LAL_L,L,inferior/ventrolateral protocerebrum,5,0.0372312491272941,5,41,2000,247,0.16409204110003078,0.227983594133112,0.7288734161548142,0.569468642642733
2017-10-30_2,VES_L,L,inferior/ventrolateral protocerebrum,6,0.0256192691445413,6,41,2000,247,0.1582916731683131,0.21882630144627452,0.6155626018119325,0.10668275925982221
2017-10-30_2,MB_L,L,mushroom body,16,0.1238445491944881,16,41,2000,247,0.17578226479364195,0.24903353701992498,0.9572431992732564,1.633278302023389
2017-10-30_2,LH_L,L,olfactory system,11,0.0154207396394683,11,41,2000,247,0.17585077064646343,0.25024319807926243,0.9585814685109729,1.6944114426888672
2017-10-30_2,AME_L,L,optic/lateral protocerebrum,1,0.003772548406603,1,41,2000,247,0.019681981253366163,0.18795896366523704,-2.0921927081253715,-1.4532726414460064
2017-10-30_2,AOTU_L,L,optic/lateral protocerebrum,4,0.0275586782600697,4,41,2000,247,0.10227156238441366,0.2231024565073192,-0.4787963159718132,0.3227885740551011
2017-10-30_2,AVLP_L,L,optic/lateral protocerebrum,34,0.017506590080857,34,41,2000,247,0.16496504628388764,0.21708761215668343,0.7459276667597554,0.0188139003809974
2017-10-30_2,ICL_L,L,optic/lateral protocerebrum,8,0.0141316259929802,8,41,2000,247,0.17005210918242344,0.2098102380714439,0.8453039901985784,-0.3489657600405143
2017-10-30_2,ME_L,L,optic/lateral protocerebrum,131,0.0137407167826744,16,41,2000,247,0.014418385963053493,0.18367466822710066,-2.1950176109139203,-1.6697898498411505
2017-10-30_2,PLP_L,L,optic/lateral protocerebrum,13,0.0247627492367811,13,41,2000,247,0.15725408067404703,0.22625091569726372,0.5952931203125864,0.4819035567625855
2017-10-30_2,PVLP_L,L,optic/lateral protocerebrum,11,0.0210877228173999,11,41,2000,247,0.13752258033892953,0.20359886907574257,0.20983612904946178,-0.6628722808864252
2017-10-30_2,SIP_L,L,superior protocerebrum,7,0.026564468898378,7,41,2000,247,0.17643289674137647,0.24501173734785212,0.9699533646805499,1.4300269505945284
2017-10-30_2,SMP_L,L,superior protocerebrum,22,0.0283202025188532,22,41,2000,247,0.19513339447196973,0.24117846205766563,1.3352696086525493,1.2363031337322885
2017-10-30_2,SPS_L,L,superior protocerebrum,15,0.0174081044878027,15,41,2000,247,0.1244547688050666,0.20444372199385122,-0.04544498139258232,-0.6201755999560954
2017-10-30_2,ATL_R,R,inferior/ventrolateral protocerebrum,1,0.0076843012696145,1,41,2000,247,0.09135548058252278,0.23365038005722055,-0.6920431535805232,0.8558533438328523
2017-10-30_2,CRE_R,R,inferior/ventrolateral protocerebrum,8,0.011210897585465,8,41,2000,247,0.15884821400392307,0.23203117027508177,0.6264346871762411,0.7740226701790066
2017-10-30_2,EPA_R,R,inferior/ventrolateral protocerebrum,1,0.0143470987549166,1,41,2000,247,0.0663188104050099,0.1914723607152795,-1.1811372109997431,-1.2757146433472968
2017-10-30_2,IB_R,R,inferior/ventrolateral protocerebrum,4,0.0364638376026452,4,41,2000,247,0.1165662568081921,0.1982889263821426,-0.19954791569639693,-0.9312230483247603
2017-10-30_2,LAL_R,R,inferior/ventrolateral protocerebrum,9,0.023416134530816,9,41,2000,247,0.13962279913377296,0.21008322528933143,0.2508641301596365,-0.3351696922393921
2017-10-30_2,VES_R,R,inferior/ventrolateral protocerebrum,6,0.0197899974539006,6,41,2000,247,0.10532301768570496,0.20231750772368592,-0.41918580691608365,-0.7276289688643703
2017-10-30_2,MB_R,R,mushroom body,16,0.0541119400368117,16,41,2000,247,0.17368698971326058,0.23203394494451962,0.9163117741593233,0.7741628947946002
2017-10-30_2,AL_R,R,olfactory system,23,0.0669363001194896,23,41,2000,247,0.16746557723690583,0.2281617561609901,0.7947758091382283,0.5784724906441592
2017-10-30_2,LH_R,R,olfactory system,14,0.015880788129262,14,41,2000,247,0.14462319051128603,0.23028802982494262,0.348547316069421,0.6859288611607944
2017-10-30_2,AOTU_R,R,optic/lateral protocerebrum,3,0.0151695582829394,3,41,2000,247,0.14387945505340957,0.2290354191247755,0.3340183635305946,0.6226251567542556
2017-10-30_2,AVLP_R,R,optic/lateral protocerebrum,28,0.0220640996038256,28,41,2000,247,0.1261269445423146,0.23049358320596075,-0.01277884766753268,0.6963169972911983
2017-10-30_2,ICL_R,R,optic/lateral protocerebrum,8,0.0142208345232401,8,41,2000,247,0.16915875874419176,0.23046185463654822,0.827852292850885,0.694713517471758
2017-10-30_2,LO_R,R,optic/lateral protocerebrum,40,0.0119475088678664,30,41,2000,247,0.027165747595791996,0.1833322021843806,-1.9459965239186565,-1.6870971977144649
2017-10-30_2,ME_R,R,optic/lateral protocerebrum,129,0.0062167920089693,24,41,2000,247,0.03197211477121416,0.18735763926527632,-1.8521036217632745,-1.4836620210533134
2017-10-30_2,PLP_R,R,optic/lateral protocerebrum,15,0.0182239601527843,15,41,2000,247,0.15488681411380795,0.22773337476651792,0.5490483122478109,0.5568232031478043
2017-10-30_2,PVLP_R,R,optic/lateral protocerebrum,17,0.0190223107650327,17,41,2000,247,0.14288580212418142,0.22734455253608282,0.31460724618244224,0.5371731334662417
2017-10-30_2,WED_R,R,optic/lateral protocerebrum,1,0.012935449669569,1,41,2000,247,0.035600004670201815,0.18066007917391755,-1.7812324005511275,-1.8221393821455072
2017-10-30_2,SIP_R,R,superior protocerebrum,6,0.0113351905713117,6,41,2000,247,0.17005781250554977,0.23567632496990792,0.8454154052321612,0.9582393588010968
2017-10-30_2,SLP_R,R,superior protocerebrum,22,0.0215671447223606,22,41,2000,247,0.2124085506757647,0.2327997586767104,1.6727416518739222,0.8128651397351923
2017-10-30_2,SMP_R,R,superior protocerebrum,21,0.0249790898738309,21,41,2000,247,0.15370787977857478,0.23054277491871483,0.5260177026115537,0.6988030191996973
2017-10-30_2,SPS_R,R,superior protocerebrum,12,0.0185531881136671,12,41,2000,247,0.11122267164453195,0.21118307104766632,-0.30393542930461886,-0.27958633280526884
2017-10-30_2,NO,midline,central complex,1,0.0034522715914941,1,41,2000,247,0.07408678810448383,0.19179333304191998,-1.0293889272207724,-1.2594935322825291
2017-10-30_2,PB,midline,central complex,1,0.0033217601035986,1,41,2000,247,0.07780529533639836,0.20167998636102125,-0.9567474866176489,-0.7598476493287754
2017-11-08_1,ATL_L,L,inferior/ventrolateral protocerebrum,1,0.0081194081525082,1,41,4000,497,0.15499565838298407,0.21184824314184442,-0.26566432351269603,-0.5664288059791478
2017-11-08_1,CRE_L,L,inferior/ventrolateral protocerebrum,10,0.0207756652701866,10,41,4000,497,0.25130066497681647,0.22267370768807543,1.1403477471753138,0.2814310088913661
2017-11-08_1,EPA_L,L,inferior/ventrolateral protocerebrum,1,0.0641271040364944,1,41,4000,497,0.10850316085025206,0.20354169701817545,-0.9444349818560195,-1.2170047354046767
2017-11-08_1,IB_L,L,inferior/ventrolateral protocerebrum,3,0.0356146528386148,3,41,4000,497,0.21474100210160346,0.2121229224320084,0.6065922434803919,-0.5449156846611093
2017-11-08_1,LAL_L,L,inferior/ventrolateral protocerebrum,5,0.0372312491272941,5,41,4000,497,0.21588899424473892,0.2265910993373677,0.6233524397296991,0.5882445358638068
2017-11-08_1,VES_L,L,inferior/ventrolateral protocerebrum,6,0.0256192691445413,6,41,4000,497,0.23134606693689658,0.22637481042655075,0.8490191163785484,0.5713045999284332
2017-11-08_1,MB_L,L,mushroom body,16,0.1238445491944881,16,41,4000,497,0.24063584636060004,0.23587032985441847,0.9846459385524297,1.3150019544234215
2017-11-08_1,LH_L,L,olfactory system,11,0.0154207396394683,11,41,4000,497,0.2362438443192921,0.2293111468392705,0.920524579726202,0.8012810260350525
2017-11-08_1,AME_L,L,optic/lateral protocerebrum,1,0.003772548406603,1,41,4000,497,0.06307125121509975,0.18998452936634458,-1.6077215087012597,-2.278813917482853
2017-11-08_1,AOTU_L,L,optic/lateral protocerebrum,4,0.0275586782600697,4,41,4000,497,0.1701919480134978,0.22280318289895065,-0.043804968471213936,0.2915716202114787
2017-11-08_1,AVLP_L,L,optic/lateral protocerebrum,34,0.017506590080857,34,41,4000,497,0.2308565335968764,0.22945822397899757,0.8418721381536733,0.8128002357583972
2017-11-08_1,ICL_L,L,optic/lateral protocerebrum,8,0.0141316259929802,8,41,4000,497,0.24564294851944787,0.21705224151804936,1.0577474970643306,-0.1588471192078629
2017-11-08_1,ME_L,L,optic/lateral protocerebrum,131,0.0137407167826744,16,41,4000,497,0.02045429772293721,0.18383232306195266,-2.2299108750199106,-2.7606600753092176
2017-11-08_1,PLP_L,L,optic/lateral protocerebrum,13,0.0247627492367811,13,41,4000,497,0.25061793872930666,0.21960345879634913,1.1303802348005647,0.040966440758650635
2017-11-08_1,PVLP_L,L,optic/lateral protocerebrum,11,0.0210877228173999,11,41,4000,497,0.23542111052064257,0.23360618164221963,0.9085130167475197,1.137671893820834
2017-11-08_1,SIP_L,L,superior protocerebrum,7,0.026564468898378,7,41,4000,497,0.21060451300191602,0.2176010479070718,0.5462012647542412,-0.11586412467592642
2017-11-08_1,SMP_L,L,superior protocerebrum,22,0.0283202025188532,22,41,4000,497,0.2505888896153631,0.2320914076194563,1.1299561301118053,1.0190334726218158
2017-11-08_1,SPS_L,L,superior protocerebrum,15,0.0174081044878027,15,41,4000,497,0.22604261807486967,0.21834192116152637,0.7715910222428488,-0.05783828590644222
2017-11-08_1,ATL_R,R,inferior/ventrolateral protocerebrum,1,0.0076843012696145,1,41,4000,497,0.15525331709942272,0.21051179276082005,-0.2619026160143662,-0.671100764193953
2017-11-08_1,CRE_R,R,inferior/ventrolateral protocerebrum,8,0.011210897585465,8,41,4000,497,0.24635096979641183,0.22262779922255102,1.06808430609352,0.27783541787406735
2017-11-08_1,EPA_R,R,inferior/ventrolateral protocerebrum,1,0.0143470987549166,1,41,4000,497,0.12714467090849746,0.20973777194694768,-0.6722768762210053,-0.731722748696617
2017-11-08_1,IB_R,R,inferior/ventrolateral protocerebrum,4,0.0364638376026452,4,41,4000,497,0.22607969122137175,0.21461474023093446,0.7721322743887539,-0.3497543436705214
2017-11-08_1,LAL_R,R,inferior/ventrolateral protocerebrum,9,0.023416134530816,9,41,4000,497,0.20040042136294015,0.22984294054465862,0.3972258737310554,0.8429315723625678
2017-11-08_1,VES_R,R,inferior/ventrolateral protocerebrum,6,0.0197899974539006,6,41,4000,497,0.1854334116167295,0.22982123757358958,0.17871390732800277,0.8412317767598797
2017-11-08_1,MB_R,R,mushroom body,16,0.0541119400368117,16,41,4000,497,0.2394678537933969,0.23427402348338786,0.9675937446318423,1.189977848673627
2017-11-08_1,AL_R,R,olfactory system,23,0.0669363001194896,23,41,4000,497,0.20146150152609127,0.24619243823768233,0.4127171920967781,2.1234384760648384
2017-11-08_1,LH_R,R,olfactory system,14,0.015880788129262,14,41,4000,497,0.12382456336953176,0.2152355094370379,-0.720749031936189,-0.3011351586077041
2017-11-08_1,AOTU_R,R,optic/lateral protocerebrum,3,0.0151695582829394,3,41,4000,497,0.06601330408329384,0.2056486321813634,-1.5647687901294292,-1.0519877377713833
2017-11-08_1,AVLP_R,R,optic/lateral protocerebrum,28,0.0220640996038256,28,41,4000,497,0.13297863929019021,0.2199469815191312,-0.5871034230975669,0.06787143969869379
2017-11-08_1,ICL_R,R,optic/lateral protocerebrum,8,0.0142208345232401,8,41,4000,497,0.18742187846072952,0.21507574850046468,0.20774467617077222,-0.3136477743507086
2017-11-08_1,LO_R,R,optic/lateral protocerebrum,40,0.0119475088678664,30,41,4000,497,0.024828514239625836,0.1979295506501396,-2.166049177276556,-1.656552928492221
2017-11-08_1,ME_R,R,optic/lateral protocerebrum,129,0.0062167920089693,24,41,4000,497,0.024893702571599903,0.20325892587634303,-2.165097455399727,-1.2391516175953565
2017-11-08_1,PLP_R,R,optic/lateral protocerebrum,15,0.0182239601527843,15,41,4000,497,0.18174283195037394,0.2165455248881348,0.12483301637270375,-0.19853360713606394
2017-11-08_1,PVLP_R,R,optic/lateral protocerebrum,17,0.0190223107650327,17,41,4000,497,0.15841628660958978,0.21050445096342027,-0.21572460857941483,-0.6716757801627931
2017-11-08_1,WED_R,R,optic/lateral protocerebrum,1,0.012935449669569,1,41,4000,497,0.07678936122779315,0.2093283213360849,-1.4074429463808227,-0.7637912772703496
2017-11-08_1,SIP_R,R,superior protocerebrum,6,0.0113351905713117,6,41,4000,497,0.18020790897076983,0.22277985623667745,0.10242379474208084,0.28974465569905167
2017-11-08_1,SLP_R,R,superior protocerebrum,22,0.0215671447223606,22,41,4000,497,0.09591337605408637,0.2354009724433656,-1.1282404766775835,1.2782414730654246
2017-11-08_1,SMP_R,R,superior protocerebrum,21,0.0249790898738309,21,41,4000,497,0.24389523089500886,0.23828251666660236,1.0322315642688618,1.5039265271544255
2017-11-08_1,SPS_R,R,superior protocerebrum,12,0.0185531881136671,12,41,4000,497,0.19257625692457347,0.22027293467380268,0.2829964059964471,0.09340037475695379
2017-11-08_1,NO,midline,central complex,1,0.0034522715914941,1,41,4000,497,0.10412964440570009,0.21370357330353967,-1.008286458844407,-0.4211177312718461
2017-11-08_1,PB,midline,central complex,1,0.0033217601035986,1,41,4000,497,0.1685167869339407,0.2280516721035391,-0.06826160662023066,0.7026378674240807
2017-11-08_2,ATL_L,L,inferior/ventrolateral protocerebrum,1,0.0081194081525082,1,41,4000,497,0.08301525734575438,0.21701066397193897,-1.3008010822396958,-0.2448455068621306
2017-11-08_2,CRE_L,L,inferior/ventrolateral protocerebrum,10,0.0207756652701866,10,41,4000,497,0.17579918415855755,0.21312136073500215,0.19484425354087467,-0.6418365414972291
2017-11-08_2,EPA_L,L,inferior/ventrolateral protocerebrum,1,0.0641271040364944,1,41,4000,497,0.07733945581632551,0.20378143762179263,-1.3922930720261761,-1.5951861556161857
2017-11-08_2,IB_L,L,inferior/ventrolateral protocerebrum,3,0.0356146528386148,3,41,4000,497,0.15755144100497875,0.21569697491413958,-0.09930315834044647,-0.37893707711864066
2017-11-08_2,LAL_L,L,inferior/ventrolateral protocerebrum,5,0.0372312491272941,5,41,4000,497,0.2011668406668044,0.23128065135815712,0.6037622465548068,1.2117282575292276
2017-11-08_2,VES_L,L,inferior/ventrolateral protocerebrum,6,0.0256192691445413,6,41,4000,497,0.19787065744748172,0.22369292636759983,0.5506288943977619,0.4372299448442118
2017-11-08_2,MB_L,L,mushroom body,16,0.1238445491944881,16,41,4000,497,0.19034987871475098,0.22049899928186645,0.4293964997423733,0.11121771564271735
2017-11-08_2,LH_L,L,olfactory system,11,0.0154207396394683,11,41,4000,497,0.14171962293545134,0.2258910337992434,-0.35450667974764577,0.6615963391227311
2017-11-08_2,AME_L,L,optic/lateral protocerebrum,1,0.003772548406603,1,41,4000,497,0.08512517569958641,0.19843908546754402,-1.2667899161553644,-2.1404935744253657
2017-11-08_2,AOTU_L,L,optic/lateral protocerebrum,4,0.0275586782600697,4,41,4000,497,0.09060548203184615,0.2060126145563074,-1.1784492424411543,-1.3674442734006444
2017-11-08_2,AVLP_L,L,optic/lateral protocerebrum,34,0.017506590080857,34,41,4000,497,0.2029730229336515,0.22946008923377467,0.6328772902458296,1.0258988692439135
2017-11-08_2,ICL_L,L,optic/lateral protocerebrum,8,0.0141316259929802,8,41,4000,497,0.16284512895540565,0.22028565806131856,-0.013970709455115733,0.08944143677835013
2017-11-08_2,ME_L,L,optic/lateral protocerebrum,131,0.0137407167826744,16,41,4000,497,0.049117688398525386,0.19354750102527332,-1.8472183619535727,-2.639789990888751
2017-11-08_2,PLP_L,L,optic/lateral protocerebrum,13,0.0247627492367811,13,41,4000,497,0.20760200840062765,0.2329978782099066,0.7074949612250621,1.3870099527451873
2017-11-08_2,PVLP_L,L,optic/lateral protocerebrum,11,0.0210877228173999,11,41,4000,497,0.21076442214062557,0.23654507795058785,0.7584719948828316,1.749081616825433
2017-11-08_2,SIP_L,L,superior protocerebrum,7,0.026564468898378,7,41,4000,497,0.10171068282777684,0.21230279750907935,-0.9994371835222544,-0.7253893637321124
2017-11-08_2,SMP_L,L,superior protocerebrum,22,0.0283202025188532,22,41,4000,497,0.1281233208682889,0.22064563482270638,-0.5736744437036029,0.12618517678574998
2017-11-08_2,SPS_L,L,superior protocerebrum,15,0.0174081044878027,15,41,4000,497,0.18193460055695004,0.22235740675965818,0.2937450786572903,0.3009100750287151
2017-11-08_2,ATL_R,R,inferior/ventrolateral protocerebrum,1,0.0076843012696145,1,41,4000,497,0.12638154888033648,0.22776076048035776,-0.6017512156107692,0.8524440782681715
2017-11-08_2,CRE_R,R,inferior/ventrolateral protocerebrum,8,0.011210897585465,8,41,4000,497,0.22126821074460978,0.22156702248327895,0.9277894938637681,0.22023354956287575
2017-11-08_2,EPA_R,R,inferior/ventrolateral protocerebrum,1,0.0143470987549166,1,41,4000,497,0.11497466897278877,0.2142401252844591,-0.7856262391798153,-0.5276414096329973
2017-11-08_2,IB_R,R,inferior/ventrolateral protocerebrum,4,0.0364638376026452,4,41,4000,497,0.1974861084790297,0.22173984675346103,0.5444300958471799,0.23787416065692843
2017-11-08_2,LAL_R,R,inferior/ventrolateral protocerebrum,9,0.023416134530816,9,41,4000,497,0.24984503804155725,0.2231235827895493,1.3884382282541368,0.37911560344584305
2017-11-08_2,VES_R,R,inferior/ventrolateral protocerebrum,6,0.0197899974539006,6,41,4000,497,0.24106059705341143,0.2276070491972884,1.2468360279305026,0.8367543781899516
2017-11-08_2,MB_R,R,mushroom body,16,0.0541119400368117,16,41,4000,497,0.2469446153567642,0.22416525578616225,1.3416844012787486,0.48544180520596
2017-11-08_2,AL_R,R,olfactory system,23,0.0669363001194896,23,41,4000,497,0.2049928962482998,0.22065083007731784,0.6654369609312109,0.12671546958570643
2017-11-08_2,LH_R,R,olfactory system,14,0.015880788129262,14,41,4000,497,0.21941883231758993,0.22379824090655073,0.8979781427657915,0.4479796666409538
2017-11-08_2,AOTU_R,R,optic/lateral protocerebrum,3,0.0151695582829394,3,41,4000,497,0.14198226531750702,0.21238509143273504,-0.3502729738980065,-0.7169894144594542
2017-11-08_2,AVLP_R,R,optic/lateral protocerebrum,28,0.0220640996038256,28,41,4000,497,0.18831666249859827,0.2258918297802331,0.3966217460239027,0.661677586918902
2017-11-08_2,ICL_R,R,optic/lateral protocerebrum,8,0.0142208345232401,8,41,4000,497,0.25303680946747736,0.2249513226270075,1.4398884978216928,0.5656776390889665
2017-11-08_2,LO_R,R,optic/lateral protocerebrum,40,0.0119475088678664,30,41,4000,497,0.07710245844811993,0.2071488686868642,-1.396113388976806,-1.2514639356850865
2017-11-08_2,ME_R,R,optic/lateral protocerebrum,129,0.0062167920089693,24,41,4000,497,0.031256091645294796,0.2048468488564049,-2.1351412252255804,-1.4864369317645378
2017-11-08_2,PLP_R,R,optic/lateral protocerebrum,15,0.0182239601527843,15,41,4000,497,0.2633238598280596,0.22512850219121808,1.6057122500518217,0.5837628060782977
2017-11-08_2,PVLP_R,R,optic/lateral protocerebrum,17,0.0190223107650327,17,41,4000,497,0.1946569894667055,0.22304304413556078,0.49882565981498,0.37089481899494925
2017-11-08_2,WED_R,R,optic/lateral protocerebrum,1,0.012935449669569,1,41,4000,497,0.06530156103352534,0.1961204646434869,-1.5863398407174525,-2.377161075978646
2017-11-08_2,SIP_R,R,superior protocerebrum,6,0.0113351905713117,6,41,4000,497,0.17698850790703827,0.22654456477753993,0.21401574776677748,0.7283039017463023
2017-11-08_2,SLP_R,R,superior protocerebrum,22,0.0215671447223606,22,41,4000,497,0.2357129137153998,0.22618888801622566,1.1606331917661583,0.69199907364012
2017-11-08_2,SMP_R,R,superior protocerebrum,21,0.0249790898738309,21,41,4000,497,0.19843463145805038,0.22176103734433808,0.5597199635881216,0.24003713795242806
2017-11-08_2,SPS_R,R,superior protocerebrum,12,0.0185531881136671,12,41,4000,497,0.21087932370365192,0.2271694728673399,0.7603241689901096,0.792089853627217
2017-11-08_2,NO,midline,central complex,1,0.0034522715914941,1,41,4000,497,0.10848183312731859,0.22486482787790268,-0.8902885441915317,0.5568489009202573
2017-11-08_2,PB,midline,central complex,1,0.0033217601035986,1,41,4000,497,0.09872418462552826,0.22152030948996612,-1.047578518556738,0.21546543599177592
2017-11-16_1,ATL_L,L,inferior/ventrolateral protocerebrum,1,0.0081194081525082,1,41,2000,247,0.1143322662005067,0.19183415458050335,-0.544397004597534,-1.4573676576197956
2017-11-16_1,CRE_L,L,inferior/ventrolateral protocerebrum,10,0.0207756652701866,10,41,2000,247,0.13585225529896533,0.21169964489318027,-0.14158671093244105,0.6706235572389366
2017-11-16_1,EPA_L,L,inferior/ventrolateral protocerebrum,1,0.0641271040364944,1,41,2000,247,0.10044696600643074,0.19241489736245418,-0.8043014972631142,-1.3951584939579569
2017-11-16_1,IB_L,L,inferior/ventrolateral protocerebrum,3,0.0356146528386148,3,41,2000,247,0.196976247904397,0.19506632985263814,1.002529733491799,-1.1111370599487516
2017-11-16_1,LAL_L,L,inferior/ventrolateral protocerebrum,5,0.0372312491272941,5,41,2000,247,0.17726299544615745,0.20574863629094234,0.6335378638645817,0.03315154795105704
2017-11-16_1,VES_L,L,inferior/ventrolateral protocerebrum,6,0.0256192691445413,6,41,2000,247,0.1821095258443296,0.21682100827095413,0.7242550256629746,1.2192239745690563
2017-11-16_1,MB_L,L,mushroom body,16,0.1238445491944881,16,41,2000,247,0.13402154316212694,0.22076681531748932,-0.1758539073553676,1.641898804054455
2017-11-16_1,LH_L,L,olfactory system,11,0.0154207396394683,11,41,2000,247,0.12671858985107134,0.21720052828748168,-0.31255029481122687,1.2598781566869928
2017-11-16_1,AME_L,L,optic/lateral protocerebrum,1,0.003772548406603,1,41,2000,247,0.08097604601719957,0.19732031778504266,-1.1687573974454009,-0.8696898848194459
2017-11-16_1,AOTU_L,L,optic/lateral protocerebrum,4,0.0275586782600697,4,41,2000,247,0.15349549378962993,0.2083193095151416,0.18865872019265684,0.3085220498247389
2017-11-16_1,AVLP_L,L,optic/lateral protocerebrum,34,0.017506590080857,34,41,2000,247,0.14710368456937048,0.22234956385186094,0.0690170913198816,1.8114428184966285
2017-11-16_1,ICL_L,L,optic/lateral protocerebrum,8,0.0141316259929802,8,41,2000,247,0.20898897898479332,0.19697378482460842,1.2273835525190966,-0.9068104936670655
2017-11-16_1,ME_L,L,optic/lateral protocerebrum,131,0.0137407167826744,16,41,2000,247,0.026939146550099442,0.1951957813352906,-2.1802179164775755,-1.0972702178271092
2017-11-16_1,PLP_L,L,optic/lateral protocerebrum,13,0.0247627492367811,13,41,2000,247,0.23122017024197633,0.21527552701437153,1.6435060996941848,1.0536720307220966
2017-11-16_1,PVLP_L,L,optic/lateral protocerebrum,11,0.0210877228173999,11,41,2000,247,0.20746202565027883,0.21716824834073328,1.198802101186822,1.2564203289658786
2017-11-16_1,SIP_L,L,superior protocerebrum,7,0.026564468898378,7,41,2000,247,0.12154119128564497,0.20230273815352717,-0.40946063370679825,-0.33597304189297894
2017-11-16_1,SMP_L,L,superior protocerebrum,22,0.0283202025188532,22,41,2000,247,0.12747485900490868,0.21061254014977307,-0.2983944790924871,0.5541729030043645
2017-11-16_1,SPS_L,L,superior protocerebrum,15,0.0174081044878027,15,41,2000,247,0.20363732647329677,0.2081541291347046,1.1272115352431278,0.29082792836564475
2017-11-16_1,ATL_R,R,inferior/ventrolateral protocerebrum,1,0.0076843012696145,1,41,2000,247,0.12388735167411706,0.1845560181552642,-0.3655452975631782,-2.23700159213028
2017-11-16_1,CRE_R,R,inferior/ventrolateral protocerebrum,8,0.011210897585465,8,41,2000,247,0.19576432209214162,0.20374442042492258,0.9798449546983999,-0.181540044777913
2017-11-16_1,EPA_R,R,inferior/ventrolateral protocerebrum,1,0.0143470987549166,1,41,2000,247,0.1008394257760222,0.20293902242494122,-0.7969554510212882,-0.26781427418021664
2017-11-16_1,IB_R,R,inferior/ventrolateral protocerebrum,4,0.0364638376026452,4,41,2000,247,0.19114021945051166,0.20024143104852396,0.8932911867345533,-0.5567802478330994
2017-11-16_1,LAL_R,R,inferior/ventrolateral protocerebrum,9,0.023416134530816,9,41,2000,247,0.22807200555655577,0.20949978139810774,1.5845788792556224,0.43497419154392175
2017-11-16_1,VES_R,R,inferior/ventrolateral protocerebrum,6,0.0197899974539006,6,41,2000,247,0.2428213041581595,0.2081233089208813,1.8606556594939394,0.2875264672275719
2017-11-16_1,MB_R,R,mushroom body,16,0.0541119400368117,16,41,2000,247,0.20476279896562694,0.20803236684664966,1.1482780842582465,0.2777847527277064
2017-11-16_1,AL_R,R,olfactory system,23,0.0669363001194896,23,41,2000,247,0.1737070091546742,0.20871883850732087,0.5669770549446551,0.35131959330627577
2017-11-16_1,LH_R,R,olfactory system,14,0.015880788129262,14,41,2000,247,0.06936366116061632,0.20715127369608952,-1.3861175518967528,0.18340205920477265
2017-11-16_1,AOTU_R,R,optic/lateral protocerebrum,3,0.0151695582829394,3,41,2000,247,0.09124825836296704,0.1972403666756807,-0.976482538352412,-0.8782542472219126
2017-11-16_1,AVLP_R,R,optic/lateral protocerebrum,28,0.0220640996038256,28,41,2000,247,0.11379288577430102,0.22202948403003792,-0.5544931058029325,1.7771558697139802
2017-11-16_1,ICL_R,R,optic/lateral protocerebrum,8,0.0142208345232401,8,41,2000,247,0.17257067349583954,0.19988759616852872,0.5457071696141791,-0.5946830382646034
2017-11-16_1,LO_R,R,optic/lateral protocerebrum,40,0.0119475088678664,30,41,2000,247,0.04283769688732131,0.18884757322956333,-1.882629488301081,-1.77729023578066
2017-11-16_1,ME_R,R,optic/lateral protocerebrum,129,0.0062167920089693,24,41,2000,247,0.07998663177697067,0.207736810310636,-1.1872772135493772,0.24612473818833308
2017-11-16_1,PLP_R,R,optic/lateral protocerebrum,15,0.0182239601527843,15,41,2000,247,0.18025881467576063,0.19527653973052933,0.689613488165452,-1.08861937896589
2017-11-16_1,PVLP_R,R,optic/lateral protocerebrum,17,0.0190223107650327,17,41,2000,247,0.1008284916420947,0.2070104688608191,-0.7971601157020256,0.16831904601209843
2017-11-16_1,WED_R,R,optic/lateral protocerebrum,1,0.012935449669569,1,41,2000,247,0.08228318417368612,0.19564949778516436,-1.1442904378077259,-1.048668114170393
2017-11-16_1,SIP_R,R,superior protocerebrum,6,0.0113351905713117,6,41,2000,247,0.15763968697773476,0.21166283553056803,0.2662295622348096,0.6666805385149829
2017-11-16_1,SLP_R,R,superior protocerebrum,22,0.0215671447223606,22,41,2000,247,0.09965133205255564,0.22235141196358293,-0.8191941417316612,1.8116407882142935
2017-11-16_1,SMP_R,R,superior protocerebrum,21,0.0249790898738309,21,41,2000,247,0.14284728431527216,0.20615549682232795,-0.01065403808753631,0.07673444587272771
2017-11-16_1,SPS_R,R,superior protocerebrum,12,0.0185531881136671,12,41,2000,247,0.20926499070772642,0.20432294283117733,1.2325499288895034,-0.11956872774863048
2017-11-16_1,NO,midline,central complex,1,0.0034522715914941,1,41,2000,247,0.10978697039982772,0.19849742648087715,-0.6294756692701545,-0.7435980076876167
2017-11-16_1,PB,midline,central complex,1,0.0033217601035986,1,41,2000,247,0.09016105321781234,0.20810652121335158,-0.9968328006964265,0.2857281680877785
2018-10-19_1,ATL_L,L,inferior/ventrolateral protocerebrum,1,0.0081194081525082,1,41,2000,247,0.15420341576368315,0.260438802708565,-0.63490147372647,1.0583331818695212
2018-10-19_1,CRE_L,L,inferior/ventrolateral protocerebrum,10,0.0207756652701866,10,41,2000,247,0.18269296323222867,0.25634756477166176,-0.0034908453402547474,0.5851420046620741
2018-10-19_1,EPA_L,L,inferior/ventrolateral protocerebrum,1,0.0641271040364944,1,41,2000,247,0.15144163637858393,0.24398430673200222,-0.696110478851416,-0.8447881817826853
2018-10-19_1,IB_L,L,inferior/ventrolateral protocerebrum,3,0.0356146528386148,3,41,2000,247,0.17110551759401554,0.26563229155691587,-0.2603020965506547,1.659010321616871
2018-10-19_1,LAL_L,L,inferior/ventrolateral protocerebrum,5,0.0372312491272941,5,41,2000,247,0.20870458325035574,0.24202734472483498,0.5730017563454107,-1.0711297366379968
2018-10-19_1,VES_L,L,inferior/ventrolateral protocerebrum,6,0.0256192691445413,6,41,2000,247,0.23122201705097947,0.24092763788014082,1.072053102857469,-1.198321453289362
2018-10-19_1,MB_L,L,mushroom body,16,0.1238445491944881,16,41,2000,247,0.18481943171331983,0.2576277733811835,0.043637835849632815,0.7332104935530481
2018-10-19_1,LH_L,L,olfactory system,11,0.0154207396394683,11,41,2000,247,0.1853862695969337,0.25599306902305674,0.05620059995393798,0.5441411479080877
2018-10-19_1,AME_L,L,optic/lateral protocerebrum,1,0.003772548406603,1,41,2000,247,0.09459037606097379,0.2453671341985008,-1.9560985513654778,-0.6848508310739785
2018-10-19_1,AOTU_L,L,optic/lateral protocerebrum,4,0.0275586782600697,4,41,2000,247,0.16778257759661896,0.25559261020147384,-0.3339480410558231,0.4978242178907262
2018-10-19_1,AVLP_L,L,optic/lateral protocerebrum,34,0.017506590080857,34,41,2000,247,0.17717500050912202,0.26716445536296035,-0.12578483102939822,1.8362198621613661
2018-10-19_1,ICL_L,L,optic/lateral protocerebrum,8,0.0141316259929802,8,41,2000,247,0.23894891533300416,0.25361552298417017,1.2433034782843222,0.26915498813044275
2018-10-19_1,ME_L,L,optic/lateral protocerebrum,131,0.0137407167826744,17,41,2000,247,0.12772427951964754,0.23747748693320575,-1.2217555848151045,-1.5973647290171318
2018-10-19_1,PLP_L,L,optic/lateral protocerebrum,13,0.0247627492367811,13,41,2000,247,0.1999147561418309,0.2553846231112218,0.3781938091806678,0.473768502335152
2018-10-19_1,PVLP_L,L,optic/lateral protocerebrum,11,0.0210877228173999,11,41,2000,247,0.16628717302689902,0.2665330125650503,-0.36709052392961977,1.7631874046288702
2018-10-19_1,SIP_L,L,superior protocerebrum,7,0.026564468898378,7,41,2000,247,0.24098367394912795,0.24418776851568427,1.288399604077105,-0.8212558616336131
2018-10-19_1,SMP_L,L,superior protocerebrum,22,0.0283202025188532,22,41,2000,247,0.26890994515939826,0.239766329471226,1.9073264042598272,-1.3326379857399913
2018-10-19_1,SPS_L,L,superior protocerebrum,15,0.0174081044878027,15,41,2000,247,0.2424668186052774,0.2509459947326684,1.3212703718687284,-0.0396017342597529
2018-10-19_1,ATL_R,R,inferior/ventrolateral protocerebrum,1,0.0076843012696145,1,41,2000,247,0.1629573193620129,0.2533234926798623,-0.4408896952678517,0.23537886324920954
2018-10-19_1,CRE_R,R,inferior/ventrolateral protocerebrum,8,0.011210897585465,8,41,2000,247,0.2029843083540927,0.245442075051259,0.4462239487730348,-0.6761831977354931
2018-10-19_1,EPA_R,R,inferior/ventrolateral protocerebrum,1,0.0143470987549166,1,41,2000,247,0.1559198277576304,0.23890326675270784,-0.5968608282278209,-1.43245952388514
2018-10-19_1,IB_R,R,inferior/ventrolateral protocerebrum,4,0.0364638376026452,4,41,2000,247,0.19472783479447794,0.25222798972722277,0.2632366561778717,0.1086733673116846
2018-10-19_1,LAL_R,R,inferior/ventrolateral protocerebrum,9,0.023416134530816,9,41,2000,247,0.22701529187609645,0.2386711665657472,0.9788199271092898,-1.4593041519394818
2018-10-19_1,VES_R,R,inferior/ventrolateral protocerebrum,6,0.0197899974539006,6,41,2000,247,0.18905831622278496,0.24767515917710453,0.13758375530423264,-0.41790545329515644
2018-10-19_1,MB_R,R,mushroom body,16,0.0541119400368117,16,41,2000,247,0.22689952040078049,0.23755472949540074,0.9762540969549441,-1.5884308807542677
2018-10-19_1,AL_R,R,olfactory system,23,0.0669363001194896,23,41,2000,247,0.15624144493006165,0.2435403166004393,-0.5897328630971425,-0.8961399281887565
2018-10-19_1,LH_R,R,olfactory system,14,0.015880788129262,14,41,2000,247,0.12291250615405044,0.26099313104247984,-1.328398375395689,1.1224466069330232
2018-10-19_1,AOTU_R,R,optic/lateral protocerebrum,3,0.0151695582829394,3,41,2000,247,0.18542463646942822,0.2546610299725872,0.057050920623219696,0.39007796798581207
2018-10-19_1,AVLP_R,R,optic/lateral protocerebrum,28,0.0220640996038256,28,41,2000,247,0.23608773701751265,0.24938099390518942,1.179891505872191,-0.22060919344603822
2018-10-19_1,ICL_R,R,optic/lateral protocerebrum,8,0.0142208345232401,8,41,2000,247,0.23607043872072117,0.25055993233144036,1.1795081256707618,-0.08425357923430704
2018-10-19_1,LO_R,R,optic/lateral protocerebrum,40,0.0119475088678664,28,41,2000,247,0.09833551802612106,0.2508126114504642,-1.8730953922517695,-0.05502879895249191
2018-10-19_1,ME_R,R,optic/lateral protocerebrum,129,0.0062167920089693,24,41,2000,247,0.12718860007294225,0.2489851228234563,-1.233627787995278,-0.2663955070451602
2018-10-19_1,PLP_R,R,optic/lateral protocerebrum,15,0.0182239601527843,15,41,2000,247,0.2075700110424886,0.25499151014649796,0.5478563604239816,0.42830119160377483
2018-10-19_1,PVLP_R,R,optic/lateral protocerebrum,17,0.0190223107650327,17,41,2000,247,0.20046479086207625,0.24977174805174768,0.39038416666977105,-0.17541470281503133
2018-10-19_1,WED_R,R,optic/lateral protocerebrum,1,0.012935449669569,1,41,2000,247,0.08149854534644929,0.24545905433406282,-2.24625131940472,-0.6742193797073112
2018-10-19_1,SIP_R,R,superior protocerebrum,6,0.0113351905713117,6,41,2000,247,0.21824524423333935,0.2616355599529976,0.784450350014248,1.196749714483421
2018-10-19_1,SLP_R,R,superior protocerebrum,22,0.0215671447223606,22,41,2000,247,0.15466781699384075,0.27527351314328186,-0.6246090016231177,2.774110705053275
2018-10-19_1,SMP_R,R,superior protocerebrum,21,0.0249790898738309,21,41,2000,247,0.2050515812424675,0.2540512921410248,0.4920406847157752,0.3195558994200979
2018-10-19_1,SPS_R,R,superior protocerebrum,12,0.0185531881136671,12,41,2000,247,0.2471213438613392,0.25152353699013913,1.4244280903271997,0.027196605243935378
2018-10-19_1,NO,midline,central complex,1,0.0034522715914941,1,41,2000,247,0.15209670378275614,0.24536635519959749,-0.6815922938307392,-0.6849409298200779
2018-10-19_1,PB,midline,central complex,1,0.0033217601035986,1,41,2000,247,0.11397065711098953,0.2530068207310522,-1.5265755675552812,0.19875269421259148
2018-10-19_2,ATL_L,L,inferior/ventrolateral protocerebrum,1,0.0081194081525082,1,41,2000,247,0.18694761234642526,0.24639574968579292,-0.35559935196989034,1.0588974702832892
2018-10-19_2,CRE_L,L,inferior/ventrolateral protocerebrum,10,0.0207756652701866,10,41,2000,247,0.19905103157169696,0.2201123360680787,-0.16427453050590723,-0.317455231607062
2018-10-19_2,EPA_L,L,inferior/ventrolateral protocerebrum,1,0.0641271040364944,1,41,2000,247,0.16556786703605408,0.19595394769337765,-0.6935597149317354,-1.5825292283281898
2018-10-19_2,IB_L,L,inferior/ventrolateral protocerebrum,3,0.0356146528386148,3,41,2000,247,0.22355352870445905,0.2131030598775432,0.22304873758011842,-0.684501779040205
2018-10-19_2,LAL_L,L,inferior/ventrolateral protocerebrum,5,0.0372312491272941,5,41,2000,247,0.24605278400586644,0.22751714100597895,0.5787057567657623,0.07030350595589945
2018-10-19_2,VES_L,L,inferior/ventrolateral protocerebrum,6,0.0256192691445413,6,41,2000,247,0.2532428630394646,0.22468881930833645,0.6923629441944834,-0.07780389999161966
2018-10-19_2,MB_L,L,mushroom body,16,0.1238445491944881,16,41,2000,247,0.2833048472229175,0.2241036272171159,1.1675678139673968,-0.10844796805640954
2018-10-19_2,LH_L,L,olfactory system,11,0.0154207396394683,11,41,2000,247,0.14765053003505432,0.2327408109901256,-0.9767880522323751,0.34384530691961496
2018-10-19_2,AME_L,L,optic/lateral protocerebrum,1,0.003772548406603,1,41,2000,247,0.05293039870588949,0.1886214643814515,-2.4740767008613904,-1.9665007841056217
2018-10-19_2,AOTU_L,L,optic/lateral protocerebrum,4,0.0275586782600697,4,41,2000,247,0.18413757622806387,0.2442889433761421,-0.4000190030326477,0.9485728146345558
2018-10-19_2,AVLP_L,L,optic/lateral protocerebrum,34,0.017506590080857,34,41,2000,247,0.20386008472618533,0.2425781632616409,-0.08825541400103057,0.8589863983805016
2018-10-19_2,ICL_L,L,optic/lateral protocerebrum,8,0.0141316259929802,8,41,2000,247,0.2214961504941429,0.2598206687326303,0.19052672777063082,1.7619044644098312
2018-10-19_2,ME_L,L,optic/lateral protocerebrum,131,0.0137407167826744,17,41,2000,247,0.06600550870223446,0.19315381388501268,-2.267391875762598,-1.729160552130064
2018-10-19_2,PLP_L,L,optic/lateral protocerebrum,13,0.0247627492367811,13,41,2000,247,0.2576916329420414,0.21933639804166952,0.7626868825380917,-0.3580878683977402
2018-10-19_2,PVLP_L,L,optic/lateral protocerebrum,11,0.0210877228173999,11,41,2000,247,0.24450244293593465,0.20961267132210054,0.5541987374770602,-0.8672788638132763
2018-10-19_2,SIP_L,L,superior protocerebrum,7,0.026564468898378,7,41,2000,247,0.172157634227646,0.2820936603847259,-0.5893919580396964,2.928248101709748
2018-10-19_2,SMP_L,L,superior protocerebrum,22,0.0283202025188532,22,41,2000,247,0.2765135593689316,0.2535792866716383,1.0602145188372603,1.4350693284521987
2018-10-19_2,SPS_L,L,superior protocerebrum,15,0.0174081044878027,15,41,2000,247,0.296789411237732,0.21604469205864038,1.380725084209445,-0.5304607758695967
2018-10-19_2,ATL_R,R,inferior/ventrolateral protocerebrum,1,0.0076843012696145,1,41,2000,247,0.2046260688753651,0.21327428261441123,-0.07614711816673733,-0.6755355587485397
2018-10-19_2,CRE_R,R,inferior/ventrolateral protocerebrum,8,0.011210897585465,8,41,2000,247,0.2534304764882285,0.22913787626016383,0.6953286441277754,0.1551746485932804
2018-10-19_2,EPA_R,R,inferior/ventrolateral protocerebrum,1,0.0143470987549166,1,41,2000,247,0.119831216534437,0.1965386465736564,-1.4165419010987235,-1.551910987662466
2018-10-19_2,IB_R,R,inferior/ventrolateral protocerebrum,4,0.0364638376026452,4,41,2000,247,0.23508647953703304,0.21250088345787616,0.40535587888675884,-0.7160352455175119
2018-10-19_2,LAL_R,R,inferior/ventrolateral protocerebrum,9,0.023416134530816,9,41,2000,247,0.269520828048176,0.21952209077455306,0.9496769057389962,-0.3483639147917512
2018-10-19_2,VES_R,R,inferior/ventrolateral protocerebrum,6,0.0197899974539006,6,41,2000,247,0.2595002721857137,0.22640522350966288,0.7912769506789885,0.01207702622259991
2018-10-19_2,MB_R,R,mushroom body,16,0.0541119400368117,16,41,2000,247,0.30833053764166146,0.23034873134048411,1.563161460875188,0.21858207677731484
2018-10-19_2,AL_R,R,olfactory system,23,0.0669363001194896,23,41,2000,247,0.25489091268232683,0.24717576199333804,0.7184144919278739,1.099743460176851
2018-10-19_2,LH_R,R,olfactory system,14,0.015880788129262,14,41,2000,247,0.16026425282972562,0.22680062697940384,-0.7773966061649944,0.032782656085990326
2018-10-19_2,AOTU_R,R,optic/lateral protocerebrum,3,0.0151695582829394,3,41,2000,247,0.20490328034475755,0.24362922969318035,-0.07176509735905218,0.9140263617565143
2018-10-19_2,AVLP_R,R,optic/lateral protocerebrum,28,0.0220640996038256,28,41,2000,247,0.21796066117339974,0.2366578426615166,0.13463947388896422,0.5489639114784819
2018-10-19_2,ICL_R,R,optic/lateral protocerebrum,8,0.0142208345232401,8,41,2000,247,0.25183619883853325,0.2297783447995117,0.6701270972743812,0.18871331360188892
2018-10-19_2,LO_R,R,optic/lateral protocerebrum,40,0.0119475088678664,28,41,2000,247,0.13873389156412708,0.20678321424601614,-1.1177378311136188,-1.0154457247923567
2018-10-19_2,ME_R,R,optic/lateral protocerebrum,129,0.0062167920089693,24,41,2000,247,0.08100209762361091,0.21065740552401208,-2.0303332690541542,-0.8125704928812341
2018-10-19_2,PLP_R,R,optic/lateral protocerebrum,15,0.0182239601527843,15,41,2000,247,0.21749798404456935,0.2311850672343277,0.12732570433167165,0.26237749787146397
2018-10-19_2,PVLP_R,R,optic/lateral protocerebrum,17,0.0190223107650327,17,41,2000,247,0.2168085024971405,0.22460004240628736,0.11642672351399505,-0.0824527759244766
2018-10-19_2,WED_R,R,optic/lateral protocerebrum,1,0.012935449669569,1,41,2000,247,0.11306052099485484,0.19794062179071392,-1.5235696831813907,-1.4784953953788245
2018-10-19_2,SIP_R,R,superior protocerebrum,6,0.0113351905713117,6,41,2000,247,0.2573056033932509,0.24079222941162853,0.7565847197419832,0.7654644945816254
2018-10-19_2,SLP_R,R,superior protocerebrum,22,0.0215671447223606,22,41,2000,247,0.23250234418617327,0.24823714467682562,0.3645071546180252,1.1553236426221476
2018-10-19_2,SMP_R,R,superior protocerebrum,21,0.0249790898738309,21,41,2000,247,0.2930804516503357,0.24334695992482608,1.32209569877148,0.8992450717769462
2018-10-19_2,SPS_R,R,superior protocerebrum,12,0.0185531881136671,12,41,2000,247,0.29089836910636724,0.22284451538801,1.2876024249804892,-0.17438240081989326
2018-10-19_2,NO,midline,central complex,1,0.0034522715914941,1,41,2000,247,0.13850796757412284,0.2117337945895629,-1.1213091249973948,-0.7562044888223994
2018-10-19_2,PB,midline,central complex,1,0.0033217601035986,1,41,2000,247,0.1861376204579373,0.229522625948698,-0.36840330022350914,0.17532238438847275
2018-10-20_1,ATL_L,L,inferior/ventrolateral protocerebrum,1,0.0081194081525082,1,41,2000,247,0.14348843131505387,0.29175755296651834,-0.3269580212691588,0.5538327459735115
2018-10-20_1,CRE_L,L,inferior/ventrolateral protocerebrum,10,0.0207756652701866,10,41,2000,247,0.18851828167134405,0.28663088805338094,0.7056528718748162,0.29176143147332645
2018-10-20_1,EPA_L,L,inferior/ventrolateral protocerebrum,1,0.0641271040364944,1,41,2000,247,0.14402448435579393,0.2675350760055241,-0.31466541525800396,-0.6844023415881921
2018-10-20_1,IB_L,L,inferior/ventrolateral protocerebrum,3,0.0356146528386148,3,41,2000,247,0.18957101884810915,0.29019390266301887,0.7297939220391862,0.473900100208696
2018-10-20_1,LAL_L,L,inferior/ventrolateral protocerebrum,5,0.0372312491272941,5,41,2000,247,0.17402006134874232,0.2829052077269526,0.3731840735584875,0.1013074117357613
2018-10-20_1,VES_L,L,inferior/ventrolateral protocerebrum,6,0.0256192691445413,6,41,2000,247,0.12098752325790726,0.26929558514403923,-0.8429420314668519,-0.5944064179346039
2018-10-20_1,MB_L,L,mushroom body,16,0.1238445491944881,16,41,2000,247,0.2185021445073439,0.3017734065418528,1.3932337351912594,1.0658357648567807
2018-10-20_1,LH_L,L,olfactory system,11,0.0154207396394683,11,41,2000,247,0.1770441484550616,0.29454416330281313,0.44253152337441476,0.6962822031169195
2018-10-20_1,AME_L,L,optic/lateral protocerebrum,1,0.003772548406603,1,41,2000,247,0.06633180195873033,0.23610641172299912,-2.096290482319243,-2.2910123894576486
2018-10-20_1,AOTU_L,L,optic/lateral protocerebrum,4,0.0275586782600697,4,41,2000,247,0.1640675737077733,0.28845419305775044,0.14495664063054767,0.3849674332943927
2018-10-20_1,AVLP_L,L,optic/lateral protocerebrum,34,0.017506590080857,34,41,2000,247,0.17259379376604658,0.2888454024869574,0.3404773372318808,0.40496576965813796
2018-10-20_1,ICL_L,L,optic/lateral protocerebrum,8,0.0141316259929802,8,41,2000,247,0.17383447806525715,0.290369300117236,0.36892833389699775,0.48286628820137656
2018-10-20_1,ME_L,L,optic/lateral protocerebrum,131,0.0137407167826744,17,41,2000,247,0.08445687094524003,0.2344974849907509,-1.6806518886670767,-2.3732595327367547
2018-10-20_1,PLP_L,L,optic/lateral protocerebrum,13,0.0247627492367811,13,41,2000,247,0.19222855004349682,0.31110713102802545,0.7907356227002879,1.5429688497606802
2018-10-20_1,PVLP_L,L,optic/lateral protocerebrum,11,0.0210877228173999,11,41,2000,247,0.15603362719244146,0.2923602836464151,-0.03927538814653425,0.5846438920590207
2018-10-20_1,SIP_L,L,superior protocerebrum,7,0.026564468898378,7,41,2000,247,0.17585829454935434,0.2856925763425637,0.4153378806902434,0.24379563155637615
2018-10-20_1,SMP_L,L,superior protocerebrum,22,0.0283202025188532,22,41,2000,247,0.23096118515236835,0.30419879076009093,1.6789406826134963,1.1898196103023537
2018-10-20_1,SPS_L,L,superior protocerebrum,15,0.0174081044878027,15,41,2000,247,0.20836552151312157,0.30000501566630333,1.1607837660994675,0.9754369326417517
2018-10-20_1,ATL_R,R,inferior/ventrolateral protocerebrum,1,0.0076843012696145,1,41,2000,247,0.17001557773362308,0.2895991469438829,0.2813544678709113,0.4434966282124972
2018-10-20_1,CRE_R,R,inferior/ventrolateral protocerebrum,8,0.011210897585465,8,41,2000,247,0.16458609350475908,0.2836402544247214,0.1568471796050687,0.13888245468613092
2018-10-20_1,EPA_R,R,inferior/ventrolateral protocerebrum,1,0.0143470987549166,1,41,2000,247,0.09538709561455305,0.25732526144337775,-1.4300032862680014,-1.2063205025056694
2018-10-20_1,IB_R,R,inferior/ventrolateral protocerebrum,4,0.0364638376026452,4,41,2000,247,0.18601140295757418,0.2908778674516066,0.6481658883039744,0.5088638737835389
2018-10-20_1,LAL_R,R,inferior/ventrolateral protocerebrum,9,0.023416134530816,9,41,2000,247,0.11592750346571516,0.2874214121835119,-0.9589768731463068,0.33217243968972937
2018-10-20_1,VES_R,R,inferior/ventrolateral protocerebrum,6,0.0197899974539006,6,41,2000,247,0.15170155236256663,0.26294173925504205,-0.13861721637489968,-0.9192103152975871
2018-10-20_1,MB_R,R,mushroom body,16,0.0541119400368117,16,41,2000,247,0.16389852047022663,0.2970487688378969,0.14107996297715256,0.8243157836229925
2018-10-20_1,AL_R,R,olfactory system,23,0.0669363001194896,23,41,2000,247,0.13542359925625863,0.28056878585834516,-0.5118983079766719,-0.018128744265745674
2018-10-20_1,LH_R,R,olfactory system,14,0.015880788129262,14,41,2000,247,0.12149374720632293,0.2731530778934509,-0.8313334571685065,-0.39721424473002126
2018-10-20_1,AOTU_R,R,optic/lateral protocerebrum,3,0.0151695582829394,3,41,2000,247,0.19749443019425908,0.2918801310180407,0.9114911917870987,0.5600988452087126
2018-10-20_1,AVLP_R,R,optic/lateral protocerebrum,28,0.0220640996038256,28,41,2000,247,0.17424777465417898,0.27630536614693085,0.37840592612622265,-0.23607160321350806
2018-10-20_1,ICL_R,R,optic/lateral protocerebrum,8,0.0142208345232401,8,41,2000,247,0.20974502506692277,0.2957291611375569,1.1924181238758078,0.7568584150388945
2018-10-20_1,LO_R,R,optic/lateral protocerebrum,40,0.0119475088678664,28,41,2000,247,0.06985700868747291,0.2452004769167037,-2.0154515090630163,-1.8261305101373906
2018-10-20_1,ME_R,R,optic/lateral protocerebrum,129,0.0062167920089693,24,41,2000,247,0.07541170041487363,0.244257325707133,-1.888073000354082,-1.8743437016473805
2018-10-20_1,PLP_R,R,optic/lateral protocerebrum,15,0.0182239601527843,15,41,2000,247,0.1578461473831258,0.26983367655665824,0.002288776027566761,-0.5668995833324519
2018-10-20_1,PVLP_R,R,optic/lateral protocerebrum,17,0.0190223107650327,17,41,2000,247,0.15385412124390863,0.2624405289233244,-0.089255158594799,-0.9448318163513644
2018-10-20_1,WED_R,R,optic/lateral protocerebrum,1,0.012935449669569,1,41,2000,247,0.05400346555584605,0.24358288202993544,-2.379000159638511,-1.9088207630575305
2018-10-20_1,SIP_R,R,superior protocerebrum,6,0.0113351905713117,6,41,2000,247,0.20352607372955914,0.30104868338500285,1.049807014931784,1.0287884536744782
2018-10-20_1,SLP_R,R,superior protocerebrum,22,0.0215671447223606,22,41,2000,247,0.19069551395178228,0.3026364738328534,0.7555805032548117,1.1099551257447977
2018-10-20_1,SMP_R,R,superior protocerebrum,21,0.0249790898738309,21,41,2000,247,0.2175424878952358,0.308860178918466,1.3712271803504208,1.4281063215969587
2018-10-20_1,SPS_R,R,superior protocerebrum,12,0.0185531881136671,12,41,2000,247,0.18136481287461217,0.28548029739855824,0.541611691528344,0.232944089113324
2018-10-20_1,NO,midline,central complex,1,0.0034522715914941,1,41,2000,247,0.13426181026385792,0.26642465458842707,-0.5385401013558533,-0.7411662622575639
2018-10-20_1,PB,midline,central complex,1,0.0033217601035986,1,41,2000,247,0.16241664312989373,0.28533178476608695,0.10709800052727701,0.22535223330236673
2018-10-31_1,ATL_L,L,inferior/ventrolateral protocerebrum,1,0.0081194081525082,1,41,2000,247,0.22071664079535455,0.23437125208770718,-0.7888698025183065,-0.13313105416468415
2018-10-31_1,CRE_L,L,inferior/ventrolateral protocerebrum,10,0.0207756652701866,10,41,2000,247,0.3739222547361833,0.2397336756550823,0.8026830184887875,0.08243318676513985
2018-10-31_1,EPA_L,L,inferior/ventrolateral protocerebrum,1,0.0641271040364944,1,41,2000,247,0.20167990992223989,0.2045228613653724,-0.9866299363966917,-1.3330074921586386
2018-10-31_1,IB_L,L,inferior/ventrolateral protocerebrum,3,0.0356146528386148,3,41,2000,247,0.3620887894056624,0.2238538724585824,0.6797528944245735,-0.5559195429585381
2018-10-31_1,LAL_L,L,inferior/ventrolateral protocerebrum,5,0.0372312491272941,5,41,2000,247,0.381407750216641,0.2513463019106424,0.8804449303542335,0.5492495306308837
2018-10-31_1,VES_L,L,inferior/ventrolateral protocerebrum,6,0.0256192691445413,6,41,2000,247,0.3105909430546077,0.27400897089612786,0.1447754838222031,1.4602669047566181
2018-10-31_1,MB_L,L,mushroom body,16,0.1238445491944881,16,41,2000,247,0.40491409026277064,0.2407850556358612,1.1246369077214522,0.12469764510899166
2018-10-31_1,LH_L,L,olfactory system,11,0.0154207396394683,11,41,2000,247,0.3181068816520837,0.25940344958174616,0.2228536492995396,0.8731390742223
2018-10-31_1,AME_L,L,optic/lateral protocerebrum,1,0.003772548406603,1,41,2000,247,0.0951090684560558,0.20290096761203902,-2.0937246374963085,-1.3982060523643687
2018-10-31_1,AOTU_L,L,optic/lateral protocerebrum,4,0.0275586782600697,4,41,2000,247,0.3082276783656809,0.23579402426535165,0.1202250741753305,-0.07593698871339223
2018-10-31_1,AVLP_L,L,optic/lateral protocerebrum,34,0.017506590080857,34,41,2000,247,0.1539543749460218,0.31685023584940236,-1.4824192738214228,3.1824443202655153
2018-10-31_1,ICL_L,L,optic/lateral protocerebrum,8,0.0141316259929802,8,41,2000,247,0.35978533382539013,0.21327612493939813,0.6558238024510719,-0.9811347625456072
2018-10-31_1,ME_L,L,optic/lateral protocerebrum,131,0.0137407167826744,18,41,2000,247,0.08413496886526746,0.18592314856752792,-2.2077273735088263,-2.0806979571889257
2018-10-31_1,PLP_L,L,optic/lateral protocerebrum,13,0.0247627492367811,13,41,2000,247,0.39056093663507213,0.2387839759430553,0.975531391553262,0.04425617688104733
2018-10-31_1,PVLP_L,L,optic/lateral protocerebrum,11,0.0210877228173999,11,41,2000,247,0.33319654813959176,0.24006058508753494,0.37961031538049145,0.09557462976643344
2018-10-31_1,SIP_L,L,superior protocerebrum,7,0.026564468898378,7,41,2000,247,0.31939312622612254,0.24034634161987442,0.23621560208742678,0.10706176598582205
2018-10-31_1,SMP_L,L,superior protocerebrum,22,0.0283202025188532,22,41,2000,247,0.39682693565523575,0.22059359447591237,1.040624753085175,-0.6869795645559181
2018-10-31_1,SPS_L,L,superior protocerebrum,15,0.0174081044878027,15,41,2000,247,0.3444904189864605,0.22808906216773067,0.49693494562129936,-0.3856690128809159
2018-10-31_1,ATL_R,R,inferior/ventrolateral protocerebrum,1,0.0076843012696145,1,41,2000,247,0.24460523221280747,0.231263263191939,-0.5407068659106626,-0.25806920176098425
2018-10-31_1,CRE_R,R,inferior/ventrolateral protocerebrum,8,0.011210897585465,8,41,2000,247,0.391368318119652,0.23583709118665816,0.9839187492117631,-0.07420574013073561
2018-10-31_1,EPA_R,R,inferior/ventrolateral protocerebrum,1,0.0143470987549166,1,41,2000,247,0.22427885355861607,0.21223128361021665,-0.7518643062668049,-1.0231363734193566
2018-10-31_1,IB_R,R,inferior/ventrolateral protocerebrum,4,0.0364638376026452,4,41,2000,247,0.3515174437751957,0.22420450861410496,0.5699341056267402,-0.5418243086380665
2018-10-31_1,LAL_R,R,inferior/ventrolateral protocerebrum,9,0.023416134530816,9,41,2000,247,0.3875210097074572,0.23346397354313658,0.9439515809128396,-0.16960277414632846
2018-10-31_1,VES_R,R,inferior/ventrolateral protocerebrum,6,0.0197899974539006,6,41,2000,247,0.3675972798362791,0.24281442431667682,0.7369769951531838,0.20627630329412144
2018-10-31_1,MB_R,R,mushroom body,16,0.0541119400368117,16,41,2000,247,0.40814657890006983,0.2425117964081292,1.158217115895507,0.19411095406897963
2018-10-31_1,AL_R,R,olfactory system,23,0.0669363001194896,23,41,2000,247,0.32693328407586975,0.26976119884150757,0.3145453655205006,1.2895105765605306
2018-10-31_1,LH_R,R,olfactory system,14,0.015880788129262,14,41,2000,247,0.24260571434772554,0.2701164285847801,-0.5614785479461154,1.3037904686656814
2018-10-31_1,AOTU_R,R,optic/lateral protocerebrum,3,0.0151695582829394,3,41,2000,247,0.24064162534722922,0.27010702458843916,-0.5818821827023212,1.3034124371082212
2018-10-31_1,AVLP_R,R,optic/lateral protocerebrum,28,0.0220640996038256,28,41,2000,247,0.20647676139950014,0.2935618521591769,-0.9367985868514056,2.2462738201937955
2018-10-31_1,ICL_R,R,optic/lateral protocerebrum,8,0.0142208345232401,8,41,2000,247,0.3347273548408258,0.2172971639566048,0.39551286399536484,-0.8194928831597804
2018-10-31_1,LO_R,R,optic/lateral protocerebrum,40,0.0119475088678664,28,41,2000,247,0.11582457838497266,0.2166221415191547,-1.8785247670875012,-0.8466281322708008
2018-10-31_1,ME_R,R,optic/lateral protocerebrum,129,0.0062167920089693,24,41,2000,247,0.1880900747253571,0.27523364271964545,-1.127805837124284,1.509497527572551
2018-10-31_1,PLP_R,R,optic/lateral protocerebrum,15,0.0182239601527843,15,41,2000,247,0.3625240940214437,0.23751960437116218,0.6842749890882305,-0.006570337422410492
2018-10-31_1,PVLP_R,R,optic/lateral protocerebrum,17,0.0190223107650327,17,41,2000,247,0.34187528638780634,0.24088089572924282,0.4697680451557386,0.12855032416742074
2018-10-31_1,WED_R,R,optic/lateral protocerebrum,1,0.012935449669569,1,41,2000,247,0.13204932599588742,0.20687107043461644,-1.7099764863420404,-1.2386117587376961
2018-10-31_1,SIP_R,R,superior protocerebrum,6,0.0113351905713117,6,41,2000,247,0.3673625597262865,0.23340571657407344,0.7345386415994422,-0.1719446479571501
2018-10-31_1,SLP_R,R,superior protocerebrum,22,0.0215671447223606,22,41,2000,247,0.39219545467337413,0.22433985026596406,0.9925113293501318,-0.536383705134327
2018-10-31_1,SMP_R,R,superior protocerebrum,21,0.0249790898738309,21,41,2000,247,0.4332076359023822,0.22704266706387527,1.41856002986245,-0.4277330839937629
2018-10-31_1,SPS_R,R,superior protocerebrum,12,0.0185531881136671,12,41,2000,247,0.35095632514835035,0.2307803444115967,0.5641050115713466,-0.27748206965687083
2018-10-31_1,NO,midline,central complex,1,0.0034522715914941,1,41,2000,247,0.14115055049963557,0.22916795655242836,-1.615429823455694,-0.3422985021111654
2018-10-31_1,PB,midline,central complex,1,0.0033217601035986,1,41,2000,247,0.25207684579675826,0.22932763208984058,-0.46308916397968414,-0.33587969994366407
2018-11-03_2,ATL_L,L,inferior/ventrolateral protocerebrum,1,0.0081194081525082,1,41,2000,247,0.1389686362648872,0.21322968584086816,-0.1005521038753382,-0.557510101895244
2018-11-03_2,CRE_L,L,inferior/ventrolateral protocerebrum,10,0.0207756652701866,10,41,2000,247,0.2406301875697122,0.221487981766332,1.4580599771812495,-0.10188570782145392
2018-11-03_2,EPA_L,L,inferior/ventrolateral protocerebrum,1,0.0641271040364944,1,41,2000,247,0.07237871911121325,0.19968638085206633,-1.1214675632614828,-1.3047175385109016
2018-11-03_2,IB_L,L,inferior/ventrolateral protocerebrum,3,0.0356146528386148,3,41,2000,247,0.1309645780017457,0.2095816500816185,-0.22326537891682424,-0.7587785109434807
2018-11-03_2,LAL_L,L,inferior/ventrolateral protocerebrum,5,0.0372312491272941,5,41,2000,247,0.20447273782695258,0.22802181146188188,0.903716301859163,0.25859691751496444
2018-11-03_2,VES_L,L,inferior/ventrolateral protocerebrum,6,0.0256192691445413,6,41,2000,247,0.16536549754460822,0.2316345956244666,0.30414826085926294,0.4579204353270953
2018-11-03_2,MB_L,L,mushroom body,16,0.1238445491944881,16,41,2000,247,0.25403552109424554,0.2318977926415744,1.6635822667170665,0.4724414675744398
2018-11-03_2,LH_L,L,olfactory system,11,0.0154207396394683,11,41,2000,247,0.16210544954396844,0.2298180163426084,0.25416721951762467,0.3576966310393906
2018-11-03_2,AME_L,L,optic/lateral protocerebrum,1,0.003772548406603,1,41,2000,247,0.031851643418273776,0.1905368838803284,-1.7428036433642888,-1.8095110275616006
2018-11-03_2,AOTU_L,L,optic/lateral protocerebrum,4,0.0275586782600697,4,41,2000,247,0.146383401491637,0.2122168683859215,0.013126494496217785,-0.6133889833718135
2018-11-03_2,AVLP_L,L,optic/lateral protocerebrum,34,0.017506590080857,34,41,2000,247,0.15260023982385465,0.26691282891374996,0.1084392180008632,2.404281259823795
2018-11-03_2,ICL_L,L,optic/lateral protocerebrum,8,0.0141316259929802,8,41,2000,247,0.18061966184898365,0.21684227090442887,0.5380156813940241,-0.3581975687188036
2018-11-03_2,ME_L,L,optic/lateral protocerebrum,131,0.0137407167826744,17,41,2000,247,0.04135763513942093,0.1979093746147823,-1.5970636526909352,-1.4027580298465767
2018-11-03_2,PLP_L,L,optic/lateral protocerebrum,13,0.0247627492367811,13,41,2000,247,0.16158360064864682,0.22055286779297512,0.2461665547402842,-0.15347755453488265
2018-11-03_2,PVLP_L,L,optic/lateral protocerebrum,11,0.0210877228173999,11,41,2000,247,0.1219249404085925,0.21312028909009473,-0.3618555162915349,-0.5635457088454737
2018-11-03_2,SIP_L,L,superior protocerebrum,7,0.026564468898378,7,41,2000,247,0.20791268999566737,0.22413727913677955,0.9564555227307731,0.04428058605153475
2018-11-03_2,SMP_L,L,superior protocerebrum,22,0.0283202025188532,22,41,2000,247,0.24109410358363462,0.2278373497926033,1.4651724508216237,0.2484198498664508
2018-11-03_2,SPS_L,L,superior protocerebrum,15,0.0174081044878027,15,41,2000,247,0.11859574373916904,0.2210708850597713,-0.4128967022913249,-0.12489765071041263
2018-11-03_2,ATL_R,R,inferior/ventrolateral protocerebrum,1,0.0076843012696145,1,41,2000,247,0.13578828547407443,0.20804354424625787,-0.14931127684620552,-0.8436384560922958
2018-11-03_2,CRE_R,R,inferior/ventrolateral protocerebrum,8,0.011210897585465,8,41,2000,247,0.24175929336294097,0.22691141273453672,1.4753707294521903,0.19733430935787857
2018-11-03_2,EPA_R,R,inferior/ventrolateral protocerebrum,1,0.0143470987549166,1,41,2000,247,0.07555786124742264,0.2042623739961828,-1.0727269206360852,-1.0522521240486826
2018-11-03_2,IB_R,R,inferior/ventrolateral protocerebrum,4,0.0364638376026452,4,41,2000,247,0.15531266959370157,0.20672332041162572,0.15002451503833136,-0.9164774764089798
2018-11-03_2,LAL_R,R,inferior/ventrolateral protocerebrum,9,0.023416134530816,9,41,2000,247,0.18750049429123336,0.23887486687233558,0.6435083522668077,0.8573786564921244
2018-11-03_2,VES_R,R,inferior/ventrolateral protocerebrum,6,0.0197899974539006,6,41,2000,247,0.15359856685433187,0.2414082415619662,0.12374495109834055,0.9971492966269401
2018-11-03_2,MB_R,R,mushroom body,16,0.0541119400368117,16,41,2000,247,0.2534599134899482,0.23519656118801616,1.6547574066348525,0.6544402036003331
2018-11-03_2,AL_R,R,olfactory system,23,0.0669363001194896,23,41,2000,247,0.21687693801299512,0.23358780724114564,1.093889833717246,0.5656824805939942
2018-11-03_2,LH_R,R,olfactory system,14,0.015880788129262,14,41,2000,247,0.1302139538299104,0.23574804427568866,-0.2347734848579547,0.6848664743383379
2018-11-03_2,AOTU_R,R,optic/lateral protocerebrum,3,0.0151695582829394,3,41,2000,247,0.10913623899747545,0.21900500906057246,-0.5579239833231455,-0.23887558379273727
2018-11-03_2,AVLP_R,R,optic/lateral protocerebrum,28,0.0220640996038256,28,41,2000,247,0.11434134842935524,0.2742590992553736,-0.47812246210275866,2.809587633355879
2018-11-03_2,ICL_R,R,optic/lateral protocerebrum,8,0.0142208345232401,8,41,2000,247,0.1839881173874361,0.20871978697717591,0.5896587601130557,-0.8063289811955081
2018-11-03_2,LO_R,R,optic/lateral protocerebrum,40,0.0119475088678664,30,41,2000,247,0.036796741785402126,0.18998783958023552,-1.6669884511102468,-1.839802746193062
2018-11-03_2,ME_R,R,optic/lateral protocerebrum,129,0.0062167920089693,23,41,2000,247,0.03975728132079282,0.2232119058478607,-1.621599288471268,-0.006773850343228888
2018-11-03_2,PLP_R,R,optic/lateral protocerebrum,15,0.0182239601527843,15,41,2000,247,0.12744607169562935,0.23031375658207587,-0.2772089432791602,0.3850474729399458
2018-11-03_2,PVLP_R,R,optic/lateral protocerebrum,17,0.0190223107650327,17,41,2000,247,0.09954785647979528,0.23664176177606183,-0.7049271387740973,0.7341744064172916
2018-11-03_2,WED_R,R,optic/lateral protocerebrum,1,0.012935449669569,1,41,2000,247,0.03354771906936927,0.18858867590604414,-1.716800459601561,-1.9169970132691352
2018-11-03_2,SIP_R,R,superior protocerebrum,6,0.0113351905713117,6,41,2000,247,0.23668342127844358,0.23066939811094786,1.3975505953773717,0.40466882794614534
2018-11-03_2,SLP_R,R,superior protocerebrum,22,0.0215671447223606,22,41,2000,247,0.13665287570842127,0.24507730133832845,-0.13605591366198677,1.1995776368697455
2018-11-03_2,SMP_R,R,superior protocerebrum,21,0.0249790898738309,21,41,2000,247,0.2513091495355618,0.22872225465425813,1.6217832227887272,0.2972415735057358
2018-11-03_2,SPS_R,R,superior protocerebrum,12,0.0185531881136671,12,41,2000,247,0.11456786778084138,0.23488751896804233,-0.4746496073874023,0.6373898126371532
2018-11-03_2,NO,midline,central complex,1,0.0034522715914941,1,41,2000,247,0.07012664384457971,0.21405250974172021,-1.1559949895398696,-0.5121134916697396
2018-11-03_2,PB,midline,central complex,1,0.0033217601035986,1,41,2000,247,0.08980159254663331,0.24533421805060757,-0.8543508345216102,1.2137521738948314
2018-11-03_3,ATL_L,L,inferior/ventrolateral protocerebrum,1,0.0081194081525082,1,41,2000,247,0.2762570770715846,0.21325169383781653,-0.2748352933826702,-0.45431871296282655
2018-11-03_3,CRE_L,L,inferior/ventrolateral protocerebrum,10,0.0207756652701866,10,41,2000,247,0.3927071088010619,0.2096708383923563,0.7713867907669317,-0.5902397157397405
2018-11-03_3,EPA_L,L,inferior/ventrolateral protocerebrum,1,0.0641271040364944,1,41,2000,247,0.18394973166578868,0.20488431751215677,-1.1041522275086997,-0.7719249939528474
2018-11-03_3,IB_L,L,inferior/ventrolateral protocerebrum,3,0.0356146528386148,3,41,2000,247,0.33465948588603683,0.20961487673551024,0.24986950026786187,-0.5923638909909976
2018-11-03_3,LAL_L,L,inferior/ventrolateral protocerebrum,5,0.0372312491272941,5,41,2000,247,0.37578841720644773,0.2223089563820389,0.6193841805630826,-0.11052594439819981
2018-11-03_3,VES_L,L,inferior/ventrolateral protocerebrum,6,0.0256192691445413,6,41,2000,247,0.3380805090918613,0.23416017878140546,0.2806050009385401,0.33931908765868657
2018-11-03_3,MB_L,L,mushroom body,16,0.1238445491944881,16,41,2000,247,0.45203837201728747,0.20974590780792868,1.3044366915304644,-0.58739025409632
2018-11-03_3,LH_L,L,olfactory system,11,0.0154207396394683,11,41,2000,247,0.22618801837588154,0.24977211473961258,-0.7246707649754809,0.9319121210967485
2018-11-03_3,AME_L,L,optic/lateral protocerebrum,1,0.003772548406603,1,41,2000,247,0.02376059134905328,0.1837520081459622,-2.543339609008438,-1.5740586527372724
2018-11-03_3,AOTU_L,L,optic/lateral protocerebrum,4,0.0275586782600697,4,41,2000,247,0.277430027703217,0.22413359400518829,-0.2642971523774203,-0.04126691419708684
2018-11-03_3,AVLP_L,L,optic/lateral protocerebrum,34,0.017506590080857,34,41,2000,247,0.3229930772788805,0.23940748507730528,0.14505497899856185,0.5384947160746648
2018-11-03_3,ICL_L,L,optic/lateral protocerebrum,8,0.0141316259929802,8,41,2000,247,0.3733729086839238,0.2107192113216519,0.5976825260149164,-0.5504459005454744
2018-11-03_3,ME_L,L,optic/lateral protocerebrum,131,0.0137407167826744,15,41,2000,247,0.06083547118158773,0.200678295469714,-2.2102477457266905,-0.9315758769381984
2018-11-03_3,PLP_L,L,optic/lateral protocerebrum,13,0.0247627492367811,13,41,2000,247,0.3921855174617915,0.216606705509424,0.7667006574104926,-0.32697021825850275
2018-11-03_3,PVLP_L,L,optic/lateral protocerebrum,11,0.0210877228173999,11,41,2000,247,0.334279311053112,0.2174714231523065,0.24645389530720488,-0.29414753358730655
2018-11-03_3,SIP_L,L,superior protocerebrum,7,0.026564468898378,7,41,2000,247,0.3852966491086238,0.2183671820325571,0.7048089936741838,-0.26014659523489614
2018-11-03_3,SMP_L,L,superior protocerebrum,22,0.0283202025188532,22,41,2000,247,0.4385218761725939,0.21858226129761546,1.1830004304748558,-0.2519826830556659
2018-11-03_3,SPS_L,L,superior protocerebrum,15,0.0174081044878027,15,41,2000,247,0.36384917346353596,0.23881346943849285,0.5121184264334739,0.5159472542956884
2018-11-03_3,ATL_R,R,inferior/ventrolateral protocerebrum,1,0.0076843012696145,1,41,2000,247,0.2537543451784988,0.20572153325673806,-0.4770065999129753,-0.7401462178259368
2018-11-03_3,CRE_R,R,inferior/ventrolateral protocerebrum,8,0.011210897585465,8,41,2000,247,0.3769625713835185,0.21827724470942708,0.6299331345822768,-0.26356040831199196
2018-11-03_3,EPA_R,R,inferior/ventrolateral protocerebrum,1,0.0143470987549166,1,41,2000,247,0.18798293374974628,0.19656990954622466,-1.067916727806328,-1.087520718337251
2018-11-03_3,IB_R,R,inferior/ventrolateral protocerebrum,4,0.0364638376026452,4,41,2000,247,0.3401368803854764,0.21726660629775202,0.2990800586833873,-0.30192190836469446
2018-11-03_3,LAL_R,R,inferior/ventrolateral protocerebrum,9,0.023416134530816,9,41,2000,247,0.37052823288038617,0.22528619013465812,0.572125103627768,0.002482972973852708
2018-11-03_3,VES_R,R,inferior/ventrolateral protocerebrum,6,0.0197899974539006,6,41,2000,247,0.3282791847594663,0.24991227462180418,0.19254695734533436,0.9372322665275641
2018-11-03_3,MB_R,R,mushroom body,16,0.0541119400368117,16,41,2000,247,0.33563789548927075,0.31733212054385795,0.25865982620461525,3.4963339125904755
2018-11-03_3,AL_R,R,olfactory system,23,0.0669363001194896,23,41,2000,247,0.3588670316968075,0.22821362539482606,0.4673573674169826,0.11360165458133795
2018-11-03_3,LH_R,R,olfactory system,14,0.015880788129262,14,41,2000,247,0.3942867464864774,0.22236192805364344,0.7855787304932846,-0.10851526208138476
2018-11-03_3,AOTU_R,R,optic/lateral protocerebrum,3,0.0151695582829394,3,41,2000,247,0.29527415313219785,0.23200729220372335,-0.10398016646620452,0.2576004852296227
2018-11-03_3,AVLP_R,R,optic/lateral protocerebrum,28,0.0220640996038256,28,41,2000,247,0.31082690275564484,0.25743323006429175,0.03575041053440927,1.2227103655888953
2018-11-03_3,ICL_R,R,optic/lateral protocerebrum,8,0.0142208345232401,8,41,2000,247,0.3893117727069429,0.21736781528106425,0.7408820708280845,-0.2980802490988142
2018-11-03_3,LO_R,R,optic/lateral protocerebrum,40,0.0119475088678664,23,41,2000,247,0.049303514270693745,0.32566501850268664,-2.313854312547272,3.812631474402868
2018-11-03_3,ME_R,R,optic/lateral protocerebrum,129,0.0062167920089693,24,41,2000,247,0.16703427008232383,0.23779831159110038,-1.2561258183216024,0.47741420690072284
2018-11-03_3,PLP_R,R,optic/lateral protocerebrum,15,0.0182239601527843,15,41,2000,247,0.4000972973459766,0.23023799281441065,0.8377824657778299,0.1904419665821168
2018-11-03_3,PVLP_R,R,optic/lateral protocerebrum,17,0.0190223107650327,17,41,2000,247,0.4196462106195268,0.2262504128334893,1.0134157780591548,0.03908263976340436
2018-11-03_3,WED_R,R,optic/lateral protocerebrum,1,0.012935449669569,1,41,2000,247,0.08848017607263828,0.2180164976365811,-1.9618794083611424,-0.2734577650057125
2018-11-03_3,SIP_R,R,superior protocerebrum,6,0.0113351905713117,6,41,2000,247,0.37598176506482395,0.20648726224261532,0.6211212758334914,-0.7110809139618176
2018-11-03_3,SLP_R,R,superior protocerebrum,22,0.0215671447223606,22,41,2000,247,0.44534830079776394,0.20296002893629775,1.2443310809913526,-0.8449665441764151
2018-11-03_3,SMP_R,R,superior protocerebrum,21,0.0249790898738309,21,41,2000,247,0.42546726946561997,0.2147217513277253,1.065713920253439,-0.398518725721947
2018-11-03_3,SPS_R,R,superior protocerebrum,12,0.0185531881136671,12,41,2000,247,0.3403685085720271,0.2376051897312299,0.30116107592727975,0.4700837471121224
2018-11-03_3,NO,midline,central complex,1,0.0034522715914941,1,41,2000,247,0.16288924996445453,0.21300878135750428,-1.2933659248475802,-0.46353910971269435
2018-11-03_3,PB,midline,central complex,1,0.0033217601035986,1,41,2000,247,0.2120969033232986,0.21161027550395603,-0.851269577696743,-0.5166231620847757
2018-11-03_4,ATL_L,L,inferior/ventrolateral protocerebrum,1,0.0081194081525082,1,41,2000,247,0.16660680569051295,0.21912482690193688,-0.03051201278825223,-1.0854484851136714
2018-11-03_4,CRE_L,L,inferior/ventrolateral protocerebrum,10,0.0207756652701866,10,41,2000,247,0.21450396831863214,0.24739628390449547,0.7161126240054155,0.1893412649758086
2018-11-03_4,EPA_L,L,inferior/ventrolateral protocerebrum,1,0.0641271040364944,1,41,2000,247,0.1004451430990841,0.21986356502701804,-1.0618450728595499,-1.052138005580602
2018-11-03_4,IB_L,L,inferior/ventrolateral protocerebrum,3,0.0356146528386148,3,41,2000,247,0.21433560667224696,0.23791527341154023,0.7134881897762255,-0.23816747628985496
2018-11-03_4,LAL_L,L,inferior/ventrolateral protocerebrum,5,0.0372312491272941,5,41,2000,247,0.24371105175875335,0.25596507888708325,1.171394875995864,0.5757172488323352
2018-11-03_4,VES_L,L,inferior/ventrolateral protocerebrum,6,0.0256192691445413,6,41,2000,247,0.22765898702102336,0.25662047816116484,0.9211740623403992,0.6052698918651894
2018-11-03_4,MB_L,L,mushroom body,16,0.1238445491944881,16,41,2000,247,0.23072474238364235,0.251245168727244,0.9689632915664714,0.36289153233099836
2018-11-03_4,LH_L,L,olfactory system,11,0.0154207396394683,11,41,2000,247,0.10933323281801052,0.2272852493291481,-0.923296850082631,-0.7174864495642583
2018-11-03_4,AME_L,L,optic/lateral protocerebrum,1,0.003772548406603,1,41,2000,247,0.052134410742171365,0.20558304080823123,-1.8149164662376682,-1.6960618719157
2018-11-03_4,AOTU_L,L,optic/lateral protocerebrum,4,0.0275586782600697,4,41,2000,247,0.1346259274609913,0.22669420831039194,-0.5290323902446221,-0.7441371111316687
2018-11-03_4,AVLP_L,L,optic/lateral protocerebrum,34,0.017506590080857,34,41,2000,247,0.09905381647419748,0.28810027201566657,-1.0835331787716418,2.024726927171746
2018-11-03_4,ICL_L,L,optic/lateral protocerebrum,8,0.0141316259929802,8,41,2000,247,0.15486195040602127,0.2304804721215775,-0.21359171584000955,-0.5734104910923391
2018-11-03_4,ME_L,L,optic/lateral protocerebrum,131,0.0137407167826744,17,41,2000,247,0.05268991912773404,0.18588305993911666,-1.8062571590084113,-2.5843547422348108
2018-11-03_4,PLP_L,L,optic/lateral protocerebrum,13,0.0247627492367811,13,41,2000,247,0.11734823208274836,0.24147009450736925,-0.7983584281264369,-0.07787685186414615
2018-11-03_4,PVLP_L,L,optic/lateral protocerebrum,11,0.0210877228173999,11,41,2000,247,0.11016181198387871,0.22125368938646628,-0.9103808946308575,-0.9894558351988653
2018-11-03_4,SIP_L,L,superior protocerebrum,7,0.026564468898378,7,41,2000,247,0.14721199621353717,0.2361518481398695,-0.33283978727166624,-0.3176821776782961
2018-11-03_4,SMP_L,L,superior protocerebrum,22,0.0283202025188532,22,41,2000,247,0.24166175974412854,0.23952301094759157,1.1394503552320148,-0.16567289875156677
2018-11-03_4,SPS_L,L,superior protocerebrum,15,0.0174081044878027,15,41,2000,247,0.19395684055636267,0.2530228992536022,0.3958224238996742,0.44305127270863537
2018-11-03_4,ATL_R,R,inferior/ventrolateral protocerebrum,1,0.0076843012696145,1,41,2000,247,0.16077624809389787,0.2419139555142717,-0.12139919083836952,-0.05786269192847609
2018-11-03_4,CRE_R,R,inferior/ventrolateral protocerebrum,8,0.011210897585465,8,41,2000,247,0.2592833792394809,0.24481193031925294,1.4141375085731127,0.07281004195550145
2018-11-03_4,EPA_R,R,inferior/ventrolateral protocerebrum,1,0.0143470987549166,1,41,2000,247,0.12665709681016002,0.21312354594624972,-0.6532511323137865,-1.3560525593580528
2018-11-03_4,IB_R,R,inferior/ventrolateral protocerebrum,4,0.0364638376026452,4,41,2000,247,0.18701300182492447,0.25462346628059934,0.2875813343164221,0.5152225244471811
2018-11-03_4,LAL_R,R,inferior/ventrolateral protocerebrum,9,0.023416134530816,9,41,2000,247,0.2842114533949579,0.25595727839011173,1.8027182363461614,0.5753655162143807
2018-11-03_4,VES_R,R,inferior/ventrolateral protocerebrum,6,0.0197899974539006,6,41,2000,247,0.25130604235051607,0.26053828394969464,1.2897861706129086,0.7819278781022276
2018-11-03_4,MB_R,R,mushroom body,16,0.0541119400368117,16,41,2000,247,0.22159932493728468,0.26804372048357084,0.8267155860107878,1.1203559103917058
2018-11-03_4,AL_R,R,olfactory system,23,0.0669363001194896,23,41,2000,247,0.21417031252788665,0.2691199440343977,0.7109115720033664,1.1688839629528043
2018-11-03_4,LH_R,R,olfactory system,14,0.015880788129262,14,41,2000,247,0.14838841925556664,0.27814012035113805,-0.3145016148565157,1.5756132062153576
2018-11-03_4,AOTU_R,R,optic/lateral protocerebrum,3,0.0151695582829394,3,41,2000,247,0.21079634432887695,0.24377621705330071,0.6583178974949705,0.026108640773804034
2018-11-03_4,AVLP_R,R,optic/lateral protocerebrum,28,0.0220640996038256,28,41,2000,247,0.1277648088851846,0.2854550797135284,-0.6359840317110119,1.905452422377877
2018-11-03_4,ICL_R,R,optic/lateral protocerebrum,8,0.0142208345232401,8,41,2000,247,0.21182397591096006,0.25018798306226886,0.6743366972449178,0.3152219180790735
2018-11-03_4,LO_R,R,optic/lateral protocerebrum,40,0.0119475088678664,15,41,2000,247,0.050679504039938914,0.2214676220565564,-1.8375956632614447,-0.9798093859544744
2018-11-03_4,ME_R,R,optic/lateral protocerebrum,129,0.0062167920089693,20,41,2000,247,0.0465415946448025,0.21542211382978826,-1.9020977116023017,-1.2524077143981829
2018-11-03_4,PLP_R,R,optic/lateral protocerebrum,15,0.0182239601527843,15,41,2000,247,0.12677520663574476,0.2830867694898659,-0.6514100273131909,1.7986628219026037
2018-11-03_4,PVLP_R,R,optic/lateral protocerebrum,17,0.0190223107650327,17,41,2000,247,0.21661462586191912,0.24813906147286718,0.749013715326581,0.22283388725809675
2018-11-03_4,WED_R,R,optic/lateral protocerebrum,1,0.012935449669569,1,41,2000,247,0.11692178116075866,0.220232794260779,-0.8050059777362746,-1.0354890708409012
2018-11-03_4,SIP_R,R,superior protocerebrum,6,0.0113351905713117,6,41,2000,247,0.24674827080455608,0.24545584929536526,1.2187392789314146,0.10184502627066475
2018-11-03_4,SLP_R,R,superior protocerebrum,22,0.0215671447223606,22,41,2000,247,0.2222808669199418,0.23998566953283146,0.8373395145973692,-0.14481113622544958
2018-11-03_4,SMP_R,R,superior protocerebrum,21,0.0249790898738309,21,41,2000,247,0.25811224585545334,0.24317291052053722,1.3958817917517328,-0.0010950857288423244
2018-11-03_4,SPS_R,R,superior protocerebrum,12,0.0185531881136671,12,41,2000,247,0.16187439817260554,0.2510387168003102,-0.1042811433659978,0.3535823976685147
2018-11-03_4,NO,midline,central complex,1,0.0034522715914941,1,41,2000,247,0.11693199167687855,0.2223990442294271,-0.8048468154295493,-0.9378105799193206
2018-11-03_4,PB,midline,central complex,1,0.0033217601035986,1,41,2000,247,0.13283510539063043,0.2714144650033535,-0.5569478617356268,1.272346328275026
2018-11-03_5,ATL_L,L,inferior/ventrolateral protocerebrum,1,0.0081194081525082,1,41,2000,247,0.06566757058155973,0.20122911702279384,-1.4047990436914393,-0.954052492210156
2018-11-03_5,CRE_L,L,inferior/ventrolateral protocerebrum,10,0.0207756652701866,10,41,2000,247,0.27148790398364525,0.22434855996370903,1.0951012889248266,0.44080348726836294
2018-11-03_5,EPA_L,L,inferior/ventrolateral protocerebrum,1,0.0641271040364944,1,41,2000,247,0.09612774243894742,0.19237626771384142,-1.0348288250101174,-1.4881678610610687
2018-11-03_5,IB_L,L,inferior/ventrolateral protocerebrum,3,0.0356146528386148,3,41,2000,247,0.2102025214973579,0.21255348484210898,0.3507270790031922,-0.2708239989045747
2018-11-03_5,LAL_L,L,inferior/ventrolateral protocerebrum,5,0.0372312491272941,5,41,2000,247,0.29326195439030806,0.23358672258702948,1.3595695994861587,0.9981658081281313
2018-11-03_5,VES_L,L,inferior/ventrolateral protocerebrum,6,0.0256192691445413,6,41,2000,247,0.2901407425966238,0.2456938312962973,1.321659261512146,1.7286190902628848
2018-11-03_5,MB_L,L,mushroom body,16,0.1238445491944881,16,41,2000,247,0.287679425147224,0.23208383047523012,1.2917640212862527,0.9074924275448774
2018-11-03_5,LH_L,L,olfactory system,11,0.0154207396394683,11,41,2000,247,0.21195835913131358,0.22494308567283405,0.37205353889464954,0.4766727658857618
2018-11-03_5,AME_L,L,optic/lateral protocerebrum,1,0.003772548406603,1,41,2000,247,0.07615253011250417,0.1891928052745452,-1.2774483908884906,-1.680234409993316
2018-11-03_5,AOTU_L,L,optic/lateral protocerebrum,4,0.0275586782600697,4,41,2000,247,0.1644031940385962,0.21117485000103592,-0.20555301274113252,-0.35400061594083515
2018-11-03_5,AVLP_L,L,optic/lateral protocerebrum,34,0.017506590080857,34,41,2000,247,0.09820064502011099,0.23971823669585732,-1.0096512841594358,1.3680959634442722
2018-11-03_5,ICL_L,L,optic/lateral protocerebrum,8,0.0141316259929802,8,41,2000,247,0.20244569849006874,0.20881884518682564,0.25651245941026135,-0.4961444993890621
2018-11-03_5,ME_L,L,optic/lateral protocerebrum,131,0.0137407167826744,19,41,2000,247,0.07780365279183749,0.20322408448876517,-1.2573938021749842,-0.8336909287465916
2018-11-03_5,PLP_L,L,optic/lateral protocerebrum,13,0.0247627492367811,13,41,2000,247,0.2275565043570534,0.21794266927312692,0.561509108193755,0.05431948086390174
2018-11-03_5,PVLP_L,L,optic/lateral protocerebrum,11,0.0210877228173999,11,41,2000,247,0.1607642262040123,0.2036901378257041,-0.24975203209790547,-0.8055727216839664
2018-11-03_5,SIP_L,L,superior protocerebrum,7,0.026564468898378,7,41,2000,247,0.15304833008943994,0.2136550138812212,-0.3434695523468379,-0.20436589389306611
2018-11-03_5,SMP_L,L,superior protocerebrum,22,0.0283202025188532,22,41,2000,247,0.20958161972589862,0.22742466194256097,0.3431855862879861,0.6263927010592332
2018-11-03_5,SPS_L,L,superior protocerebrum,15,0.0174081044878027,15,41,2000,247,0.2571530328859254,0.2271662788471256,0.9209894874674199,0.6108037784980244
2018-11-03_5,ATL_R,R,inferior/ventrolateral protocerebrum,1,0.0076843012696145,1,41,2000,247,0.05686216977959461,0.1927246359455668,-1.5117497226151237,-1.4671499017475877
2018-11-03_5,CRE_R,R,inferior/ventrolateral protocerebrum,8,0.011210897585465,8,41,2000,247,0.24364077363619066,0.22648038103205873,0.7568691557467504,0.569421783650557
2018-11-03_5,EPA_R,R,inferior/ventrolateral protocerebrum,1,0.0143470987549166,1,41,2000,247,0.10438845285396206,0.198658110388286,-0.9344939728951976,-1.109167993331318
2018-11-03_5,IB_R,R,inferior/ventrolateral protocerebrum,4,0.0364638376026452,4,41,2000,247,0.13588955611404896,0.19636063647158628,-0.551880568203897,-1.2477805558655652
2018-11-03_5,LAL_R,R,inferior/ventrolateral protocerebrum,9,0.023416134530816,9,41,2000,247,0.29753245062192735,0.2323665133476973,1.4114391828912423,0.9245474187038215
2018-11-03_5,VES_R,R,inferior/ventrolateral protocerebrum,6,0.0197899974539006,6,41,2000,247,0.31030041383103946,0.23932730842233818,1.5665192711687022,1.3445102463809788
2018-11-03_5,MB_R,R,mushroom body,16,0.0541119400368117,16,41,2000,247,0.26648597164854465,0.23611713534427672,1.034347659283124,1.150832175307276
2018-11-03_5,AL_R,R,olfactory system,23,0.0669363001194896,23,41,2000,247,0.24734046822428088,0.25271483363882946,0.8018057641880407,2.152214378628687
2018-11-03_5,LH_R,R,olfactory system,14,0.015880788129262,14,41,2000,247,0.22782710934029451,0.23273900018319268,0.5647958849491425,0.9470205159620716
2018-11-03_5,AOTU_R,R,optic/lateral protocerebrum,3,0.0151695582829394,3,41,2000,247,0.1713075097655382,0.20421570078408605,-0.12169297375970149,-0.7738641447530706
2018-11-03_5,AVLP_R,R,optic/lateral protocerebrum,28,0.0220640996038256,28,41,2000,247,0.08402518995439176,0.23376256085037617,-1.1818268134087697,1.0087745867945146
2018-11-03_5,ICL_R,R,optic/lateral protocerebrum,8,0.0142208345232401,8,41,2000,247,0.19158938653566768,0.2031315857781799,0.12465134823047465,-0.8392716159579412
2018-11-03_5,LO_R,R,optic/lateral protocerebrum,40,0.0119475088678664,19,41,2000,247,0.05310407940904969,0.2044707914254559,-1.5573956080922096,-0.7584738644883995
2018-11-03_5,ME_R,R,optic/lateral protocerebrum,129,0.0062167920089693,22,41,2000,247,0.033303504449278126,0.19461918568968145,-1.7978940229462235,-1.3528467999924372
2018-11-03_5,PLP_R,R,optic/lateral protocerebrum,15,0.0182239601527843,15,41,2000,247,0.2347724571127384,0.22160404720508184,0.6491543004636523,0.2752199114914855
2018-11-03_5,PVLP_R,R,optic/lateral protocerebrum,17,0.0190223107650327,17,41,2000,247,0.24883979936433054,0.2135760925585321,0.8200166880251415,-0.2091274220640774
2018-11-03_5,WED_R,R,optic/lateral protocerebrum,1,0.012935449669569,1,41,2000,247,0.19095408030883568,0.22906654068084098,0.11693489854098829,0.725451505439658
2018-11-03_5,SIP_R,R,superior protocerebrum,6,0.0113351905713117,6,41,2000,247,0.1631938955547732,0.21091029946288958,-0.22024119068726178,-0.3699616363231484
2018-11-03_5,SLP_R,R,superior protocerebrum,22,0.0215671447223606,22,41,2000,247,0.268270788649602,0.21113645817451357,1.0560261034914808,-0.35631689444826536
2018-11-03_5,SMP_R,R,superior protocerebrum,21,0.0249790898738309,21,41,2000,247,0.2192649598404147,0.21784220291886794,0.4607997440972839,0.04825808503647297
2018-11-03_5,SPS_R,R,superior protocerebrum,12,0.0185531881136671,12,41,2000,247,0.22862185823406475,0.2235666856125082,0.574448930355503,0.3936309789704533
2018-11-03_5,NO,midline,central complex,1,0.0034522715914941,1,41,2000,247,0.06500314618729253,0.1835810401387164,-1.4128691635711017,-2.0188067612019664
2018-11-03_5,PB,midline,central complex,1,0.0033217601035986,1,41,2000,247,0.038239572532479116,0.23094152082867545,-1.737940382608346,0.8385739226749797
2018-12-12_2,ATL_L,L,inferior/ventrolateral protocerebrum,1,0.0081194081525082,1,41,2000,247,0.10668922729501121,0.23258630639093097,-0.9668401626165878,-0.41814981784814215
2018-12-12_2,CRE_L,L,inferior/ventrolateral protocerebrum,10,0.0207756652701866,10,41,2000,247,0.2025538548936064,0.26049513239320726,0.7255877015580133,0.7256450791024521
2018-12-12_2,EPA_L,L,inferior/ventrolateral protocerebrum,1,0.0641271040364944,1,41,2000,247,0.11456921992986027,0.22270190945485796,-0.8277240001822946,-0.8232447069700383
2018-12-12_2,IB_L,L,inferior/ventrolateral protocerebrum,3,0.0356146528386148,3,41,2000,247,0.17835029680528214,0.22282897249416256,0.29828957140339535,-0.8180372483712502
2018-12-12_2,LAL_L,L,inferior/ventrolateral protocerebrum,5,0.0372312491272941,5,41,2000,247,0.24353315044813328,0.2503793863443434,1.4490506032356705,0.31106874727842987
2018-12-12_2,VES_L,L,inferior/ventrolateral protocerebrum,6,0.0256192691445413,6,41,2000,247,0.21988920736373854,0.28048618922523,1.0316321132526725,1.544943919807968
2018-12-12_2,MB_L,L,mushroom body,16,0.1238445491944881,16,41,2000,247,0.24938612466124174,0.27333075274413887,1.552381069276153,1.2516907485044306
2018-12-12_2,LH_L,L,olfactory system,11,0.0154207396394683,11,41,2000,247,0.18775649333003294,0.24741547445368178,0.464349874282242,0.1895979517933933
2018-12-12_2,AME_L,L,optic/lateral protocerebrum,1,0.003772548406603,1,41,2000,247,0.04607477147621019,0.1981749971593285,-2.0369490919399875,-1.8284377279625117
2018-12-12_2,AOTU_L,L,optic/lateral protocerebrum,4,0.0275586782600697,4,41,2000,247,0.1611983053286097,0.23289132645337643,-0.004517720799876803,-0.40564909886898454
2018-12-12_2,AVLP_L,L,optic/lateral protocerebrum,34,0.017506590080857,34,41,2000,247,0.13579152544266168,0.2704260119494059,-0.45305795190550885,1.132644977904521
2018-12-12_2,ICL_L,L,optic/lateral protocerebrum,8,0.0141316259929802,8,41,2000,247,0.18421326380664588,0.2304746030776422,0.4017964536435514,-0.5046943207740755
2018-12-12_2,ME_L,L,optic/lateral protocerebrum,131,0.0137407167826744,16,41,2000,247,0.043998239739374015,0.19997972825520047,-2.0736089138190215,-1.7544739497061974
2018-12-12_2,PLP_L,L,optic/lateral protocerebrum,13,0.0247627492367811,13,41,2000,247,0.19298487953354876,0.2726545890900718,0.5566536438493382,1.223979352225622
2018-12-12_2,PVLP_L,L,optic/lateral protocerebrum,11,0.0210877228173999,11,41,2000,247,0.1474970149107229,0.2639153896403626,-0.24640512243330176,0.8658183986550368
2018-12-12_2,SIP_L,L,superior protocerebrum,7,0.026564468898378,7,41,2000,247,0.2107835309944372,0.23017780280223069,0.8708772989316952,-0.5168581660179252
2018-12-12_2,SMP_L,L,superior protocerebrum,22,0.0283202025188532,22,41,2000,247,0.17393991373517578,0.2779408416736632,0.22042711695579367,1.440627258827303
2018-12-12_2,SPS_L,L,superior protocerebrum,15,0.0174081044878027,15,41,2000,247,0.20239337078407743,0.2638790430848921,0.7227544586244327,0.8643287980295743
2018-12-12_2,ATL_R,R,inferior/ventrolateral protocerebrum,1,0.0076843012696145,1,41,2000,247,0.11111933648541468,0.24740168204390986,-0.8886294563009176,0.18903269376668555
2018-12-12_2,CRE_R,R,inferior/ventrolateral protocerebrum,8,0.011210897585465,8,41,2000,247,0.19973774089586538,0.2513371772282764,0.6758710342339037,0.35032214780839155
2018-12-12_2,EPA_R,R,inferior/ventrolateral protocerebrum,1,0.0143470987549166,1,41,2000,247,0.11979023727599916,0.21661740900095955,-0.7355503230159539,-1.0726074200090947
2018-12-12_2,IB_R,R,inferior/ventrolateral protocerebrum,4,0.0364638376026452,4,41,2000,247,0.14235904917328882,0.2229325521893976,-0.3371125772790896,-0.813792213957124
2018-12-12_2,LAL_R,R,inferior/ventrolateral protocerebrum,9,0.023416134530816,9,41,2000,247,0.23588406493198,0.26895096679393554,1.3140109563160813,1.0721928069152755
2018-12-12_2,VES_R,R,inferior/ventrolateral protocerebrum,6,0.0197899974539006,6,41,2000,247,0.22523808531296957,0.2717193290293519,1.1260630864918608,1.1856493384627413
2018-12-12_2,MB_R,R,mushroom body,16,0.0541119400368117,16,41,2000,247,0.2364480734075988,0.2646047457469406,1.323968160382682,0.8940704647513081
2018-12-12_2,AL_R,R,olfactory system,23,0.0669363001194896,23,41,2000,247,0.21391390397379118,0.27385029319428633,0.9261420048845671,1.2729832140344965
2018-12-12_2,LH_R,R,olfactory system,14,0.015880788129262,14,41,2000,247,0.15371744661588532,0.24612548229986583,-0.1365874325436235,0.13672985757400027
2018-12-12_2,AOTU_R,R,optic/lateral protocerebrum,3,0.0151695582829394,3,41,2000,247,0.1383630373611155,0.22267966453238935,-0.4076595757487533,-0.8241563765902716
2018-12-12_2,AVLP_R,R,optic/lateral protocerebrum,28,0.0220640996038256,28,41,2000,247,0.15103985210773396,0.26043619281914326,-0.18385862806248715,0.7232295427399643
2018-12-12_2,ICL_R,R,optic/lateral protocerebrum,8,0.0142208345232401,8,41,2000,247,0.1690891828073331,0.22597755235256017,0.13479060649784466,-0.6889981560646485
2018-12-12_2,LO_R,R,optic/lateral protocerebrum,40,0.0119475088678664,27,41,2000,247,0.05018174074490228,0.19544776548146434,-1.9644432114942043,-1.9402085948448593
2018-12-12_2,ME_R,R,optic/lateral protocerebrum,129,0.0062167920089693,23,41,2000,247,0.02943548930781087,0.18801164801679499,-2.330704833625832,-2.244964990134302
2018-12-12_2,PLP_R,R,optic/lateral protocerebrum,15,0.0182239601527843,15,41,2000,247,0.19107288583309534,0.2377090176412171,0.522898634354876,-0.20820436954620447
2018-12-12_2,PVLP_R,R,optic/lateral protocerebrum,17,0.0190223107650327,17,41,2000,247,0.15513095688436232,0.23448586310639938,-0.11163282494128354,-0.3402997758061092
2018-12-12_2,WED_R,R,optic/lateral protocerebrum,1,0.012935449669569,1,41,2000,247,0.08823059084735649,0.2254034737150486,-1.2927154248612567,-0.7125257747462991
2018-12-12_2,SIP_R,R,superior protocerebrum,6,0.0113351905713117,6,41,2000,247,0.17806773192402592,0.248242298388082,0.29330107157343077,0.22348389872525135
2018-12-12_2,SLP_R,R,superior protocerebrum,22,0.0215671447223606,22,41,2000,247,0.2295991762523332,0.24592574048681054,1.2030553203206245,0.12854378530920238
2018-12-12_2,SMP_R,R,superior protocerebrum,21,0.0249790898738309,21,41,2000,247,0.1752224235380906,0.25865371773572704,0.24306899624852563,0.6501778886077993
2018-12-12_2,SPS_R,R,superior protocerebrum,12,0.0185531881136671,12,41,2000,247,0.1981264208072772,0.26420882267562873,0.6474242224708661,0.8778442433934271
2018-12-12_2,NO,midline,central complex,1,0.0034522715914941,1,41,2000,247,0.11226949346839636,0.2080718486725665,-0.8683241802576639,-1.4228324095662404
2018-12-12_2,PB,midline,central complex,1,0.0033217601035986,1,41,2000,247,0.11398304339532173,0.2448273951403718,-0.8380725669605676,0.08353000356705392
2018-12-12_3,ATL_L,L,inferior/ventrolateral protocerebrum,1,0.0081194081525082,1,41,2000,247,0.15908692511358652,0.20606925990312547,-0.17655800488002008,-0.9124030908581064
2018-12-12_3,CRE_L,L,inferior/ventrolateral protocerebrum,10,0.0207756652701866,10,41,2000,247,0.22275881010772122,0.22261431646621482,0.7121532806757208,-0.13812570889926287
2018-12-12_3,EPA_L,L,inferior/ventrolateral protocerebrum,1,0.0641271040364944,1,41,2000,247,0.1413357488422351,0.2001304613958391,-0.4243231006627584,-1.1903276384514436
2018-12-12_3,IB_L,L,inferior/ventrolateral protocerebrum,3,0.0356146528386148,3,41,2000,247,0.19690260766483683,0.2105201882628634,0.351260888142941,-0.7041080545417873
2018-12-12_3,LAL_L,L,inferior/ventrolateral protocerebrum,5,0.0372312491272941,5,41,2000,247,0.24792726870802642,0.245153850634472,1.0634463702425543,0.9166818972169775
2018-12-12_3,VES_L,L,inferior/ventrolateral protocerebrum,6,0.0256192691445413,6,41,2000,247,0.22273512355991612,0.24094819160486222,0.7118226716109478,0.7198650020651969
2018-12-12_3,MB_L,L,mushroom body,16,0.1238445491944881,16,41,2000,247,0.24860600303318026,0.24280713502981746,1.0729199213195144,0.8068600415076725
2018-12-12_3,LH_L,L,olfactory system,11,0.0154207396394683,11,41,2000,247,0.18272329943605797,0.2345390400179448,0.15335075488004238,0.41992881917135083
2018-12-12_3,AME_L,L,optic/lateral protocerebrum,1,0.003772548406603,1,41,2000,247,0.029896660756415106,0.18153427790245824,-1.9797533387188737,-2.0605938847333256
2018-12-12_3,AOTU_L,L,optic/lateral protocerebrum,4,0.0275586782600697,4,41,2000,247,0.13372195426644,0.20303527998333454,-0.5305939479297349,-1.0543876177924032
2018-12-12_3,AVLP_L,L,optic/lateral protocerebrum,34,0.017506590080857,34,41,2000,247,0.11848795784559218,0.2691946728337036,-0.7432250730263199,2.0417469461987947
2018-12-12_3,ICL_L,L,optic/lateral protocerebrum,8,0.0141316259929802,8,41,2000,247,0.1603550523908609,0.2221057480911594,-0.15885790030578564,-0.16192574781018731
2018-12-12_3,ME_L,L,optic/lateral protocerebrum,131,0.0137407167826744,9,41,2000,247,0.03135209635926843,0.18989776295242924,-1.959438845975734,-1.669198588872559
2018-12-12_3,PLP_L,L,optic/lateral protocerebrum,13,0.0247627492367811,13,41,2000,247,0.1766722570181361,0.21930188631525627,0.06889228962997103,-0.29314118046479676
2018-12-12_3,PVLP_L,L,optic/lateral protocerebrum,11,0.0210877228173999,11,41,2000,247,0.19878124209337666,0.225631408975196,0.3774822512803871,0.003068519121278576
2018-12-12_3,SIP_L,L,superior protocerebrum,7,0.026564468898378,7,41,2000,247,0.175137519785022,0.21968194874489771,0.04747093074360025,-0.27535497696155836
2018-12-12_3,SMP_L,L,superior protocerebrum,22,0.0283202025188532,22,41,2000,247,0.251944108947828,0.24238659344372843,1.1195121087347462,0.7871794899761498
2018-12-12_3,SPS_L,L,superior protocerebrum,15,0.0174081044878027,15,41,2000,247,0.2233533130163785,0.23400601171538082,0.7204511572702038,0.3949841018749519
2018-12-12_3,ATL_R,R,inferior/ventrolateral protocerebrum,1,0.0076843012696145,1,41,2000,247,0.15676582154501117,0.2139431783489682,-0.20895520713854646,-0.5439185869365207
2018-12-12_3,CRE_R,R,inferior/ventrolateral protocerebrum,8,0.011210897585465,8,41,2000,247,0.2576343268585937,0.23583292134547124,1.1989343038689841,0.48048002025201647
2018-12-12_3,EPA_R,R,inferior/ventrolateral protocerebrum,1,0.0143470987549166,1,41,2000,247,0.11633860814816765,0.20036744875005663,-0.773224991088789,-1.179237078109071
2018-12-12_3,IB_R,R,inferior/ventrolateral protocerebrum,4,0.0364638376026452,4,41,2000,247,0.22036368930492672,0.20586515909028408,0.6787229701405627,-0.9219546232097731
2018-12-12_3,LAL_R,R,inferior/ventrolateral protocerebrum,9,0.023416134530816,9,41,2000,247,0.2780507499223222,0.24164870392272478,1.4839000401446956,0.7526476547830226
2018-12-12_3,VES_R,R,inferior/ventrolateral protocerebrum,6,0.0197899974539006,6,41,2000,247,0.2356188633806644,0.24466831227240732,0.8916496859975587,0.893959619394203
2018-12-12_3,MB_R,R,mushroom body,16,0.0541119400368117,16,41,2000,247,0.24324562818454987,0.24734379028414355,0.99810156745382,1.019166934492603
2018-12-12_3,AL_R,R,olfactory system,23,0.0669363001194896,23,41,2000,247,0.23348433781849504,0.2655405758865764,0.8618566783524753,1.8707421142203227
2018-12-12_3,LH_R,R,olfactory system,14,0.015880788129262,14,41,2000,247,0.18913203973749299,0.2525939450178284,0.24280184985871078,1.264864254811542
2018-12-12_3,AOTU_R,R,optic/lateral protocerebrum,3,0.0151695582829394,3,41,2000,247,0.14264219711223414,0.23771481646645798,-0.40608812424184876,0.568549155696946
2018-12-12_3,AVLP_R,R,optic/lateral protocerebrum,28,0.0220640996038256,28,41,2000,247,0.14462684122448521,0.2540770889759957,-0.37838711271169284,1.334272589356602
2018-12-12_3,ICL_R,R,optic/lateral protocerebrum,8,0.0142208345232401,8,41,2000,247,0.1852861259180591,0.2089392809810607,0.1891218462759595,-0.778091527889629
2018-12-12_3,LO_R,R,optic/lateral protocerebrum,40,0.0119475088678664,3,41,2000,247,0.031142771183438705,0.19000879772668777,-1.9623605381186315,-1.664002371259675
2018-12-12_3,ME_R,R,optic/lateral protocerebrum,129,0.0062167920089693,4,41,2000,247,0.018957898019374603,0.19349715204483275,-2.1324330009484433,-1.500753981113719
2018-12-12_3,PLP_R,R,optic/lateral protocerebrum,15,0.0182239601527843,14,41,2000,247,0.09824657895075203,0.23208696656154704,-1.0257476002094135,0.3051764150951986
2018-12-12_3,PVLP_R,R,optic/lateral protocerebrum,17,0.0190223107650327,17,41,2000,247,0.1839328018337366,0.22612641113308568,0.17023259261458923,0.02623368470492677
2018-12-12_3,WED_R,R,optic/lateral protocerebrum,1,0.012935449669569,1,41,2000,247,0.06927278830714094,0.20531502778470054,-1.430154266239145,-0.947699728727943
2018-12-12_3,SIP_R,R,superior protocerebrum,6,0.0113351905713117,6,41,2000,247,0.2488911552977914,0.23355487927112945,1.076899983095368,0.3738719559889769
2018-12-12_3,SLP_R,R,superior protocerebrum,22,0.0215671447223606,22,41,2000,247,0.2730071768990559,0.22801621985775672,1.4135035022423836,0.11467316184794425
2018-12-12_3,SMP_R,R,superior protocerebrum,21,0.0249790898738309,21,41,2000,247,0.2571584952345799,0.23660389196483247,1.1922928021398558,0.5165599883349267
2018-12-12_3,SPS_R,R,superior protocerebrum,12,0.0185531881136671,12,41,2000,247,0.16447530928145143,0.22514978727236348,-0.10134870612386496,-0.01947046645074176
2018-12-12_3,NO,midline,central complex,1,0.0034522715914941,1,41,2000,247,0.06796961925526195,0.20251352770252948,-1.4483434724091608,-1.078804638578784
2018-12-12_3,PB,midline,central complex,1,0.0033217601035986,1,41,2000,247,0.10317292943997287,0.2572335099350117,-0.9569872159868181,1.4819871255497987
2018-12-12_4,ATL_L,L,inferior/ventrolateral protocerebrum,1,0.0081194081525082,1,40,2000,247,0.18826557448838938,0.22469462892289727,-0.6538292452686858,-1.274109523471445
2018-12-12_4,CRE_L,L,inferior/ventrolateral protocerebrum,10,0.0207756652701866,10,40,2000,247,0.31374153861121357,0.27386898061747017,0.8384964538377667,0.454037017917661
2018-12-12_4,EPA_L,L,inferior/ventrolateral protocerebrum,1,0.0641271040364944,1,40,2000,247,0.16158540018534695,0.21437860900364597,-0.9711450758136956,-1.636647991799087
2018-12-12_4,IB_L,L,inferior/ventrolateral protocerebrum,3,0.0356146528386148,3,40,2000,247,0.21984875573704982,0.2326072038081953,-0.2782003878504102,-0.9960359251362537
2018-12-12_4,LAL_L,L,inferior/ventrolateral protocerebrum,5,0.0372312491272941,5,40,2000,247,0.3409267475392242,0.2811617754867041,1.1618188224081858,0.7103295321251802
2018-12-12_4,VES_L,L,inferior/ventrolateral protocerebrum,6,0.0256192691445413,6,40,2000,247,0.33089200310684835,0.30114476710954785,1.0424724033143964,1.4125968049936934
2018-12-12_4,MB_L,L,mushroom body,16,0.1238445491944881,16,40,2000,247,0.3102806313748846,0.2948816024066792,0.7973347791927203,1.192488841260085
2018-12-12_4,LH_L,L,olfactory system,11,0.0154207396394683,11,40,2000,247,0.2798999300393025,0.2708650953159659,0.43600739926848947,0.3484707254169088
2018-12-12_4,AME_L,L,optic/lateral protocerebrum,1,0.003772548406603,1,40,2000,247,0.06077432799599821,0.1996329520857963,-2.1701233409687446,-2.154858301136112
2018-12-12_4,AOTU_L,L,optic/lateral protocerebrum,4,0.0275586782600697,4,40,2000,247,0.2049748416444144,0.267897729104137,-0.45510059660285174,0.2441878324189929
2018-12-12_4,AVLP_L,L,optic/lateral protocerebrum,34,0.017506590080857,34,40,2000,247,0.10338596863462161,0.2991047924450605,-1.6633294952258257,1.3409054651087937
2018-12-12_4,ICL_L,L,optic/lateral protocerebrum,8,0.0141316259929802,8,40,2000,247,0.27288984279894746,0.2606968987073847,0.3526341937713805,-0.00887275132939228
2018-12-12_4,ME_L,L,optic/lateral protocerebrum,131,0.0137407167826744,17,40,2000,247,0.04759888995655046,0.19146053436909347,-2.326823031787666,-2.442063621088825
2018-12-12_4,PLP_L,L,optic/lateral protocerebrum,13,0.0247627492367811,13,40,2000,247,0.3462552618868647,0.28449879451373034,1.22519254465556,0.8276032264673762
2018-12-12_4,PVLP_L,L,optic/lateral protocerebrum,11,0.0210877228173999,11,40,2000,247,0.261704814964234,0.2534594899249221,0.21960708694935216,-0.26321881843600214
2018-12-12_4,SIP_L,L,superior protocerebrum,7,0.026564468898378,7,40,2000,247,0.20073482354276578,0.2490739540032522,-0.5055284854977561,-0.41734080426805964
2018-12-12_4,SMP_L,L,superior protocerebrum,22,0.0283202025188532,22,40,2000,247,0.29267708416783594,0.26550942099167285,0.5879701723840627,0.16025492304457228
2018-12-12_4,SPS_L,L,superior protocerebrum,15,0.0174081044878027,15,40,2000,247,0.32373878399724315,0.2842838620200176,0.9573968848019115,0.8200498000806121
2018-12-12_4,ATL_R,R,inferior/ventrolateral protocerebrum,1,0.0076843012696145,1,40,2000,247,0.18088978950962173,0.23535357631493062,-0.74155181071655,-0.8995194691927263
2018-12-12_4,CRE_R,R,inferior/ventrolateral protocerebrum,8,0.011210897585465,8,40,2000,247,0.3100203360559433,0.2635067929489169,0.7942390038661171,0.08987606482854177
2018-12-12_4,EPA_R,R,inferior/ventrolateral protocerebrum,1,0.0143470987549166,1,40,2000,247,0.1432120568934622,0.2113830776747914,-1.1896651132142069,-1.7419206985494655
2018-12-12_4,IB_R,R,inferior/ventrolateral protocerebrum,4,0.0364638376026452,4,40,2000,247,0.2709152837102644,0.2416678159140762,0.32915013215810196,-0.6776165676040943
2018-12-12_4,LAL_R,R,inferior/ventrolateral protocerebrum,9,0.023416134530816,9,40,2000,247,0.3423609854188517,0.2770874861155545,1.1788766713863768,0.5671457616689307
2018-12-12_4,VES_R,R,inferior/ventrolateral protocerebrum,6,0.0197899974539006,6,40,2000,247,0.3407134677499492,0.29653217596630255,1.159282217785459,1.2504953607173852
2018-12-12_4,MB_R,R,mushroom body,16,0.0541119400368117,16,40,2000,247,0.32881306540885785,0.28340161112851553,1.0177469335780926,0.7890446363266175
2018-12-12_4,AL_R,R,olfactory system,23,0.0669363001194896,23,40,2000,247,0.24053763826354554,0.28201105613047317,-0.03214090310429619,0.7401760142163751
2018-12-12_4,LH_R,R,olfactory system,14,0.015880788129262,14,40,2000,247,0.25337861571473314,0.26854190169873887,0.12058094116299135,0.26682615103543783
2018-12-12_4,AOTU_R,R,optic/lateral protocerebrum,3,0.0151695582829394,3,40,2000,247,0.26368505282618715,0.27185474136090787,0.2431586880260622,0.3832501039105675
2018-12-12_4,AVLP_R,R,optic/lateral protocerebrum,28,0.0220640996038256,28,40,2000,247,0.1485760355139006,0.282764249572335,-1.125869603048593,0.7666456797370311
2018-12-12_4,ICL_R,R,optic/lateral protocerebrum,8,0.0142208345232401,8,40,2000,247,0.26690396000150896,0.24127921348355505,0.28144217868781757,-0.6912733200194934
2018-12-12_4,LO_R,R,optic/lateral protocerebrum,40,0.0119475088678664,26,40,2000,247,0.08509369738764391,0.21861536107050275,-1.8808853169142705,-1.4877547541914473
2018-12-12_4,ME_R,R,optic/lateral protocerebrum,129,0.0062167920089693,0,40,2000,247,,,,
2018-12-12_4,PLP_R,R,optic/lateral protocerebrum,15,0.0182239601527843,15,40,2000,247,0.34237190644779797,0.2755485284321342,1.179006558670138,0.5130617868670718
2018-12-12_4,PVLP_R,R,optic/lateral protocerebrum,17,0.0190223107650327,17,40,2000,247,0.30753785641027537,0.2556823114666806,0.7647140809166303,-0.18510164500839543
2018-12-12_4,WED_R,R,optic/lateral protocerebrum,1,0.012935449669569,1,40,2000,247,0.19733618111204615,0.28513228886705366,-0.545949624931854,0.849866276979663
2018-12-12_4,SIP_R,R,superior protocerebrum,6,0.0113351905713117,6,40,2000,247,0.21974660182209535,0.25618734184892444,-0.279415336973269,-0.16735323596394075
2018-12-12_4,SLP_R,R,superior protocerebrum,22,0.0215671447223606,22,40,2000,247,0.31847902968567443,0.25056250517158624,0.8948409476149568,-0.3650282782338608
2018-12-12_4,SMP_R,R,superior protocerebrum,21,0.0249790898738309,21,40,2000,247,0.29245019575291753,0.2581648186344051,0.585271716032049,-0.09785827467332137
2018-12-12_4,SPS_R,R,superior protocerebrum,12,0.0185531881136671,12,40,2000,247,0.3151985851260753,0.2749874067119532,0.8558255731963812,0.49334214590358827
2018-12-12_4,NO,midline,central complex,1,0.0034522715914941,1,40,2000,247,0.1233502621189857,0.243024287535282,-1.4258877792804798,-0.6299457461311605
2018-12-12_4,PB,midline,central complex,1,0.0033217601035986,1,40,2000,247,0.17785704272119615,0.3154652630343439,-0.7776212364658501,1.9158655752079918
2018-12-14_1,ATL_L,L,inferior/ventrolateral protocerebrum,1,0.0081194081525082,1,41,2000,247,0.1982073675116746,0.23870579735902692,-1.0120420906214418,-0.751104866117974
2018-12-14_1,CRE_L,L,inferior/ventrolateral protocerebrum,10,0.0207756652701866,10,41,2000,247,0.39812754833441255,0.2699954139831678,0.6898881929905282,0.294736793639571
2018-12-14_1,EPA_L,L,inferior/ventrolateral protocerebrum,1,0.0641271040364944,1,41,2000,247,0.18174775844160881,0.2174708018626017,-1.1521635481825343,-1.4608752414376531
2018-12-14_1,IB_L,L,inferior/ventrolateral protocerebrum,3,0.0356146528386148,3,41,2000,247,0.319112739169884,0.24998391686204996,0.017231255519226323,-0.3741386871560603
2018-12-14_1,LAL_L,L,inferior/ventrolateral protocerebrum,5,0.0372312491272941,5,41,2000,247,0.45660511002514503,0.277137140298193,1.1877105376066017,0.5334458514257707
2018-12-14_1,VES_L,L,inferior/ventrolateral protocerebrum,6,0.0256192691445413,6,41,2000,247,0.449796503744251,0.28021667351885576,1.1297485391182216,0.6363778934978874
2018-12-14_1,MB_L,L,mushroom body,16,0.1238445491944881,16,41,2000,247,0.44362304236639627,0.2807265618467193,1.0771935602739604,0.6534206863677867
2018-12-14_1,LH_L,L,olfactory system,11,0.0154207396394683,11,41,2000,247,0.4298830363913867,0.2647869554245531,0.9602242169608288,0.1206463594500618
2018-12-14_1,AME_L,L,optic/lateral protocerebrum,1,0.003772548406603,1,41,2000,247,0.13595504296904576,0.2182350555467299,-1.5419991761358949,-1.435330398524245
2018-12-14_1,AOTU_L,L,optic/lateral protocerebrum,4,0.0275586782600697,4,41,2000,247,0.39349131458349684,0.2813571835813072,0.6504197081676596,0.6744989402020549
2018-12-14_1,AVLP_L,L,optic/lateral protocerebrum,34,0.017506590080857,34,41,2000,247,0.31947823096457184,0.3267698672399316,0.020342705054891313,2.1923978976132723
2018-12-14_1,ICL_L,L,optic/lateral protocerebrum,8,0.0141316259929802,8,41,2000,247,0.361335408533926,0.2719856241690183,0.3766749062295774,0.36125869287020446
2018-12-14_1,ME_L,L,optic/lateral protocerebrum,131,0.0137407167826744,4,41,2000,247,0.013700955848422413,0.19679908446876132,-2.582754203015404,-2.151818294173332
2018-12-14_1,PLP_L,L,optic/lateral protocerebrum,13,0.0247627492367811,13,41,2000,247,0.4281278547489616,0.29201913538300406,0.9452822697387435,1.030869985027785
2018-12-14_1,PVLP_L,L,optic/lateral protocerebrum,11,0.0210877228173999,11,41,2000,247,0.4352072184026404,0.26914317550416633,1.0055492389927423,0.26625109769465943
2018-12-14_1,SIP_L,L,superior protocerebrum,7,0.026564468898378,7,41,2000,247,0.2965972442493845,0.26009879312880707,-0.17444425466694313,-0.036053401224311776
2018-12-14_1,SMP_L,L,superior protocerebrum,22,0.0283202025188532,22,41,2000,247,0.38243054240382135,0.26951196199060024,0.5562588132782454,0.27857762363779337
2018-12-14_1,SPS_L,L,superior protocerebrum,15,0.0174081044878027,15,41,2000,247,0.41614184619822464,0.27594299140590295,0.8432447923406083,0.49353195044985787
2018-12-14_1,ATL_R,R,inferior/ventrolateral protocerebrum,1,0.0076843012696145,1,41,2000,247,0.15453864688016816,0.21868080081330935,-1.3837960465427277,-1.4204315592374495
2018-12-14_1,CRE_R,R,inferior/ventrolateral protocerebrum,8,0.011210897585465,8,41,2000,247,0.38193367757852725,0.2734425956668502,0.552028978703519,0.4099573237232377
2018-12-14_1,EPA_R,R,inferior/ventrolateral protocerebrum,1,0.0143470987549166,1,41,2000,247,0.15596661646773716,0.20615323398803476,-1.3716396715576757,-1.839159964850456
2018-12-14_1,IB_R,R,inferior/ventrolateral protocerebrum,4,0.0364638376026452,4,41,2000,247,0.37449102339015233,0.2691215335337741,0.4886692993478965,0.2655277243626267
2018-12-14_1,LAL_R,R,inferior/ventrolateral protocerebrum,9,0.023416134530816,9,41,2000,247,0.417242034789661,0.2795047304398214,0.8526107516636952,0.612581509528908
2018-12-14_1,VES_R,R,inferior/ventrolateral protocerebrum,6,0.0197899974539006,6,41,2000,247,0.44116788864520184,0.28735442327941685,1.056292716488068,0.8749540367018853
2018-12-14_1,MB_R,R,mushroom body,16,0.0541119400368117,16,41,2000,247,0.4574253352054929,0.2640836740180523,1.1946931547094386,0.0971394880720349
2018-12-14_1,AL_R,R,olfactory system,23,0.0669363001194896,23,41,2000,247,0.3241704407789482,0.28689129892867143,0.060287716845517585,0.8594743091783456
2018-12-14_1,LH_R,R,olfactory system,14,0.015880788129262,14,41,2000,247,0.36761565032114907,0.253803117120627,0.43013891192471765,-0.24648359999545488
2018-12-14_1,AOTU_R,R,optic/lateral protocerebrum,3,0.0151695582829394,3,41,2000,247,0.2569530140285222,0.27862208916106496,-0.5119375267603448,0.5830796133876514
2018-12-14_1,AVLP_R,R,optic/lateral protocerebrum,28,0.0220640996038256,28,41,2000,247,0.2518773859744929,0.2755893418142962,-0.5551465967899599,0.48171136855198804
2018-12-14_1,ICL_R,R,optic/lateral protocerebrum,8,0.0142208345232401,8,41,2000,247,0.33783945148910866,0.2688343151690552,0.17665267399441867,0.2559275769757551
2018-12-14_1,LO_R,R,optic/lateral protocerebrum,40,0.0119475088678664,29,41,2000,247,0.1413686024574771,0.21023377424751138,-1.4959132792665564,-1.7027697032201508
2018-12-14_1,ME_R,R,optic/lateral protocerebrum,129,0.0062167920089693,22,41,2000,247,0.06436711373095973,0.190125160567005,-2.151430721315411,-2.3748912622557596
2018-12-14_1,PLP_R,R,optic/lateral protocerebrum,15,0.0182239601527843,15,41,2000,247,0.4282678442539787,0.25489428236026884,0.9464740072461625,-0.2100118822686122
2018-12-14_1,PVLP_R,R,optic/lateral protocerebrum,17,0.0190223107650327,17,41,2000,247,0.38192647136263813,0.25448472475017847,0.5519676318349764,-0.2237011650696286
2018-12-14_1,WED_R,R,optic/lateral protocerebrum,1,0.012935449669569,1,41,2000,247,0.29561097586303753,0.3057560384652379,-0.18284040570874982,1.4900199225942206
2018-12-14_1,SIP_R,R,superior protocerebrum,6,0.0113351905713117,6,41,2000,247,0.23789573836214442,0.25117138767994895,-0.6741730471879102,-0.3344479978765066
2018-12-14_1,SLP_R,R,superior protocerebrum,22,0.0215671447223606,22,41,2000,247,0.3540760581442743,0.24649977713138654,0.31487570108353347,-0.4905945236885184
2018-12-14_1,SMP_R,R,superior protocerebrum,21,0.0249790898738309,21,41,2000,247,0.3563349393289069,0.26066597052028784,0.33410566715992623,-0.017095746625707793
2018-12-14_1,SPS_R,R,superior protocerebrum,12,0.0185531881136671,12,41,2000,247,0.3975560624593243,0.2662240668618492,0.6850231057668846,0.1686811765234893
2018-12-14_1,NO,midline,central complex,1,0.0034522715914941,1,41,2000,247,0.12115956794158378,0.2464998874212332,-1.6679537791481298,-0.4905908372989517
2018-12-14_1,PB,midline,central complex,1,0.0033217601035986,1,41,2000,247,0.2412809345764691,0.3187528106132947,-0.6453547061409092,1.924431309543822
2018-12-14_2,ATL_L,L,inferior/ventrolateral protocerebrum,1,0.0081194081525082,1,41,2000,247,0.0641121916941887,0.19465792562043627,-1.1164251919097155,-1.5765109447104095
2018-12-14_2,CRE_L,L,inferior/ventrolateral protocerebrum,10,0.0207756652701866,10,41,2000,247,0.17789514217937122,0.2339067326308403,0.7218714741514901,0.3849453177083083
2018-12-14_2,EPA_L,L,inferior/ventrolateral protocerebrum,1,0.0641271040364944,1,41,2000,247,0.06620504913012616,0.20293406290741908,-1.082612631850234,-1.1629115885341466
2018-12-14_2,IB_L,L,inferior/ventrolateral protocerebrum,3,0.0356146528386148,3,41,2000,247,0.08586684202445755,0.20930171501451542,-0.7649533676782948,-0.8446886397689257
2018-12-14_2,LAL_L,L,inferior/ventrolateral protocerebrum,5,0.0372312491272941,5,41,2000,247,0.17050804400861982,0.25247772802873614,0.6025242619263375,1.3130294557279978
2018-12-14_2,VES_L,L,inferior/ventrolateral protocerebrum,6,0.0256192691445413,6,41,2000,247,0.17466608790729052,0.2546112848096103,0.6697023251042464,1.4196537999523267
2018-12-14_2,MB_L,L,mushroom body,16,0.1238445491944881,16,41,2000,247,0.24215721842576848,0.2480308911875433,1.7601004883771938,1.0907991095215541
2018-12-14_2,LH_L,L,olfactory system,11,0.0154207396394683,11,41,2000,247,0.16252016798365004,0.2300038360958582,0.4734707806886152,0.18989834855880816
2018-12-14_2,AME_L,L,optic/lateral protocerebrum,1,0.003772548406603,1,41,2000,247,0.03961858592105685,0.187546891842772,-1.512148045294761,-1.9318843381430626
2018-12-14_2,AOTU_L,L,optic/lateral protocerebrum,4,0.0275586782600697,4,41,2000,247,0.10249320305962835,0.23042639389360847,-0.496335055977328,0.2110156436249086
2018-12-14_2,AVLP_L,L,optic/lateral protocerebrum,34,0.017506590080857,34,41,2000,247,0.1189196753344621,0.24797134560721085,-0.2309461810253983,1.08782332349546
2018-12-14_2,ICL_L,L,optic/lateral protocerebrum,8,0.0141316259929802,8,41,2000,247,0.1285638416098555,0.22573784079935208,-0.07513339329755343,-0.023294454666081155
2018-12-14_2,ME_L,L,optic/lateral protocerebrum,131,0.0137407167826744,15,41,2000,247,0.027996446466454016,0.19574185748537454,-1.6999173035253872,-1.5223415289634599
2018-12-14_2,PLP_L,L,optic/lateral protocerebrum,13,0.0247627492367811,13,41,2000,247,0.1503716218420814,0.2260853743350253,0.2771968066502581,-0.005926491615228624
2018-12-14_2,PVLP_L,L,optic/lateral protocerebrum,11,0.0210877228173999,11,41,2000,247,0.13106888602581895,0.22732253055672058,-0.03466147040783607,0.05590030016448734
2018-12-14_2,SIP_L,L,superior protocerebrum,7,0.026564468898378,7,41,2000,247,0.15756132833680006,0.2210899739413509,0.39335492544434847,-0.255571261273176
2018-12-14_2,SMP_L,L,superior protocerebrum,22,0.0283202025188532,22,41,2000,247,0.1784580469604498,0.2278866222695088,0.7309658593643384,0.08409074229266804
2018-12-14_2,SPS_L,L,superior protocerebrum,15,0.0174081044878027,15,41,2000,247,0.08448359151790627,0.24823113375004788,-0.78730139770984,1.1008062169509156
2018-12-14_2,ATL_R,R,inferior/ventrolateral protocerebrum,1,0.0076843012696145,1,41,2000,247,0.10398011799583426,0.20483002448885243,-0.4723122058201782,-1.0681610470406957
2018-12-14_2,CRE_R,R,inferior/ventrolateral protocerebrum,8,0.011210897585465,8,41,2000,247,0.19728026578549634,0.2270956484092746,1.035060822330371,0.044561881424244706
2018-12-14_2,EPA_R,R,inferior/ventrolateral protocerebrum,1,0.0143470987549166,1,41,2000,247,0.06475154860536607,0.19537442355345977,-1.1060956331029803,-1.5407040128623541
2018-12-14_2,IB_R,R,inferior/ventrolateral protocerebrum,4,0.0364638376026452,4,41,2000,247,0.11721099574200373,0.2095550905437098,-0.258551898620075,-0.832026216211689
2018-12-14_2,LAL_R,R,inferior/ventrolateral protocerebrum,9,0.023416134530816,9,41,2000,247,0.19296033809945923,0.24427351619474882,0.9652673371992073,0.9030245688095632
2018-12-14_2,VES_R,R,inferior/ventrolateral protocerebrum,6,0.0197899974539006,6,41,2000,247,0.1856172006714861,0.25348658923097056,0.8466303621980171,1.3634472205917663
2018-12-14_2,MB_R,R,mushroom body,16,0.0541119400368117,16,41,2000,247,0.25123981550476365,0.24768940729963726,1.906840468825041,1.0737334771758162
2018-12-14_2,AL_R,R,olfactory system,23,0.0669363001194896,23,41,2000,247,0.1828468361932552,0.25778542767951074,0.8018718833363756,1.5782813579396953
2018-12-14_2,LH_R,R,olfactory system,14,0.015880788129262,14,41,2000,247,0.172799778686752,0.24692263780944038,0.6395499164760132,1.0354142279313843
2018-12-14_2,AOTU_R,R,optic/lateral protocerebrum,3,0.0151695582829394,3,41,2000,247,0.12727683103404336,0.23151024300386186,-0.0959265546685015,0.2651809237125282
2018-12-14_2,AVLP_R,R,optic/lateral protocerebrum,28,0.0220640996038256,28,41,2000,247,0.1394853622454589,0.23964934113895514,0.10131654834254249,0.6719317582866179
2018-12-14_2,ICL_R,R,optic/lateral protocerebrum,8,0.0142208345232401,8,41,2000,247,0.14471160574596736,0.22576699356599864,0.185752625646232,-0.021837547283123968
2018-12-14_2,LO_R,R,optic/lateral protocerebrum,40,0.0119475088678664,27,41,2000,247,0.021372386360193417,0.18570485633557837,-1.8069367432323375,-2.0239399280167842
2018-12-14_2,ME_R,R,optic/lateral protocerebrum,129,0.0062167920089693,24,41,2000,247,0.028001266784599927,0.18794717393558416,-1.6998394256470304,-1.91188026980355
2018-12-14_2,PLP_R,R,optic/lateral protocerebrum,15,0.0182239601527843,15,41,2000,247,0.1945031629765666,0.2341602551583551,0.9901934778539281,0.39761508749586605
2018-12-14_2,PVLP_R,R,optic/lateral protocerebrum,17,0.0190223107650327,17,41,2000,247,0.14232463875789608,0.22699916240613582,0.14718838172867757,0.039740000467655814
2018-12-14_2,WED_R,R,optic/lateral protocerebrum,1,0.012935449669569,1,41,2000,247,0.04307058156942926,0.2238459312295511,-1.4563770175212534,-0.11784249717428671
2018-12-14_2,SIP_R,R,superior protocerebrum,6,0.0113351905713117,6,41,2000,247,0.19137730484364973,0.21774663596579505,0.9396915831516132,-0.42265433230252014
2018-12-14_2,SLP_R,R,superior protocerebrum,22,0.0215671447223606,22,41,2000,247,0.23214888110722182,0.24136459349141437,1.5984040914473547,0.7576513692665838
2018-12-14_2,SMP_R,R,superior protocerebrum,21,0.0249790898738309,21,41,2000,247,0.20202004589886466,0.2313626370309294,1.1116375145598703,0.2578043260008572
2018-12-14_2,SPS_R,R,superior protocerebrum,12,0.0185531881136671,12,41,2000,247,0.1571247244112411,0.2305291427897218,0.3863010782965826,0.21615051220026912
2018-12-14_2,NO,midline,central complex,1,0.0034522715914941,1,41,2000,247,0.043590930799897884,0.2043228303798284,-1.4479701670091234,-1.0935080355782927
2018-12-14_2,PB,midline,central complex,1,0.0033217601035986,1,41,2000,247,0.06262519711447895,0.2424758066295391,-1.1404493288008353,0.8131841646475734
2018-12-14_3,ATL_L,L,inferior/ventrolateral protocerebrum,1,0.0081194081525082,1,41,2000,247,0.2004302777892671,0.24462820795511045,-0.049330197688794084,-0.21060626425045992
2018-12-14_3,CRE_L,L,inferior/ventrolateral protocerebrum,10,0.0207756652701866,10,41,2000,247,0.24253834643586725,0.23472534565510336,0.5477350540170447,-0.5802473248898982
2018-12-14_3,EPA_L,L,inferior/ventrolateral protocerebrum,1,0.0641271040364944,1,41,2000,247,0.1756218623291919,0.20290978043571078,-0.401097526307148,-1.7678170311283739
2018-12-14_3,IB_L,L,inferior/ventrolateral protocerebrum,3,0.0356146528386148,3,41,2000,247,0.21221841375029188,0.2582196385173669,0.11781796633131454,0.29671683652982206
2018-12-14_3,LAL_L,L,inferior/ventrolateral protocerebrum,5,0.0372312491272941,5,41,2000,247,0.31382657570465833,0.2473000982762062,1.5585561607569025,-0.11087344536622956
2018-12-14_3,VES_L,L,inferior/ventrolateral protocerebrum,6,0.0256192691445413,6,41,2000,247,0.2562675591887517,0.27286470713107586,0.7424064348590588,0.8433687571068508
2018-12-14_3,MB_L,L,mushroom body,16,0.1238445491944881,16,41,2000,247,0.3102281332138789,0.2719575153805128,1.5075325674038578,0.8095062928291007
2018-12-14_3,LH_L,L,olfactory system,11,0.0154207396394683,11,41,2000,247,0.19207081558589068,0.2789343143698383,-0.16786197948276554,1.0699270984663334
2018-12-14_3,AME_L,L,optic/lateral protocerebrum,1,0.003772548406603,1,41,2000,247,0.06420682013777282,0.20878032152604295,-1.9808909565909025,-1.5486891699688552
2018-12-14_3,AOTU_L,L,optic/lateral protocerebrum,4,0.0275586782600697,4,41,2000,247,0.23719957730412772,0.24910055012862417,0.4720347514884747,-0.04366853912840917
2018-12-14_3,AVLP_L,L,optic/lateral protocerebrum,34,0.017506590080857,34,41,2000,247,0.11448883329593358,0.31032948076910094,-1.2679244442933237,2.241804708717139
2018-12-14_3,ICL_L,L,optic/lateral protocerebrum,8,0.0141316259929802,8,41,2000,247,0.26148993660018655,0.23801262421724095,0.8164563778718923,-0.45754410055798383
2018-12-14_3,ME_L,L,optic/lateral protocerebrum,131,0.0137407167826744,17,41,2000,247,0.05713547467624851,0.2243182705435828,-2.0811580738818507,-0.9687089803017891
2018-12-14_3,PLP_L,L,optic/lateral protocerebrum,13,0.0247627492367811,13,41,2000,247,0.28191030682399376,0.2751728266410517,1.1060040555374242,0.9295232160807414
2018-12-14_3,PVLP_L,L,optic/lateral protocerebrum,11,0.0210877228173999,11,41,2000,247,0.24316056963816224,0.2560188498051068,0.5565577776620881,0.21456868085542255
2018-12-14_3,SIP_L,L,superior protocerebrum,7,0.026564468898378,7,41,2000,247,0.21103586903623164,0.2550909818997541,0.10105024508341089,0.1799344441794644
2018-12-14_3,SMP_L,L,superior protocerebrum,22,0.0283202025188532,22,41,2000,247,0.22955902706966494,0.28173088758306364,0.36369667768135516,1.1743139168806136
2018-12-14_3,SPS_L,L,superior protocerebrum,15,0.0174081044878027,15,41,2000,247,0.23500301779018917,0.2525860903335396,0.4408889544659731,0.08643513587123527
2018-12-14_3,ATL_R,R,inferior/ventrolateral protocerebrum,1,0.0076843012696145,1,41,2000,247,0.20490675909621073,0.2532667259348136,0.014143419700745997,0.11184100923813933
2018-12-14_3,CRE_R,R,inferior/ventrolateral protocerebrum,8,0.011210897585465,8,41,2000,247,0.2513094238316037,0.25316227718031886,0.6721032737273451,0.10794228306945675
2018-12-14_3,EPA_R,R,inferior/ventrolateral protocerebrum,1,0.0143470987549166,1,41,2000,247,0.1415791634033888,0.21035167461352655,-0.8838010379183802,-1.4900357620651545
2018-12-14_3,IB_R,R,inferior/ventrolateral protocerebrum,4,0.0364638376026452,4,41,2000,247,0.2465768970271029,0.2594335366898052,0.6049990963439436,0.34202763601130526
2018-12-14_3,LAL_R,R,inferior/ventrolateral protocerebrum,9,0.023416134530816,9,41,2000,247,0.2766787132035685,0.2603227663420196,1.0318234326259987,0.37521963463137586
2018-12-14_3,VES_R,R,inferior/ventrolateral protocerebrum,6,0.0197899974539006,6,41,2000,247,0.23040287510115537,0.2478723156311256,0.37566189844585557,-0.08951446615589011
2018-12-14_3,MB_R,R,mushroom body,16,0.0541119400368117,16,41,2000,247,0.2863650316938144,0.27490272254817494,1.1691691806824944,0.9194411246258348
2018-12-14_3,AL_R,R,olfactory system,23,0.0669363001194896,23,41,2000,247,0.1935704803333012,0.2718650567470071,-0.14659770071942838,0.8060551181768693
2018-12-14_3,LH_R,R,olfactory system,14,0.015880788129262,14,41,2000,247,0.20171920256231904,0.2413870489176722,-0.031054075824575283,-0.33158799943008715
2018-12-14_3,AOTU_R,R,optic/lateral protocerebrum,3,0.0151695582829394,3,41,2000,247,0.22929219102887677,0.2537506375527946,0.3599131147448907,0.1299038276745945
2018-12-14_3,AVLP_R,R,optic/lateral protocerebrum,28,0.0220640996038256,28,41,2000,247,0.06584448927658884,0.29549874628104367,-1.9576698645768185,1.688222495802448
2018-12-14_3,ICL_R,R,optic/lateral protocerebrum,8,0.0142208345232401,8,41,2000,247,0.24631249792419557,0.2496282185099179,0.6012500876146889,-0.0239724255989734
2018-12-14_3,LO_R,R,optic/lateral protocerebrum,40,0.0119475088678664,30,41,2000,247,0.09785728181434608,0.2019290504374284,-1.5037491161621062,-1.8044244347035763
2018-12-14_3,ME_R,R,optic/lateral protocerebrum,129,0.0062167920089693,22,41,2000,247,0.044723613209434875,0.19540228642478125,-2.2571502632414884,-2.048046924756425
2018-12-14_3,PLP_R,R,optic/lateral protocerebrum,15,0.0182239601527843,15,41,2000,247,0.24414822321556234,0.23341213165370825,0.5705620683061848,-0.6292652554251842
2018-12-14_3,PVLP_R,R,optic/lateral protocerebrum,17,0.0190223107650327,17,41,2000,247,0.18927281516698197,0.21790265400937509,-0.20753582057981276,-1.208182703001009
2018-12-14_3,WED_R,R,optic/lateral protocerebrum,1,0.012935449669569,1,41,2000,247,0.09088556301764183,0.20819929538908238,-1.6026035916098336,-1.5703769518463417
2018-12-14_3,SIP_R,R,superior protocerebrum,6,0.0113351905713117,6,41,2000,247,0.23379486469089117,0.2767232818998365,0.42375812283402187,0.9873965772331841
2018-12-14_3,SLP_R,R,superior protocerebrum,22,0.0215671447223606,22,41,2000,247,0.24444234966695483,0.2716050559889562,0.5747325916614083,0.7963501507582131
2018-12-14_3,SMP_R,R,superior protocerebrum,21,0.0249790898738309,21,41,2000,247,0.2624662227627408,0.2791584157040269,0.8302994859059969,1.0782920592575307
2018-12-14_3,SPS_R,R,superior protocerebrum,12,0.0185531881136671,12,41,2000,247,0.24604833070019544,0.2425545117094435,0.5975043667787653,-0.28801047895834314
2018-12-14_3,NO,midline,central complex,1,0.0034522715914941,1,41,2000,247,0.09841203433859566,0.22087905838470615,-1.495883083209957,-1.0970833827379727
2018-12-14_3,PB,midline,central complex,1,0.0033217601035986,1,41,2000,247,0.19528059129086262,0.2792005458008194,-0.1223494304439463,1.0798646362753095
