roi,label,atlas_region,base_region,side,n_recordings,FCS_z,FCV_z,Metastability_z,NetTE_z,NeighborNetTE_z,FCS,FCV,Metastability,NetTE,NeighborNetTE
1,FB_1,FB,FB,midline,20,0.5118874021601119,0.3897458846848489,0.07446419035568644,0.18924483295051447,0.1349547211431625,0.06359828365447437,0.23993685728243047,0.018720925,0.0006152910708267136,9.31044011673905e-05
2,FB_2,FB,FB,midline,20,0.5733869857025203,0.11476329191090415,-0.029782469100443253,-0.06411137622721211,0.06698911557198786,0.06401155055447667,0.23764233645941318,0.018661186,0.00019063736179404179,8.966163470710764e-05
3,FB_3,FB,FB,midline,20,1.1441764902325493,0.3825272547582031,-0.6069215444941306,0.43201020364267456,0.05397620783196303,0.07503736354382942,0.2397344258307749,0.018332135,0.00013173238110890305,0.00014432999338721958
4,FB_4,FB,FB,midline,20,0.5435438997480013,0.10956184837429657,-0.287543771779014,0.3870388095085652,0.24598137318444357,0.06263580129403898,0.23811365127461417,0.01858004,-2.3002440485985087e-05,0.00031953785934795955
5,FB_5,FB,FB,midline,20,0.5093897492244862,-0.09266013667247348,-0.0338998385546704,-0.19855973532560905,0.14640123964035912,0.06414899136857556,0.23739172569503775,0.018587569,-4.235442278642697e-05,0.00014874048729102192
6,FB_6,FB,FB,midline,20,1.2479908516333376,0.28454931814388174,-0.15097604194573844,0.30472546416871876,-0.007631671843120791,0.07765430795395081,0.23875665740707075,0.01864639,0.0006246775702154539,0.00012540648736912677
7,FB_7,FB,FB,midline,20,0.03644737531090648,-0.17307508902238686,0.2986098615944846,0.004187342231887789,0.25949845338808236,0.05357634924153191,0.23675671323116942,0.018939568,0.00010118310653075654,0.0003817969312205047
8,FB_8,FB,FB,midline,20,0.859638759129725,0.4700086756784502,-0.339349620550513,0.5156203044112551,-0.10205387594157227,0.07078338068903978,0.2402779805388276,0.01853471,0.0012308859366502332,0.00018895886268282874
9,FB_9,FB,FB,midline,20,1.1074381042269408,0.25495415403829397,-0.08450009322685474,0.05751663663681885,-0.027975006933485334,0.0763380684691252,0.23872616383868275,0.018585268,0.00011588337366453432,0.00014183350273476832
10,FB_10,FB,FB,midline,20,0.5485025507739459,0.39780878391714997,-0.1348852892183909,0.15638134749980342,0.08498031896228994,0.06358808598258373,0.23950299449851617,0.018658765,0.0005021500647395727,0.00011090250597268118
11,FB_11,FB,FB,midline,20,0.24442383018733257,0.11458697471123461,0.10127121264362282,-0.1046823211098161,0.058979166352758336,0.058709792318140476,0.23835243577264142,0.018916257,0.0003307449365631518,0.00021567362433075072
12,FB_12,FB,FB,midline,20,0.9159181706238471,0.6490460958695401,-0.03934541606341543,0.22330875060241429,0.09805454851333703,0.07068040711007242,0.2409468676199853,0.018788612,0.0004513728564833323,0.0002207475695379994
13,FB_13,FB,FB,midline,20,1.3507298624267512,0.603850097155465,-0.590220200484114,0.6792778379964687,-0.0698632305158367,0.08059810739232706,0.2413409482976432,0.01809891,0.0012493373828214118,3.083722330053349e-05
14,EB_14,EB,EB,midline,20,0.9575003246535478,0.21994859731657615,-0.32983526273569225,0.09440925985551027,-0.05740245320315855,0.07131375712203591,0.23938237428265813,0.018609397,0.00035895019407519816,0.00013405275875819086
15,EB_15,EB,EB,midline,20,1.1307574148869897,0.8418076694335432,0.007666895950532782,0.5843318387006331,-0.16112201452941025,0.07485540771424977,0.24220034365190357,0.018947152,0.0012969782442676537,0.00014994517297241324
16,EB_16,EB,EB,midline,20,1.4048371546159129,0.41095472436238323,-0.675423632654303,0.0064829283188418945,-0.19772350193512656,0.08052024980441666,0.24029116610195556,0.018132476,0.001073411771994782,0.00010387406466775516
17,SAD_17,SAD,SAD,midline,20,0.27007846186845097,-0.018547439301525213,0.11503086058014696,-0.11261922825568808,0.2494136152605575,0.06153991104053487,0.23900362112901954,0.018724032,0.00015955762102545806,0.0002535178333021518
18,SAD_18,SAD,SAD,midline,20,0.32900283264979635,0.04347807397665175,-0.13630613792470475,-0.14115052372671946,0.3174145916804198,0.0612841592647995,0.23890924568474178,0.018680029,1.6782614748064177e-05,0.00031605327942755727
19,SAD_19,SAD,SAD,midline,20,-0.34236026760929855,-0.41412476123481684,0.1322582095496565,0.07061845634821014,0.4712566609496571,0.04789579266263019,0.23654508764399798,0.019003212,0.00017542633590490798,0.0003071503702737324
20,SAD_20,SAD,SAD,midline,20,-0.36881487431061777,-0.4514184630461749,0.2945640618349268,-0.0034350497881598476,0.31784685060161133,0.04687802517331265,0.23569903337372472,0.019016009,-0.00017860068027388746,0.00040529696253809353
21,SAD_21,SAD,SAD,midline,20,0.26774350404598574,0.1445149862524679,0.08301996178968248,-0.1644097107183056,0.024247495771095535,0.06333378300520137,0.24050443319784645,0.018601242,0.0003418380433790196,0.0002950872533239769
22,SAD_22,SAD,SAD,midline,20,0.5617218836866718,0.30641998487680777,-0.04563981300984034,0.38270994041047113,0.168145548445143,0.06682908300366744,0.24126065840489996,0.018575082,0.0004991745844021472,0.00017221711279903786
23,SAD_23,SAD,SAD,midline,20,-0.28468602764643,-0.24235794765393423,0.3103331346502444,0.04348855698445462,0.6318880530868737,0.047950867550080024,0.2368138378261532,0.019051323,0.0004897244237990889,0.0005071266874344309
24,SAD_24,SAD,SAD,midline,20,0.18774861022422776,0.10042195374090483,0.1022505166364223,-0.10254907431509368,0.3398336306995769,0.05831687411413576,0.23916155816241527,0.018748978,-1.8551883156412546e-05,0.0002616727159758005
25,SAD_25,SAD,SAD,midline,20,-0.16317098116244813,-0.22628873553292586,0.17308975965826212,-0.1591741372526053,0.5141648745559896,0.05086732258409414,0.23727581930416722,0.01891184,-0.0001974869216808146,0.00025983503480906024
26,SAD_26,SAD,SAD,midline,20,0.26719572121223534,0.134282394499793,0.09778483916922512,0.10948207380970505,-0.091379101423029,0.06160490783244421,0.23947991307803146,0.0187207,7.327246815548432e-05,0.00016350992645032327
27,SAD_27,SAD,SAD,midline,20,0.08551027054084911,0.1514905884128616,0.03869607503713335,-0.28434968360171803,0.27941159532311177,0.0565603840224041,0.23947335550408697,0.018621568,-0.00020156033149188168,0.00020724385566850184
28,SAD_28,SAD,SAD,midline,20,-0.4645853959284293,-0.5096155835528228,0.40102263395525994,-0.006403571170039646,0.4827893461158932,0.04329569156669579,0.23499045557705028,0.019091967,-8.589184747092283e-05,0.0005401687369443386
29,SAD_29,SAD,SAD,midline,20,-0.19787021243035766,-0.332811681477278,0.23063907570232187,-0.1072631147601804,0.3357061447581529,0.049308082379605205,0.23638587402781966,0.018882688,0.00020843884767524778,0.00038904529804932245
30,SAD_30,SAD,SAD,midline,20,0.09510408551772258,-0.2611802320659315,0.03448536601018563,0.05434004289341822,0.3049597656142337,0.059014786194611736,0.23737227455925472,0.018719126,0.00026630173816272244,0.00037353551941169153
31,SAD_31,SAD,SAD,midline,20,-0.45502442693547485,-0.4616438183172381,0.15185580805754267,0.015790798140677572,0.5439824822601562,0.045402798431667425,0.23553492334778214,0.018874582,-1.366261937870724e-05,0.0006086087034656367
32,SAD_32,SAD,SAD,midline,20,-0.49353983730088924,-0.6112661105436059,0.2004709739458313,-0.26097832203980564,0.9016193536335655,0.0426179462197141,0.23443504471953847,0.018884625,-0.00022582345885313474,0.0007711641588418945
33,SAD_33,SAD,SAD,midline,20,-0.19802950480594333,-0.5943296983507007,0.08896388782597217,0.0029809388342677046,0.41607050336246304,0.051361962517898554,0.2349558720200279,0.018802147,0.00017409795307766015,0.00045126850404696574
34,SAD_34,SAD,SAD,midline,20,-0.49406094480362384,-0.5011660395725641,0.256144769595994,0.0837125421073153,0.17864066922454072,0.0435420293601134,0.2353749252461718,0.018964402,4.436625173911493e-05,0.00045662590250454695
35,SAD_35,SAD,SAD,midline,20,-0.5587612307749192,-0.8138313590589308,0.3340053548941488,0.11071167244342632,0.10682535618902106,0.042954899038171075,0.23317999297204778,0.018915065,7.146240591115702e-05,0.00022323012091619924
36,SAD_36,SAD,SAD,midline,20,1.166992491027028,0.8149220581055934,-0.535813045105703,0.8581659988893499,0.012379235595042433,0.08024231907486704,0.24328625055958972,0.018028248,0.0013460968729270546,0.00015630971901919063
37,NO_37,NO,NO,midline,20,0.3842221785831984,0.12332006365153156,0.16855943032280987,0.09647997744921324,-0.10706032352648745,0.060286078452062034,0.23847584667540378,0.019109787,3.586915673753721e-05,0.0001465346279704755
38,SOG_38,SOG,SOG,midline,20,-0.10030837901731374,0.35216534058140087,0.10538896416137548,0.1315382702733918,0.20823864037781264,0.052053391177626765,0.24039014810598958,0.018879805,0.0003601775682864394,0.00016882314921078364
39,SOG_39,SOG,SOG,midline,20,-0.023305354958732472,-0.00848885495781487,-0.03247998221745248,-0.1055154475134588,0.4071438232190031,0.05209636790269051,0.23760484907467191,0.018817548,0.00026179955846038097,0.00036092309530886776
40,SOG_40,SOG,SOG,midline,20,0.35329839141856834,0.5979143142402987,-0.3406020478489497,0.46653169650754817,0.11470473559076093,0.06048467861165914,0.24200505783775986,0.018521676,0.0011514373542807893,0.000227044199693387
41,SOG_41,SOG,SOG,midline,20,0.6994129132082636,0.8465793182861712,-0.19955353508383894,0.3978133625583665,-0.06507922972965915,0.07042690449296479,0.2434194193553806,0.018441537,0.0012688925997337275,0.00012371227944186513
42,SOG_42,SOG,SOG,midline,20,0.29057597642532357,0.10688665377419493,0.09783641025808024,0.10944030721956013,0.20648535558331488,0.05938960951822253,0.23917204042244414,0.018722555,0.000294444323283723,0.00019079328457531001
43,SOG_43,SOG,SOG,midline,19,0.11778873876740636,0.2967523915184526,-0.09663155512531958,0.008867167815694103,0.26003249585374644,0.05638344469158226,0.24041274950380964,0.019001897,0.000734825530551132,0.00041703973466494164
44,SOG_44,SOG,SOG,midline,20,0.062419430801509225,0.18490658853488648,0.26103647705194877,0.05251472993148866,0.16905860513037543,0.053212500408262864,0.23822227278574237,0.019013572,-5.262882987899279e-05,0.00033937475018826945
45,SOG_45,SOG,SOG,midline,20,-0.036540296052734046,0.01954412912036189,-0.05338480087506474,-0.15897801732348613,0.40644139072539237,0.05210797562036229,0.2376927462186591,0.018890327,-0.0005326399828488913,0.0003126798818189738
46,SOG_46,SOG,SOG,midline,20,-0.10514338944812118,-0.08534065206102245,0.2172051235213049,-0.29446007467255214,0.2839013627431007,0.05096558976487966,0.23754744913084122,0.01893282,-0.0002093341290073179,0.0003982186918964709
47,SOG_47,SOG,SOG,midline,20,-0.04722458946453454,0.2500342197720279,0.29777120218706254,0.03168457532233735,0.4775080685967111,0.05208451548221073,0.23998152090925076,0.01899182,0.0005026097904331409,0.0005273283225362515
48,SOG_48,SOG,SOG,midline,20,0.24965163519648997,0.8003805902839257,0.24056013683859145,0.8272531552886283,-0.06862366842360938,0.06076059486708735,0.24383756033842457,0.018845119,0.0018880528985190334,0.0001895043351214557
49,SOG_49,SOG,SOG,midline,20,0.23060631552804142,0.7712151454509162,0.35763843246599314,0.31209262199625537,-0.1692614816384277,0.06038561989744821,0.24286995842338946,0.018909693,0.0005778800019263846,9.712335841906537e-05
50,SOG_50,SOG,SOG,midline,19,0.020056106750576102,0.8308039476731287,0.22850716171350013,0.874710973352143,0.17661419727800645,0.05438241329045997,0.24293776382383472,0.019109135,0.0011792446090448155,0.000338208372347911
51,SOG_51,SOG,SOG,midline,19,0.2508436633292668,0.3776589505751609,0.2974055500033912,0.3038114724923614,0.10015763807377286,0.06019035788627875,0.24166237217550637,0.019014772,0.0007272703730891285,0.00017608134647520044
52,SOG_52,SOG,SOG,midline,18,-0.5737274286912613,-0.202677878310318,0.6108763821912427,0.18265684017541975,0.2538289781071375,0.041444813182573835,0.23736289914546577,0.01962345,0.0008732957367799594,0.00027592420610448573
53,SOG_53,SOG,SOG,midline,20,0.254987971224572,0.11595167276916903,0.0676744614670535,0.21817551216741995,0.29296515327725103,0.05961706190142093,0.23906340262946033,0.018765505,0.0005152256441596341,0.00031063699723261895
54,SOG_54,SOG,SOG,midline,19,0.5360499760573564,0.9959409103030825,-0.1716267385568214,0.7214647828151631,-0.09325297841123374,0.06822311968843149,0.24551216814230406,0.018733978,0.001687993300281669,0.00016820507912020658
55,SOG_55,SOG,SOG,midline,19,-0.00405851995385894,0.5149586055136818,0.2860028031686058,0.5617470692604075,0.0365959204539632,0.054597398637040905,0.24228684276991305,0.019188019,0.0018378699554703166,0.0002752148349082666
56,SOG_56,SOG,SOG,midline,18,0.06826019911896822,0.44393568213833107,0.3442371277912617,0.4875392853841594,0.06787667622438742,0.05474938741350092,0.24086679001536515,0.018328153,0.0012494960701301733,4.82685667173246e-05
57,SOG_57,SOG,SOG,midline,19,0.3223636267884674,0.8417418065688156,0.11285512780977791,0.5919936554587812,-0.09113732677615162,0.062380516412061215,0.2440452554948237,0.019029783,0.0011924794662451928,0.0001687208321177723
58,SOG_58,SOG,SOG,midline,19,1.111583078344226,1.398112904620701,-0.28180414655799446,1.9681441471583034,-0.028564560337656877,0.08034968709308286,0.24739691213304435,0.018513883,0.0029636273304207137,0.00012017294927846738
59,SOG_59,SOG,SOG,midline,20,-0.6012257238592592,-0.1783340379615535,0.4219815167572419,-0.26691209459786625,0.6077482376335681,0.03905905988617484,0.23668374764704633,0.019227605,-0.0006042700379810862,0.0007175127454217844
60,SOG_60,SOG,SOG,midline,19,0.17124335159694176,0.20855785041816097,0.1089360483056137,0.23410454489495558,0.1996389740637471,0.05915520292326486,0.24018331141394322,0.019065926,0.00013980960206569763,0.00016705559258895937
62,SOG_62,SOG,SOG,midline,19,0.6520183889939299,1.2205333122091815,0.06956697360628927,1.2658991445178225,-0.03939369687034254,0.0706783096947204,0.24632046799463983,0.019027367,0.002484504910225945,0.00022088493890226905
63,SOG_63,SOG,SOG,midline,20,-0.14249345139304667,0.00022381597536030862,0.3907649537446407,-0.13133942402409252,0.7238145266625905,0.04959311600355566,0.2378070160307848,0.019122379,-0.00013747492796615978,0.0005087314104064266
64,SOG_64,SOG,SOG,midline,19,0.3015343738186771,0.700485131586186,-0.16545524047074958,1.1761135695704341,-0.03208550036754917,0.06410133654907783,0.24358912727587262,0.01875942,0.0021147111740982107,0.00020703045478793754
65,SOG_65,SOG,SOG,midline,18,0.0833716585158012,0.334599609169057,0.11341647354398687,0.563930015748156,0.03284691364073768,0.05521796571137643,0.23972121439687374,0.018080711,0.0004388253618242154,0.00013379809590502524
66,SOG_66,SOG,SOG,midline,19,0.7796797929034754,0.9392172210283628,-0.31497092974345164,1.4163148264383183,0.014381690581786078,0.07342291556119722,0.24529270584682125,0.018664535,0.002383960160702895,0.00021195414197917853
67,SOG_67,SOG,SOG,midline,19,-0.593527733013755,-0.2620886884874105,0.6821107608886123,-0.01845840954072922,0.6112503503369441,0.04063123066722842,0.23665944983862328,0.019388532,-0.0004040677138298003,0.00045494169121916176
68,SOG_68,SOG,SOG,midline,20,-0.17834004958296876,-0.10179217615124028,0.07118827687779156,-0.05347118904089937,0.4828703130340893,0.05093694903150172,0.23842676028936777,0.01889411,-0.00029342607075344727,0.00030473677350810886
69,SOG_69,SOG,SOG,midline,20,0.9992076462560823,0.8171084047182117,-0.6137902594807778,0.8459939401963247,0.08622731671789442,0.0775720388316868,0.24366289119730852,0.017900553,0.0016411672333003669,6.723458555046222e-05
71,SOG_71,SOG,SOG,midline,19,-0.26867744076347216,0.2440375115318498,0.49366688772469003,0.1917908694099635,0.3965018637190371,0.048709954341385676,0.24035091209994464,0.019350762,0.0006418332828811912,0.00037208040283819954
72,SOG_72,SOG,SOG,midline,17,-1.5031267336344118,-1.216599508778433,0.05154117195798612,0.06405708211040319,-0.6961443090674959,0.02098792599455511,0.229722955486503,0.018086324,0.0003307831347856069,-0.00048514621592144066
73,SOG_73,SOG,SOG,midline,19,-0.23710359490676036,0.14762444524789559,0.5093997360961046,0.00033948356738088795,0.5031480092384941,0.048090903031870226,0.23817772876427568,0.019301794,-0.00014615749324682533,0.000495822952973681
74,SOG_74,SOG,SOG,midline,18,-0.5147286624993812,0.01420591879433568,0.13504704821790636,0.2733025554203579,0.36372794913070433,0.042385577627967526,0.23773757744475002,0.018107474,0.0005655111838535926,0.00020543114595619554
75,SOG_75,SOG,SOG,midline,20,0.4591917659145529,0.31098861115731374,-0.16581211431253143,0.29044635504772054,0.34645900998832857,0.06546627724282642,0.24040341431777276,0.018475432,0.0008286467390127636,0.000258588499549091
76,SOG_76,SOG,SOG,midline,20,-0.046832876794973145,-0.0882232996086723,0.1875889560672458,0.05776631721269907,0.30975875201087005,0.05457639815428837,0.23766430584751616,0.018763676,0.00014430818581967104,0.00030756177730027794
77,SOG_77,SOG,SOG,midline,20,1.006631759972058,1.3199626304587375,-0.5023479748044235,2.396638534378444,0.05644813365447937,0.0775331157874935,0.2470552468662414,0.018097576,0.004179696030707733,0.00019616543299237816
78,SOG_78,SOG,SOG,midline,20,-0.1643749348627342,-0.21270050305726737,0.10628957321018621,-0.009470969885887881,0.5120946638868387,0.0525498590863092,0.2377522068380698,0.018774051,0.0004952284085101444,0.00034710033248176503
79,SOG_79,SOG,SOG,midline,20,0.37751073251908257,0.3678010420789145,-0.07781425451284105,0.4053525062376287,0.28069912564293986,0.06501814665569336,0.24148874409265658,0.018470142,0.0009661030551724491,0.00022946009980950822
80,SOG_80,SOG,SOG,midline,20,-0.40536102166676413,-0.19067691900441847,0.34331496244542414,0.1337068467421285,0.48608334511448414,0.04467152522105174,0.23669589376032704,0.019124921,0.00028155366746543186,0.00046476363276852305
82,SOG_82,SOG,SOG,midline,19,0.4251754583065473,0.8990125475846054,0.09446388963457693,0.9764474029740775,0.09816810993467198,0.06447580108998509,0.2443579434901103,0.01897198,0.0017857568825662064,0.00030676181651143763
83,SOG_83,SOG,SOG,midline,20,0.550170928176418,0.6874554330749529,0.017965939758418297,0.5007008748054466,0.21294411876130326,0.06692127461965577,0.2429867616191288,0.01871037,0.0008714075253615728,0.0001480668311392136
84,SOG_84,SOG,SOG,midline,20,-0.034280233266083454,0.3291678227877718,0.29205286629695615,0.3838560205245449,0.16413538787202972,0.0534502515751598,0.24103290618973,0.01892604,0.0011396417489365686,0.00036303974001147333
85,SOG_85,SOG,SOG,midline,20,-0.11159597316175973,-0.04060742397111474,0.06697651018656116,0.26148627210986947,0.25532747204001993,0.05236175878935358,0.23899676500275652,0.018812591,0.0008252867064993622,0.0003373510457793828
86,SOG_86,SOG,SOG,midline,20,0.44610491958428256,0.9207194631012502,-0.04300443415426679,1.6057444751513308,-0.06313437211775755,0.0649118080863023,0.24424266602280378,0.018608134,0.0027504745128252243,0.00022386096434523923
87,SOG_87,SOG,SOG,midline,20,0.2902297324476538,0.47920090943744265,0.08611662012736862,0.25591623397614954,-0.10999173075174584,0.06087922880217519,0.24160410337568247,0.018870432,0.0004899649378067178,2.9033611800196355e-05
88,SOG_88,SOG,SOG,midline,20,-0.3253963117173152,-0.2853843102234853,0.08085060243782807,-0.2124952592739106,0.5449842996368381,0.04688216494933772,0.23663610738602303,0.018989356,0.00012285000951991573,0.00040203933097894394
89,SOG_89,SOG,SOG,midline,20,-0.20128292047440127,-0.1657304343700259,0.2649948838329746,-0.2055694506951855,0.33685333471633794,0.05039579310376837,0.23766571500049544,0.018858736,1.5619550114366733e-05,0.00029815844813014104
90,SOG_90,SOG,SOG,midline,18,0.4146686251879045,1.2284879988232886,-0.05713470402932372,1.0220368239517867,-0.014226585339149816,0.062201998029224624,0.2443582114950228,0.018061824,0.0016782110367090466,0.0001079845710164967
91,SOG_91,SOG,SOG,midline,19,-0.35757724193993634,-0.29787194053699817,0.3170682323041712,0.07720861988650607,0.24699175591160116,0.048004157120622455,0.23740231473577167,0.019333655,-4.196362126061592e-05,0.0002597441713423107
92,SOG_92,SOG,SOG,midline,20,-0.07319570028337873,-0.30733705475518114,0.13248159825060607,-0.2802877025757712,0.4381917413574115,0.051787611568042645,0.23604212619508722,0.018850783,-0.00015617958456631384,0.00037402022861482165
93,SOG_93,SOG,SOG,midline,20,-0.36331217559009366,-0.32774971721844465,0.23203118299512568,-0.19991372258155318,0.09983653625344847,0.044515149996816814,0.235369193426181,0.019030225,5.160583319975089e-05,0.00020062027633098342
94,SOG_94,SOG,SOG,midline,20,-0.30385376784501755,-0.30177942510978284,0.4242424363870282,-0.3854688660336037,0.22346339793877718,0.04949890472996028,0.23640867268432536,0.018985968,-0.0006097370940400059,0.0003666298248381909
95,SOG_95,SOG,SOG,midline,19,0.5463680950061277,1.3529934792064122,0.1696558853646451,1.2762566415837695,-0.12744980722520635,0.06685849134449802,0.24661409530505238,0.019111473,0.002441070937398651,0.00012058641190033697
96,SOG_96,SOG,SOG,midline,20,-0.192890356472689,-0.08819860437427224,0.13166627190771335,0.033678305251622576,0.11972784482148124,0.04963490951930482,0.23672428665665893,0.018855602,-0.0002745194220924851,0.00025023720608493996
97,SOG_97,SOG,SOG,midline,20,-0.21232880908358434,0.11549414642703706,0.3856801290229611,0.016321636214479334,0.28750264709291784,0.048001847468129716,0.23855692288518376,0.01917486,0.00015193071760700235,0.0002953752170065592
98,SOG_98,SOG,SOG,midline,20,-0.13814652381385464,0.038806603036906334,0.09604547284633236,0.12266845391051392,0.15665188480396122,0.050069149451917816,0.23751228913178432,0.018886065,0.00015217225112194556,0.0002765130715259062
99,SOG_99,SOG,SOG,midline,20,-0.4113830928675175,-0.5693001180095003,0.2519247138418046,-0.02519390980805592,0.24483671556012337,0.04342322097900799,0.23424310061789438,0.019088967,0.00012957769359491872,0.0003940535751878952
100,SOG_100,SOG,SOG,midline,20,-0.6106882914265197,-0.32722583353897144,0.5339627435681134,0.0838022361588089,0.4432481267182121,0.040551910706674674,0.2359656348498579,0.019283324,0.0003719518790911585,0.00047223117727838396
101,SOG_101,SOG,SOG,midline,20,0.22765046024590202,-0.07024509619340424,-0.02729331120045647,0.022820156977101446,0.3168966468629116,0.0587796470965362,0.2377922938905475,0.018709492,-0.00011675767413101644,0.00025994354390922387
102,SOG_102,SOG,SOG,midline,19,-0.0035769573608765044,-0.005087636211841922,0.0821656342827835,0.09368680272022936,-0.15605592918361752,0.05455282886575323,0.23919009213118617,0.019116336,0.0003762811893518723,0.00010835124362102608
103,SOG_103,SOG,SOG,midline,20,-0.04607452818449207,0.04808202541790647,0.1626107075658342,0.008202569480965169,0.13454829093942886,0.05260558376559893,0.23877912390869543,0.01899501,-8.06546521937227e-05,0.000251125087291491
104,SOG_104,SOG,SOG,midline,20,-0.3525829555117202,-0.010780061828902815,0.16275434369274985,0.08042273518046723,0.17380456509869519,0.04553431037410352,0.23841248779121896,0.019014288,0.0001007860053657543,0.00029600043314688347
105,SOG_105,SOG,SOG,midline,19,0.8139139534845837,0.8869470318560577,-0.09692317995378305,0.3928492331839427,-0.1960073747222056,0.0726069399656467,0.24385979308416997,0.018733276,0.0010809725825678084,4.446235682318086e-05
106,SOG_106,SOG,SOG,midline,19,0.03495743609589448,0.6968615778834715,0.033217430634587666,0.5081588129882375,0.041582921874010234,0.05374281210955472,0.24253748935103933,0.018935192,0.0009380672291288681,0.0002111063630195873
107,SOG_107,SOG,SOG,midline,19,-0.2512810173538586,0.12199598813162275,0.48637485644212547,0.10175710738254405,0.283017171687447,0.04945008273257846,0.23975268981317158,0.019270975,0.00010234857386826049,0.0002128205139384678
108,SOG_108,SOG,SOG,midline,20,0.017183800246197763,0.12055075684880286,0.17732093343778071,-0.1376595841815424,-0.045696209922319195,0.05393273052595171,0.2378235025588889,0.019019332,-0.00016888261026399914,0.00025448654532273017
109,SOG_109,SOG,SOG,midline,20,0.088097247816904,-0.04753294596580655,0.024532288312507318,-0.025687372831548445,0.12876180149197086,0.055216106851476876,0.237171835719545,0.01888125,0.0001934014636318661,0.0002927753986647229
110,SOG_110,SOG,SOG,midline,20,-0.03843043943876282,-0.060024147436889774,-0.18471960869893803,0.05905373599530792,0.08510857774000417,0.05247801278527279,0.2371432361655025,0.018826976,0.000275722760632776,0.00026981002666501676
111,SOG_111,SOG,SOG,midline,20,0.17330849831061396,0.36522908773694146,-0.25510551006916615,0.29322057614194985,0.16974119303929386,0.058084239700445794,0.2415703891442999,0.018639347,0.001063296788228587,0.0004081335745663425
112,PB_112,PB,PB,midline,20,0.5147165864432953,1.2859493847322712,-0.28110868528232624,1.1950819802544874,0.24719620136585435,0.06528974104293371,0.24577953803230543,0.01844562,0.001246337565513809,0.00030701992487963876
113,FLA_113,FLA,FLA,midline,20,0.10034454460876294,-0.1458637359365862,0.1420122368523057,-0.19491879358788228,0.49784916151550673,0.05535877339407458,0.23766486604471654,0.01897672,0.0001995744470995006,0.0005482972428278273
114,FLA_114,FLA,FLA,midline,20,0.5664222664006423,0.05288739535482525,-0.3765891124760845,0.02328694157292862,-0.02015396777792574,0.0645299810696878,0.2389197495136639,0.0186622,0.00040698792514228525,0.00032578070647171464
115,FLA_115,FLA,FLA,midline,20,0.2984742037789378,0.013855783070992033,-0.37776688899952837,-0.12321146997325136,0.34932452309028145,0.05938384330960975,0.23853324024689332,0.018568924,0.0004061150439614521,0.00046945967937790753
116,FLA_116,FLA,FLA,midline,20,-0.04368718721182276,-0.30490289350706246,0.11326391316049673,-0.05048619770429373,0.002725911931124263,0.051917382088272526,0.2361114964705119,0.01903179,0.0007263487619728304,0.0003680993988638485
117,FLA_117,FLA,FLA,midline,20,-0.024323743374475456,-0.3107905403573428,-0.12734489323310588,0.2152326963301284,0.36515204533741186,0.05156028492186332,0.23674280904744,0.018893015,0.000585901501190275,0.0005596415182577416
118,FLA_118,FLA,FLA,midline,20,1.2654071387644215,0.4747360844077638,-0.7722995117467135,0.1307617044837979,0.047644770659068046,0.08121724900745175,0.24212076069173577,0.018127475,0.0007190167091564674,0.0002759335352701097
119,PRW_119,PRW,PRW,midline,20,-0.6527215386184931,-0.5199225977605781,0.31449258326294477,-0.03739922486349275,0.09779182509500535,0.03806631178442913,0.23425108663687108,0.019170774,2.853586153882898e-05,0.0003979459834650706
120,PRW_120,PRW,PRW,midline,20,-0.3088704913644368,-0.14203245065271644,0.12455091794753219,0.0071900216541083235,-0.11592892136918283,0.047761000683037465,0.23663828086441274,0.018794464,0.0004381779264776164,0.0001637417108868051
121,PRW_121,PRW,PRW,midline,20,-0.09226708199640574,-0.39509000645154113,0.22883304111401878,-0.3787045074385561,0.07329679218249999,0.053801604386369696,0.23596672812820368,0.018890342,-2.380874833820099e-05,0.0002587170199587319
122,PRW_122,PRW,PRW,midline,20,-0.3234160571478895,-0.3385632478824122,-0.05241820991524319,0.053824203670609014,0.41135074904754143,0.04591659677152148,0.23645610252806604,0.018829146,-0.00011586926823716363,0.0003668824717909477
123,PRW_123,PRW,PRW,midline,20,-0.5441053268680394,-0.5199494856488082,0.29380815065400445,-0.07816081754397332,0.3564787186027752,0.04063619671561496,0.23491469275352492,0.019103304,-3.9314106501143e-06,0.00029864322332659503
124,PRW_124,PRW,PRW,midline,20,-0.5172375340150641,-0.09378721716129772,0.2719037881609273,-0.1670338014110388,0.12401179590826375,0.04153752274972278,0.23630533443734847,0.019060608,-2.9201913696444568e-05,0.0002911858403852509
125,PRW_125,PRW,PRW,midline,20,0.11220529080753865,-0.11749651728143733,-0.035919301597105546,0.02272460297678782,0.26758699530655605,0.05454387279448954,0.2376901769882485,0.018941933,8.733158070523552e-05,0.0003563516292334652
126,CRE_R_126,CRE_R,CRE,R,20,0.9009922896177096,0.7903270675576136,-0.6369250883889861,-0.4707159626956239,-0.2789190759447219,0.07121240633175521,0.24301739242570175,0.018268686,-0.0005581670509447782,-9.35404271256889e-06
127,CRE_R_127,CRE_R,CRE,R,20,0.08937534965718524,-0.2706204945104337,0.42995171103466223,-0.4645763722924512,-0.0877985959865237,0.054847447243456936,0.2365000559228228,0.018980552,-0.0002468192401070907,0.00022908716114669814
128,CRE_R_128,CRE_R,CRE,R,20,0.7117448344376572,0.45362533209363215,-0.46385391603512954,-0.7568885071278469,-0.1391488714020918,0.069128103949701,0.24078520343258614,0.01823857,3.5973381593152695e-05,0.00029026673747626784
129,CRE_R_129,CRE_R,CRE,R,20,0.7899194339174076,0.8308038885515161,-0.5233450827132491,-0.30763057003967126,-0.3087937597720095,0.06838603477328448,0.24301499756517453,0.018513415,-8.952190252689473e-05,3.995610356848506e-05
130,CRE_R_130,CRE_R,CRE,R,20,1.0851547990715131,0.5278230984083411,-0.8559329933261269,-0.3915665547611986,-0.1827644040777801,0.07542287283135388,0.241099173450022,0.018088724,-0.00014154491564413312,0.0001701775038161151
131,CRE_R_131,CRE_R,CRE,R,20,0.8612829719362185,0.9134204662517229,-0.32717189376534994,-0.31924664565741956,-0.19799384591865304,0.07137413064675337,0.2436164233424062,0.018441033,-0.0004857150375863511,-8.220534422170037e-06
132,CRE_R_132,CRE_R,CRE,R,20,0.36094795271674673,0.10793300877221164,-0.0278367404515396,-0.5731093066156806,-0.14277688778305433,0.061526764318656356,0.23875233318702435,0.018539011,-0.00041998469866315856,8.345376430416015e-05
133,CRE_R_133,CRE_R,CRE,R,20,1.4273741656870012,1.2444500910230434,-0.7136592879696073,-0.03444430135066275,-0.2899910385763886,0.08168069319060693,0.24507043051840297,0.018216245,0.001162760735245377,4.1305282014635947e-05
134,CRE_L_134,CRE_L,CRE,L,20,0.7545721967585008,0.5138588324133455,-0.3949080736931103,-0.03104919112938561,-0.06937600378908519,0.06879807519589026,0.24059926182128738,0.01826696,-0.0004346692873223606,-1.5989160101155717e-05
135,CRE_L_135,CRE_L,CRE,L,20,-0.16952136777677645,-0.4554551514290958,0.09458823214144828,-0.340749208594315,0.03923736942413841,0.04992967975653293,0.2345689313927226,0.018631468,-0.0006335040248890074,-1.4076303005659807e-05
136,CRE_L_136,CRE_L,CRE,L,20,0.5009284290030745,0.12755075033512722,-0.3100504286098037,0.017989833332723682,-0.12489469647632331,0.06290594956171225,0.23859162823119187,0.018666554,-2.927307641972106e-05,9.522988170188332e-05
137,CRE_L_137,CRE_L,CRE,L,20,1.0109169034349397,0.4050631575179782,-0.3542012939800646,-0.9755377543581554,-0.3025141570373213,0.07467868344380332,0.24050291108169838,0.018387672,-0.0017218823029235425,-5.749473094639638e-05
138,CRE_L_138,CRE_L,CRE,L,20,0.29813287864101984,0.16356478501972008,-0.1710663592329585,-0.5229115637410297,-0.023983147657812832,0.061362666143468615,0.23927320783974956,0.018326165,-0.0008891116868228084,-2.7025032292709317e-06
139,CRE_L_139,CRE_L,CRE,L,20,0.4309984200444452,0.26029032397474905,-0.1996312238513495,-0.2279969861728571,-0.28129630723849797,0.061569898632199915,0.23928407571626945,0.018486025,-0.0006045498358845431,-3.581128219353183e-05
140,CRE_L_140,CRE_L,CRE,L,20,0.4648132222683712,0.3334483738392222,0.2312075737329383,-0.732598942763888,-0.42679089117116187,0.06261525102216825,0.2396085946305604,0.018853689,-0.00044803028047333654,-5.9147184096725245e-05
141,CRE_L_141,CRE_L,CRE,L,20,0.24552960284317038,0.08949989117138182,0.08397714951109307,-0.2976389998347851,-0.04005562559836273,0.05730569564037493,0.23814205839444388,0.019036299,0.00014174709460634358,0.0001626325569581513
142,CRE_L_142,CRE_L,CRE,L,20,0.48337247410344697,0.2460402342809464,-0.344091821012698,-0.8166124888661365,0.09519144857401766,0.06545075756894689,0.23976271426212134,0.018319499,-0.0011018459285779185,0.00010237773386811012
143,CRE_L_143,CRE_L,CRE,L,20,0.9061347379456196,0.7424368162559166,-0.6255980815529896,0.05399823334145491,-0.17740127306083509,0.07252732727811617,0.24272681784323016,0.018166006,0.00020459640407119746,2.7756685074367486e-06
144,EPA_R_144,EPA_R,EPA,R,20,0.14522490563044035,-0.0719259105594097,0.19831139345970367,-0.2754190610803956,-0.09484133665242392,0.0558857340536279,0.23690230784511407,0.018947488,-0.000493292515376923,0.00016654357197382107
145,EPA_L_145,EPA_L,EPA,L,20,0.24828526383014365,-0.38844550671363065,-0.06986297148257496,-0.0981403578040059,-0.11309464940477235,0.05894794517066759,0.23597920896584162,0.01869487,-0.00022110162331906032,0.0001841085088377938
146,VES_R_146,VES_R,VES,R,20,0.535491623127635,0.3504447751296511,-0.2178849051335002,0.056666316272457815,0.07636293861133103,0.06620574460760907,0.24012633095692473,0.01839682,0.00018090172416995815,4.851428363584041e-05
147,VES_R_147,VES_R,VES,R,20,0.6220990654337151,0.5955149386928459,-0.24596545933161867,0.34021690866793974,0.27108980286740053,0.06846921795950354,0.24256311634449673,0.018499885,0.0013054301943150562,0.0003243010276321131
148,VES_R_148,VES_R,VES,R,20,0.8541557250436436,0.6128186544655945,-0.43647833034282346,-0.2383719482423186,-0.008189414354317864,0.07130574312204534,0.24206721913953694,0.018484164,-0.0006114462589104817,0.00016426576668833887
149,VES_R_149,VES_R,VES,R,20,0.8199816126317124,0.5122160533493427,-0.3857753776934118,-0.17407200838867215,0.0305697007835135,0.07111743669493616,0.24069050953559046,0.01832584,-0.00040239962781266867,0.00013488035107582104
150,VES_R_150,VES_R,VES,R,20,0.5473319455863644,0.16137493213104553,-0.23021553323213179,-0.3375672241543786,0.10880270321621731,0.06556458921378286,0.2390920842842859,0.01845513,-0.0005461340999913588,0.00019426034444016722
151,VES_R_151,VES_R,VES,R,20,1.6704162446675734,1.3092262715537302,-1.1181310971663132,1.3485541342140106,-0.16383773783682168,0.09005117898637874,0.2459653391273767,0.01758056,0.002240630190986378,6.609003761894649e-05
152,VES_L_152,VES_L,VES,L,20,0.7198924395253672,0.42198459883360256,-0.7521132109869659,-0.13765951878541655,-0.01057785063927421,0.07091623397636845,0.24119861943314094,0.018048126,0.00016797684935304001,0.00019651350541480028
153,VES_L_153,VES_L,VES,L,20,0.7808937127497908,0.7121064104893599,-0.21498451543584324,0.018804321041921025,0.08550375498034309,0.07290903135537312,0.24354579912883353,0.018351633,0.001603174980981634,0.0002277335232838885
154,VES_L_154,VES_L,VES,L,20,1.126588666415413,0.5376622894844632,-0.9666220992971173,-0.13308206841782444,0.06279498670166224,0.07825513559757508,0.24124547605138752,0.017916275,0.00032356730750152265,0.0002495377348394367
155,VES_L_155,VES_L,VES,L,20,0.3202297705175672,0.1222434919892291,-0.10051054672918187,-0.21877026693803808,0.13419461642122332,0.061408691137715556,0.23933433519431743,0.018605873,-0.00041427634828707294,0.00013138636027980669
156,VES_L_156,VES_L,VES,L,20,0.6841247661222728,0.6178235040882433,-0.8429420310685618,-0.24140985797344516,-0.061843610088910775,0.06769725662358118,0.24204979629074427,0.01824408,0.00030030003631738376,0.00013612206015070454
157,VES_L_157,VES_L,VES,L,20,1.6488500937932593,1.246286474960465,-1.3271157112017244,1.1524050565096142,-0.10205132593591207,0.09077403632913884,0.24581598631084645,0.017302735,0.0028111838638427327,0.0001020560942908726
158,ATL_R_158,ATL_R,ATL,R,20,0.6664717223857193,0.48716744600096157,0.1843487723098413,0.29528097383036667,0.044916324538165964,0.0652125452824361,0.24104288844532057,0.01880459,9.10722342948029e-05,0.00013420138019170437
159,ATL_L_159,ATL_L,ATL,L,20,0.4941662464878906,0.3456617407118647,-0.19322066811144642,0.5590005327560763,0.0242352411674808,0.06396760235046814,0.24000108614472246,0.018566018,0.0003295363249038305,0.00020454466341213187
160,PLP_R_160,PLP_R,PLP,R,20,-0.034035115320200274,-0.10770877656094072,0.1563893904316474,-0.04500352205934337,0.1730329698656953,0.05261238638125169,0.23756559765670066,0.018896509,0.0003784541934240943,0.00034221128678276456
161,PLP_R_161,PLP_R,PLP,R,20,0.24194712228922494,0.5441954258224077,0.27931932003107834,0.38108649224238167,-0.18008151827316524,0.0625779722667499,0.24227372149988197,0.018394064,0.0001485177147096801,-1.72206271932486e-05
162,PLP_R_162,PLP_R,PLP,R,20,-0.48371480311888304,-0.5784341070017609,0.22176885214622555,-0.16111039893004225,-0.1836574857963828,0.04574528399606345,0.23484808189485565,0.018827897,-0.0003381332360208723,0.00016823619510624848
163,PLP_R_163,PLP_R,PLP,R,20,0.2708551290244955,0.10798920487415213,-0.0065216710649660895,-0.18842580207505435,0.10307851292500474,0.06184569678121127,0.23942238612158157,0.018330192,-0.00026767712282645747,0.00029270280798228014
164,PLP_R_164,PLP_R,PLP,R,20,-0.7513908279241475,-0.6772227682277058,0.3084484769469098,-0.19154627633664062,0.14688833143033536,0.038635251357837616,0.23312706548172066,0.018854834,-0.0004959778295843852,0.0002875272961583504
165,PLP_R_165,PLP_R,PLP,R,20,-0.39824184727031525,-0.5087255742539685,0.16384981588369088,-0.1766397788436222,0.3854116521159821,0.046096214093137085,0.23482001319997833,0.018931404,-0.0005944013805665135,0.0002578107790981642
166,PLP_R_166,PLP_R,PLP,R,20,0.11350282051729396,-0.16013406511110834,0.08839949681033657,0.09931108121267652,0.11429789646483902,0.059438770791746184,0.23849765175742293,0.01855243,0.00010630595739200979,7.528706916650786e-05
167,PLP_R_167,PLP_R,PLP,R,20,-0.20970703908400043,-0.2513299094924934,0.254651106234273,-0.0205498362603595,0.40164591426709617,0.049232304283655395,0.23674746066193225,0.018867102,9.825028583387908e-05,0.0002670815802887465
168,PLP_R_168,PLP_R,PLP,R,20,-0.3497946425216277,-0.40634137606407317,0.23702997782108953,-0.008709150710485735,0.2994380909599361,0.046481943761215665,0.23517568923518625,0.01891763,-0.0003421166267876538,0.0002593782644735577
169,PLP_R_169,PLP_R,PLP,R,20,-0.36782198018707796,-0.17592604948619323,0.49862900291421575,-0.11320188809218859,0.1583152438592473,0.04562927092671813,0.23658077207724254,0.019149633,-0.0004565580468688181,0.00015959250701569742
170,PLP_R_170,PLP_R,PLP,R,20,-0.11554835267685867,-0.1647159484982285,0.10259694636197585,0.05773070951839678,-0.07594035670698611,0.05299916256049912,0.23781060388307637,0.018606503,0.0001500883371021336,4.134194007659266e-05
171,PLP_R_171,PLP_R,PLP,R,20,-0.620054553055932,-0.48448995358239355,0.5383340371494018,0.04383420633441434,1.02309855015893,0.039532768498306003,0.23442618555987593,0.019194696,9.761234621234345e-05,0.0006256528314784787
172,PLP_R_172,PLP_R,PLP,R,19,-0.9731922594580786,-0.4823823130559813,0.5091977794670774,-0.0976654047295891,0.17547711770824775,0.032737903487698804,0.2352788944243729,0.01944334,-7.392829205050836e-05,0.00029771918915003813
173,PLP_R_173,PLP_R,PLP,R,20,0.24479892077457124,0.12096079999758243,0.010334072539694254,0.046444247832049354,-0.1605350641642125,0.059113668940695495,0.23906326213028767,0.018674266,-0.0006513904351015955,3.280356484757895e-05
174,PLP_R_174,PLP_R,PLP,R,20,0.26360118902644325,0.22459174217229383,-0.04766298671477444,0.10625659256618207,0.1337494706840885,0.06115861328511796,0.23950114562349917,0.018653817,0.00017470116084801127,0.00022066261168947934
175,PLP_L_175,PLP_L,PLP,L,20,0.17498269075437328,-0.17616149733146533,-0.19433382264583904,-0.2835986993826221,0.0200081130759812,0.060817489926164,0.23809110804819178,0.018429948,-0.0003358301278425327,0.00011528012852602365
176,PLP_L_176,PLP_L,PLP,L,20,-0.058813330609947735,0.023037501460045108,-0.00030751882053811077,-0.22397611986739857,0.3801614114207548,0.054539453083255696,0.2388916177041691,0.018755471,-0.0006641681971473365,0.00021466179837949953
177,PLP_L_177,PLP_L,PLP,L,20,0.08543485272432491,-0.14699792530183553,0.11434219128314868,-0.20622003279529313,-0.1785733477532768,0.058235691627556777,0.23844035502849606,0.018580694,-0.0008661364917005238,2.639050747406424e-05
178,PLP_L_178,PLP_L,PLP,L,20,0.3313261281954965,0.34545821737445037,-0.2666686642499937,0.4071791422118497,0.034351070719685683,0.06281509251057661,0.2411135086642119,0.018472318,0.00038962856051251145,-1.0403477895733622e-06
179,PLP_L_179,PLP_L,PLP,L,20,0.23870229330404769,0.23549711931278666,-0.3214566245865936,0.09646050257869139,0.3544102312504511,0.06082556710954419,0.24047590516423298,0.018348927,-0.00018085885974921382,0.0001485102033661003
180,PLP_L_180,PLP_L,PLP,L,20,-0.1953188246334721,-0.39515681574528516,0.29573218528337286,-0.07651709423836882,0.44474511509677894,0.0514644182988926,0.23596569379224763,0.018877622,-0.0002921004831086546,0.00041285653393066614
181,PLP_L_181,PLP_L,PLP,L,20,-0.2831532202581062,-0.19465066358336777,0.2025614517557271,0.05803988276624379,0.511645781390181,0.04729688531793995,0.23667165246570682,0.018934332,-0.0004437348815833182,0.00031684476558846875
182,PLP_L_182,PLP_L,PLP,L,20,-0.2580239087724733,-0.42989233880112937,0.10585601928630688,-0.08595933625759544,-0.06355287158513608,0.049890220848266234,0.23546069673804437,0.018688872,-0.0003455190653283567,0.00011350853287614169
183,PLP_L_183,PLP_L,PLP,L,20,0.5147245552106479,0.3905048287523331,-0.06027078201212026,0.2097103647709461,-0.012901031603060631,0.06809277307429569,0.24112669823620977,0.018221647,0.0003753697358308117,8.844341129751472e-05
184,PLP_L_184,PLP_L,PLP,L,20,-0.00022635608908435633,0.028428035496339356,0.20044321865362152,0.17750740562032677,0.2996590725399304,0.054239778265776625,0.23786262377911452,0.018919371,-0.00014201355582311602,0.00018063732901868736
185,PLP_L_185,PLP_L,PLP,L,20,-0.12046142194852043,-0.25976302024482995,0.3055813770638713,0.21939767768835913,0.4957417551715063,0.05294874160791564,0.23668248241397083,0.0188059,-3.874440385419471e-05,0.000286929771825722
186,PLP_L_186,PLP_L,PLP,L,20,0.33142705474086115,0.05650664656280975,0.07217265931052463,-0.24722451132091655,-0.0030160971101938897,0.06386788159418741,0.23954519308010772,0.018493043,-0.0006348028108092924,2.9519795802384995e-05
187,PLP_L_187,PLP_L,PLP,L,20,0.8931205553053184,0.37461638706483824,-0.6362824425443712,0.28353012295555696,-0.045730629102199404,0.07518577147452657,0.24070358311462786,0.017987248,0.0003237507598704483,8.152085621207118e-05
188,AVLP_R_188,AVLP_R,AVLP,R,20,-0.1957673345619953,-0.21440535387216286,0.2693545321361938,-0.1845627811959933,-0.17528708563113737,0.04983203661360585,0.23691050289111706,0.018902063,0.00021050926315370906,0.00021142714648202785
189,AVLP_R_189,AVLP_R,AVLP,R,20,-0.6778643875053562,-0.3078025531950472,0.3214273586843791,-0.036916098810914656,-0.1212785399926318,0.03946109768633466,0.23542103293898498,0.018978793,3.2708450345790464e-05,9.226101968361244e-05
190,AVLP_R_190,AVLP_R,AVLP,R,20,-0.8385200100397341,-0.8571694325589798,-0.030359611292176604,-0.20936847095529307,0.14674339678336662,0.03557056272008247,0.23280428385118918,0.018869933,-0.0004137429989537058,0.0002001045601094207
191,AVLP_R_191,AVLP_R,AVLP,R,20,-0.7721256232281853,-0.2897413040248211,0.4444854204638709,-0.29204675064643576,-0.2842667755765048,0.03492621627038313,0.23544095114933902,0.019294035,-0.0002854525987975147,4.570893445505997e-05
192,AVLP_R_192,AVLP_R,AVLP,R,20,-0.4607307653889789,-0.4108494541626467,0.37483368317555293,-0.21132773027746105,0.4438152533552202,0.041901834742470175,0.23497676778374213,0.01908559,-0.00025693844977912574,0.0006818585913503021
193,AVLP_R_193,AVLP_R,AVLP,R,20,-0.40564507288572693,0.04620380657111427,0.401342447642973,0.12396025909341898,0.034567122372602066,0.044133548192798085,0.23755860357373937,0.019016873,3.3340637802648575e-05,0.00028004191252573024
194,AVLP_R_194,AVLP_R,AVLP,R,20,-0.022506410131968812,-0.08651023149945165,0.019008374327758367,-0.19703954916506838,0.09118129017287328,0.05379304944684525,0.23686214799956665,0.018647585,-0.0003583657425753191,0.00017476586586900536
195,AVLP_R_195,AVLP_R,AVLP,R,20,-0.9650799386103934,-0.6746929970495684,0.44347954476162793,-0.23420976801940063,-0.0724177658648115,0.032273525981087334,0.23323507462353327,0.019165212,-0.0005662515756899828,0.0001836326756377213
196,AVLP_R_196,AVLP_R,AVLP,R,20,0.3068369112996926,0.11450807548987925,-0.1966337389933029,-0.17058754000855195,-0.3530260149229143,0.05972874190323578,0.23794253967296802,0.018427735,-0.0004704815435979899,-7.377662666852885e-06
197,AVLP_R_197,AVLP_R,AVLP,R,20,-0.27297791438979035,-0.2677541126155684,0.2621346045563545,-0.20686326233279684,0.1412933179459885,0.04790766889018254,0.23654860521058726,0.018919062,-0.00036688340186327934,0.00028691797969557204
198,AVLP_R_198,AVLP_R,AVLP,R,20,-0.9888454410654648,-0.8299269439875623,0.41953038917148777,-0.09046738095600339,0.08385674364853501,0.032167654849462504,0.23230772862177598,0.019212041,-0.00013062384434904818,-7.898905142659248e-05
199,AVLP_R_199,AVLP_R,AVLP,R,20,-0.5480236190498384,-0.5157613272890189,0.43350321605497905,-0.2506140606820525,0.38736428444326887,0.04411687301161958,0.23526859257817753,0.018970333,-0.00029663282951883976,0.0004678946152414615
200,AVLP_R_200,AVLP_R,AVLP,R,20,-0.6175385814330654,-0.4749960983187149,0.3624230073401296,-0.27994001474961466,-0.5479518859398103,0.03984185872681788,0.23492146369049488,0.019018658,-0.00023249139292957346,-3.848648416741362e-06
201,AVLP_R_201,AVLP_R,AVLP,R,20,-0.8512282102585657,-0.44213134166621054,0.6023841597404417,-0.35359424824783475,-0.30335912634250267,0.03392219335411378,0.23450173235869828,0.019371692,-0.00030829770384184724,-6.919800813678424e-05
202,AVLP_R_202,AVLP_R,AVLP,R,20,-0.93564031203315,-0.7111040295815985,0.2552522148369147,-0.23854620495024553,-0.5008085844775357,0.035008888050401546,0.23336628046987618,0.018897763,-0.00046109993755883365,-3.5779732653025085e-05
203,AVLP_R_203,AVLP_R,AVLP,R,20,-0.49233777766421094,-0.40351889950600234,0.5154886911616738,-0.10322711959531017,0.11043995588185349,0.04304140789904362,0.2361468887280062,0.019158836,0.00030269786684956375,0.0002105137542969141
204,AVLP_R_204,AVLP_R,AVLP,R,20,-0.4752831499265942,-0.3698897961571662,0.333491532430537,-0.12678630420545234,-0.10699588047398742,0.044105781280299274,0.23515547624353994,0.018793426,-0.0001656420355736893,4.383084893765177e-05
205,AVLP_R_205,AVLP_R,AVLP,R,20,-0.6271568902677721,-0.7000483808305826,0.22817294302122412,-0.16802022853813786,-0.13987789415655283,0.041351698411660115,0.23382574218736396,0.018841365,-0.0006489556949415763,8.547932560840418e-05
206,AVLP_R_206,AVLP_R,AVLP,R,20,-0.17239761777072865,0.6494100242256764,0.5260290224040156,-0.08066141428804756,-0.007183348239886455,0.048487330583293346,0.2412372492728896,0.0192494,9.018000351117134e-05,0.00027992282633855823
207,AVLP_R_207,AVLP_R,AVLP,R,20,-0.8118246964043913,-0.6019204418025946,0.49536683584428387,0.05427753678191638,0.10411846277892067,0.03676922102414993,0.2338890393410309,0.019150427,0.0003637544348277346,0.0001215717920653755
208,AVLP_R_208,AVLP_R,AVLP,R,20,-0.620203114357016,-0.6115277576825837,0.34485856176892477,-0.13990207902999946,-0.060582851278256966,0.04058272145767695,0.2348339670449445,0.01900561,-0.00045324536322985376,7.336345988321558e-05
209,AVLP_R_209,AVLP_R,AVLP,R,20,-1.1936451014438485,-1.0504476724288707,0.4735516849436078,-0.0013757181401459998,-0.4748855621563704,0.02804619414022032,0.23133611706492724,0.01908484,0.00011793977571962478,-0.0002643342409303449
210,AVLP_R_210,AVLP_R,AVLP,R,20,0.11358461988719844,1.336943835867825,0.21818921059315494,0.46529164421698754,0.0668626137896006,0.05438964726681581,0.24567311559830088,0.019003868,0.0003910282650558974,0.0002859186127360309
211,AVLP_R_211,AVLP_R,AVLP,R,20,-0.19286135930776663,0.7409698384346306,0.20894110072565483,-0.15312791935063957,-0.0833778301344348,0.04906264605079773,0.2415956922078851,0.018995728,-0.0003470552996181524,0.00022387233169350322
212,AVLP_R_212,AVLP_R,AVLP,R,20,-0.18724006782042096,0.7007774173257026,0.4000333230466621,-0.0903356596272004,-0.009123988230800883,0.04977401276505048,0.241669332740234,0.019112969,-0.00018899575119781,0.0001851624968548073
213,AVLP_R_213,AVLP_R,AVLP,R,20,-0.478093856705895,-0.40555941188813527,-0.000935067935303218,0.11555464464291713,0.1844623010282817,0.04169970268591327,0.23494196733553854,0.01893538,0.00011025804293076277,0.00016983603205413038
214,AVLP_R_214,AVLP_R,AVLP,R,20,0.04528650178509992,1.2583295420170928,0.1995394096041458,0.5106564852186024,-0.06869585561955702,0.05369072776323412,0.24501300809086302,0.01905412,0.000834366782879762,0.00017668634484427174
215,AVLP_R_215,AVLP_R,AVLP,R,20,-0.145436618530349,-0.2521564900455904,0.022253907520660386,-0.17369125074475952,-0.20118894600750728,0.05120600007344532,0.23629151765318493,0.018739443,-0.0004973036410904582,-9.298308005323516e-06
216,AVLP_L_216,AVLP_L,AVLP,L,20,0.4867561669532801,0.3217706068572358,-0.10044046272234144,-0.18819626906443937,-0.11818506622660155,0.06557550830487682,0.2404536389609174,0.01841325,-0.00027165760268331614,7.83963589518527e-05
217,AVLP_L_217,AVLP_L,AVLP,L,20,-0.09478749308894825,0.912257234046755,0.3530499284961579,-0.15631090653817103,0.019428794356766903,0.05027603624007883,0.2443618072586155,0.019191895,5.29794687857707e-06,0.00020408692530962804
218,AVLP_L_218,AVLP_L,AVLP,L,20,-0.2220260076477588,0.4610745603435434,0.5230872034249404,-0.10207658321526306,-0.052399169192208564,0.04893088836510982,0.24099725595532448,0.01922741,0.0003390645680596669,0.00019909830498363677
219,AVLP_L_219,AVLP_L,AVLP,L,20,-0.5983894562525661,-0.2672197161357663,0.3999941339402115,-0.3204221391579961,0.15854883954892696,0.04048060125839347,0.23678593601111214,0.01916648,1.0773346190433623e-06,0.0002842586364775496
220,AVLP_L_220,AVLP_L,AVLP,L,20,0.25119592432473203,0.048217609897888355,0.08997858844183831,-0.17493469124992342,-0.08221176002706174,0.059735137946155994,0.23850181419408364,0.018640257,-0.000311053836709166,0.00014962169882051172
221,AVLP_L_221,AVLP_L,AVLP,L,20,-0.10094665482978951,-0.342703036253979,0.12873042350821431,0.17564547921343857,-0.03021589122578827,0.05241237434325421,0.2362039566550597,0.01874325,-0.00026794739691282746,0.00024603876791162325
222,AVLP_L_222,AVLP_L,AVLP,L,20,-0.437844581922045,-0.4111113976267644,-0.016456068557550146,-0.024430580998401494,0.34255841459758013,0.04420099938402873,0.2361163902588838,0.018917423,0.0005510067842117241,0.0005281100060946003
223,AVLP_L_223,AVLP_L,AVLP,L,20,-0.7518127563098514,-0.6393893755690211,0.5067353138755436,0.0974602975748166,-0.3275954834816082,0.03799505263970027,0.23418229527408246,0.019139517,0.00025416783908343546,0.00014995249963167316
224,AVLP_L_224,AVLP_L,AVLP,L,20,-0.2528949969065096,-0.13794750219950674,0.455770077691105,-0.03944266985565561,0.034980927164089626,0.04845311787309441,0.2375134104137223,0.019231759,-0.00016261287466379055,0.0001911116952180515
225,AVLP_L_225,AVLP_L,AVLP,L,20,0.1673147674437509,-0.025808048842531333,-0.07406452186465289,0.13883950807359446,-0.13864392912209922,0.05759155110856119,0.23764546174950082,0.01863176,0.00015722159733451017,3.7326519359603893e-06
226,AVLP_L_226,AVLP_L,AVLP,L,20,-0.4197886514055078,-0.40853409906045685,0.16158049253039697,-0.29479996807180997,-0.05810739617269223,0.04499011637499401,0.23562835847675676,0.019011792,-0.0007009717013407135,0.00014561050804293933
227,AVLP_L_227,AVLP_L,AVLP,L,20,-0.04011667448469429,-0.041936211590268564,0.16743156153753933,-0.4792864496465663,-0.3755567320239327,0.05262614558668127,0.23747532837962354,0.018807529,-0.0005656858343906156,9.028767205878578e-05
228,AVLP_L_228,AVLP_L,AVLP,L,20,0.26246661948090777,0.4228634032069617,0.2029390458363447,-0.10034737519651041,0.04599395363397197,0.058407672511613794,0.2404188341563839,0.018921096,-0.0004471159010007372,9.07551664212451e-05
229,AVLP_L_229,AVLP_L,AVLP,L,20,-0.2827131609138912,-0.2422323039831192,0.38643965070173153,-0.08234302299773925,0.015858701821221958,0.0484807375527863,0.23687320632046266,0.019043354,0.0007217829745660487,0.00030252295464160026
230,AVLP_L_230,AVLP_L,AVLP,L,20,-0.8472003089138335,-0.4963629743933532,0.2776145242373217,-0.34809597583178975,-0.23776521884684737,0.03484540522647145,0.2349836907548725,0.019117322,-0.0004792157559832404,-6.221927274883783e-05
231,AVLP_L_231,AVLP_L,AVLP,L,20,-0.41585609150980674,-0.37605738509775655,0.4405019246648578,-0.27803175478616415,-0.19679236593886612,0.04538245572979628,0.23603890515849604,0.019074608,-0.0003003696181413932,0.00031463991734089603
232,AVLP_L_232,AVLP_L,AVLP,L,20,-0.4168871130470583,-0.47503231807922963,0.4488026161846815,-0.1975196625007101,-0.42574181147825696,0.04598447316547584,0.235577678585297,0.019122837,-2.2103527767099817e-05,-1.3160332576158307e-06
233,AVLP_L_233,AVLP_L,AVLP,L,20,-0.5132860714994028,-0.35958145590701307,0.2071918042555902,-0.10986469337158936,-0.7406653357722927,0.04121436114974842,0.23588485780782326,0.01895896,-0.00048797824342081424,-0.0001974973216627835
234,AVLP_L_234,AVLP_L,AVLP,L,20,-0.3103254148658693,-0.08090625944757357,0.26547154105179904,-0.07663269761449101,-0.01914898164788623,0.04851725979025431,0.23860950905492775,0.019054295,0.00017876967967175652,9.859399035365168e-05
235,AVLP_L_235,AVLP_L,AVLP,L,20,-0.3756933670508659,-0.14090802225082952,0.3574865713670681,-0.08988710108022627,-0.5935433148788177,0.046554806124343706,0.23690598760923098,0.01902878,0.0006422229964810015,3.6863384265389097e-05
236,AVLP_L_236,AVLP_L,AVLP,L,20,-0.7048028296459022,-0.48517744540776897,0.4077041640086628,-0.33774874508571423,-0.6947989657102146,0.037896084212172734,0.23538793084217113,0.019220421,-0.0004616474297194389,-0.0002631338767338209
237,AVLP_L_237,AVLP_L,AVLP,L,20,-0.10527296540797862,0.8349987828456416,0.28347676827490653,0.2715898476716671,0.2940282272423688,0.05097459120424449,0.24283995100201938,0.019167569,0.0005730883747749279,0.00040379343123378723
238,AVLP_L_238,AVLP_L,AVLP,L,20,0.031311168859221146,0.13871317783423162,0.032914140043788155,-0.10916704429152946,-0.040920243977862716,0.054556110269496215,0.23910890227325493,0.018870775,5.1213027934436074e-05,0.00019786160983360454
239,AVLP_L_239,AVLP_L,AVLP,L,20,-0.2328163386885124,-0.20852990486715722,0.1267826956744105,0.1388443313305878,0.05243841202286014,0.050977119351895236,0.23678883251030816,0.018743819,-0.00023994460668859313,0.00014031641674433758
240,AVLP_L_240,AVLP_L,AVLP,L,20,0.03128376892565875,0.6956815952164664,0.24155489619595025,-0.13102263835207412,0.10345771604066638,0.05390432281669638,0.24223733101708453,0.019029148,-9.16014368502038e-05,0.00026720477066463177
241,AVLP_L_241,AVLP_L,AVLP,L,20,0.0865977722331474,1.3779356799490448,0.31905209768119497,0.2727965007847977,0.07759435001477036,0.05413711955627616,0.24610438569966792,0.019185346,0.00037372249420132125,0.0002839190193520213
242,AVLP_L_242,AVLP_L,AVLP,L,20,-0.31560836517774915,-0.016527715229898314,0.4933997438397477,-0.09565704013457138,-0.45576611529115935,0.04774659261432671,0.23801655014128237,0.019113371,0.00029035289532122895,9.429682018872512e-05
243,AVLP_L_243,AVLP_L,AVLP,L,20,-0.42862604179592145,-0.396319340737447,0.08122867498541063,-0.3853454234185115,0.05790944436258991,0.0460744068322126,0.2357559804632045,0.018838793,-0.0004100273268766,0.00029718152491028504
244,AVLP_L_244,AVLP_L,AVLP,L,20,-0.317988705894056,-0.3909978706602102,0.30616067441824485,-0.09501311379954523,-0.43773841117863066,0.048119768601714324,0.23584283426810476,0.01904739,0.00046917266339542574,3.736333565629934e-05
245,AVLP_L_245,AVLP_L,AVLP,L,20,-0.36561308472124565,-0.2569246207917847,0.14807248681236473,0.055427783098929685,-0.27588264386593037,0.045413021562816264,0.2366502545535302,0.018952921,7.521004867524467e-05,3.130704001249168e-05
246,AVLP_L_246,AVLP_L,AVLP,L,20,0.03125291192827492,1.0707406632667391,0.31103415286860414,0.22878586753067828,-0.0077736268500000595,0.05410161655816764,0.24375107037477753,0.019015154,0.00034971658848348175,0.0001718666615412085
247,AVLP_L_247,AVLP_L,AVLP,L,20,-0.20526031552564775,-0.3024471000269948,0.21442398009541913,-0.0960082575552143,0.15481241530439577,0.04862664326826406,0.23577418198156166,0.018966224,-0.00037149276896515865,0.00012603932579730113
248,AVLP_L_248,AVLP_L,AVLP,L,20,0.10219405391917466,1.4631940198482596,0.372813166849299,0.5055774033682103,0.12740633932767623,0.05632764095593569,0.24668072002096147,0.019047657,0.0009659204799735999,0.0003670596110805192
249,AVLP_L_249,AVLP_L,AVLP,L,20,0.29127660829680446,0.048590720570642336,0.09455027008186,0.2583419519668039,-0.39567090553165185,0.060811464006781876,0.23816999290663934,0.018513517,0.00038720168473050347,2.997748751845154e-05
250,AL_R_250,AL_R,AL,R,20,0.2206019633290171,0.13323795446866843,-0.2780100265008766,-0.4408519454698747,-0.17731359512537295,0.05593422413310439,0.23756646656822844,0.018609118,-0.0005585928240926458,0.00010793795732454924
251,AL_R_251,AL_R,AL,R,20,0.3262749851076627,0.5859329944557159,-0.5372662351834261,-0.39955192309567156,-0.19753784183220946,0.057411314897877784,0.2402318069419473,0.018505167,-0.00033880863169996064,0.0001061101812623297
252,AL_R_252,AL_R,AL,R,20,0.4485826982132906,0.2347271095811688,-0.27532138442558257,0.024221691466280403,-0.13824251265028814,0.06101026548003722,0.23918787651944634,0.018528422,0.0007247640851637105,0.00017344576738741435
253,AL_R_253,AL_R,AL,R,20,0.7159287095953814,0.7661774285591985,-0.45839917552377846,0.11554692662991624,-0.2458857600383894,0.06558804020345929,0.2417833368498184,0.018521035,0.0003942097537027281,0.00010817249645767906
254,AL_R_254,AL_R,AL,R,20,0.22172945564271704,0.22847682941983188,-0.1427364423459824,0.061251674449544026,-0.09101450301989507,0.05566701489755097,0.23902466617341095,0.018778587,0.00010679247591893202,0.00018095064769636798
255,AL_R_255,AL_R,AL,R,20,-0.783805689681306,-0.8448724101065407,0.35749142673150225,-0.5191412801071417,0.10217125564798302,0.03565617666724125,0.23199777837267543,0.019000469,-0.0007789943888504198,0.00029685313878589063
256,AL_R_256,AL_R,AL,R,20,0.2677739995202489,0.31253991987498,-0.28566456549235425,-0.7939503415582103,-0.3086221280028199,0.05629914504281416,0.23885423160486866,0.018600104,-0.0007327363037940881,-2.0758446355264504e-05
257,AL_R_257,AL_R,AL,R,20,0.54388878698036,0.6393390074795641,-0.3425245671282559,-0.16371637206490955,-0.2515870568428016,0.06027512693230304,0.24079406762368047,0.018582655,0.00010386857831878971,0.00011552155232411116
258,AL_R_258,AL_R,AL,R,20,-0.03481501525857962,-0.05672065599802647,-0.12481211991892782,0.15863984216421018,0.33019166678172107,0.05027932187387546,0.2373745457620627,0.01883829,0.00041837264079367623,0.0004271020509889872
259,AL_R_259,AL_R,AL,R,20,0.8174751377086948,1.0265989955837427,-0.5586911080592167,0.35367282411556533,-0.23293694435185638,0.06835871647387684,0.24328905397984396,0.018396156,0.0006930024859902624,0.00018557746617325189
260,AL_R_260,AL_R,AL,R,20,1.0694232798877006,0.4779582269539574,-0.7021529346977835,-0.6884686382225171,-0.31429333459471065,0.07515855103871087,0.24029228266424907,0.01797381,-0.0007181191891267839,3.503718427462231e-05
261,AL_R_261,AL_R,AL,R,20,0.1589972071252272,0.06457502785274784,0.0849457772312546,-1.0353595571742145,-0.3215059153229387,0.052527779894724694,0.23797590397565474,0.018858675,-0.0014481678020633376,-0.00013195411191810374
262,AL_R_262,AL_R,AL,R,20,1.079833964557675,1.273328444055679,-1.2795270193589459,0.5649428062357664,-0.16831231409207056,0.07280696619272072,0.24504889109373357,0.017922778,0.0008374734131500533,0.00016689033220624265
263,AL_R_263,AL_R,AL,R,20,0.9995990071550995,0.5847472108018016,-0.5954261143723172,0.1903886071706744,-0.16917797007439703,0.07113263941468137,0.2417439404230267,0.01829997,0.0008363689591614137,0.0002106285637821244
264,AL_R_264,AL_R,AL,R,20,0.1821357115923676,0.2977884510693515,-0.14736075861504544,-0.8716849686788342,-0.4159775517923303,0.0540245564480039,0.23909411616226425,0.018681187,-0.0008927753596287899,-7.38263998558342e-05
265,AL_R_265,AL_R,AL,R,20,1.086458763026748,1.3505511168275983,-1.526747324787051,1.0655222459864047,-0.24664916323736635,0.07520249388677488,0.24616763396970082,0.017626991,0.0015382425247030488,0.0001354087518167638
266,AL_R_266,AL_R,AL,R,20,0.4776605061538376,0.4700755574273976,-0.4264667371315035,0.4420193253207606,-0.1923953158159682,0.060780082135615046,0.24022626258859803,0.018694064,0.00031889169240685176,9.063368744063565e-05
267,AL_R_267,AL_R,AL,R,20,0.6438681176330421,0.5599033192673805,-0.7006014313263106,-0.0007952791540991016,-0.2600332520463974,0.06546953163133655,0.24098227019138063,0.01814143,-0.00014123053786982404,8.259689824759912e-05
268,AL_R_268,AL_R,AL,R,20,0.6032023451590756,0.6303667125374626,-0.769320205517807,-0.3164945742815419,-0.28009519390916887,0.0604725026881258,0.24121426880601488,0.01845628,-0.00010997148537042294,-7.609803954430662e-06
269,AL_R_269,AL_R,AL,R,20,0.834577540314689,1.0184950677109224,-0.9657640867551809,-0.03437015406385922,-0.20278200105183314,0.06871700196977833,0.24408817812115902,0.018100547,0.00013437525949564887,0.00013738071020970302
270,AL_R_270,AL_R,AL,R,20,0.3098262496022223,-0.06703003196985056,-0.26463486243432816,-1.054573797547407,-0.3126428865722971,0.05949023567452281,0.23712468852726526,0.01834907,-0.0011297465563278831,-0.00010432883802957498
271,AL_R_271,AL_R,AL,R,20,0.9170757150798086,1.0430862070652371,-0.9605953279649307,0.4250849825158142,-0.14113068738275,0.07018465295566001,0.24424569637914367,0.018219234,0.00035068833367483623,0.00023979650041739417
272,AL_R_272,AL_R,AL,R,20,1.06577111163521,0.6369608354102445,-1.0391214809943006,0.133200518100746,-0.38143929167413415,0.0733992767356719,0.2409046230539363,0.01790318,0.0007694798059295955,3.73143611108534e-05
273,AL_L_273,AL_L,AL,L,20,0.6074582901038699,0.6023998182454463,-0.5469531982618163,0.27616607384790387,-0.058870438024275426,0.06399048600847418,0.2416260129600254,0.018352646,0.00029172854024816684,8.98483872104987e-05
274,AL_L_274,AL_L,AL,L,20,0.6538093705802798,0.17076350348273855,-0.19806337031132443,-0.33461759685488135,-0.2723347208585774,0.0650640331581732,0.23854332266046008,0.018452603,-0.00034453206431842986,-6.939211971796121e-05
275,AL_L_275,AL_L,AL,L,20,0.7446584619994632,0.6468627442073769,-1.0369943598636753,-0.31765453392268594,-0.19509127495499995,0.06632879657295512,0.2415234520392952,0.017892,-0.0005260612897342552,-6.864721354007754e-05
276,AL_L_276,AL_L,AL,L,20,0.26297261441972003,0.19798870010626607,-0.399549097038373,-0.04875265110821588,-0.03980332080165986,0.056150806381020726,0.23918498225249724,0.018578466,6.711387757136462e-05,7.879835991850978e-05
277,AL_L_277,AL_L,AL,L,20,1.0848773280792243,1.1029135133708905,-1.3492747825519185,0.6540943898267019,-0.21506542354052116,0.07481525945809478,0.24490433603405753,0.017581511,0.0012441190772722692,7.216972459054611e-05
278,AL_L_278,AL_L,AL,L,20,-0.5424517619570086,-0.5722545415041707,0.12725903445606956,-0.6087461727869397,-0.45163404646250094,0.04067836279419378,0.23407010885207497,0.018817578,-0.0009392638988630613,-0.00017267646306353066
279,AL_L_279,AL_L,AL,L,20,0.3388909904496557,0.2514347404088057,-0.3209819340359544,-0.552887755833243,-0.21903037530913444,0.0583700670194862,0.2393973539859872,0.018402472,-0.0006361203073274915,-5.2720543929281705e-05
280,AL_L_280,AL_L,AL,L,20,-0.2612422804198014,-0.2537429175221336,-0.3385733200626713,-0.6669430057957447,-0.010902050327161026,0.046538962224753996,0.2359588096899218,0.01842615,-0.0011470929457347522,-5.3875243402312095e-05
281,AL_L_281,AL_L,AL,L,20,0.9892223275541434,0.7517810584199776,-0.7637304087857226,-0.08450920906759006,-0.18044809599548262,0.07354956794432907,0.2424944845482683,0.01813671,0.0002875945476825166,0.00019713996385281178
282,AL_L_282,AL_L,AL,L,20,0.47991041740179236,0.5732526530876487,-0.6068928243302546,-0.1873164662606196,-0.1302776231325265,0.062076796118302004,0.2410553662442684,0.018022817,-0.0001963999711629009,6.0782458349801386e-05
283,AL_L_283,AL_L,AL,L,20,0.09800361580635567,0.030598810109228138,0.04803304982785969,-0.16830218580357356,-0.19386902952159057,0.053034783253692305,0.23807592491003798,0.018804079,-0.00023347874683577662,2.4279602589225215e-05
284,AL_L_284,AL_L,AL,L,20,0.4773114566890806,0.4322253143992042,-0.676869177627595,-0.10774889257729377,-0.0689731028210716,0.061059421826401214,0.2401888885383198,0.01826638,-0.0002955799786798127,-7.309975422644288e-05
285,AL_L_285,AL_L,AL,L,20,0.540186161152695,0.32197135479018846,-0.5682121534263149,-0.861287390733572,-0.17571181359889515,0.06417172963950253,0.24004488422912665,0.018396053,-0.000449023996329483,0.00015476067685261968
286,AL_L_286,AL_L,AL,L,20,1.0026434795356551,1.1045348810681548,-1.064593455893983,0.1519465305482236,-0.31803560103519435,0.07277365556722787,0.24465955717097168,0.017855298,0.00032988448222456677,-2.3208167292216296e-05
287,AL_L_287,AL_L,AL,L,20,0.09922017964401028,0.11743029678188979,-0.07223117706507853,-0.8073704742612214,-0.2088883736202793,0.0536946889352196,0.23862170737583316,0.018667188,-0.0013952956764263413,-5.7956662412204406e-05
288,AL_L_288,AL_L,AL,L,20,0.2614477485336675,0.08727222078796645,-0.03569188468489001,-0.7226707336686585,-0.250010153310421,0.05800962646166798,0.23815294723681402,0.018726775,-0.0009012519265639843,-4.3399691943965425e-05
289,AL_L_289,AL_L,AL,L,20,0.8171021844120891,0.7853504619099143,-0.8234358354318336,0.6775413735575441,-0.09416782016870659,0.06876712160384713,0.2425874920248455,0.018074691,0.00038222183364397484,0.0002061971564395125
290,AL_L_290,AL_L,AL,L,20,0.21465597664615238,0.21823945230888095,0.21579837436154295,-0.2867369705125661,-0.2147254657386351,0.05648503334704981,0.23934810108708185,0.01902182,-0.0007637189635335535,-1.562891441828698e-05
291,AL_L_291,AL_L,AL,L,20,0.6063307143167629,0.5650406245294624,-0.7305675306958942,-0.19757009625339234,-0.1254282965582058,0.06399471108897023,0.2411863702913552,0.018251805,-0.0001683359931425532,0.00019858542851634446
292,AL_L_292,AL_L,AL,L,20,0.9425547958380947,1.220926763379236,-1.5122311252778786,0.6131419294637417,-0.1405308491100379,0.07140275790182371,0.24524319103945014,0.01751832,0.0007964923772779727,9.41893085913074e-05
293,AL_L_293,AL_L,AL,L,20,0.6242324033773187,1.1073313396168518,-0.4678798864457037,0.10165139558147925,-0.10590655761197669,0.06516707929714666,0.24461413191722925,0.018380376,0.000550906276047398,0.00020994814754754786
294,AL_L_294,AL_L,AL,L,20,1.0080073997865668,0.7182022435143127,-0.9739377468395999,0.07182143639388636,-0.33873459900971703,0.0725962412128827,0.24168500538823467,0.017897505,-0.00026127152406607617,-8.511138877925052e-05
295,GOR_R_295,GOR_R,GOR,R,20,0.685361940186579,0.22596604154901406,-0.21268822834690204,-0.1452623261555493,-0.1338248942631967,0.06706417583125288,0.23874116288621255,0.018465037,-0.0003868401323442855,0.0001085676467182026
296,GOR_L_296,GOR_L,GOR,L,20,0.4009554428095434,-0.0846139855910243,-0.09138910899759205,-0.13919968260407875,0.07775811676258151,0.06194953354549576,0.23774375069619094,0.018661084,-0.0004642778597757526,0.0001260685038025835
297,SCL_R_297,SCL_R,SCL,R,20,0.435557167738369,0.28825838039592566,0.20515453760261435,-0.1903100124211937,-0.24476159114671242,0.06125643916972007,0.23931287775683172,0.018695394,-0.0005869335541808609,-1.8775813909927264e-05
298,SCL_R_298,SCL_R,SCL,R,20,0.10823285950879283,0.4293806668217778,0.22075116260911662,-0.24656709225162504,-0.10584701044968152,0.05567760067512155,0.2400833438763374,0.018728467,-0.0006763748255844769,-9.601898689967194e-05
299,SCL_R_299,SCL_R,SCL,R,20,0.32542524589617905,0.2583729071734899,0.03671279052868419,-0.02603612951532961,-0.17572728776835064,0.060746156051423514,0.24019040561997418,0.01873764,0.00044113863511055924,0.00016957133714824268
300,SCL_R_300,SCL_R,SCL,R,20,0.6335141664088555,0.35844293343414146,-0.11181785359552446,-0.3033703703419147,-0.26397871240527715,0.06679254513733303,0.2404551015879571,0.018437184,-8.434068204838211e-05,1.6474698903478848e-05
301,SCL_R_301,SCL_R,SCL,R,20,0.3237460607391182,0.46859123913765527,0.07167504597977753,-0.19466361632656332,-0.061233099008678016,0.059203164958631406,0.24061329942490173,0.018617615,-0.0007379378434620835,-1.3082903515052578e-06
302,SCL_R_302,SCL_R,SCL,R,20,1.167650799763599,0.909599405161274,-0.5227640356034653,-0.06984669803096841,-0.3825275075366031,0.0782706044782877,0.24365986176565468,0.017925557,-0.00031176236812743065,-5.5228225230343376e-05
303,SCL_L_303,SCL_L,SCL,L,20,0.3607772333579783,0.076621167201286,-0.02120161336591761,-0.4487239310090801,-0.14157231246809593,0.0619977821966072,0.23914868070597559,0.018536638,-0.0008961262390254486,0.00019366864170876835
304,SCL_L_304,SCL_L,SCL,L,20,-0.003797875743407825,0.24989646377912175,0.29269221190131633,-0.452652314008059,0.14414510134968708,0.05232045821012675,0.23979799415294925,0.018851588,-0.000950344468633476,-2.0490790363143002e-06
305,SCL_L_305,SCL_L,SCL,L,20,0.2275630748239826,0.2843117331190619,0.18487458210560165,0.28057887677988935,-0.15479360613656135,0.05755083311855168,0.2394840281641173,0.018802278,-0.00013183448532511907,-5.046995269951442e-05
306,SCL_L_306,SCL_L,SCL,L,20,0.39220785778741857,0.5264549704569987,0.01983561037193093,-0.3413931187831166,-0.1343964152750988,0.06381185332032051,0.24182128548611134,0.018420538,-0.0008084049890425719,8.110198303043073e-06
307,SCL_L_307,SCL_L,SCL,L,20,0.5717318147278763,0.4388715606824826,0.02012612944808728,-0.3171940535116661,-0.3888066974191037,0.06764164617603355,0.24117458142763853,0.018588137,-0.0004494987687399611,-3.376959204578676e-05
308,SCL_L_308,SCL_L,SCL,L,20,0.24869537562444863,0.11021707198097172,0.17247229263828692,-0.36110092606267397,0.047251698240177345,0.06022518886281891,0.23996972571109013,0.018902931,-0.0007478333647928118,0.0001358243847456064
309,SCL_L_309,SCL_L,SCL,L,20,-0.29741930479859535,-0.13788898137809355,0.6894081359144084,-0.06953344726958909,-0.0893761217364526,0.0470097736732802,0.23727217764475922,0.019260326,-0.0003336008415627693,0.0002966717272314019
310,SCL_L_310,SCL_L,SCL,L,20,1.4677362391239552,1.2086630761371144,-0.9388497377285727,0.16181786908418266,-0.3747221737037517,0.08543547625290138,0.24541856914711632,0.01784442,0.0001233832264135149,-6.91130443871573e-05
311,ICL_R_311,ICL_R,ICL,R,20,0.07296273568122837,-0.3204485280411143,0.2812663084024708,-0.1303812242198082,0.110419867427658,0.05345322945253609,0.23628117916424657,0.019138254,-0.0005115646858784011,0.00013834672561611764
312,ICL_R_312,ICL_R,ICL,R,20,0.27110877747273393,0.16590657087260802,0.1732891340787404,-0.09848185671193568,-0.11541915723943963,0.060193585699663224,0.24013698764833752,0.018674973,-0.00013805773929056735,3.141227529473325e-05
313,ICL_R_313,ICL_R,ICL,R,20,-0.05261513865067659,-0.3704862745713752,0.16352419180495673,0.02926566562690176,0.015545887724449694,0.05177983921904229,0.23577418298494193,0.019010417,-0.00023015155205155752,-3.055450079551346e-05
314,ICL_R_314,ICL_R,ICL,R,20,0.16698176403878967,-0.01715794165428786,0.31121097089776906,-0.09624428896812223,-0.07208881768846202,0.055698502232654754,0.2380874667475043,0.018892992,-0.0006686475047923788,0.00025589995539562716
315,ICL_R_315,ICL_R,ICL,R,20,-0.19883661393947513,-0.28099531068453143,0.2473893211313824,-0.33653849249062145,0.33722488899870157,0.04737635787743769,0.23611675133674312,0.01905239,-0.0005428738964484597,0.00025238514859403794
316,ICL_R_316,ICL_R,ICL,R,20,0.054426937053528815,0.11523672797663904,0.31589002946421985,-0.03279767038659191,0.09906123040447622,0.05539246535661464,0.23943549592238883,0.018824127,0.00027709684977045605,0.00022717110933233227
317,ICL_R_317,ICL_R,ICL,R,20,-0.17925740959856912,-0.264586326893659,0.2550425097129665,-0.16875711338237084,-0.6695910300644755,0.050403388206295606,0.23697681525969827,0.018866882,-0.0008046595820616242,-0.00020337793990694484
318,ICL_R_318,ICL_R,ICL,R,20,0.7950500558756418,0.23476221430431649,-0.15597082563707482,-0.22722916794467135,-0.1672376480304948,0.06959833426506865,0.23928976232215046,0.018391337,-0.0005832543266787018,7.129157467661885e-05
319,ICL_L_319,ICL_L,ICL,L,20,0.163903502514107,-0.2207069556262069,0.031707238699296605,0.1757948604962689,0.2911663473478402,0.0571719523516079,0.23658332441676416,0.018712066,0.000288264092744936,0.00043778900683639295
320,ICL_L_320,ICL_L,ICL,L,20,0.06792874742086737,-0.04090572776735775,0.20106484760242166,0.03426026528554858,-0.09870920613066084,0.054929433757097926,0.2377763948485095,0.018768042,-0.0007041482394387257,2.4769276539446855e-05
321,ICL_L_321,ICL_L,ICL,L,20,-0.17789901937983527,-0.34689022237266715,0.1634574815329174,-0.019471350714431974,-0.08797636211635154,0.04983436773028491,0.23568017889963774,0.018988486,-0.000326828318239278,0.00010248334597986821
322,ICL_L_322,ICL_L,ICL,L,20,-0.32613681049134036,-0.5437339456629082,0.37530008399546433,-0.012164022146389805,0.14472690278319095,0.04760524167053376,0.23475231147864525,0.019079003,0.0001349606531378487,0.00028930945863177824
323,ICL_L_323,ICL_L,ICL,L,20,0.325573904245431,0.2617704895219041,0.07903247084765042,0.19321789015370086,0.08527444771744015,0.0627213881355976,0.24076938314723179,0.018688938,-0.00010639928825826773,0.0001207443930744374
324,ICL_L_324,ICL_L,ICL,L,20,-0.32823119299749787,-0.2764207382426226,0.2611898826157163,0.03125090716768118,0.24399735965476688,0.046492453494706924,0.23644998900932732,0.019073835,-0.00015929082517382044,0.00026559063188422096
325,ICL_L_325,ICL_L,ICL,L,20,0.2135948425337327,0.17733831364112385,0.14084580106976752,-0.1207076476502635,-0.11703154250185184,0.05922578059524682,0.23882930143323522,0.018625231,-0.0007383509049484823,-2.9821388718613214e-05
326,ICL_L_326,ICL_L,ICL,L,20,0.7732964743784903,0.2240969335129912,-0.42800102259367934,-0.2743566681953242,-0.0053796331765456114,0.06996490048997582,0.23928988796438025,0.018332256,-0.0001042167173469319,0.00010126065261650583
327,ME_R_327,ME_R,ME,R,16,-1.2640643926749053,-0.8012167683603597,0.3200001855511479,-0.1327896257828254,-0.3522895320060965,0.025790601663982473,0.23320932473011463,0.018266514,-0.00010079122164303089,3.5168917415076943e-05
329,ME_R_329,ME_R,ME,R,19,-0.8788249876479949,-0.34541811950595613,0.4503539710980044,-0.1657399906281991,-0.02121164046777987,0.03515493942963258,0.23531203927623456,0.018673776,-0.0005340042610704311,0.00021163521134682709
330,ME_R_330,ME_R,ME,R,19,-0.8225192907370288,-0.4718740690396967,0.04678680161099985,-0.062078496576275746,-0.24592073979666199,0.03782066802359204,0.23435801726727926,0.018195977,-2.0007112654311613e-05,5.0060260452076185e-05
331,ME_R_331,ME_R,ME,R,19,-0.8506066459007673,-0.4035884996017122,0.3777661866120782,0.06808454911330887,0.8757208334795806,0.03424442768107453,0.23500073062317173,0.018875618,-1.524557635076501e-05,0.0005088023021974558
332,ME_R_332,ME_R,ME,R,18,-1.1524032800832855,-0.7618073295671871,0.4888274645903256,-0.18607161273649636,-0.3493079939980154,0.029442445409199117,0.23351162981548215,0.019038318,-0.00013986151247833022,-0.00018699639046648384
333,ME_R_333,ME_R,ME,R,19,-0.6396277726152279,-0.49087585846190107,0.3860794966449965,0.16601610895278143,-0.022057217405687054,0.039566496442202816,0.2351203157628908,0.018771982,-1.0145029270167805e-06,0.00012910090308347638
362,ME_R_362,ME_R,ME,R,18,-0.9041510849764874,-0.6351624703541008,0.00429765787406493,-0.19960280678930584,-0.4035866753673071,0.034510220127343824,0.23246613215216852,0.018631103,-0.0005592513031720301,-0.0004434655274249743
363,ME_R_363,ME_R,ME,R,15,-1.4421177575238713,-1.2963968798095329,0.2728439515288336,0.19255240231093967,0.3431961308256839,0.020763482211124406,0.229474650247979,0.018068416,0.0007055578217989744,0.00043135988570380834
371,ME_R_371,ME_R,ME,R,18,-1.2372885803732037,-0.8198056704848585,0.4362954603638759,0.0015237109178044767,-0.10189423878436947,0.026315269093364187,0.23347913878986296,0.019244503,-0.0001311853846448502,-0.0002122096283443752
373,ME_R_373,ME_R,ME,R,16,-1.2814344573795755,-1.001500400140692,0.2678844921099788,-0.10816842497224657,-0.5856297395259025,0.026366037644312286,0.23187046991846322,0.019014727,6.526496897588548e-05,-0.0002691154308573116
382,ME_R_382,ME_R,ME,R,15,-1.482299970260371,-1.1302785903170327,0.16157241801634425,0.44201975473515803,0.5707143591628308,0.021589112955067918,0.23042083103127778,0.019550947,0.0032269553111338345,0.00041303926279767287
385,ME_R_385,ME_R,ME,R,16,-1.5216863509544403,-1.4058099551341292,0.28471259394873694,-0.07579584383489664,-1.0857770782321248,0.020562305010417465,0.22886677177045064,0.019799521,-6.551261245491417e-05,-0.0014686666188737769
390,ME_R_390,ME_R,ME,R,18,-1.3356943410129747,-1.2601147037098759,0.10461089002225098,-0.24097661464333228,-0.4084789560421005,0.02392391360614076,0.2286548862285354,0.018621746,-0.0004234499648582629,-0.0008075950675331463
398,ME_R_398,ME_R,ME,R,16,-1.464929797895891,-1.453058287050021,0.06168521145798841,0.008970034010618917,-0.03271615831073951,0.021823716647681825,0.22843231638413802,0.018981922,0.0004949383582210887,4.493185521442446e-05
438,ME_R_438,ME_R,ME,R,18,-0.9696458484769808,-0.6358447608456967,0.4548891973294751,0.023502898541249314,0.35567353657812983,0.03229574218505846,0.23377674124968306,0.019091167,0.0006551910416564781,0.00035051751766718105
440,ME_R_440,ME_R,ME,R,18,-1.174759165037398,-0.6770949175632216,0.2947310236574984,-0.030243440859856172,0.4763604233404421,0.027788654054082602,0.23336142688408545,0.01899029,6.333566889072692e-05,0.0007733286626295138
442,ME_R_442,ME_R,ME,R,18,-0.14313024613325448,0.32642826791101587,-0.011321133849240403,0.18916241455841065,0.08955671226288416,0.051680957394248134,0.23823845787817088,0.018148564,0.0002946536873189406,0.00014429117858658498
443,ME_R_443,ME_R,ME,R,18,-0.9519971768549537,-0.6426547301499076,0.5829701382542427,-0.14212756838225848,-0.4724675787255656,0.03178768206525728,0.23377871059882682,0.01910881,-0.00021850895697397182,-0.00014577829295494115
445,ME_R_445,ME_R,ME,R,18,-0.6866236261688239,-0.4060480114483549,0.0684893167649241,-0.05888225787512569,-0.39545547358579797,0.04097778973430835,0.23476434319872702,0.01836278,-0.00039502902008556177,-4.469245693177705e-05
446,ME_R_446,ME_R,ME,R,18,-1.2245527667751839,-0.9887548546309289,0.43264077301003867,0.007640449877580457,-0.05605987625075485,0.02790780907361103,0.23207609835192824,0.018894326,0.0002767409009489327,0.0003667761036345911
447,ME_R_447,ME_R,ME,R,18,-0.6170509380959012,-0.41691368185614713,0.1515220950561653,-0.05205464618320068,0.26686332051335354,0.04203946030837106,0.2361463311509622,0.01864617,7.609935841411558e-05,0.0009141479443058279
448,ME_R_448,ME_R,ME,R,18,-0.625536269101244,-0.3214531923274617,0.03511148103543618,0.020910344809283554,-0.38157271739392284,0.04281732880196169,0.23584500308619966,0.018331544,0.0001574275870709905,-4.586550063235873e-05
449,ME_R_449,ME_R,ME,R,18,-0.5892462133378861,-0.17086701409991942,0.0016288124355777825,0.15845306638529286,0.24261859904822156,0.041506079400802066,0.23690983321625636,0.018642051,0.00020343261454237706,0.00021892111282070863
450,ME_R_450,ME_R,ME,R,18,-1.044649078803592,-0.754727493586447,0.13448293839793385,-0.03548039009670753,0.16764050934580357,0.03158340616443089,0.2324045364937155,0.018686507,-0.0005060798455556287,0.0004200862737551691
451,ME_R_451,ME_R,ME,R,1,-1.3241048119217835,-1.0590521218826232,1.7959694603531995,0.26461027686702665,,0.01808207576678979,0.22821238928184848,0.011922527,0.00011628756315953899,
480,ME_L_480,ME_L,ME,L,13,-1.562465810461578,-1.6878074554869198,0.11094225987183531,0.01863178743188191,0.35729278990719404,0.019572192599684676,0.22778975252548123,0.017614517,9.958002473813153e-06,-0.0005305688293221753
481,ME_L_481,ME_L,ME,L,19,-1.4661382311279418,-1.3795206297654492,0.30667851848208677,-0.029240502010316104,-0.28326236289629103,0.022589607764877315,0.2289871324065547,0.019373428,-0.00039694467089600714,0.0008624313983941534
483,ME_L_483,ME_L,ME,L,7,-1.7128696366369855,-1.839864076855101,-0.3228411579990259,0.5738368574724213,-0.21368441324219042,0.02080822988670535,0.22834678645599935,0.019424837,0.005808322486520274,-0.0010764338644283897
491,ME_L_491,ME_L,ME,L,19,-0.8556833219457162,-0.5867641420576618,0.22187262366509622,-0.04203696954028749,0.2513082040344174,0.0358423102665564,0.23414268290447296,0.019367391,-0.00029197154574153137,0.00036264234742425586
492,ME_L_492,ME_L,ME,L,18,-0.8078303812827818,-0.7153509671103565,0.22844569297581266,-0.0951989174339674,-0.350365374463502,0.03448772396764917,0.23276432777017275,0.0183544,-0.000513437683032876,-6.928692756298817e-05
493,ME_L_493,ME_L,ME,L,17,-1.4539038778639242,-1.3869174948837824,0.25095862988939655,-0.1276620378452394,-0.46085943123266454,0.021720555712615996,0.2294372536158407,0.018665684,-0.00015430096786388865,-9.551555307479798e-05
494,ME_L_494,ME_L,ME,L,17,-1.4296204581042977,-1.2886113961135943,0.19429482880587579,-0.0475450252629904,0.15042217154023194,0.022610257356588247,0.22951298213957502,0.018482476,-0.00029316992667727146,-0.0003385780271295114
495,ME_L_495,ME_L,ME,L,15,-1.5402967301351955,-1.5281409139007416,0.015300204799475529,-0.051567558363218816,1.311012449875556,0.021285285291649487,0.22834286137485021,0.019389242,1.0398922163692669e-06,0.0014728779995425015
496,ME_L_496,ME_L,ME,L,17,-1.21834016297554,-0.9873174184919873,0.010736948243034642,-0.13857577071289046,0.20123660033506097,0.027577599190504277,0.2312491442958357,0.018501146,-0.0003277922022296812,0.0001081403636413882
497,ME_L_497,ME_L,ME,L,17,-1.4077615069354008,-1.1161661745736835,0.41507765854607503,0.028722677567128593,-0.3521263116476249,0.022612956004988506,0.23081239823057106,0.018851869,-8.736164355510773e-05,-0.0005238410878306319
498,ME_L_498,ME_L,ME,L,17,-0.7719760281940059,-0.6200373781763643,0.24440047323059008,-0.11168864978709292,0.09594230907661808,0.03593242977430133,0.23425167188578244,0.018821586,-0.0005012152512551091,0.00035148916097349237
519,ME_L_519,ME_L,ME,L,2,-1.7325627901070324,-1.184128803773604,0.07773889123644984,-0.08635747278236029,3.6234266615425996,0.021095821648980728,0.22825743580738728,0.016587028,-7.969198863866465e-05,0.001614326763498996
525,ME_L_525,ME_L,ME,L,1,-1.663162669095569,-1.7129551082670647,0.4138857062322718,-0.24851182145055284,,0.019384144467067068,0.22450567254869686,0.025192166,-0.0003663034784088356,
531,ME_L_531,ME_L,ME,L,15,-1.3367915221398785,-1.3450495487179264,0.29698431564485955,0.22792532695188328,0.18659907175980553,0.02533864196891297,0.2294638331850642,0.019461852,0.0006956493819590758,0.00042421696560116765
545,ME_L_545,ME_L,ME,L,18,-1.359067535861218,-1.0372455441946824,0.14120111201117597,-0.0903209260735992,-0.7399033141533412,0.024063615975239032,0.23095690534263383,0.018358162,-0.0005405991224553923,-0.0003104283403853344
546,ME_L_546,ME_L,ME,L,19,-1.0394352446122235,-0.8100380357278413,0.29958756518786694,-0.12021878842977878,-0.002092308781962545,0.03201373499257899,0.23321506118932636,0.01944594,-0.0002817722857996341,0.0003643101633286956
549,ME_L_549,ME_L,ME,L,17,-1.4793434968962507,-1.5019840561286342,0.36006954558044235,-0.18046067335747415,0.8079407177523671,0.021610957537379863,0.2286368297229543,0.018745122,-0.00018479186738787156,-0.00039995865887745266
550,ME_L_550,ME_L,ME,L,19,-1.1535601562557967,-0.9688560773438395,0.4289698151661468,-0.02933467360811016,0.6696414063535028,0.029303789442064652,0.23130609222178866,0.01956431,2.7685634028199015e-05,0.0009546642460951934
551,ME_L_551,ME_L,ME,L,3,-1.6944926117428583,-1.364763880550304,0.26278764504393887,0.0318531861364173,,0.01801913449091019,0.22631640433166225,0.022382015,5.050502323549352e-06,
561,ME_L_561,ME_L,ME,L,18,-1.3773525788865397,-1.221279570019216,0.10593124263659119,0.02680892817427936,0.2738081276744812,0.023370444718153163,0.23036026863346348,0.018294333,6.010487348118218e-05,-0.0002277887161543115
569,ME_L_569,ME_L,ME,L,5,-1.370421327282412,-1.155778979803586,0.315735648390728,-0.05834679603845729,6.296373443158282,0.01903696220063588,0.2279311909322231,0.016011892,3.489261477158879e-05,0.0016947250440716743
580,ME_L_580,ME_L,ME,L,2,-1.1625438783769417,-0.9861329597876927,0.7106796136885765,0.27701583323448076,,0.019900040821615495,0.22765909910286164,0.016826091,0.00025985043527040105,
592,LOP_R_592,LOP_R,LOP,R,1,-1.5405799592881901,-1.0980836470265136,0.372698178088755,-0.1493964987049893,,0.017353737770244078,0.22703622684624633,0.0121320635,-0.00010383194645068475,
597,LOP_R_597,LOP_R,LOP,R,9,-1.7083237553570088,-1.6412318359920364,0.4105477277865051,0.27939828485851065,2.493875157700776,0.021928556889472615,0.22934366013680174,0.023599228,0.002788951818345999,0.0010550721920810583
608,LOP_R_608,LOP_R,LOP,R,1,-1.5262831640503107,-0.9632547450620386,1.0058346119490098,0.13226727299394447,,0.0175569042967265,0.2278281341618207,0.012393311,9.192697637315308e-05,
633,LO_R_633,LO_R,LO,R,15,-1.5717624558177785,-1.400645158841281,0.032958668657589146,-0.004975706149435769,-1.8221218810189113,0.019111191292039042,0.22857070104611485,0.017955117,7.635554513247644e-05,-0.0021104878990933678
634,LO_R_634,LO_R,LO,R,20,-0.8515316241414137,-0.68031512907913,0.490008089026987,-0.022692772911235358,0.0645071909077888,0.037627221037364864,0.23419014154834844,0.019070322,-0.00013656376854989316,0.0001681241839282805
635,LO_R_635,LO_R,LO,R,17,-1.4827246949164579,-1.3397908179983742,0.14745747078230484,0.07049320729187365,0.562962645566733,0.02048397780828175,0.22963281782723338,0.01849685,-8.795464936288666e-05,0.00039952152827936205
636,LO_R_636,LO_R,LO,R,19,-1.0817798777245116,-0.6909176583555627,0.4478133030646311,-0.040731963874967546,0.96270978892929,0.030834588385746067,0.2345438087715425,0.019361263,-0.00029385534089616615,0.0007624230563895874
638,LO_R_638,LO_R,LO,R,18,-0.8602394327892701,-0.20923534646747935,0.4149743480530711,-0.05614542389784484,0.9678904966292661,0.03533967613534722,0.23775343886272346,0.01978981,-0.00036097748528983627,0.0006143924415447955
639,LO_R_639,LO_R,LO,R,7,-1.4044235121537094,-1.1395359808736498,0.5018518273010583,-0.03899573827786175,0.23824619617517184,0.017998817120914272,0.22862888352808602,0.015126506,-3.014972454511305e-05,0.0002627803422284845
642,LO_R_642,LO_R,LO,R,19,-1.3349806329806153,-1.0662701716552543,0.25481920253235524,0.09859605489623265,1.2974171656388438,0.024518667779413163,0.23134719075982887,0.019330163,0.00044000193034475363,0.0008414421687985585
643,LO_R_643,LO_R,LO,R,19,-0.7185499011189714,-0.4513725300676772,0.43234212686629736,-0.07250464101720702,0.16757222187625304,0.03808319185359723,0.23558391540438925,0.019458355,-0.00045314534565726975,0.00041093730465304644
644,LO_R_644,LO_R,LO,R,19,-1.0098872781617776,-0.7353236983326541,0.2623001891068889,-0.03469933147970234,0.47135556103506193,0.031806347462820975,0.23353993491350428,0.019339161,0.0001497491619337753,0.0003508726802006534
645,LO_R_645,LO_R,LO,R,19,-1.0142712721506615,-0.7433912823283239,0.46683495387400475,-0.00962593876298726,0.7285500769734944,0.031385527902258126,0.23285335920949907,0.019446835,6.326759675342234e-05,0.0008652558553995547
646,LO_R_646,LO_R,LO,R,19,-1.226939222325812,-0.9255404616247364,0.458252544338828,0.032587538913608584,0.353478604812853,0.026771674027207287,0.232479111928638,0.019468447,0.00023014026049378113,0.0005646799602177852
647,LO_R_647,LO_R,LO,R,19,-1.0994640307915275,-0.5696669498239784,0.428538074196872,0.10929410801702505,0.6254178453353212,0.0294276017649288,0.23475480252254766,0.01940967,0.0003195090953954357,0.00041766707410634073
648,LO_R_648,LO_R,LO,R,19,-1.262493065215295,-0.9436810586821087,0.3261063446293954,0.07423492308090633,-0.37532666959273514,0.02557348063260992,0.23245766115516514,0.01926923,0.0005266049316218912,-5.300212767360114e-05
649,LO_R_649,LO_R,LO,R,19,-1.308780292811262,-0.7775806171054499,0.6795020541773573,0.04066866529467599,0.5906974167137257,0.02494109770683945,0.2330606686134899,0.019535948,0.0006083198993962513,0.00019756717080310514
650,LO_R_650,LO_R,LO,R,19,-0.9023769036479434,-0.5567236337446712,0.6175454663016906,0.05276710170870427,0.3315243633918355,0.03366385057931667,0.23474206763817962,0.019528085,0.0004670872473180143,0.0003077183704373202
651,LO_R_651,LO_R,LO,R,18,-1.3641942471683595,-1.0789574666690576,0.41017313264418376,0.07724682402806542,0.10665575574933862,0.02344351935589981,0.2317618143177294,0.01907041,0.0003486631009948392,0.0003856459958887405
652,LO_R_652,LO_R,LO,R,19,-1.532752117659969,-1.3010907797345457,0.3745379332807259,0.021018033712307625,0.482985991818086,0.02045973388109747,0.2290018375749642,0.019218797,-8.372263797946087e-05,0.0005984797877553621
655,LO_R_655,LO_R,LO,R,19,-1.2175472730966979,-1.0414088131096784,0.3261179253123791,-0.08219808883404707,0.48416100622129754,0.027267463254928074,0.23096350318822492,0.019256312,0.00021677670943304376,0.00033622732038222843
658,LO_R_658,LO_R,LO,R,1,-1.4017890508330837,-1.4036614651473385,-0.10491895482515394,0.25296881405493715,,0.017152432218043624,0.22726515499698174,0.011212653,0.00011117152096322405,
659,LO_R_659,LO_R,LO,R,17,-1.431696331297185,-1.2014595293016943,0.5248129264649647,-0.10719865911909628,-0.7807410244891297,0.022141561294745656,0.23005666431224078,0.019589102,-0.00013853354695821145,-0.0006717357822536923
660,LO_R_660,LO_R,LO,R,8,-1.4111934106280477,-1.310970295852242,0.3038346179671473,0.02727027767919857,1.2200342694165114,0.017184238559804776,0.22728357068930127,0.015156642,-2.4016174913805745e-05,0.00022745636249348479
661,LO_R_661,LO_R,LO,R,19,-1.1483347190725244,-0.6820787120775367,0.4492818253242669,0.024899568856781695,1.3158165077984876,0.029429665604559296,0.23391772152140058,0.019500589,-4.592452889371398e-05,0.0003576579927902266
662,LO_R_662,LO_R,LO,R,19,-0.7784590653632256,-0.21861145113311506,0.47573303019068025,0.19466377073722252,0.8169429555302387,0.0378433066754375,0.23764148455089765,0.019525787,0.00036235510893927565,0.0006901862409973026
663,LO_R_663,LO_R,LO,R,17,-1.4150348233219987,-1.1442862673730756,0.4377898448169938,-0.047786328747601234,0.3818830344311671,0.02264834429389226,0.2313079448268287,0.019597309,1.4726397681488247e-05,0.0001354912153692403
664,LO_R_664,LO_R,LO,R,8,-1.7335608588618252,-1.6801398960239757,0.3438054354108028,0.208189178864598,-0.9080613673570946,0.019625796418749456,0.2281823923313485,0.022637503,0.0021760188444253617,0.002077889268278283
665,LO_R_665,LO_R,LO,R,17,-1.299872667920576,-1.0212415820752903,0.28070323200540637,-0.023902323229418085,1.0819811431153175,0.02639139102774794,0.23210660089866292,0.019483492,-7.765161031426905e-05,0.0010261466625091302
666,LO_R_666,LO_R,LO,R,17,-1.4920297473830904,-1.1641929711678305,0.49129554415304627,-0.0027169868585677198,0.2636740374799559,0.020584326194410325,0.23038137583041993,0.019692738,0.0005343694462030904,-0.0002445005477678765
667,LO_R_667,LO_R,LO,R,10,-1.472003542711149,-1.2427072856862273,-0.09241393961217785,0.11189447143493189,-1.44115491946977,0.017391080627053742,0.2278668663980581,0.016706744,6.477865670202842e-05,-0.000409687727556697
669,LO_R_669,LO_R,LO,R,13,-1.6048940747713412,-1.6601722068185867,0.10354970433982576,0.18089801230137484,-1.337313492854073,0.01872775049549839,0.22786975726209743,0.01896566,0.0017257883524791036,-0.0016489894740934733
670,LO_R_670,LO_R,LO,R,15,-1.5870234143973456,-1.4962366672554985,-0.05563672487778157,-0.03160936519030492,-0.371991484117097,0.01907935619666116,0.2289048653472881,0.01890434,1.235100978712755e-05,-4.228928466172209e-05
671,LO_R_671,LO_R,LO,R,19,-1.2762930530249639,-0.8245324624074969,0.2678661437065883,0.011706613344177979,1.1875537003376258,0.025712287899024057,0.23278668213329665,0.019294119,0.00045890024989868084,0.0012113734796803117
672,LO_R_672,LO_R,LO,R,16,-1.404581999363856,-1.228584778978515,0.5196969579797099,0.04216516388983732,-0.31335368598851376,0.022398870987671293,0.23027184672704992,0.018822568,-0.0002474655492763637,0.0003578782115549467
674,LO_L_674,LO_L,LO,L,7,-1.782619840347526,-1.4563632267070177,0.049250267323252696,0.27099454613069346,-0.22781959338400465,0.019649929389121624,0.2321384088998944,0.021884209,0.0015407211593620053,-0.0006146066275988141
675,LO_L_675,LO_L,LO,L,20,-0.867921609181417,-0.5799792978665633,0.08058805009607123,-0.0895520977132813,0.5410896180581474,0.035654936234526105,0.2345424973967646,0.018936222,-0.00020131030336231976,0.00039857897982951946
677,LO_L_677,LO_L,LO,L,19,-0.9205426278297913,-0.5142164919718365,0.4956770155366141,-0.2529332012716518,0.34469720789417446,0.03227709414763267,0.23431160542065277,0.018273452,-0.000865191051879858,0.0003663648769751069
679,LO_L_679,LO_L,LO,L,18,-1.4939118897373536,-1.010077498364729,0.7485739147862301,0.03691875772185164,0.6483623282242512,0.020807769344816665,0.2306179456589747,0.018471895,0.0003207526096660173,-0.0005028437171270932
681,LO_L_681,LO_L,LO,L,2,-1.7076229508074259,-1.33625175170032,0.5256775697909362,-0.21069862349118926,4.900452570885935,0.020596423048078533,0.22818102226393328,0.030648284,-0.0008013901469483673,0.006159529749906265
682,LO_L_682,LO_L,LO,L,2,-1.8462866752571858,-1.3241165992589674,0.534385185658935,0.13182967150699137,,0.018390186677485883,0.2276244303975092,0.024513697,5.686863227076047e-05,
683,LO_L_683,LO_L,LO,L,20,-1.004318278295734,-0.8994148821994117,0.3507450596528212,-0.02722147666987428,1.195979592702169,0.03190741304284971,0.23277864602186002,0.019275561,-0.0001348308033956443,0.0008289227132923891
687,LO_L_687,LO_L,LO,L,18,-1.3618193431012044,-0.9489174606965611,0.5296861225766787,-0.0007528128686342518,1.6183185453116535,0.02319846621324491,0.2320982953475869,0.018435199,-2.206664327198422e-05,0.0006297789878861016
689,LO_L_689,LO_L,LO,L,16,-1.367943615900545,-0.8249335688590586,0.49877397769790094,-0.031400170191613605,0.867766841477831,0.022401877505822357,0.2317399122565024,0.018164303,-0.0001984292234989087,0.0007408257883290947
690,LO_L_690,LO_L,LO,L,15,-1.5904956311111487,-1.4912827338869983,0.014974067237410838,0.3363609686246355,2.165122463883219,0.01838970976009959,0.22785001323365323,0.017467795,0.0030909361225837325,0.007293767379570334
691,LO_L_691,LO_L,LO,L,18,-0.864654138590732,-0.4803515547825578,0.4251791465271262,-0.05243687936043769,0.7027003692022398,0.033813210540992004,0.23507153297217886,0.018373827,-0.00020107135653332789,0.0004877541144620061
693,LO_L_693,LO_L,LO,L,18,-0.8440436806007081,-0.39397157945515127,0.32795948853873724,0.11707269771509157,1.2180057828761577,0.034198721520258574,0.23555820001733874,0.018334294,0.00014606701287093413,0.0006285011472015518
694,LO_L_694,LO_L,LO,L,19,-0.5046328559459468,0.1478027746401752,0.44018464411926805,0.1026892450633576,0.028351044613773496,0.04155042530696427,0.23797085399864412,0.018210933,-1.1434775027841893e-05,0.0002160116358459225
696,LO_L_696,LO_L,LO,L,20,-0.8372833511868599,-0.5413548384711006,0.474138174042556,-0.09082042468350264,0.8807694946714573,0.03475636239803178,0.23460619076764652,0.019268587,-0.00017233974974064452,0.0006666158978729972
698,LO_L_698,LO_L,LO,L,1,-1.9182339196792924,-1.6024479382716479,0.6679297956178246,-0.5576777191531879,3.5990694447037193,0.018347449260516405,0.226208156554615,0.01605185,-0.0005570497796884344,0.0008458272335404644
700,LO_L_700,LO_L,LO,L,18,-1.5432565870184005,-1.371030625775481,0.24195251491369602,0.12821244794656597,-2.967560166920766,0.01916576034694638,0.22913129748552574,0.01818687,2.8439210975101938e-05,-0.0031227156530028717
702,LO_L_702,LO_L,LO,L,18,-1.1338819104665165,-0.7014552535815903,0.353722082402564,0.016290176263875106,0.529505036009774,0.02795511414434602,0.2334821420983672,0.01842084,-0.0003564294195706867,0.00032316365288933353
703,LO_L_703,LO_L,LO,L,17,-1.5781252792103093,-1.6142657285811255,0.10573571825907094,0.18637182093579596,-0.4307209639443573,0.0185540961277194,0.22746830244331248,0.01803751,0.0015288578312196363,0.0018054191593674198
704,LO_L_704,LO_L,LO,L,18,-1.040559153892098,-0.7746068238295689,0.33430449327628375,-0.06696184400603689,0.37570371991019536,0.02988083986980707,0.23362990032298914,0.018417839,-0.00023614848182265918,0.0002696110628365161
705,LO_L_705,LO_L,LO,L,19,-0.46883112325062576,-0.4944574545776373,0.26091952184568895,-0.0011154075835149452,0.5539689274412143,0.04112698229070117,0.23502424153673152,0.018126776,-0.00019067545625157448,0.00028234280035215775
706,LO_L_706,LO_L,LO,L,18,-1.2939856343726133,-1.0920224358824664,0.30444376276067897,-0.07615185831887178,0.7541191237540955,0.0241785362366435,0.2315914437279176,0.01831242,-7.961538647342985e-05,0.001015602019429946
707,LO_L_707,LO_L,LO,L,18,-1.4502663848936734,-1.2130951945021793,0.25541718490154014,-0.09243368827976767,0.5560666955456934,0.021174603991782212,0.23024864603207895,0.018223276,-0.0002802953081302061,-0.00013532740353442303
708,LO_L_708,LO_L,LO,L,18,-1.294052332754761,-1.1696941557564435,0.2283469789003403,-0.08613034837239383,0.5172227859812936,0.024814095497367437,0.23102391220108448,0.018324368,-0.0001145025109789535,0.00018997473634780847
709,LO_L_709,LO_L,LO,L,18,-1.3255547919440724,-1.1319437073293006,0.1384117854373671,-0.13926699151195004,0.4539215781809705,0.023806221549820893,0.23103873800332408,0.0182191,-6.812039415166933e-05,5.0578139002832576e-05
710,LO_L_710,LO_L,LO,L,18,-0.9804618198660187,-0.8266346880468933,0.3758064299680849,-0.11704910599558338,0.4193477514187741,0.030826801371513612,0.23276509690165564,0.018489419,-0.0004937241551872704,-2.5096798542216646e-05
711,LO_L_711,LO_L,LO,L,18,-1.3921991994106717,-1.2259132501002203,0.23312271588668945,-0.04894162467224991,-0.745348533927444,0.022865274572167846,0.23053891934597845,0.018302746,5.703542694201702e-05,0.00017498759461849922
712,MB_R_712,MB_R,MB,R,20,1.0021122864587901,1.2385490852958845,-0.2104221708948119,0.25580018216444883,-0.20030409141361072,0.07307228323080428,0.2459372812247631,0.018632006,0.0012965128401959097,0.00012878147361215404
713,MB_R_713,MB_R,MB,R,20,0.02879462958086677,0.33048521112672546,0.37583196740606384,0.1007838124515102,0.19626900809377115,0.05345595503742954,0.2396982649671524,0.01900279,-0.00032115043228487036,0.0002521507134378341
714,MB_R_714,MB_R,MB,R,20,-0.10786833314228339,0.6230284303369478,0.4947629549290258,-0.014816154821462073,0.05931423494328464,0.04906628847119584,0.24317778713555124,0.01947765,-0.0005669847067936369,0.00011735025697093943
715,MB_R_715,MB_R,MB,R,20,-0.2522821239395312,0.6061700130923182,0.3873033302418176,0.03691794209483518,0.12640131123458231,0.04569087973559251,0.24209892402461733,0.01928739,-0.0005613315959203909,0.00017120397082116132
716,MB_R_716,MB_R,MB,R,20,1.3072505030693913,1.159262199396576,-1.1846111999420097,0.6582139493959628,-0.3829209047420575,0.07830882476323597,0.2446814350295452,0.017863054,0.0002410353300974871,-4.345145895679621e-05
717,MB_R_717,MB_R,MB,R,20,1.0173471813691073,0.46747155511233024,-0.5275804910295815,-0.2964741693857236,-0.564709742460682,0.07405706041637217,0.2401156093896267,0.017934304,-0.00016666597890595955,-0.00020657423147376515
718,MB_R_718,MB_R,MB,R,20,1.3075233217230755,0.9047921731236647,-1.0127939614423425,-0.43165152566199677,-0.22854888813827653,0.0809349642859801,0.24276751385759168,0.017892057,-0.0005561801339069551,7.579939135167727e-05
719,MB_R_719,MB_R,MB,R,20,1.8651613299543062,0.8467879706174563,-1.3770273554751569,1.3074702166282015,-0.2741274438726473,0.08957772854269094,0.24272521142728426,0.01771589,0.0010966018291769268,0.00013197922456024627
720,MB_R_720,MB_R,MB,R,20,2.52985031943134,1.6260374460848557,-2.8549287267817838,3.3287710778745057,-0.44606538274318785,0.10606162298410866,0.2473590718925019,0.016008731,0.005476517511570022,-3.921406735118193e-05
721,MB_R_721,MB_R,MB,R,20,1.376367058306844,1.1159339465768685,-0.9874873450946129,0.579800820851091,-0.3703187593878762,0.07852723453762726,0.24409925367523866,0.018161038,2.5818422263722167e-05,-5.907499509762139e-05
722,MB_R_722,MB_R,MB,R,20,1.5628733192301405,0.9340127557597029,-1.1786795202216942,0.727592919101752,-0.39166632414180863,0.08653990938311334,0.24335289289869483,0.017435791,0.0019926901858251245,-6.191420232383011e-05
723,MB_R_723,MB_R,MB,R,20,1.2440182905662198,0.9762773251522386,-0.6311220146666308,-0.4960213377905737,-0.2755225351521144,0.08125255264641698,0.24428870178132822,0.017915547,-0.0004203396329578822,6.431614565003587e-05
724,MB_R_724,MB_R,MB,R,20,1.5653390079153993,1.3248875957913953,-1.5580423673489412,2.3671933163700425,-0.38951628308503716,0.08594610810384733,0.24504070427495966,0.017479176,0.0026413222003350487,2.0692551430431754e-05
725,MB_R_725,MB_R,MB,R,20,1.3757768973783553,0.6312440233423033,-0.5587097368957163,-0.024958664181490377,-0.38623994148332336,0.08363088872342858,0.2415000659116763,0.01783482,0.0008509083268243928,-4.483721102826703e-05
726,MB_R_726,MB_R,MB,R,20,1.2527753488495719,0.627936236910997,-0.7759989088224521,-0.3067393431173347,-0.32157021461782853,0.07792175691423504,0.24137464565220715,0.018095227,-5.896240623604002e-05,7.690133971861985e-05
727,MB_R_727,MB_R,MB,R,20,0.5764793860189749,1.4247848584647085,0.2533583054213787,0.6143749901403894,-0.008418809024302112,0.06166762055984987,0.247387686487075,0.01934029,0.00010796399541700818,6.957329110116866e-05
728,MB_L_728,MB_L,MB,L,20,0.9938678442342581,1.0085707982877294,-1.190128653666733,1.3116148121875344,0.03812389708283786,0.07389326860582643,0.24283350635933076,0.017587654,0.001012641629823613,5.3789028370645456e-05
729,MB_L_729,MB_L,MB,L,20,1.945741460211046,1.2468968245748813,-2.221999439175133,2.112842892956256,-0.3492930610726079,0.09271143341549723,0.24530072127275898,0.016817782,0.0021582898820492477,-4.560007046323616e-05
730,MB_L_730,MB_L,MB,L,20,0.4125326978308087,0.3157441240171305,-0.3298015938808458,-0.1019951111580075,-0.09794484489166415,0.061956788259806994,0.23974424506759834,0.018481134,-0.000354763403976169,1.115645233870326e-05
731,MB_L_731,MB_L,MB,L,20,1.1873673792982422,0.6157606147582018,-0.788574549155344,-0.5824411058264399,-0.18431595028133568,0.07866500110814927,0.24109118582687294,0.017937843,-0.0005020132990762791,3.6731071544221025e-05
732,MB_L_732,MB_L,MB,L,20,0.020186205331090154,0.44136702064309297,0.18920726781989414,-0.11339502341490115,0.1875083967228428,0.053960863048312914,0.23992811677008072,0.018682148,0.00015869465518569495,4.277609403120045e-06
733,MB_L_733,MB_L,MB,L,20,2.1964938148844144,1.5157223958370902,-2.1837466410731,2.534830660502771,-0.32333312715381096,0.10088115780999958,0.2470334729944184,0.016366782,0.003196714292959895,-5.593448868886207e-05
734,MB_L_734,MB_L,MB,L,20,1.7594360685799377,1.2192370468555496,-1.4576361205859811,1.2768068830661212,-0.308589372052403,0.0905236035684399,0.24559228055953594,0.017357824,0.0006167372218724229,-2.8103941699582766e-05
735,MB_L_735,MB_L,MB,L,20,0.9321388372638282,0.4046215216635046,-0.9178022508110006,-0.013747922191273017,-0.4099852008535298,0.0734021133238956,0.23988147798595358,0.017736834,-0.00037037710569073353,-0.0001581928009817065
736,MB_L_736,MB_L,MB,L,20,1.4394508628607823,1.2708583105388898,-0.7996279666543824,-0.1696736496319972,-0.2110087477644555,0.08451240671455373,0.24594646629264094,0.01783042,0.00019326711119145717,8.849967040690085e-05
737,MB_L_737,MB_L,MB,L,20,1.3953495299533483,0.8552196308364637,-0.9495249912412398,-0.018657681315276408,-0.2875384399405075,0.08021072085956234,0.24179375207809034,0.018040497,-0.0007293248740274042,9.605231324024054e-06
738,MB_L_738,MB_L,MB,L,20,2.0949931310927137,1.3659652266996205,-1.941559655873221,3.0399644763075413,-0.4235743931099144,0.09506194656524912,0.24590153250398558,0.017097235,0.002246665872323463,-8.078039294707083e-05
739,MB_L_739,MB_L,MB,L,20,1.0846448557068369,0.6051663130227107,-0.5892414807334589,0.15792721154182174,-0.24047150782814192,0.07472724487384239,0.2408374344379486,0.018023375,-0.0002786334725032911,-0.0001164865367694343
740,MB_L_740,MB_L,MB,L,20,1.1138161556688475,0.4859679394661863,-0.4002312322291847,0.5789975934547474,-0.020006857464348236,0.07461346171755484,0.24057860805127187,0.018419113,0.00029334986238836475,0.00013884273947794304
741,MB_L_741,MB_L,MB,L,20,0.8830716300505731,0.1913604098124587,-0.6433911258320879,-0.6537064890010651,-0.28336053182648113,0.07206259491911535,0.2387749489262426,0.018111546,-0.0012422488465778686,-4.557150176166481e-05
742,MB_L_742,MB_L,MB,L,20,0.48749173158032005,0.22386345264209345,-0.3225251464580279,-0.44887469861279616,-0.31056547921929173,0.06239809794775234,0.2385194703682057,0.01839673,-0.0002137415104751939,-7.830091415394103e-05
743,MB_L_743,MB_L,MB,L,20,0.8923105574619529,1.6234911491927082,-0.3311209957891962,0.7789873755595236,-0.1302246560822819,0.07024361086692517,0.2457114636876291,0.018163983,0.0008932317166915193,5.150589065739418e-06
744,PVLP_R_744,PVLP_R,PVLP,R,20,0.3660248615941019,0.18425117817887973,-0.13549616465458253,-0.2954177352268876,-0.22262549263269135,0.0635438370065485,0.2400590751725494,0.018329456,-0.0008500384907899307,0.00018976266695798754
745,PVLP_R_745,PVLP_R,PVLP,R,20,-0.7468073590321898,-0.912934979391749,0.36981253268636777,-0.01852570886573967,0.06734354038394672,0.040257584141655936,0.23237725623866384,0.018918129,-2.699176241472089e-05,0.00010359728270939096
746,PVLP_R_746,PVLP_R,PVLP,R,20,-0.611880315146272,-0.6441391796135704,0.32625415829090276,-0.23850899806887876,-0.2707272438669335,0.042494969638391035,0.2337968455893049,0.018929893,-0.0002694955128317516,0.00014263507279024796
747,PVLP_R_747,PVLP_R,PVLP,R,20,-0.12167714917148013,-0.1205640609182633,0.15309169945733156,-0.11473431400279599,0.10534201980975828,0.05086764866896728,0.23718262416337638,0.018785859,-0.00047155060847636277,0.00014397521555578653
748,PVLP_R_748,PVLP_R,PVLP,R,20,-0.6188726730997738,-0.7424563542552765,0.19544635146358263,-0.10826273685164545,-0.26008401452402374,0.04239131666527096,0.23325327785910735,0.018757498,-0.0005286241118490285,6.197817854491221e-05
749,PVLP_R_749,PVLP_R,PVLP,R,20,-0.25740805322442795,-0.4865221745815669,0.10649875611885436,-0.21984987045813392,0.04905135351945898,0.05084015881779791,0.23520610779842918,0.018574316,-0.00025372402268255504,0.0001034342135512243
750,PVLP_R_750,PVLP_R,PVLP,R,20,-0.5626581325484438,-0.7156930343261989,0.16937368033466774,-0.07668091334225421,-0.1353535671529833,0.04517658734521145,0.234021070087478,0.018528014,-0.00017849803532635496,2.1112991698650042e-05
751,PVLP_R_751,PVLP_R,PVLP,R,20,-0.6314771981251712,-0.6217444993797908,0.2154494388286507,-0.18383020706480677,0.42300774074258124,0.04147967247683922,0.23450501278000005,0.018840909,-0.00046205614477555035,0.0003556586659497887
752,PVLP_R_752,PVLP_R,PVLP,R,20,-0.5498366501796828,-0.40481182316473074,0.25492519780798906,0.015179246594513186,0.4466659925639136,0.042984949065594726,0.2353709438216732,0.018856,-0.00030065157616687363,0.0002757260423511411
753,PVLP_R_753,PVLP_R,PVLP,R,20,-0.20315919531975118,-0.20623683338277501,0.5594670600482841,-0.19757676702072127,-0.2322507095084665,0.049042753682859715,0.23666833761734968,0.019077908,-0.0005175972006677791,4.707736520854126e-05
754,PVLP_R_754,PVLP_R,PVLP,R,20,-0.4385234796030316,-0.3785834356097636,0.4143438641597907,-0.3414591447485362,-0.18532537905345522,0.04318528378866525,0.23579246340695942,0.019088471,-0.0009384335235580537,0.000296752628721625
755,PVLP_R_755,PVLP_R,PVLP,R,20,-0.6690009211659352,-0.5808594067810524,0.4838135055028969,-0.3397563661321236,0.5818686032133827,0.042321140585914845,0.23460836734969548,0.018963322,-0.0007342838718708964,0.0004561186576562557
756,PVLP_R_756,PVLP_R,PVLP,R,20,-0.5591872316078133,-0.6198455998734103,0.09625755067115169,-0.1694401761326393,0.2776894479283339,0.04439481346497526,0.23378453312635417,0.01866412,-0.00017161665650518523,0.00040823811768386597
757,PVLP_R_757,PVLP_R,PVLP,R,20,-0.5789893333618116,-0.5207074471727257,0.27108685461414805,-0.06747341789255522,-0.1581371434949487,0.044291372172649224,0.23462594860322392,0.018753674,-0.00014510610836987245,0.0001649482214530566
758,PVLP_R_758,PVLP_R,PVLP,R,20,-0.6242284839039034,-0.48031739931463535,0.4943745701411316,-0.05964455374284694,0.19024465875180213,0.041090914748466933,0.23429950144304237,0.019151602,5.7097963889627205e-05,0.00014571889273947943
759,PVLP_R_759,PVLP_R,PVLP,R,20,-0.5170714110929447,-0.46491137882356226,0.4275001322159927,-0.2532208578131204,0.2180466468830742,0.04330262988688867,0.2352108473609583,0.019021068,-0.00043692662672265074,0.0002281611423099504
760,PVLP_R_760,PVLP_R,PVLP,R,20,0.11254570269831632,0.0649100105418268,0.012258792154709819,-0.06990933362410966,0.03880736543168647,0.058629325890707754,0.23821840504655695,0.018373558,-0.0004467992185446637,9.743013256842219e-05
761,PVLP_L_761,PVLP_L,PVLP,L,20,0.040536852558406264,-0.12797736986188443,0.042461121203035274,0.027023056135877466,-0.078899842316524,0.05554561485738051,0.23736365734788883,0.018701952,-0.00020859674493872428,0.00011320975606644984
762,PVLP_L_762,PVLP_L,PVLP,L,20,0.3728225677236264,0.18174658203367489,-0.09329832150688636,-0.28958402255400956,0.06647486058883266,0.063915651736657,0.23988527050397562,0.018496532,-0.00013729529324165067,0.00021749683439403303
763,PVLP_L_763,PVLP_L,PVLP,L,20,-0.08407351757320261,-0.3024819538258274,0.004543109876866783,0.29290707843189834,-0.32748525581819543,0.05400379114717124,0.23607318636238186,0.018596575,0.00038143702733257,-2.863531160295627e-05
764,PVLP_L_764,PVLP_L,PVLP,L,20,-0.13616984723413142,-0.2648464439898012,0.1068391245060829,-0.2926236092042556,-0.12527142948850006,0.05253763735721032,0.23674713548226195,0.01881032,-0.00010963243784558677,9.103057293276028e-05
765,PVLP_L_765,PVLP_L,PVLP,L,20,-0.007959415753474891,-0.14592609026369352,0.16573568646914807,-0.22004624507696757,-0.13643228055315595,0.05467238029542222,0.2368280184597066,0.018807866,-0.00047645220897544495,9.136137649676796e-05
766,PVLP_L_766,PVLP_L,PVLP,L,20,-0.39849784770228563,-0.2678097115878083,0.5820061498496777,-0.21172785304755268,0.07262456241048715,0.04402968263378074,0.23631439561940065,0.019270007,-0.0003025027694594439,0.00020925037874182901
767,PVLP_L_767,PVLP_L,PVLP,L,20,-0.31118508178587334,-0.37540401827380104,0.05794719482364898,0.02235258626554387,0.22575107218318902,0.04946987641865489,0.23566699760000623,0.018808166,-0.000272180408361342,0.00021555934373540856
768,PVLP_L_768,PVLP_L,PVLP,L,20,0.05277041701992842,-0.17639668940843967,-0.12069810032868086,0.08921721345053338,0.15961554617816062,0.0558845183776421,0.237320484794621,0.018588647,-7.021869911887448e-05,0.0002773753158625606
769,PVLP_L_769,PVLP_L,PVLP,L,20,0.21418362585384454,0.00023183460123391434,-0.1787677351301968,0.11214140774016046,0.1937678454303148,0.059022962324395946,0.23837886682230464,0.01861436,-5.148944593979987e-05,0.0002486299740110203
770,PVLP_L_770,PVLP_L,PVLP,L,20,-0.3115034488414078,-0.30546438055902464,0.3220912063968302,-0.060233161016394386,0.47466203535048973,0.04865302106198953,0.2366615168320728,0.018887898,-0.00025055407366619397,0.0003034107110139628
771,PVLP_L_771,PVLP_L,PVLP,L,20,0.6638155687394613,0.28454524875535514,-0.24013514597470959,-0.13980971536867787,-0.0010191164095212923,0.06868370255749276,0.23940168251768693,0.018367339,-0.00036046777135511005,0.00022452083076761686
772,OTU_R_772,OTU_R,OTU,R,20,0.24644197628573616,-0.04491148336980808,-0.22851699156428498,-0.43543349090777533,-0.20945352724524874,0.057214429488933995,0.2378065327635351,0.018550554,-0.0006135949645856965,-1.5033995576774746e-05
773,OTU_R_773,OTU_R,OTU,R,20,0.06794331450629401,0.20995804906472912,-0.016966765015754892,-0.13182185524795323,-0.36032758446238616,0.057545618749414065,0.24070017049507214,0.018477503,-0.0006183109556429606,-8.231834313347542e-05
774,OTU_R_774,OTU_R,OTU,R,20,0.2669741562320952,0.27806816950915775,-0.0723170347886617,-0.7647165571501935,-0.43433409185706673,0.057673779690112704,0.23940046458442193,0.018572172,-0.0010538671051768692,-9.139372644681368e-05
775,OTU_L_775,OTU_L,OTU,L,20,0.22111443535230868,-0.18787735012431334,-0.1654871140295207,-0.42023767916849775,-0.4151772691774005,0.05866278378087122,0.2375553300717507,0.018510472,-0.000779184793688212,-0.000190430594549472
776,OTU_L_776,OTU_L,OTU,L,20,0.13925559108108101,0.029419510016819278,0.006704794292557731,-1.1324300617649654,-0.08495405414492564,0.05878847988996182,0.23916694158952176,0.018598191,-0.0013683177483055724,0.00014811018506863762
777,OTU_L_777,OTU_L,OTU,L,20,0.2865839533267438,0.26689593348060536,-0.02398678109184508,-0.8331871869764477,-0.2717817918546161,0.06100396994025261,0.24037073100873205,0.018625945,-0.0015330422388603608,-2.9736238029098073e-06
778,OTU_L_778,OTU_L,OTU,L,20,0.6964152453556781,0.35347138411760426,-0.3903053779231509,-0.7111276437757045,-0.2353406843574582,0.0696386290485117,0.24065597791552645,0.018094486,-0.0011666191698552846,-2.3391882529338637e-05
779,WED_R_779,WED_R,WED,R,20,-0.29796247802090237,-0.11755829708283956,0.2523419254722614,0.10990018379146764,0.4954885692303215,0.049992303824830706,0.23856684940906758,0.01897825,0.00046564246654917077,0.00030641757416904897
780,WED_L_780,WED_L,WED,L,20,0.12572683436832804,0.4474858823696599,0.19588443218078527,0.15131347486165345,0.39693433136840106,0.05946851312770227,0.24183375769610538,0.018751893,0.0011541025187812395,0.0003399443336654418
781,SMP_R_781,SMP_R,SMP,R,20,0.18934762137229286,-0.21618814148124432,-0.01179118007085631,0.18402244286380415,-0.22159874087039144,0.05856629108314354,0.23701212774954067,0.018827483,-0.00013778788213149483,9.65109993311392e-05
782,SMP_R_782,SMP_R,SMP,R,20,0.40796391884912814,0.21402442149382175,-0.11420560511694913,-0.5899964616097444,-0.16487181005238583,0.06278901411780984,0.23933427633812793,0.018566905,-0.001138257191101633,1.7669578699953178e-05
783,SMP_R_783,SMP_R,SMP,R,20,0.08564378972637936,-0.06553871986128774,-0.0056336710966698456,0.20232598419679762,-0.5542828478601922,0.0552821058999184,0.23794058090774545,0.018723104,-0.00024069467544826146,-5.3038291064789305e-05
784,SMP_R_784,SMP_R,SMP,R,20,-0.23794006386741526,-0.22703449923482583,0.5038398274734401,-0.03963061655620974,-0.39061184282089056,0.04888672753220048,0.23670536275897786,0.019196372,4.883526913347458e-05,-5.591638675526447e-05
785,SMP_R_785,SMP_R,SMP,R,20,-0.026142755444145405,-0.1699295780828179,0.37984695829801013,0.2679194294666565,-0.16779491702099403,0.052205530236802335,0.23735725314809525,0.01898717,-9.416569451829989e-05,-6.621600879021762e-05
786,SMP_R_786,SMP_R,SMP,R,20,0.3728182354174945,0.2583420614989801,-0.1389180942316929,-0.06996307428742063,-0.0002720453677875406,0.06022148843941273,0.23951106371463876,0.018558208,-0.0003666106638403982,0.00016652959910776744
787,SMP_R_787,SMP_R,SMP,R,20,0.471641704119288,0.20853934251754155,-0.30077162352701897,0.20291293605995464,-0.43412817844223955,0.06449867232260234,0.2391741789031138,0.018306997,-0.00031575131941378385,-0.00016490301224260476
788,SMP_R_788,SMP_R,SMP,R,20,-0.20772986869940765,-0.2674418285800376,0.236730783923847,-0.2069795254026284,-0.029259276014066127,0.048454511057242716,0.23636013089356683,0.01897907,-0.00010199514223369203,0.00012400934482762821
789,SMP_R_789,SMP_R,SMP,R,20,-0.19444332926371496,-0.25604579352404266,0.12593865991431902,-0.15082034217876766,0.03245180470159862,0.04851848995841179,0.2363022532930866,0.019009104,-0.00029817937352147783,6.630195029554709e-05
790,SMP_R_790,SMP_R,SMP,R,20,0.05946740002405435,-0.16714701319392775,0.054643729713782105,-0.27114777078295843,-0.508749983191995,0.05533039627109413,0.2370447818729861,0.018918578,9.020387375561548e-05,-0.00010561428056979339
791,SMP_R_791,SMP_R,SMP,R,20,0.28734911366715293,-0.019530571463658664,-0.1599985056217369,-0.5228592585187978,-0.20001582008626367,0.05877304666076011,0.23800843441053338,0.018497612,-0.0007411095399711351,-0.00011017813386880257
792,SMP_R_792,SMP_R,SMP,R,20,-0.008340068013476384,-0.07498189840428067,-0.28676812294457354,-0.11728747932756212,-0.5867599111185661,0.054000772284486374,0.23784839653592296,0.0185203,-0.0004860781252782992,-0.0002339337503144508
793,SMP_R_793,SMP_R,SMP,R,20,-0.022684331097395854,-0.18849999149766686,0.027370012214076707,-0.14177016413225435,-0.247355279278815,0.05502555061061901,0.23763479721896624,0.018776871,-1.2622176790460832e-05,-5.6283114242443586e-05
794,SMP_R_794,SMP_R,SMP,R,20,0.24604790802134574,-0.01132389552242007,-0.33452188038714714,-0.29780006118408875,-0.21095355729492918,0.06051762440510897,0.2383930885146371,0.018224759,-0.0007908665915864022,-3.750538249531821e-05
795,SMP_R_795,SMP_R,SMP,R,20,0.5722534810839071,0.3553504587150057,-0.5292251032544227,-0.3129454832673409,-0.25698199983274617,0.06563533259883851,0.2405997688457026,0.018148994,-0.000524485402447839,-3.2119057035802957e-06
796,SMP_R_796,SMP_R,SMP,R,20,0.16787541786792864,-0.1455155619848323,-0.13528254111283688,0.31532740613394517,-0.4888751247284855,0.05823376228485665,0.23730932579398784,0.01859799,-0.0001489410595234776,-9.504681935738225e-05
797,SMP_R_797,SMP_R,SMP,R,20,0.11634484796135984,-0.19457166377023766,-0.25512016890478495,-0.3062716094265739,-0.19421818613185068,0.05785928359746232,0.23669594694185786,0.0182617,-0.0006516568723883606,-3.596256146806062e-05
798,SMP_R_798,SMP_R,SMP,R,20,-0.1692089085484218,-0.11243237910926915,0.09304121803232285,0.15990794667031166,-0.037030657180528254,0.0508112497168963,0.2380701072462934,0.018915523,9.710430712939773e-05,9.220756667189819e-05
799,SMP_R_799,SMP_R,SMP,R,20,-0.13866538295152434,-0.39084486869358803,-0.19390725541261283,-0.5421184624160509,-0.440291618552684,0.05137959748192485,0.23531885709370867,0.018413778,-0.0006785228046982891,-0.00013076346455620188
800,SMP_R_800,SMP_R,SMP,R,20,0.21930580832180238,-0.005660096856975972,-0.3782176530855643,-0.4817748623858611,-0.4279310948243893,0.057690559707401515,0.23714817072118213,0.018380482,-0.0005808505831465073,-0.00012065237701469358
801,SMP_R_801,SMP_R,SMP,R,20,0.7254506975529301,0.5969626476610164,0.38790205523361676,-0.4284902236428179,-0.4404812931617295,0.06802769019773512,0.24101165566412436,0.018794445,-0.0004247639744056797,-0.00011847402604982776
802,SMP_L_802,SMP_L,SMP,L,20,-0.0680629533479381,-0.06532304918502349,0.008471722123267814,0.08084017181761585,-0.35584364430035326,0.05155593118289185,0.23774781413432972,0.018869597,-0.00023854754076943905,-4.397566952307323e-05
803,SMP_L_803,SMP_L,SMP,L,20,0.38158950036938016,0.13213010148320298,-0.07523099847267192,0.3488020662541848,-0.3652906933054202,0.06329166789877747,0.23938723559581457,0.018552382,0.0002439392291385092,-2.0333757370623695e-05
804,SMP_L_804,SMP_L,SMP,L,20,0.1225964401448901,-0.02104753905920692,0.1585369021832805,-0.10995854527114154,-0.2536212801458256,0.058153328989926124,0.23829277216765696,0.018679008,0.0004270090010893046,8.246233325608722e-06
805,SMP_L_805,SMP_L,SMP,L,20,0.18613165284826255,0.16128789636955923,0.15767831160107532,-0.09098785268506852,-0.07215166817863988,0.05818164068456995,0.23906209096780442,0.018692067,-0.0004954061278917495,0.0001652007147264085
806,SMP_L_806,SMP_L,SMP,L,20,0.1654690521310189,-0.0816920036670964,-0.19685933950897502,-0.12269665647651255,-0.5747415216604412,0.05755871712402229,0.23796780021269165,0.018480867,-0.0004703254686022042,-0.00011176205352641478
807,SMP_L_807,SMP_L,SMP,L,20,-0.0957277509513966,0.2694620003929765,0.02792060478868729,-0.1087690376416726,0.23152127531465777,0.05165790724975775,0.2393722456629567,0.018883724,2.5239528161026524e-05,0.0002356286620117424
808,SMP_L_808,SMP_L,SMP,L,20,-0.24002034685610876,-0.2804567746603885,0.19703819662391917,-0.008501987965470702,0.23608308177673468,0.04843414711536979,0.23637119401508971,0.018881563,-5.594983446114189e-05,0.00024193921051645465
809,SMP_L_809,SMP_L,SMP,L,20,-0.018675256220077215,-0.03512966364913947,0.36084283611467555,-0.3692642019597344,-0.5152792055983065,0.05373736549416817,0.23813546441732933,0.018935958,-0.00067543433677081,-5.960768105668324e-05
810,SMP_L_810,SMP_L,SMP,L,20,-0.30518705206871233,-0.13204812276831482,0.5101455979989338,0.10098298557967456,0.05023410124285874,0.04663680973107638,0.23740355812757277,0.019179331,-0.0001643996188366947,0.00015045210538545706
811,SMP_L_811,SMP_L,SMP,L,20,0.03236671458770968,-0.42033007352727497,-0.060831531110785854,0.006959509577369255,-0.5577172660805214,0.054417787582194885,0.23547649016318392,0.018624935,-0.00018241401673414303,-0.00013626770371151576
812,SMP_L_812,SMP_L,SMP,L,20,0.4008497437797603,0.08902428773188267,-0.3379519056505302,0.1295011859674648,-0.5456804676543183,0.06365041740641672,0.23926939816278825,0.018154066,-0.00031317065413040553,-0.00020845869277003498
813,SMP_L_813,SMP_L,SMP,L,20,-0.1360042157861947,-0.18053239109127336,0.27602296049116,-0.23481015902556748,-0.1186934935483023,0.051506826111369405,0.23724455516494877,0.01899359,-6.645759191719088e-05,7.894548773790253e-05
814,SMP_L_814,SMP_L,SMP,L,20,0.3408801480830742,0.0907452460972066,-0.21822630739255375,-0.2904158847111074,-0.08233467636387472,0.06304353865944178,0.23904040542226607,0.018331941,-0.00047094878639989486,-7.421253262923675e-06
815,SMP_L_815,SMP_L,SMP,L,20,0.5772376660257195,0.3333223330805868,-0.5356920895601773,-0.08484419890629105,-0.23364053225378859,0.06881462321049991,0.24073317326538804,0.018016482,-0.00025171237346905274,1.5283701401388948e-05
816,SMP_L_816,SMP_L,SMP,L,20,0.2039146594521622,-0.20379441420904393,-0.20398273181972212,-0.25273048834589756,-0.48216210819245864,0.05935606881730644,0.23732816816433217,0.018507745,-0.0006975555181447277,-3.0772289066491477e-05
817,SMP_L_817,SMP_L,SMP,L,20,0.02079889261276322,0.15150720897759035,0.18297437344422093,-0.25977670664910885,-0.3039386321747132,0.05379180320439229,0.23934226836176453,0.018709546,-0.0007101461893901965,-0.00014020211535642222
818,SMP_L_818,SMP_L,SMP,L,20,-0.16409653162096907,-0.39864969171092424,-0.41135423078647176,-0.3448396524138495,-0.35925966690275574,0.050989052870829554,0.23567874898411495,0.018439356,-0.0007211708794370322,-8.156719326658436e-05
819,SMP_L_819,SMP_L,SMP,L,20,0.31382453604645677,0.031060248976883566,-0.35458809386954326,0.2228606538373777,-0.523475927555512,0.06194385648290579,0.23837341131252043,0.018191963,9.059878704910284e-05,-0.000198077123612797
820,SMP_L_820,SMP_L,SMP,L,20,-0.25517534841225203,-0.3583565755315849,-0.054264602223184064,-0.0888914246657716,0.02599997464020394,0.050099838976367016,0.2356599860308474,0.018433258,-0.00016703758783094932,6.238438751684783e-05
821,SMP_L_821,SMP_L,SMP,L,20,0.23219741453720025,-0.08036360577515984,-0.3384075765157045,-0.12041871812337868,-0.23056101365931916,0.06008939969416187,0.2373784104790555,0.018326964,-0.00037059038781759625,-0.0001588869913357824
822,SMP_L_822,SMP_L,SMP,L,20,-0.1652537112199674,-0.16914418462291095,-0.03893587771967959,-0.43037003305594057,-0.23073777315672114,0.051193991538852054,0.23671230445041425,0.018730516,-0.0005397135527689127,-5.740061014996074e-05
823,SMP_L_823,SMP_L,SMP,L,20,0.559495175330703,0.6040717830617419,-0.13425430579841902,0.17221846720844863,-0.3571303921151019,0.06458792947947287,0.2414313943169896,0.018668462,0.0005247140160411464,2.5168408722537552e-05
824,LH_R_824,LH_R,LH,R,20,0.5548738303252035,0.9573980713380307,-0.1860233901013906,0.4152977309635039,-0.04226378321830572,0.06629596224794834,0.24456843706067516,0.0181777,0.0002523344851324948,8.127080588079157e-05
825,LH_R_825,LH_R,LH,R,20,0.42763407117681834,0.8322816279367666,-0.020497306910033382,0.031235149383341276,-0.27326942563652434,0.06294936519509917,0.24308601574511673,0.018493896,-0.00028616985459816385,-0.00011559215488303577
826,LH_R_826,LH_R,LH,R,20,-0.7195898353098361,-0.3448594096394245,0.22123863788950965,-0.34266136637995526,0.1013527519008705,0.03840686934709066,0.23632281869259816,0.01899097,-0.0006242945652147906,0.00011935248048535096
827,LH_R_827,LH_R,LH,R,20,0.4201397701532632,0.6328195205228557,0.06625794723122276,-0.4258173703659775,-0.4018919143340128,0.06465510804939031,0.24212366835750046,0.018355787,-0.0008380171194760386,-8.47899164933587e-05
828,LH_R_828,LH_R,LH,R,20,-0.3133092699645767,-0.10451625391807425,0.5855918918944982,-0.25348808535367295,-0.2793697286125226,0.0474523537696733,0.23781426328197433,0.01911124,-0.0009263764436133935,-1.1810100491032468e-05
829,LH_R_829,LH_R,LH,R,20,-0.9449243007169361,-0.7107916574404618,0.26456072022422383,-0.18605930447509506,-0.4524155115357123,0.03290070856579404,0.23339395665246493,0.018888852,-0.0006428877905975346,-8.629062139427516e-05
830,LH_R_830,LH_R,LH,R,20,-0.49317018554692027,-0.13551634549378244,0.49869479345540124,-0.43380991752561976,-0.40558290048437184,0.043603555692776796,0.2376615850743317,0.01908806,-0.0007374991439868704,-0.00011085674070569456
831,LH_R_831,LH_R,LH,R,20,-0.06385395724744676,0.4391443388646543,0.3037495222008422,-0.18341610349741005,0.334506621007419,0.05455000817694224,0.24204760875069278,0.01870167,-0.0005411765689874067,0.00017008790312284092
832,LH_R_832,LH_R,LH,R,20,-0.7784701849831809,-0.3690572930829263,0.38503834806714804,-0.5123189564303032,-0.15323568119149128,0.03602783579462222,0.235725587958227,0.019052392,-0.0010166269079471255,-2.758649141676384e-05
833,LH_R_833,LH_R,LH,R,20,-0.7293086366585814,-0.27402219912806236,0.5006597373560115,-0.3371379184228558,0.33254118302924274,0.03715396485737612,0.23622154960790726,0.0191156,-0.0005997746553455996,4.899634375404992e-05
834,LH_R_834,LH_R,LH,R,20,0.010253598981595691,0.47129980674945643,0.18596583249702314,-0.33624147865645376,0.07179191582175162,0.055387169602426026,0.24170786157631632,0.01872491,-0.00037470746973620165,4.665516856853016e-05
835,LH_R_835,LH_R,LH,R,20,-1.5000885512441053,-1.2438329267447779,0.41376358597129875,-0.046084334992772105,-0.21398998252825108,0.02048779331531763,0.22942886595621864,0.01909439,-0.00044319461687116575,-0.00047322966650648946
836,LH_R_836,LH_R,LH,R,20,0.19564262775139654,0.17599895661097625,-0.3492007612154153,0.03947865769667373,-0.06451076412475762,0.0613603032431141,0.24008978134690584,0.017994203,-0.0002685363136743184,4.200199286366871e-05
837,LH_R_837,LH_R,LH,R,20,0.6350863486875735,0.964944910942805,-0.05798254828772929,-0.03930637855222395,-0.33631100883775056,0.06777064090739776,0.24488581182661537,0.018381596,-0.00029998986673749934,-1.5172555726665664e-05
838,LH_L_838,LH_L,LH,L,20,-0.5702673549847671,-0.319831026279316,0.5344161122392734,-0.25926859558046456,0.010224943569357138,0.03981973016324243,0.23529283964384323,0.019139562,-0.000320850938796477,0.000102332045826488
839,LH_L_839,LH_L,LH,L,20,1.253829498402094,1.0309007406933959,-1.1499214335584311,0.34943241201897246,-0.29392048950091393,0.07986345583212687,0.24375705333148284,0.017476821,0.00026418374652193235,-0.00011860567089010709
840,LH_L_840,LH_L,LH,L,20,0.3757752499082338,0.12189852724622045,-0.06159056608032759,-0.4854546958606753,-0.19225310865966336,0.06251717935266012,0.23877531067928812,0.01849164,-0.001130821877307186,3.294532444918394e-05
841,LH_L_841,LH_L,LH,L,20,-1.2307014717028548,-0.8881369164632039,0.5848683311682322,-0.25596351404355855,-0.006049448755906613,0.0256906414752262,0.23190663465597364,0.019144678,-0.0004985722996098506,-5.432782881435045e-05
842,LH_L_842,LH_L,LH,L,20,0.888827291327865,1.0159337961426804,-1.0491858383288482,0.014954388091453441,-0.3210730913931231,0.07346520905895121,0.2434387265505879,0.017557506,1.59917906503122e-05,-8.509699909596771e-05
843,LH_L_843,LH_L,LH,L,20,0.12817252632159143,0.1447904333663214,-0.22384567336217795,-0.2665257661160659,-0.09819240422933936,0.056051758319223634,0.23853002997841002,0.018381502,-0.000592814618293511,-4.8651425896097136e-05
844,LH_L_844,LH_L,LH,L,20,-0.31283106858343596,-0.2805060572527204,0.09475996406335307,-0.4072592437972558,-0.21271719945133416,0.04709805251768638,0.23595510219144566,0.018783163,-0.0006933855706065166,-0.00016607819306908007
845,LH_L_845,LH_L,LH,L,20,-0.5681377310170234,-0.43380167004800674,0.49112840362455223,-0.015154969033342439,-0.7541233730120253,0.03845834994103644,0.2349407962803652,0.01913934,-0.0001098874583491693,-0.00043628758030992706
846,LH_L_846,LH_L,LH,L,20,0.17042486242597615,0.2653473301604667,-0.07326078706002688,-0.1497541167752848,0.09221497091925758,0.05746063806508576,0.2392419014358959,0.01853138,-0.0006212749478284119,3.059809848942639e-05
847,LH_L_847,LH_L,LH,L,20,0.7873915893207871,0.8568691105876199,-0.7589265750901488,0.595362086115383,-0.061914261325389665,0.07098869033195482,0.24282954159179476,0.01779856,0.0004891501943456919,1.8680081320660357e-05
848,LH_L_848,LH_L,LH,L,20,0.42793011695860483,0.3030246356140335,-0.43424182692127394,-0.1489514826442565,-0.21370574178486007,0.060577280626678366,0.23952818012006163,0.01848311,-0.0005210658882291669,-0.00012642289201519267
849,SLP_R_849,SLP_R,SLP,R,20,0.2616706081085204,0.299159630510135,0.3542761766745747,0.16343915134761686,-0.11832883857492152,0.05868215811459375,0.24014870085183576,0.01880502,-2.700775310211679e-05,0.00015119232353599696
850,SLP_R_850,SLP_R,SLP,R,20,-0.06497098125367198,-0.21230814212802226,0.08106791785990716,-0.3371027744050972,-0.36223192275229243,0.05292578736701594,0.236849916747521,0.018606307,-0.0007536601795572132,-0.00020750210973484123
851,SLP_R_851,SLP_R,SLP,R,20,-0.025021298565385187,0.054018211389112204,0.0992443394097483,-0.5143978611463824,-0.4541626640834629,0.051616102826206635,0.23753825609852058,0.01883826,-0.0009638622838103099,-9.6373639294195e-05
852,SLP_R_852,SLP_R,SLP,R,20,0.279173424161764,0.43844854136941924,0.29343733850462206,-0.78519690657381,-0.4406439071491802,0.05976568801461054,0.24098784759767966,0.018963803,-0.0006752057063536025,-8.290737485445909e-05
853,SLP_R_853,SLP_R,SLP,R,20,0.3497489121524035,0.4916527686133006,0.020995259959611334,0.19924395314172455,-0.14238151191549606,0.06000661106004453,0.24016593549709558,0.018675404,-4.002664846737944e-05,-0.00013077359443466836
854,SLP_R_854,SLP_R,SLP,R,20,0.11216397484307569,0.15439311277090087,0.37485500533351956,0.07082474207147338,0.029670265691858953,0.05358274241865206,0.2384407450200352,0.01903527,-7.206482926917185e-05,4.8733826332119595e-05
855,SLP_R_855,SLP_R,SLP,R,20,0.10584318992769322,0.21488209103469252,0.19979981379299483,-0.036681903027331084,-0.44366557924807193,0.05414595594724801,0.23915365898025018,0.018908769,-0.0005370830733157108,-0.00012965691393031226
856,SLP_R_856,SLP_R,SLP,R,20,-0.5679634284334015,-0.21349724718459795,0.5780858478102162,-0.622034106829651,-0.2734571690787274,0.04109467570940622,0.23683725703600805,0.019223396,-0.0009083511003109658,-5.172932189346404e-05
857,SLP_R_857,SLP_R,SLP,R,20,-0.4608211108376213,-0.3421294466903099,0.10445659589475349,-0.2790395666115819,-0.08281636235823629,0.042116261360445426,0.23563807016814317,0.018780168,-0.0006776590673105513,-0.00012664517439355466
858,SLP_R_858,SLP_R,SLP,R,20,0.030976767255067744,-0.01864580081256498,0.3098361404037049,-0.3817758681705118,0.03131422970214198,0.05496217102026689,0.23784988899634868,0.018685896,-0.0009285902482553983,-6.546470821416207e-05
859,SLP_R_859,SLP_R,SLP,R,20,0.15844672925529477,-0.06506381009827236,0.13288110567681521,0.19041434363851886,-0.2724848257676486,0.054994127477513456,0.23687559828214638,0.018828757,-0.000169601481910052,-0.00018140449409442553
860,SLP_R_860,SLP_R,SLP,R,20,0.027932546338621633,0.3341758121339057,0.42492181670920387,-0.6623635692423087,-0.2036759142254641,0.05431101647550314,0.2404289036480416,0.019124646,-0.0007932535527137524,8.03668605832025e-05
861,SLP_R_861,SLP_R,SLP,R,20,0.5934849257477726,0.35767666520618446,-0.2567195287266888,-0.15474682752767252,-0.3023233580417116,0.06414683930925619,0.23992228249248465,0.018570224,-0.0003732099555884708,-0.00011198416481495932
862,SLP_R_862,SLP_R,SLP,R,20,0.012248604369208639,-0.141124149577258,0.09491932937883522,-0.26838447663646725,-0.2889340363748796,0.05289758305700291,0.23610286663468744,0.01865799,-0.0004338863439320651,-0.00012882510723856633
863,SLP_R_863,SLP_R,SLP,R,20,0.22020651478423994,0.0027573571350262673,-0.34420916966284176,-0.4455121096688498,-0.28327656976921106,0.057899892135443776,0.23754735852303246,0.018518142,-0.0008250301856214013,-8.922675108152998e-05
864,SLP_R_864,SLP_R,SLP,R,20,0.18514424283704456,0.2862506606942288,0.25319916716560775,-0.5965257639364406,-0.3062611855454806,0.05748129614296488,0.24054907687020402,0.018847318,-0.000862044974331889,4.6469224559448624e-05
865,SLP_R_865,SLP_R,SLP,R,20,-0.8581097592823262,-0.5636355629880772,0.41428861233110215,-0.3858815079344935,0.06988275015959956,0.0342175471208712,0.2349555972302228,0.019178178,-0.0006724826955141238,0.00016599954216907454
866,SLP_R_866,SLP_R,SLP,R,20,-0.5876401399802128,-0.3003563874542406,0.2797480504112269,-0.24736302545790362,-0.3257902694809545,0.040113594500769775,0.23597809232132944,0.018955186,-0.0003940458284854183,-5.85654239685605e-05
867,SLP_R_867,SLP_R,SLP,R,20,-0.15784214683558218,-0.20873999401871704,0.27374760938413345,-0.24815947495399365,-0.4666500687757499,0.05051171347714915,0.23709586866598018,0.018874433,-0.0005401599419482142,3.589529257458896e-05
868,SLP_R_868,SLP_R,SLP,R,20,-0.6313557790275727,-0.23471166683904038,0.45220489055030094,-0.30659068085307795,0.0393648485763573,0.041101979094977426,0.23686487147382818,0.019182665,-0.0005597154999489477,6.329798942816435e-05
869,SLP_R_869,SLP_R,SLP,R,20,-0.6318410807533303,-0.3034290593291319,0.4769916696468256,-0.4283575587410994,-0.13682570303164548,0.039828880946604125,0.2366159526867841,0.019172505,-0.00036236238550821506,0.00028978022979363384
870,SLP_R_870,SLP_R,SLP,R,20,0.9196509574859286,0.5924831524661915,-0.25052757875543474,-0.8355682685533508,-0.46592598101467164,0.07355725374753673,0.2417225413881555,0.01827119,-0.0012294326439920551,-0.000154847871482312
871,SLP_L_871,SLP_L,SLP,L,20,0.4197051731117057,0.16140786577580765,-0.2264189224884273,-0.7032036179016281,-0.33108897586851654,0.062495509058891376,0.23914919736254908,0.018493079,-0.0012308702487904388,-0.00012912653587702415
872,SLP_L_872,SLP_L,SLP,L,20,-0.18213107983266572,-0.18757705021739354,0.283308519050649,-0.3485354864514688,-0.3957605136537378,0.04812074974875248,0.23676123572762303,0.01888773,-0.0006303052164911757,-0.00012830496458176896
873,SLP_L_873,SLP_L,SLP,L,20,-0.14641348803075055,-0.02523004981344904,0.16126792064531753,-0.0810779057988473,0.0720135222861634,0.050380527189710755,0.23705005319562708,0.018693889,-0.0004199942505238973,4.1810517395508586e-05
874,SLP_L_874,SLP_L,SLP,L,20,0.004087231586376361,-0.22212776879964533,0.13928985840145175,-0.019596963685918744,-0.4345568056852127,0.05230801653992806,0.2359980071233295,0.018789701,-9.566517985854146e-05,-0.00018581430133119133
875,SLP_L_875,SLP_L,SLP,L,20,0.2861174891086835,0.07729003143917232,0.08415133715654757,-0.5486488949583204,0.10323241800006136,0.06039778361849818,0.23913174592933065,0.018741956,-0.001073120377889195,4.408936338757219e-05
876,SLP_L_876,SLP_L,SLP,L,20,0.4037642185543572,0.3410885216052818,0.06812801634044016,-0.21897634124949925,-0.4703648626046066,0.061615428829342345,0.2405057669140532,0.018777238,-0.00020899742884098482,-0.0001568243411001719
877,SLP_L_877,SLP_L,SLP,L,20,-0.00116773370693542,-0.12752619505511603,0.5844561413649847,-0.37157963107106196,-0.43362200617791413,0.05311616140634673,0.2379632582880835,0.019190695,-0.00042494443151832716,-0.0001042665614064877
878,SLP_L_878,SLP_L,SLP,L,20,0.0926537998898745,0.0625111717788488,-0.017521498192236022,-0.41716367821739003,-0.24221800640863478,0.05471257878353162,0.23788255713073178,0.018584307,-0.0006656961384763184,-0.00014160692764565388
879,SLP_L_879,SLP_L,SLP,L,20,0.45848989335238466,0.4030414050558001,0.09593049911205223,-0.03904890365489691,-0.005457145747381303,0.06355959097909898,0.2410528242574562,0.018647827,-0.000603037017648589,9.528371995304246e-05
880,SLP_L_880,SLP_L,SLP,L,20,-0.38189190636368353,-0.5234156846385344,0.18258967353217992,-0.28927309923836675,-0.43201850219643495,0.04531637421744217,0.23432130575172877,0.018785244,-0.0004209573508760538,-9.111039720447626e-05
881,SLP_L_881,SLP_L,SLP,L,20,-0.22069641531924047,-0.13052866823643314,0.14180848342221863,-0.0663113401230863,-0.06593140729509996,0.04889599120058232,0.23665076189957848,0.018809458,-0.00026795124998479827,-9.989844635060491e-05
882,SLP_L_882,SLP_L,SLP,L,20,0.10574883111925137,-0.22083466135982013,-0.11079198300697997,-0.02638967365481727,0.07198615410649609,0.05758633401379589,0.23672768520272763,0.018408973,-0.0002762853013144539,0.0001388225943976936
883,SLP_L_883,SLP_L,SLP,L,20,0.746212373576548,0.5341860720782506,-0.1290087890646671,-0.7191077816813178,-0.2595565555924821,0.06919211923129943,0.24118778960438933,0.018585648,-0.0014406790505595705,-1.098109195576365e-05
884,SLP_L_884,SLP_L,SLP,L,20,0.06592195260175494,-0.13071444228035062,0.1646472633309093,-0.12977739108677253,-0.4007346962538353,0.05315566593730951,0.23758306954486458,0.018936425,-0.0005905748686314353,-0.00012181491813186044
885,SLP_L_885,SLP_L,SLP,L,20,0.3201028578944123,0.2565864261703012,0.05449972107081004,0.05662333540234672,-0.16398489842393796,0.05777954692849833,0.2386146747044829,0.018699504,-0.0002050925737570341,-5.796900429499126e-05
886,SLP_L_886,SLP_L,SLP,L,20,0.04670912397231289,-0.037600158480599534,0.13036964089067507,-0.536356664301479,-0.241406939243222,0.05494621338511953,0.23785953614605254,0.018903034,-0.0008360314071760546,0.00011383288963729408
887,SLP_L_887,SLP_L,SLP,L,20,0.14850699618335123,-0.05002002583225542,-0.033585721518612055,-0.5146759273365242,-0.5075402436573581,0.054867417848142155,0.23712713649919365,0.018662672,-0.0007163776877911448,-0.0002118867504153282
888,SLP_L_888,SLP_L,SLP,L,20,0.8838698720737224,0.6111938648115216,-0.5687521521375299,0.19521774447818815,-0.28601198629517455,0.07421341410574414,0.24153565054970566,0.01786973,-0.00014508170790743192,-0.00011277155671603084
889,SLP_L_889,SLP_L,SLP,L,20,-0.3824522942377344,-0.4912263591216625,-0.050998136292106054,-0.00010039731511299332,-0.31375008929300635,0.04506271201607086,0.23496941470602542,0.018641878,-0.00020000640794455527,-0.0001307011411113976
890,SLP_L_890,SLP_L,SLP,L,20,0.3476053460900568,0.26971046497425866,-0.0017955001153055373,-0.6844039777565687,-0.0974098662060374,0.0613258503036229,0.24024638038859197,0.018606579,-0.0009911635292606529,3.160056413221796e-05
891,SLP_L_891,SLP_L,SLP,L,20,-0.4240964131670769,-0.4398540795632383,0.11231891901706736,-0.2696149324295655,-0.3267833849542383,0.043324373189990203,0.23489121329961007,0.018724348,-0.00038257502856219375,-0.00022973405484543
892,SLP_L_892,SLP_L,SLP,L,20,-0.3199888139300347,-0.22595871482710508,0.2162660747396387,-0.26289124839758765,-0.10231061027021,0.04661969784879606,0.23686227918649738,0.018795427,-0.0004198465003712154,-7.17710486596267e-05
893,SLP_L_893,SLP_L,SLP,L,20,0.9777149348817902,0.7894057541268419,-0.2630241663608109,-0.1863560245393417,-0.3660628586626181,0.07402865746490836,0.24251626363591267,0.01834351,-0.0007235761474994185,-0.00012299813841473584
894,LB_R_894,LB_R,LB,R,20,-0.5329656542197061,-0.32133582635574404,0.2903154933405781,-0.029673824852530263,-0.016642971489186066,0.041922544725856284,0.23551884775361084,0.019109583,-0.00032636163533212507,2.3944036804648267e-05
895,LB_L_895,LB_L,LB,L,20,-0.47510623124486306,-0.269425072234131,0.2034945722987945,-0.04890481306958096,-0.29865391487859355,0.04211336260039116,0.23574642301622922,0.019104065,0.00033587473524616886,1.4233374633148422e-06
896,SIP_R_896,SIP_R,SIP,R,20,0.000586793247710915,0.00827662107887211,0.20383777192114763,-0.25621645778918445,-0.16749822079040588,0.05228447141288758,0.2382906079912291,0.01906038,-0.000708879297368541,8.148591186575834e-05
897,SIP_R_897,SIP_R,SIP,R,20,0.6164817618112751,0.1856251163002504,-0.6064986047052727,0.050255543991077324,-0.3718797072857939,0.06679521196888553,0.23889262284281637,0.017996056,-0.00021971710678383966,-0.00011854356358171646
898,SIP_R_898,SIP_R,SIP,R,20,0.41207059335837953,0.14406719896359724,0.4283634419670235,-0.5260277225131044,-0.23727050200974906,0.06004369820949921,0.23937133136676061,0.019153817,-0.0007999504382529306,-4.5301766753662465e-06
899,SIP_R_899,SIP_R,SIP,R,20,0.4040335511218009,0.2436192118333595,-0.05380480522321993,-0.06514379427691856,-0.31052844159576914,0.06081837430038659,0.2387749083237502,0.018520216,-0.00030352184040278004,-0.0001485878155572425
900,SIP_R_900,SIP_R,SIP,R,20,0.6380521520963195,0.4856978275524935,-0.3021076608125778,-0.19528654410346694,-0.18367822216923002,0.06505040816589372,0.2406259836222898,0.018472238,-0.0004072558631588623,-5.914198415345838e-05
901,SIP_R_901,SIP_R,SIP,R,20,0.8043606163713315,0.5892984171681145,-0.09523135137023973,0.09876024818504217,-0.45395817281456174,0.07013588493478999,0.2413127069423354,0.01831395,-0.00026283653879849184,-0.00016822424197398238
902,SIP_L_902,SIP_L,SIP,L,20,-0.06253899043465767,0.11595516625009852,0.21395215817020818,-0.3259184490117593,0.16764165543053233,0.05124222286597928,0.2387102846239088,0.01891374,-0.0002978538820618566,0.00010814159201775029
903,SIP_L_903,SIP_L,SIP,L,20,-0.02956425028162283,-0.013894914333161732,0.15654127921909397,-0.2653561786023054,-0.2145179485525759,0.0521534336463465,0.23782099716965113,0.018908152,-0.00020358824429212544,3.815455580439592e-05
904,SIP_L_904,SIP_L,SIP,L,20,0.36607146681851316,0.11151210023369111,-0.24842206478918208,0.37281023542385133,-0.01703827519725497,0.06230910741001824,0.2391181783178175,0.018323584,0.00032499341842880596,3.1005127822708756e-05
905,SIP_L_905,SIP_L,SIP,L,20,0.04075995114166241,0.03404932551035926,0.2906121201450106,-0.2821933727210028,0.1631396867754082,0.05491601104649905,0.23912294028234832,0.019062784,0.00021722051952447185,0.00037214800455051935
906,SIP_L_906,SIP_L,SIP,L,20,0.211253611074727,0.2706906663372019,0.10645908781659297,-0.42928421764201563,-0.3624447827664333,0.057377906090993525,0.23960523620689034,0.018802332,-0.0009919531629883143,-6.87457332124689e-05
907,SIP_L_907,SIP_L,SIP,L,20,-0.1318725776796862,-0.14138611496598746,0.21321939270276308,-0.057613663376421244,-0.27904394185513526,0.05077119088228832,0.2373147988559296,0.018750817,-3.064282176658685e-05,-3.728464250606229e-05
908,SIP_L_908,SIP_L,SIP,L,20,0.7284073190231841,0.6940798605688384,-0.16723687922119054,-0.10191162866794337,-0.4063174055532504,0.06850452873717225,0.24185193951235706,0.018578753,-0.0003589317681614423,-9.002570304144988e-05
909,IB_R_909,IB_R,IB,R,20,0.13539619616761114,0.10444376826973958,0.375628651009075,0.1960204181537892,0.0694855685888809,0.05717349003522219,0.23892774819007534,0.018958662,-0.00035445647826939345,0.00013182715802798528
910,IB_R_910,IB_R,IB,R,20,-0.2306904973877988,-0.537968914412527,0.17688445509853296,-0.09555510110170372,0.057120859613605066,0.04863068007797434,0.23490228661136786,0.01894394,-0.0004013604219947808,0.00015002029872174342
911,IB_R_911,IB_R,IB,R,20,0.21183609674021914,-0.052371382280352374,-0.20779786415934548,0.018288755855017616,0.2523848059617409,0.05876656942873613,0.23798127342562053,0.018599275,-0.0004447645695674492,6.313726454764562e-05
912,IB_R_912,IB_R,IB,R,20,1.0045838618706127,0.37740347584434913,-0.7511951556965938,0.8857496472654931,-0.02579630462941529,0.07440020448616903,0.24020090808222413,0.017977713,0.0008228068592149487,3.7594133480486504e-05
913,IB_L_913,IB_L,IB,L,20,0.4772997378095116,-0.18359987255812954,-0.36831412283379195,0.03461730283025332,0.321380886634045,0.06440668633577931,0.2376876227192782,0.018399099,-0.00032631315288637387,0.00020043276934655639
914,IB_L_914,IB_L,IB,L,20,0.0043468565673381865,-0.28925286474364786,0.11695879254130097,0.16287850769712608,0.2390680539337832,0.05293852476964424,0.2363191503206151,0.01888422,-0.00047684606139927,6.075241949653729e-05
915,IB_L_915,IB_L,IB,L,20,0.9381996884267044,0.15710609438044465,-0.601691278899239,0.44884777366146505,0.005320310842046025,0.07307905333111737,0.23872466977808898,0.018203106,0.00019809780550576506,3.093593046807767e-05
916,IVLP_R_916,IVLP_R,IVLP,R,20,0.4124179187806621,0.4384389074047415,0.049310573193777275,-0.08911532070614467,0.15673266773293704,0.06372717671016426,0.2418161460936704,0.0186995,-3.768634688604042e-05,0.0001840404728625071
917,IVLP_R_917,IVLP_R,IVLP,R,20,0.07930291361541783,-0.30751380059790123,-0.10831189149413864,-0.09642893805114561,-0.29616026154486347,0.0575836650095774,0.2359338481942883,0.018506628,-0.0002688125955284241,-8.327496736497852e-05
918,IVLP_R_918,IVLP_R,IVLP,R,20,-0.27242617353679255,-0.30445814219285416,0.24470723329116995,0.2645297638693109,0.05106071687965834,0.048955686723760015,0.23520042208154282,0.018837377,-9.984237864498345e-05,7.407411651006324e-05
919,IVLP_R_919,IVLP_R,IVLP,R,20,-0.5282332499109855,-0.5850631019246906,0.04622467357596184,-0.1357500328390105,0.14481251093207628,0.04431803157630191,0.234239514014359,0.01860777,-0.00038234712442308854,9.675744563409219e-05
920,IVLP_R_920,IVLP_R,IVLP,R,20,1.1421739447025754,0.735749283023277,-0.8011898234404583,0.5083672232329066,-0.10783592421212387,0.07843210764763776,0.24300138092163417,0.017903306,0.00047367446499105813,2.1896196251131626e-05
921,IVLP_L_921,IVLP_L,IVLP,L,20,0.7168252821246743,0.6917295247655868,-0.07400272343762639,0.2894652311199626,0.17584204837349734,0.07075526803631753,0.24326295010390603,0.018566381,0.0012356251366581674,0.00019826379227767685
922,IVLP_L_922,IVLP_L,IVLP,L,20,-0.117022112700602,-0.34819881194545454,0.13931041010784828,0.012279193733498391,0.6290931628358836,0.052951183564075466,0.2361231743306756,0.018667705,-0.00015744156484192846,0.00029217713791587763
923,IVLP_L_923,IVLP_L,IVLP,L,20,-0.49207325791807977,-0.477900629804496,0.33739999911215024,0.18829712086489192,0.14923075876017353,0.04389529923396644,0.23519406235795354,0.019053416,0.000145449382799055,0.00031572638519268564
924,IVLP_L_924,IVLP_L,IVLP,L,20,-0.2860421491620313,-0.336703753507784,0.42548861922554754,0.042890155251539094,0.4757601535692291,0.04953143062380309,0.236533819364722,0.019002456,-0.00018602531849782624,0.0003517257212480792
925,IVLP_L_925,IVLP_L,IVLP,L,20,0.0025478198302643753,0.018237867017947124,0.3677250884399341,0.22160574828293728,0.02974975227045985,0.05452540505937331,0.23743588068051805,0.018932834,-0.00031779966651936353,7.007200005495836e-05
926,IVLP_L_926,IVLP_L,IVLP,L,20,-0.2795163952507066,-0.5375409668581368,0.44374358614784243,0.11920890171608862,-0.06836470056222704,0.04805102278820961,0.23537771580380448,0.019176401,3.44286461007682e-05,0.00010202117332909406
927,IVLP_L_927,IVLP_L,IVLP,L,20,0.828982604417918,0.5644083804799037,-0.37085128497608133,0.020206019236125944,-0.17340835923691916,0.07352564408816788,0.2414392829112728,0.018219322,-0.00014580421758903788,-1.5867543490238964e-05
928,IPS_R_928,IPS_R,IPS,R,20,0.27099651343090203,0.8041987333693774,0.39226224086472705,0.6977870549070693,0.10822204620639417,0.06023635660116746,0.2433278301850689,0.019088838,0.0007499259060090509,0.00014931333700525894
929,IPS_R_929,IPS_R,IPS,R,20,-0.09943900427165005,0.12899361547941965,0.09572780151810356,0.054401890101110705,0.1522762262546833,0.050957052157473794,0.23882540886086606,0.018995909,-0.0003330397208446793,0.00013085191361598478
930,IPS_R_930,IPS_R,IPS,R,20,0.22946542324161676,0.3102669840638878,-0.08252845508095479,0.1777257465195125,0.3273885148214547,0.060091077088666324,0.24055227718357147,0.018596582,-9.649778412486626e-05,0.00018800459571919633
931,IPS_R_931,IPS_R,IPS,R,20,0.76596640556699,0.5615005882991844,-0.8807399906962476,0.8195262945926565,-0.06726010643732167,0.06993670712120942,0.24106386563139157,0.017880568,0.0005978890642673975,3.3197112737830885e-05
932,IPS_R_932,IPS_R,IPS,R,19,-0.4332979948879777,-0.4471056874552626,0.23066651394488938,-0.028509187787143963,0.43814393449494454,0.04413807033529236,0.23629331170865484,0.019230591,-0.0002867968820330043,0.00031144787412427146
933,IPS_R_933,IPS_R,IPS,R,20,0.41269293870136214,0.7041840844691556,-0.21095679047005564,0.872477464445072,0.05306759685904872,0.06533929653367915,0.24275450668983156,0.018409496,0.001006965860285611,6.821534328371439e-05
934,IPS_R_934,IPS_R,IPS,R,20,0.5354170250683252,0.6163419494910831,-0.3579783042485546,0.7072493196740836,0.05563457191556217,0.06774471783199988,0.24241175398340897,0.01826799,0.0013795485870487661,3.072427902886298e-05
935,IPS_R_935,IPS_R,IPS,R,20,-0.08013287399070887,-0.22191635715780186,0.11206351145281826,-0.16243098364268407,0.37622470740388725,0.05296948092724526,0.2366688050118137,0.018731218,-0.0008455558981256016,0.00014474573754313762
936,IPS_R_936,IPS_R,IPS,R,20,-0.5079342805271041,-0.5230168159509792,0.40049366269070497,0.06734648332204854,0.23716991906935359,0.043216808670446506,0.2348564397844665,0.019174803,2.0615022682552973e-06,0.000341221439797751
937,IPS_R_937,IPS_R,IPS,R,20,-0.5011924944166439,-0.5909674107503734,0.15215368531176515,-0.10757800810664855,0.17496420237000027,0.04321067446994059,0.23434729613598612,0.018832555,-0.0004810541273179522,0.00016630900298302462
938,IPS_R_938,IPS_R,IPS,R,20,0.659908522827604,0.8278426021559971,-0.19724287260410994,0.955806732679882,-0.016124284290104474,0.0691100959678937,0.24354647521259465,0.018330298,0.001524401131029974,2.655225070905871e-05
939,IPS_L_939,IPS_L,IPS,L,20,0.7254885725894837,0.5114873983102539,-0.4768681465302467,0.4338964593362148,-0.013974840591802703,0.07155776785904669,0.24217713607324826,0.018146023,0.0008950982821249121,2.23209401477244e-05
940,IPS_L_940,IPS_L,IPS,L,20,0.9397735039692448,1.1230752400671444,-0.6703987118848781,1.5163916721035613,0.27269453881297473,0.0768609674759403,0.24532121482542985,0.017972497,0.0026510950695490068,0.000282938574520886
941,IPS_L_941,IPS_L,IPS,L,20,0.038183178046887825,0.12081435841595625,0.15571546571398237,0.21543936801752633,0.25387699015538884,0.05505488094849267,0.2391778691388029,0.01898799,0.0001433134219635604,0.00018086381280203642
942,IPS_L_942,IPS_L,IPS,L,20,-0.5188684903116452,-0.5450071163655731,0.2356588448399412,-0.0018879835338262527,0.419478600999139,0.042240037144512396,0.2346017613165953,0.018990401,-0.0006061916790071255,0.0003329473453856927
943,IPS_L_943,IPS_L,IPS,L,20,-0.2611837285272261,-0.4128485532840161,0.1488555023031184,-0.0772279623122375,0.16777341403368976,0.04918593677714904,0.23596349779582285,0.018792773,-0.0005203072565283456,0.0001035285366136331
944,IPS_L_944,IPS_L,IPS,L,20,-0.4086703467667984,-0.38776882988104383,0.32198221058943244,0.12564376529470647,0.3946605189536462,0.045312029871020384,0.23559687668545926,0.019090101,-0.0003870635647947888,0.0003080128524817492
945,IPS_L_945,IPS_L,IPS,L,20,-0.15999885247234363,-0.3695588141492549,0.35249966902620605,-0.11754401562166454,-0.01533237229066362,0.05041988768057919,0.23600854745774197,0.01906376,-0.00039080484273668027,0.00015196843730108154
946,IPS_L_946,IPS_L,IPS,L,20,0.7360333204307317,0.7227214998002855,-0.7330437271330423,0.9486896280572514,0.08196254291308565,0.07138432084278198,0.24320349110713918,0.018115293,0.001398251614778123,8.931617235048775e-05
947,SPS_R_947,SPS_R,SPS,R,20,-0.6520940535408967,-0.3521050923125689,0.35687177486386895,-0.13797716528448334,0.15604849799567047,0.03830745726647354,0.23590618539924652,0.019273562,-0.0005276472313581633,0.0002563212270548913
948,SPS_R_948,SPS_R,SPS,R,20,-0.2016653112611683,-0.25942169167634443,0.11144938486812928,-0.23205100487988722,0.02094745569609048,0.04964614059873436,0.2362463461526422,0.018950168,-0.0007477269457643405,0.000261760493953561
949,SPS_R_949,SPS_R,SPS,R,20,-0.7396141877346045,-0.5025136879411527,0.375381403769632,-0.11782013304816738,0.7617286807418499,0.03733386589879755,0.2349627496237626,0.019202355,-0.00036123809761373404,0.0008384187074344511
950,SPS_R_950,SPS_R,SPS,R,20,-0.583725954381279,-0.656182173790793,0.09773309592694283,-0.19040471204006632,0.3018842731119247,0.040205964568301986,0.23379890417846588,0.018934451,-0.0006185250106837224,0.0002620171865417397
951,SPS_R_951,SPS_R,SPS,R,20,0.4887152361397408,0.17629185997837674,-0.28497524154556625,0.11326332998183904,0.03439916561074554,0.06450829734144092,0.2394037597509596,0.018395383,-0.00024799217394112983,6.658368665739495e-05
952,SPS_R_952,SPS_R,SPS,R,20,-0.5171879768360322,-0.5091920494295666,0.2754014369205033,-0.16192253728215253,0.12051090675700653,0.042327023686394974,0.23495229875485152,0.01901698,-0.000570064097798053,0.000282341044336004
953,SPS_R_953,SPS_R,SPS,R,20,-0.32948001310863,-0.4099448433355487,0.24064196121817766,0.08568073876952538,0.2846454645432526,0.04702606982303086,0.23511868988346457,0.018903166,-0.00026469653514670253,0.00023853577150393656
954,SPS_R_954,SPS_R,SPS,R,20,-0.5396447677935967,-0.5849449021340889,0.42792613411399644,-0.20385893891632317,-0.044235584424594604,0.041788488043933036,0.23422090133350038,0.019148428,-0.0005872223095758179,0.00020121103584456857
955,SPS_R_955,SPS_R,SPS,R,20,0.1385402844479414,-0.1983890793055573,-0.15785171734018605,0.15230940951407584,0.1134446127138445,0.055693162987986176,0.23602720803234178,0.018705372,-0.0004192476105544642,5.799773676710444e-05
956,SPS_R_956,SPS_R,SPS,R,20,0.6318974904056457,0.35491587598205465,-0.599668180464342,0.4162961082371508,0.03328940214451041,0.06909439191314887,0.24047697022729014,0.018008001,0.0002897923058108198,8.887596498095203e-05
957,SPS_R_957,SPS_R,SPS,R,20,0.6037271839695648,0.3846030161955887,-0.5476416087638808,0.44876460960060827,-0.0060675250196692565,0.06932034970414522,0.24100946867898684,0.018090924,0.0004448719582145374,3.7637569888373056e-05
958,SPS_R_958,SPS_R,SPS,R,20,0.25101544562468714,-0.11569306378010032,-0.02330325489552208,0.2573431157771263,0.11462389471938272,0.05890579241991153,0.23693072092524367,0.01870227,-8.77762230558203e-05,0.00011894183482179019
959,SPS_L_959,SPS_L,SPS,L,20,0.18269773490915578,0.023768932311713727,0.28557890251605855,-0.10566539381572052,0.06923375079237369,0.05726631848680173,0.238010554956817,0.018861372,-0.0002122308768753169,0.00021907262782024962
960,SPS_L_960,SPS_L,SPS,L,20,-0.3395271682497148,-0.4616766448321915,0.15739253007833884,0.3026913019387937,0.8936051492145388,0.0468806710394787,0.23506290050949924,0.018805992,-0.00010622587541264676,0.0005007426296208526
961,SPS_L_961,SPS_L,SPS,L,20,0.07762400877358847,-0.16322045981878303,0.2592605988020111,-0.18259334008016764,0.44066922898949146,0.056102872198957245,0.2370655939984156,0.018766366,-0.000791827272149098,0.0003018759598350694
962,SPS_L_962,SPS_L,SPS,L,20,-0.30652066594635485,-0.4596280765517401,0.12490163649082667,-0.20099209147111585,0.03810164844032336,0.046915703170251136,0.2353573748632535,0.018957166,-0.0007920162928674839,0.00027987208281630695
963,SPS_L_963,SPS_L,SPS,L,20,-0.7329215183061241,-0.7750589421299129,0.27787466957240703,-0.09859670093363673,1.5659859202453854,0.036943626388910994,0.23373612417262496,0.01899994,-0.0006875270535663007,0.0011482816268171855
964,SPS_L_964,SPS_L,SPS,L,20,-0.540948513367911,-0.6646211807222302,0.5241417741649197,-0.1605271619464764,0.22348965589945863,0.04259259879543531,0.23422673767659422,0.019192863,-0.0003126286371592657,0.00023133891384334354
965,SPS_L_965,SPS_L,SPS,L,20,0.3249062151136369,0.014346327846783455,0.12342719002099667,0.009983917898967942,0.11530066059214703,0.060188257637845355,0.23790794598396886,0.01878208,-0.00014257155936571683,0.00010425140016432784
966,SPS_L_966,SPS_L,SPS,L,20,-0.06612868946589945,-0.30730185416163863,0.24007915683435016,-0.18067039682854574,0.31545740418464585,0.053522464280963536,0.23686506875380667,0.018844899,-0.0004223400238164574,0.0001711003324220962
967,SPS_L_967,SPS_L,SPS,L,20,0.052316979410506906,0.09453820796833343,0.09107175780242038,0.04913667569670118,0.30444617285971304,0.05760079593920044,0.23860699342711583,0.018448297,-0.00021592164173949677,0.0002145699127734746
968,SPS_L_968,SPS_L,SPS,L,20,-0.4530333649323467,-0.6106473473760742,0.07347852687426396,-0.06946341295959965,0.22398290530953208,0.04405678020514692,0.234437387365025,0.018839868,-0.0004590755140606144,0.00017317246432472784
969,SPS_L_969,SPS_L,SPS,L,20,0.5384191966617297,0.34465986754777,-0.2901065814403514,0.20186482673644796,0.15760320814016354,0.06844461893482198,0.24044134334570827,0.018255154,0.00025268218769169016,0.00015576991815236495
970,SPS_L_970,SPS_L,SPS,L,20,-0.5137250382972643,-0.48778404943674847,0.3164095688603197,0.016267306944574116,0.37889106767117964,0.04186690320688845,0.2350695337162521,0.019028252,-0.000368124265774724,0.0003400340653464495
971,SPS_L_971,SPS_L,SPS,L,20,0.4538274361065212,0.477443583881182,0.013433240079373143,0.2094677769458455,0.19394927717710594,0.06642277873703338,0.24200370927474246,0.018498607,0.001014591441481026,0.00010667407438642608
972,SPS_L_972,SPS_L,SPS,L,20,-0.7577678697319689,-0.6644948806180222,0.48452105689704117,0.023543965730413015,0.44379450876822113,0.03687738896799357,0.23382410541513007,0.01923315,-0.0004048776682628396,0.00020418998399377903
973,SPS_L_973,SPS_L,SPS,L,20,0.14887089034153014,-0.10201135647539053,0.10014914660710032,-0.05632884847943476,0.095936357382493,0.05713080282217607,0.23697420450630213,0.018657723,-0.00033960725460658095,0.00018517330193716148
974,LAL_R_974,LAL_R,LAL,R,20,0.8186999768277113,0.8639197679319459,-0.8404513646880034,-0.03838579171894278,-0.005226166430627179,0.0708400285398102,0.24278335129362122,0.018019313,0.0002444840993440199,0.00016819285398661851
975,LAL_R_975,LAL_R,LAL,R,20,0.6733399421774765,0.4573029074169989,-0.5511355200492799,-0.5483953457312438,-0.17314081150457641,0.06796002515705121,0.24006611418029472,0.018202228,-0.0008312645183731907,1.4953270825555047e-05
976,LAL_R_976,LAL_R,LAL,R,20,0.09819189354834021,0.08381951226792064,0.028311625318606128,-0.29075022365373826,-0.14897392403680956,0.05667177884881626,0.23886818744941726,0.018643636,2.4955195037788726e-05,0.00034039696812555756
977,LAL_R_977,LAL_R,LAL,R,20,0.6126578399838509,0.4770897974652435,-0.10680999392755211,-0.3662711883374224,-0.05204361190638183,0.06711437733748793,0.24123076387854234,0.018644162,-0.00033953866883178034,6.19426602918536e-05
978,LAL_R_978,LAL_R,LAL,R,20,-0.09632604898141348,-0.18710089469085922,0.10269685726971504,-0.30772658780347234,0.010424478068170035,0.05266655471478795,0.23645447089452526,0.018764555,-0.0007107593636952605,0.00014919437120609018
979,LAL_R_979,LAL_R,LAL,R,20,0.1779103577993391,-0.11860032574638338,0.09622370642474298,-0.4598057749038603,-0.3446348580056676,0.05566357665556525,0.23734549278866618,0.0188323,-0.00042679470505958947,-1.0672269347890699e-05
980,LAL_R_980,LAL_R,LAL,R,20,0.3330277012128021,0.3070381436104983,-0.12228813766319653,-0.4140225132627341,-0.22401274323257483,0.058232917370355165,0.2390127188894969,0.018734388,-0.00023270872753609288,8.146442031724415e-05
981,LAL_R_981,LAL_R,LAL,R,20,-0.46746511465782026,-0.4004228754890956,0.30309435787840483,0.059758498405056516,0.6274979606270443,0.042693744473472295,0.2360179344432956,0.019060995,-8.984840525925913e-05,0.00044214863993635495
982,LAL_R_982,LAL_R,LAL,R,20,1.6991964824287138,1.3304803127049465,-1.341492888450445,1.2925150009939375,-0.18283173725472457,0.0898186435682642,0.24525509159197006,0.01728442,0.0019634473301854737,0.00014151884254413793
983,LAL_L_983,LAL_L,LAL,L,20,0.3903792421613883,0.3911636326426614,-0.3926450440593456,-0.0843890033924613,0.1319317036966136,0.06438822999660987,0.2402719687575058,0.01815942,0.0006383580234549063,0.00018560040329139787
984,LAL_L_984,LAL_L,LAL,L,20,0.7215665243678355,0.2055967178657106,-0.44323092905767797,-0.0353348640919596,-0.28869916851090643,0.06871545771740263,0.23949960835768952,0.018477742,0.0003396139955118378,2.206148423400186e-05
985,LAL_L_985,LAL_L,LAL,L,20,1.1097029865706989,1.0486437118653185,-0.7050697065748212,0.11667365941874727,-0.18727572728809333,0.0786574331348831,0.24458658493280977,0.018107988,0.0005526334357881453,3.388071181798721e-05
986,LAL_L_986,LAL_L,LAL,L,20,0.8697289094516749,0.6602325533624949,-0.6889026070653325,-0.23357425476354524,-0.11308703876550355,0.07149395084227383,0.24150041965965757,0.018021306,-0.0005691333040910352,3.5865313881155106e-05
987,LAL_L_987,LAL_L,LAL,L,20,1.577982823575444,1.0884823440871074,-1.4220747272214136,0.37313140474710343,-0.19279763668869618,0.08827238974577196,0.2447590000428998,0.017374068,0.0011817633268707355,4.520107332068176e-05
988,AME_R_988,AME_R,AME,R,20,-1.1832755617829238,-0.9446830814224016,0.5277173022875681,-0.1786855615104431,0.5007829024312226,0.027831435963604278,0.23178062446334255,0.019266468,-0.0001283562355019704,0.0006368425470331877
989,AME_L_989,AME_L,AME,L,19,-0.9129314380240079,-0.8837493341710643,0.332970305146668,-0.23682323507156933,1.0909132455175983,0.03367529575732776,0.23274883638130073,0.019424697,-0.0003861785549384974,0.0007351619413568278
990,GA_R_990,GA_R,GA,R,20,-0.5748119103790676,-0.12123422408822296,0.461068211160253,-0.4558613470416125,-0.2461890296822916,0.04085404921764483,0.2365710976273964,0.019179791,8.697518447978238e-05,0.000170938836465372
991,GA_L_991,GA_L,GA,L,20,-0.349131842368257,0.0008447983757995825,0.32788628764305955,-0.5779218634562351,-0.17334778208507298,0.04694521337062047,0.2378197357540107,0.019149154,3.927018691534904e-05,0.00020556171715159223
992,AMMC_L_992,AMMC_L,AMMC,L,20,-0.43637963115723827,-0.549673583743652,0.22215194288102008,0.08396728924965333,0.5477516020590577,0.04505715416316268,0.2344132794386511,0.01894747,0.00026368831128956735,0.0005067848699834938
993,AMMC_L_993,AMMC_L,AMMC,L,20,-0.34287248164507755,-0.42302298751186607,0.21770366885382728,-0.2052955549146455,0.4074589398499557,0.04692861993639531,0.23596875707788545,0.018998662,0.0002739309640971933,0.0007153843765232716
994,AMMC_L_994,AMMC_L,AMMC,L,20,0.005910311497048193,-0.22204234614574064,0.12486780157137563,-0.19988356588000383,-0.3181385066798889,0.05412109226296983,0.23685372025605256,0.018753303,0.0004468474859634479,0.00015935589445796583
995,AMMC_L_995,AMMC_L,AMMC,L,20,0.6128053624734864,0.2093317722601991,-0.28914278341224153,0.21562870500876033,-0.045690028872010874,0.06982196822292826,0.2399055838278843,0.01819443,0.0006102835205010109,0.00021203727663386216
996,AMMC_R_996,AMMC_R,AMMC,R,20,0.2954379667122524,-0.02449714748217067,-0.15106818105857667,-0.029797642083959748,0.3116311496711848,0.06105780834047332,0.23904842994679404,0.018615182,0.0005447308744684954,0.0002128960790546831
997,AMMC_R_997,AMMC_R,AMMC,R,20,-0.5454220534246154,-0.47895640315871696,0.35541961746322187,-0.14948769522499117,0.12616522396426091,0.041879502061958354,0.2348308002088749,0.019153977,-0.000391291131607403,3.7458959695332844e-06
998,AMMC_R_998,AMMC_R,AMMC,R,20,-0.9897096210692583,-0.9983599336926853,0.2791605886857198,-0.20845562923391103,0.21883961663524654,0.03134624911879645,0.2318989860510127,0.019069431,-0.0005464353077570658,0.0002140659194431208
999,AMMC_R_999,AMMC_R,AMMC,R,20,0.0490006474255489,-0.13990164206394218,0.260360751111224,-0.3361550916227444,-0.2966348391330238,0.05255642231779613,0.23669580670413232,0.019034257,-0.0006843354951879811,0.00016060007599082922
