roi,label,atlas_region,base_region,side,n_recordings,FCS_z,FCV_z,Metastability_z,NetTE_z,NeighborNetTE_z,FCS,FCV,Metastability,NetTE,NeighborNetTE
1,FB_1,FB,FB,midline,20,0.4586114073991546,0.33580488715595636,-0.09386139058118853,0.5875823778067607,0.25834732066629884,0.07504712534724725,0.20838384749958064,0.051273216,0.014210723617536716,0.009267291236322703
2,FB_2,FB,FB,midline,20,0.5273174852866708,0.18909028780317688,-0.35855196412447626,0.20405639127353536,0.23260635538198712,0.07568243385056475,0.205880280879644,0.048420675,0.008391573470332049,0.008978792611711157
3,FB_3,FB,FB,midline,20,0.9290989138794246,0.30074668213191946,-0.6739396193483809,0.5911779796208287,0.11768724835015924,0.0852231984964689,0.20720413962598414,0.042106945,0.017890612196133315,0.0077286501507005095
4,FB_4,FB,FB,midline,20,0.4785623128203203,0.17129003440730933,-0.5844378251900116,0.5022428865970092,0.2077630156318114,0.07350352532369445,0.2054574017497727,0.04338076,0.014790744608813846,0.008808726046104711
5,FB_5,FB,FB,midline,20,0.44528493616769654,-0.0967512817150012,-0.07722908867513915,0.1289854142105064,0.2414748110099631,0.07568116950490159,0.2033147284927277,0.05269018,0.007041343808501768,0.009465958018385625
6,FB_6,FB,FB,midline,20,0.9214343821430244,0.04453239052591213,-0.039504470086861365,0.07183320318362714,0.07358281527119359,0.08590647591740716,0.20360904264227267,0.056918453,0.006967248831501409,0.00786685051302748
7,FB_7,FB,FB,midline,20,0.07110247325757746,-0.12170133754715025,-0.24764689700679887,0.06968231125332261,0.5641369605684683,0.06492379720944681,0.2028917111122872,0.046467055,0.008035940801345804,0.01098964395910588
8,FB_8,FB,FB,midline,20,0.7608972744027049,0.5128502017100399,-0.4296260579572452,0.8175408032601738,0.21359941763684068,0.08222714779294134,0.2097785261914178,0.04538042,0.0184483296730847,0.008630992637220074
9,FB_9,FB,FB,midline,20,0.8166256121452896,-0.023770812632974724,0.08783943334065089,-0.09651822870985474,0.16525653953831554,0.08441045768261174,0.2039200217523633,0.05573426,0.0009030817244572456,0.008654007885975774
10,FB_10,FB,FB,midline,20,0.49869712945386746,0.39850719381920774,-0.264114957113022,0.6686038035143086,0.3028278223480446,0.07529010387133564,0.20849562663535356,0.049629964,0.01511720942045186,0.008822398120364028
11,FB_11,FB,FB,midline,20,0.2247495328872978,0.10993151594760597,-0.5399573312805266,0.5805393477330487,0.4120253037793803,0.06976223437769553,0.20525902212284214,0.04069012,0.018655824316553715,0.011619772089527126
12,FB_12,FB,FB,midline,20,0.784411107585709,0.6775155658273712,-0.4676683812212244,1.169482083029034,0.22054137832219395,0.08152340247305437,0.21178974948639243,0.044915285,0.022914125393345756,0.008596451728613752
13,FB_13,FB,FB,midline,20,1.2031176112196547,0.6324909809317913,-0.5373885704001484,1.0510922412572854,-0.1465876393558943,0.09426204025044052,0.21159238420110457,0.046225693,0.025648764259323147,0.006958169226424513
14,EB_14,EB,EB,midline,20,0.8291233347756739,0.08774882320361839,-0.45288710743211774,0.3590120172514705,0.05815822856621652,0.08288247814009567,0.20513542988485414,0.041377794,0.014822630034675216,0.007117286768070082
15,EB_15,EB,EB,midline,20,0.9743538580088791,0.5845584646176027,-0.4281255836170021,0.7442083746692751,0.03187347367548282,0.08664947074506806,0.21031240627323164,0.0433098,0.0194046992594919,0.0063574439524961765
16,EB_16,EB,EB,midline,20,1.137318543552554,0.36022018577891973,-0.30115784644951316,0.617431823767593,0.02092906071045406,0.09141599107610938,0.208175747073079,0.047831345,0.018087685934415253,0.006982017330023726
17,SAD_17,SAD,SAD,midline,20,0.39930046206608116,0.26916030077671554,-0.19459126604433938,-0.009792240143049006,-0.07940657716240437,0.07837756453703654,0.2081952954257372,0.047654137,-0.0019396948346489314,0.0061048195011925484
18,SAD_18,SAD,SAD,midline,20,0.4373704418095971,0.34890812942696503,-0.4918940012515449,0.559161847969255,0.14490863705410822,0.07738663832183072,0.20896370590630564,0.045639772,0.007978405894650377,0.007919434138077915
19,SAD_19,SAD,SAD,midline,20,-0.30297444900165804,-0.44585884129816494,0.05093931091285907,-0.5706017334451859,-0.05972460473150582,0.059188393550971476,0.20049780598220676,0.049245417,-0.008859214657517558,0.006095391658996443
20,SAD_20,SAD,SAD,midline,20,-0.3224675660538994,-0.4946135461942328,0.20830680444524163,-0.5782063118102145,0.08406028909503549,0.05715964822572941,0.19884036203793187,0.05304286,-0.008660725862056315,0.00692988731736132
21,SAD_21,SAD,SAD,midline,20,0.37917703572086237,0.18261265277734756,-0.24562547732820722,0.025481911629586317,-0.18009706492915004,0.0793626601526908,0.20811194809878483,0.045721464,0.004747091118007729,0.006242957334206144
22,SAD_22,SAD,SAD,midline,20,0.6231810844923751,0.3601958802324195,-0.6822256293158261,0.5045034823345629,-0.25841730477500724,0.08407310148233377,0.21033376344859844,0.041126877,0.011476460309373316,0.005771729439835295
23,SAD_23,SAD,SAD,midline,20,-0.12027745979892565,-0.027755546967085105,-0.1201421858746458,-0.38403143235970394,0.19111246731142528,0.06255903543713635,0.20389942708018874,0.053891502,-0.006959064959905932,0.008123392745016484
24,SAD_24,SAD,SAD,midline,20,0.3286412257985484,0.26528212606559665,-0.2691909858398344,-0.28579046855617385,-0.11599076782518766,0.07570228261640284,0.20790866052949628,0.049153563,-0.004921819622377365,0.00638851942393077
25,SAD_25,SAD,SAD,midline,20,-0.11010640881208573,-0.26476084465795335,-0.2297756323068712,-0.3332345386571295,-0.16272402310759757,0.06389336934926665,0.20281119428325947,0.048806068,-0.004115834045939074,0.006868551184011119
26,SAD_26,SAD,SAD,midline,20,0.2663054836301495,0.01555695591516602,0.005343433741956216,-0.13158249899668867,-0.15991060576973584,0.07424283695793008,0.20541621969871224,0.04844192,0.0013594637304362354,0.006530937931101754
27,SAD_27,SAD,SAD,midline,20,0.2160456246258716,0.17914495027340738,-0.2941384586926621,-0.2668936679569539,-0.16748213282982724,0.07346572952262825,0.20783257427277615,0.051955648,-0.004437595111049948,0.0058521433737642155
28,SAD_28,SAD,SAD,midline,20,-0.49437929568036587,-0.5637702957310318,0.025771641112464484,-0.680566771073346,0.08069182109206226,0.05133470905382185,0.19845157076766046,0.05130873,-0.012380364195605658,0.007368547925606306
29,SAD_29,SAD,SAD,midline,20,-0.14395583355162767,-0.3142423276027672,0.024394388967562953,-0.4046367712461906,0.2005184813194677,0.06180682394520289,0.2013680416412662,0.054284453,-0.011794148477612777,0.008264855761973399
30,SAD_30,SAD,SAD,midline,20,0.09979248618418854,-0.14703809507343366,-0.07694355511399982,-0.3389128720434633,-0.11318281995444665,0.07127693217483858,0.20361641938582106,0.047710255,-0.004344746602548701,0.0067118202831975135
31,SAD_31,SAD,SAD,midline,20,-0.45891287674216735,-0.46997933591024027,0.3548152608184519,-0.6153008831330455,-0.33677160249439536,0.05433591618397439,0.19935375054955293,0.05773163,-0.012200932946032578,0.005681659279600045
32,SAD_32,SAD,SAD,midline,20,-0.5250217766251823,-0.6684351427565531,0.3710900749305651,-0.5752400300366511,0.2654074271838747,0.05115788211895052,0.1974510090528782,0.060838997,-0.014570155657708661,0.009620692343909845
33,SAD_33,SAD,SAD,midline,20,-0.23816783305513858,-0.6347181542172483,0.00252275225411685,-0.6069289744606075,0.01520336035769465,0.060957571258977175,0.1980274177394955,0.04920579,-0.009495145795947214,0.007431509244553071
34,SAD_34,SAD,SAD,midline,20,-0.5352382438771922,-0.6125271272326611,0.3461706227630213,-0.41941361932289006,0.17455766100456133,0.0516990083044941,0.19804113927844963,0.060628444,-0.003058861284827256,0.007655687883009043
35,SAD_35,SAD,SAD,midline,20,-0.6163165315217861,-0.8947555468249868,0.4738902749131889,-0.5254901782501886,-0.01582579775796641,0.049061064080755945,0.19425651441206826,0.060186498,-0.008202849541462987,0.008469559300592386
36,SAD_36,SAD,SAD,midline,20,1.2410777849765204,1.0335823671238022,-0.5469033601004485,0.6269819925456609,-0.25638913015792364,0.10070797907477931,0.21641523414149794,0.046958916,0.011200716035054641,0.005623012881600054
37,NO_37,NO,NO,midline,20,0.2730326296129158,0.11826581329292304,-0.35727612701304223,0.35951982018688255,0.029746527069930383,0.0699100949921489,0.20505310476862637,0.046402775,0.008898537342897373,0.007220551008029342
38,SOG_38,SOG,SOG,midline,20,-0.0989244925483865,0.8087618871533955,-0.05341433185001502,0.34727752157581043,-0.01250295327604252,0.06392888559002322,0.21288666419376265,0.064167775,0.00648362080728712,0.006556830173031075
39,SOG_39,SOG,SOG,midline,20,-0.03651823719912423,0.24627771585455313,0.11202733334499933,0.4895438050984463,0.03129809449861344,0.06398948740431301,0.20722983034240086,0.06589489,0.010339487623492714,0.007246853242640826
40,SOG_40,SOG,SOG,midline,20,0.26435484133214854,1.0712303057631534,-0.15309863366186677,0.827106373574134,-0.06945905551639482,0.07226853304435124,0.21632549297194564,0.05544106,0.015106088606302377,0.005988647925697117
41,SOG_41,SOG,SOG,midline,20,0.6589521203968137,1.056568515589761,-0.45188889093329354,1.441213402600654,-0.2239138062631099,0.08477554142668468,0.2165466506525532,0.043894216,0.02284759082007249,0.005774170259398559
42,SOG_42,SOG,SOG,midline,20,0.34843218224098993,0.2404013254521673,-0.26323064001265967,0.44720389493767304,0.008484643242637856,0.0742999506714937,0.2077165534388949,0.048794392,0.007034503307175912,0.006969146509796226
43,SOG_43,SOG,SOG,midline,19,0.023945436682351332,0.48978666887578726,-0.048510525844430226,0.09407312579243071,0.06991067856151101,0.06713048900555595,0.21097137895809137,0.06391548,5.0078216031999944e-05,0.006898570612470072
44,SOG_44,SOG,SOG,midline,20,0.004794794035932509,0.4193272654083587,-0.35999276901422983,0.5507653371287485,0.18459737465037018,0.06443638489560613,0.20754067443300558,0.050251532,0.01269886552731989,0.008081265632990369
45,SOG_45,SOG,SOG,midline,20,0.0011443838029708386,0.21283880439096134,-0.17670824249331565,0.3318106348613596,0.1810069396680999,0.06438797855520369,0.20624908517781346,0.048702724,0.011504295840679368,0.007414345283251802
46,SOG_46,SOG,SOG,midline,20,-0.03365788872712104,0.1514019909207706,-0.0030842180371061455,0.2132364935372515,0.0742800218580518,0.06450822958907701,0.20606248316245335,0.061442245,0.0028873724848002824,0.0070884881260509704
47,SOG_47,SOG,SOG,midline,20,-0.05738716731312289,0.40458927560683805,-0.10905012555089351,0.34504706551530584,-0.09813542421760475,0.06488169316123961,0.20966419489816182,0.061734326,0.0012168574854708445,0.006758491846112891
48,SOG_48,SOG,SOG,midline,20,0.3513999166727163,0.7409077662413348,-0.22786101493001626,0.13735665336968633,-0.3207719667836012,0.07803727599022962,0.21502881516094638,0.05698965,-0.0023905904357156425,0.0043149033682778875
49,SOG_49,SOG,SOG,midline,20,0.21240023477034028,0.7070619992979817,-0.12240247734149715,0.2987600971995821,-0.08989558769196868,0.07276223083063123,0.21295309117909805,0.053462513,0.005202979891481587,0.006061472644045229
50,SOG_50,SOG,SOG,midline,19,-0.03978766977153661,0.5620509624559505,0.04461257201644562,-0.20292249360229372,-0.16911350627676014,0.06657858899398357,0.21198112467667768,0.067185156,-0.00839561141686833,0.002421219045334934
51,SOG_51,SOG,SOG,midline,19,0.2950122116555838,0.324060046442235,-0.22232764021515083,0.031443671937961895,-0.17261542805224672,0.07549729394078386,0.20989626193819366,0.059119433,0.0026862755030411132,0.006743063898750593
52,SOG_52,SOG,SOG,midline,18,-0.669396220809567,-0.4317573382360237,0.3077875427863688,-0.5472672916431289,0.04880948392158523,0.04698051121493515,0.19998784377948683,0.063542984,-0.012355784440182878,0.007878044111792836
53,SOG_53,SOG,SOG,midline,20,0.3652065448931575,0.28372872461140797,-0.36885281432585365,0.22334766329211408,-0.03428571945798918,0.07586041453168664,0.20821827639035412,0.054528635,0.004088992381483681,0.006540831379728605
54,SOG_54,SOG,SOG,midline,19,0.5938830017433745,1.0382120129400654,-0.22740204869668013,0.3671249851131476,-0.09879930247826736,0.08605550723364326,0.21797516219619614,0.05729361,0.004029389006873535,0.00606604618325516
55,SOG_55,SOG,SOG,midline,19,0.06455846956743788,0.6132626912323517,0.06723986189192865,-0.21641425237306766,0.11737093779971186,0.0696864472980755,0.21282721878840616,0.05819894,-0.009081548813089979,0.00712258737949861
56,SOG_56,SOG,SOG,midline,18,0.04853455997715238,0.32871689551442423,0.2124850242163674,-0.29934303573666204,-0.22990181645934862,0.06665112234574654,0.20824185638912363,0.058993414,-0.005628532496021303,0.005855467780875883
57,SOG_57,SOG,SOG,midline,19,0.3475159746809051,0.7474284057632901,-0.37271656478493637,0.19982281736214347,-0.25243726657584137,0.07833577798667686,0.21452303931832298,0.054529082,0.0013224092367963632,0.005414109856475772
58,SOG_58,SOG,SOG,midline,19,1.095699678626632,1.3300490917508077,-0.4370086022513577,0.7960279543913559,-0.20864447400524747,0.09921257543774388,0.22148686215817273,0.058127236,0.011947946031878577,0.005196484034758226
59,SOG_59,SOG,SOG,midline,20,-0.6054690913998595,0.06550473233509298,0.4342288696742994,-0.12607934324394743,0.34574033646446156,0.04696780433149199,0.20454931123227432,0.06846664,-0.0024696149718189645,0.007988825368809238
60,SOG_60,SOG,SOG,midline,19,0.18767883171732688,0.11251553647241522,-0.15676760752948785,-0.1976987698866437,-0.17277774943205695,0.07248795265565044,0.20717309593870079,0.05454042,-0.004018326121605595,0.005412220320880361
62,SOG_62,SOG,SOG,midline,19,0.6711386678398177,1.1250976909891264,-0.26699173704215007,0.398693390722028,-0.16937285334438099,0.08781145419929902,0.21873842797092732,0.05728549,0.003192239863508991,0.005701248831174735
63,SOG_63,SOG,SOG,midline,20,-0.01952979223616951,0.054768614445783625,-0.2906275504956153,-0.1917643788331235,0.2042815545882653,0.0641456646291412,0.2052207206364328,0.05071081,-0.0035074873189047335,0.00816614583493503
64,SOG_64,SOG,SOG,midline,19,0.2975025238617077,0.6169427241524411,0.0968235052170071,-0.04890396758185989,0.03515734118435446,0.07858324771610285,0.21432736194472782,0.07064442,-0.0076720300076761165,0.006737018159233347
65,SOG_65,SOG,SOG,midline,18,0.08036445212558906,0.18925731218910086,0.010934138218747768,-0.3892827422003502,-0.4307307823221357,0.06713810768275984,0.206681320512929,0.06208618,-0.009978643111557607,0.004493597604949877
66,SOG_66,SOG,SOG,midline,19,0.8196906716006738,1.0489590234477402,-0.42639481212908015,0.4765960706992212,-0.24415831389495596,0.09148743443546263,0.21844317347966394,0.061651643,0.006274138132839798,0.005340570622389994
67,SOG_67,SOG,SOG,midline,19,-0.5555144002805527,-0.17933050261317943,0.16768919437151003,-0.3389533432760204,0.2188039506157797,0.050128615624316857,0.20280253776448517,0.063272595,-0.012875623340619015,0.005443418220728138
68,SOG_68,SOG,SOG,midline,20,-0.027996876509697753,0.21587805734707644,0.06849111273346506,-0.16466991575676887,0.044897006789386434,0.06651927300157753,0.2077747427348144,0.06399734,-0.007554501934997515,0.006887797196082736
69,SOG_69,SOG,SOG,midline,20,1.0898976359803316,0.9276193830598318,-0.44153200836481776,0.5560688976852479,-0.25858411190170993,0.0978575774894535,0.21619875219794227,0.048779886,0.010061543612627339,0.005144711484724753
71,SOG_71,SOG,SOG,midline,19,-0.2831922730680184,0.052836319648840065,0.08490292526293038,-0.33983451383301916,-0.2197880024033528,0.05962178148797679,0.20652030736581287,0.063209616,-0.013154488249857408,0.00426205092560701
72,SOG_72,SOG,SOG,midline,17,-1.5782483861717747,-1.3867689536114873,1.3702778616960287,-0.47497724232247857,0.42518490047831364,0.02208964049020404,0.18833304742429058,0.10802484,-0.012331621585324104,0.003999778414148953
73,SOG_73,SOG,SOG,midline,19,-0.24039325188164623,0.12339995841473979,0.2208631894775527,-0.24623922355332847,0.17513990374766616,0.05910758418416464,0.20519158580003896,0.064258665,-0.005134974646173895,0.007576627116837549
74,SOG_74,SOG,SOG,midline,18,-0.5222815961107194,-0.1001400629230785,0.5301246796515744,-0.413428460349983,-0.0654657946063177,0.051785592875835326,0.20367839058544643,0.06874385,-0.013108276024727042,0.006489491701829996
75,SOG_75,SOG,SOG,midline,20,0.5794542727214139,0.5877568739603032,-0.343806171033636,0.3168414622685876,-0.05001670223771498,0.08353622876397188,0.21199322957523847,0.052250285,0.003092505620997948,0.006926945009754723
76,SOG_76,SOG,SOG,midline,20,0.04087625295069873,0.04656592311346859,-0.004151218893372166,0.0940278159883888,0.0346288071538577,0.0686060967940876,0.20515582915496347,0.0600544,-0.00175584882301317,0.006122820808165225
77,SOG_77,SOG,SOG,midline,20,1.0059782927975456,1.1645265094053519,-0.6656591846063342,0.9129744762062384,-0.15743763083916884,0.09552643894608859,0.2195626290244937,0.046316173,0.013206559960350755,0.005713215716438183
78,SOG_78,SOG,SOG,midline,20,-0.08366071798144661,-0.057572679043845124,-0.055009556894564146,-0.2569200016583404,0.2039826161468649,0.06583601625696639,0.20501256360980663,0.05216392,-0.008386089399335273,0.0081724104884759
79,SOG_79,SOG,SOG,midline,20,0.42745848669867775,0.3960736075004469,-0.3493269604105378,0.06269455380266978,-0.1984131288702356,0.0815591888746113,0.21070252226874175,0.046324246,-5.746648186678726e-05,0.00614413471772535
80,SOG_80,SOG,SOG,midline,20,-0.3468765608367785,-0.16298577354052193,0.11034392098574561,-0.24854943696325082,0.1504106237171478,0.05587775676236123,0.2024548456688108,0.0634388,-0.0030868577462296433,0.00749217627483949
82,SOG_82,SOG,SOG,midline,19,0.4397988339873687,0.8765927536983081,-0.2527688159290092,0.045291504855996145,-0.16605714995790827,0.08031290385318278,0.216212312123612,0.060722042,-0.0024878279568829663,0.005994324621680053
83,SOG_83,SOG,SOG,midline,20,0.6952971284259377,0.7970811514087413,-0.2449147560001211,0.1771157329929039,-0.10794897372396631,0.08637342922085389,0.21431489479449875,0.053401083,0.0033448258818681554,0.0060480825184142445
84,SOG_84,SOG,SOG,midline,20,0.02282362507054444,0.4175991620376047,-0.0324569078151081,-0.19394371737214483,-0.0201259193434662,0.0683110501154034,0.21060062047272968,0.055626087,-0.007839761272185903,0.00638132970038581
85,SOG_85,SOG,SOG,midline,20,-0.09699394965518358,0.04436566405302957,-0.10951647101353415,-0.11493107509755054,0.1002966139939397,0.06481720742632402,0.20674999709560807,0.052708574,-0.0018483763337686966,0.007173761956183291
86,SOG_86,SOG,SOG,midline,20,0.35933916292502344,0.9904877311332567,-0.05353903309237461,0.2874901768227998,-0.01786593462542818,0.07806485955775425,0.21678301272441924,0.064682364,0.005765122552033747,0.006621726630353311
87,SOG_87,SOG,SOG,midline,20,0.3162320774834101,0.6413256777589591,-0.42481522516305564,0.21948496779375715,-0.1864426091672427,0.0756219571568402,0.21246361948656972,0.049103364,0.002108553920533858,0.005477880030848904
88,SOG_88,SOG,SOG,midline,20,-0.2511875457293045,-0.09583303544162627,0.12241761487160789,-0.2853187578059673,0.12898056116464307,0.059475023147402474,0.20355502591862634,0.05837344,-0.005509176919341319,0.006941368273307456
89,SOG_89,SOG,SOG,midline,20,-0.13167757225660037,0.018698579776954244,-0.038312446200691734,-0.3188971583672774,0.07684963079037063,0.0636721569644432,0.20557736078991545,0.050718147,-0.007939275431776683,0.0066430436134099395
90,SOG_90,SOG,SOG,midline,18,0.4254223267323921,1.0756600442908413,0.028980878407017463,0.0272775749240681,0.10616879536750903,0.07593528789690658,0.21555622306267838,0.06628814,-0.005030549716841726,0.007103079821564708
91,SOG_91,SOG,SOG,midline,19,-0.3606532551116694,-0.2938744135980178,0.25712888849538973,-0.6526186661016393,-0.27557358081368366,0.05823075110494983,0.20278853311870595,0.06124322,-0.016239482825342863,0.003612839414184492
92,SOG_92,SOG,SOG,midline,20,0.08317082843776784,-0.07097739061117016,-0.26750405695078117,-0.07992338723442481,0.12414902115146927,0.06673247546580706,0.20323458984499493,0.054926414,-0.002433748745771917,0.007789343013612811
93,SOG_93,SOG,SOG,midline,20,-0.4184186162490956,-0.1566359828801465,0.2448066001793253,-0.29876814302193855,0.1343047379473908,0.052426533357230944,0.2013432688416262,0.059693046,-0.0054300533217182196,0.007670496659606105
94,SOG_94,SOG,SOG,midline,20,-0.19555810177680985,-0.27748520665438836,-0.22793366917671726,-0.2848602605712537,0.25979703564832096,0.06291732684087764,0.20229084227335412,0.04830793,-0.0032902758908983426,0.007499123838841583
95,SOG_95,SOG,SOG,midline,19,0.5054843881968727,1.1059111112308848,-0.4843762565810311,0.4025389783586466,-0.20214421721184372,0.08240155605429185,0.21881494680697183,0.054950815,0.004882542134091415,0.005609774229120557
96,SOG_96,SOG,SOG,midline,20,-0.11885699087426334,0.13122956318695994,0.027390633579480583,0.5018087310939572,0.373754704257181,0.06131901813795121,0.2045691429793144,0.060307033,0.007048093608993148,0.008667259897774084
97,SOG_97,SOG,SOG,midline,20,-0.221084606042914,0.5736627369519075,-0.10870740815588893,0.3913581876934326,0.18024022331474404,0.05844800570762605,0.20967656362589948,0.057896424,0.006608976033810556,0.007285033904838649
98,SOG_98,SOG,SOG,midline,20,-0.16714172818317666,0.39475790458637644,-0.05200093386390385,0.5046628732015194,0.2604784136492061,0.05949431971666401,0.20689101469194782,0.05953636,0.007831280443644515,0.007988285581443865
99,SOG_99,SOG,SOG,midline,20,-0.3882023320700993,-0.3773880414819232,0.1311031109671536,-0.11186837476248224,0.4172536989201296,0.052780505601177474,0.199257977810241,0.05977257,-0.0037724996091795483,0.007332972284625344
100,SOG_100,SOG,SOG,midline,20,-0.586553288420882,-0.2053685190681726,0.042635937143709605,0.0568665657638775,0.36725277165229003,0.04921833894952114,0.20175862854304025,0.05726819,0.0008459975527665223,0.008276658839926478
101,SOG_101,SOG,SOG,midline,20,0.3230474629272929,0.2271233385350382,-0.37853517947593146,0.48497023048735144,-0.00690441815848504,0.07406404978091184,0.20688801029808435,0.04961363,0.007247677616597821,0.006261249784734965
102,SOG_102,SOG,SOG,midline,19,-0.019658034930023657,0.43395397862259744,0.04183055419170897,0.3406702956185076,0.12452966842355216,0.06578646862344531,0.21021279803878914,0.06518887,0.004841096606163708,0.007775680131442823
103,SOG_103,SOG,SOG,midline,20,-0.08467409012336392,0.3184220088045917,-0.05590399926581726,0.24288590402494004,0.06966577318157614,0.06281419350706821,0.20786611486983153,0.05824689,0.006494755896185573,0.0070616979510384524
104,SOG_104,SOG,SOG,midline,20,-0.45630374415294767,0.5142129456141595,0.3032058946591446,0.20481051671155132,0.3722584152752685,0.05227131275997419,0.20911917280031508,0.06520237,0.002662987258704598,0.008858176299434337
105,SOG_105,SOG,SOG,midline,19,0.7665480626538654,1.0437721605559487,-0.49215502133226063,1.7377639020466316,-0.11633407348088455,0.08679864358224411,0.21667890125517783,0.048776448,0.0272164021135733,0.0063817912109657695
106,SOG_106,SOG,SOG,midline,19,-0.027519547565694642,1.1492673999140697,0.1389515547255395,0.3695239745207627,0.22068962393214006,0.0640500070985111,0.21722702938527513,0.07124525,0.005651035324302498,0.007462537935660561
107,SOG_107,SOG,SOG,midline,19,-0.1801312827069402,0.49004062717929675,-0.012204571557532429,0.110659642620078,0.1156925601628121,0.06196302546485959,0.21099761634228656,0.06543808,-0.00011223436910772878,0.007549674374235188
108,SOG_108,SOG,SOG,midline,20,-0.0013178874077064196,0.3222399103506556,0.07534994848385405,0.16340312288167144,0.17439154797373593,0.06466730546971856,0.20619845895108768,0.059108894,0.0029173258196219932,0.00798295674795504
109,SOG_109,SOG,SOG,midline,20,0.11314025772904532,0.2303281903373028,-0.16720070739079884,0.14458663307217548,0.2611971236448628,0.06827327731833124,0.20649804683155942,0.05494957,0.004164447687447229,0.007947352211895619
110,SOG_110,SOG,SOG,midline,20,-0.07650330856771521,0.25104900086967896,0.004589129646413464,0.2933748578644958,-0.031730917858961656,0.06326769345892937,0.2066770452626016,0.0626416,0.006692172986197858,0.007007040760678314
111,SOG_111,SOG,SOG,midline,20,0.15531448978856915,0.5543572110571533,-0.17953778185553845,0.2591623206317399,-0.04327305953703752,0.07158458981675463,0.21240629027561414,0.051582478,0.008438462367582934,0.006319680864948357
112,PB_112,PB,PB,midline,20,0.47177580763940546,1.2803517295158486,-0.16543985879985348,1.3888064921274448,0.1874851278276845,0.07803608965579537,0.2187762865413144,0.048097286,0.029752860384830476,0.007033329342180516
113,FLA_113,FLA,FLA,midline,20,0.26918276516377115,0.008419767100163667,-0.49194582264037967,-0.09380939891909103,0.21658931978733426,0.07239646574539485,0.20503617497372867,0.04317897,0.004483528792838394,0.008025956526591198
114,FLA_114,FLA,FLA,midline,20,0.4963125074031477,0.23412543696483262,-0.6461388888310148,0.6709289642436984,0.06739102648880266,0.07700876216105347,0.20729392301044808,0.041509964,0.015958509505264496,0.007239075952231749
115,FLA_115,FLA,FLA,midline,20,0.46437688964279095,0.18773480350842903,-0.3188535120662067,-0.09435209350714321,0.1702256280799091,0.07683336313167517,0.20692430743998197,0.046075966,0.0019344969046672608,0.007446186135621834
116,FLA_116,FLA,FLA,midline,20,0.0014170764783179482,-0.10550093431433627,-0.34789070218608337,0.12976172384040857,0.22919029580467395,0.06390232029825935,0.20297009361216403,0.044272874,0.0055909847278319364,0.007996940716568864
117,FLA_117,FLA,FLA,midline,20,-0.0141684709911953,-0.26303904103429104,-0.17029440756573078,-0.12323808694963503,0.34872115735493775,0.06272656236269916,0.20155256174344122,0.04654804,6.52776766920912e-05,0.008494246812815374
118,FLA_118,FLA,FLA,midline,20,1.3759876304586758,0.6608144673635014,-0.9182768311577011,0.7728001923430087,-0.22955763223149828,0.10308682596740651,0.21315557214492004,0.03654494,0.01955951417047527,0.005718481056868474
119,PRW_119,PRW,PRW,midline,20,-0.6375481264286911,-0.46550497400107005,0.21280153074997443,-0.12834241415109998,0.527450756459688,0.04553828171156285,0.19773888696418768,0.058827274,-0.007217909107997576,0.009216388896775635
120,PRW_120,PRW,PRW,midline,20,-0.33214226942582914,0.12669034528532208,-0.1773379239936133,0.24306223230856747,0.30529896711740323,0.055707793663097346,0.20415964221758148,0.048624698,0.004883720395564254,0.008760488865882227
121,PRW_121,PRW,PRW,midline,20,0.010936467903099309,-0.2868611381357084,-0.29674146889294173,-0.14771785442110175,0.2689422734520214,0.06709265777476278,0.20139163466044724,0.04474129,-0.0021566702139477647,0.008357245127063161
122,PRW_122,PRW,PRW,midline,20,-0.3554763784002762,-0.0734669649883003,-0.15547685276053835,0.3317829232164675,0.3240687587032261,0.054657868014415856,0.20365858874403076,0.052373983,0.0016072860601642508,0.00835402555249886
123,PRW_123,PRW,PRW,midline,20,-0.551624205527889,-0.4577808265853901,-0.0354576043773683,0.053850021781206944,0.3010251840462077,0.048420676263597265,0.19886980675897065,0.053288676,-0.004435284361323403,0.008726790852152763
124,PRW_124,PRW,PRW,midline,20,-0.587206727213262,0.10753321450155066,-0.13491155025853677,0.3076246243180884,0.5461739280057886,0.047576654746951344,0.20337178220250837,0.049498767,0.003954042885724429,0.00918652241903004
125,PRW_125,PRW,PRW,midline,20,0.21511653239514938,0.20059404216616014,-0.5255336210447312,0.9165643654970227,0.2520704830512085,0.06887826612201609,0.2064752305234514,0.042774163,0.015139753456305399,0.007037069413104574
126,CRE_R_126,CRE_R,CRE,R,20,0.9331345664709566,0.7174037667322667,-0.40207118760290267,0.29137814473805,-0.03869612994419567,0.08847122909617425,0.21327306763126627,0.05160048,0.006908014188628841,0.006831950143695932
127,CRE_R_127,CRE_R,CRE,R,20,0.10877986623869196,-0.24002944384112385,0.4411387010593768,-0.6903571480528059,0.21529244758294644,0.06716058167882426,0.20202460234785452,0.06778754,-0.014341184305256913,0.008287223383143473
128,CRE_R_128,CRE_R,CRE,R,20,0.7770718855700843,0.5355420004154272,-0.4903584219807612,0.11211721546987144,-0.09086880482757421,0.08631721820090661,0.21043742050134956,0.04340461,0.007735627058675429,0.006425658166310684
129,CRE_R_129,CRE_R,CRE,R,20,0.790861676230622,0.7250389315320944,-0.3072694699894903,0.25109716335124693,0.11450158651649038,0.08398942492847501,0.21270215160981953,0.051225565,0.006001052538747531,0.007405627745666209
130,CRE_R_130,CRE_R,CRE,R,20,1.0567233773403055,0.6593476494213129,-0.5749744769734013,0.5065199775071376,-0.09432297057109199,0.09191121822950821,0.21157832653178077,0.044967078,0.012865207249724883,0.006202979544016671
131,CRE_R_131,CRE_R,CRE,R,20,0.9998155737041889,0.9191331919920692,-0.46771359561133324,0.4314987013181836,-0.0860779266662903,0.09205677924788211,0.21641462809932582,0.054157246,0.007969296105122037,0.00656978009583889
132,CRE_R_132,CRE_R,CRE,R,20,0.350323877308963,0.19247497469411118,-0.4928679082503261,0.2854083650841467,0.10272155773233509,0.07290950981036344,0.20699878572201807,0.04349348,0.011680406700457228,0.007578837648686889
133,CRE_R_133,CRE_R,CRE,R,20,1.4611308973634,1.1198677302442015,-0.9304777652879024,1.033864457301005,-0.17790423706609476,0.10162233492738745,0.21766078199774846,0.03877959,0.022339604260244447,0.005709505934851663
134,CRE_L_134,CRE_L,CRE,L,20,0.7689336375709103,0.4377325525880497,-0.24527096640443147,0.030257435227367964,0.06732615175244938,0.08526257289270898,0.2097273492534751,0.050008893,0.00383018343464409,0.008089973583509626
135,CRE_L_135,CRE_L,CRE,L,20,-0.15713589365043365,-0.5077253170632804,0.6830217387249322,-0.9736674328361502,0.17262398516801405,0.061886678078657754,0.19905533093944813,0.07884798,-0.027045950191412156,0.009039150721155388
136,CRE_L_136,CRE_L,CRE,L,20,0.5172680593856633,0.22441818265476443,-0.4594695635872112,0.20702421429603907,0.20020663880554118,0.0770713870870696,0.20663369360973854,0.043795917,0.009874888384103464,0.009246989722369205
137,CRE_L_137,CRE_L,CRE,L,20,0.9878596061796632,0.3832244448922709,-0.15914456990659326,-0.021312632118352832,-0.07713957558891371,0.09180261707346216,0.2092760690337264,0.04872291,0.004421748992272488,0.0068460274639881285
138,CRE_L_138,CRE_L,CRE,L,20,0.443274688208387,0.2911451919221561,-0.12174708018282862,0.18545844300379843,0.16829196766087123,0.0790303019752832,0.20889328559286172,0.052650344,0.006600881580641461,0.00940355300658217
139,CRE_L_139,CRE_L,CRE,L,20,0.4385540406368187,0.20767439358583487,-0.042683593643707815,0.2896051291560716,0.22014916936591472,0.07562604376265163,0.20704869201238357,0.05296601,0.008633334067625212,0.010309446667330732
140,CRE_L_140,CRE_L,CRE,L,20,0.4173872701878242,0.1550487492120251,-0.06879607180343127,-0.04792638083840869,0.2871867115892397,0.07582513469790544,0.2061031171086348,0.050423045,0.0020969548416506925,0.00995808049612679
141,CRE_L_141,CRE_L,CRE,L,20,0.2203300546042591,0.03095478533837791,-0.5017686354638068,0.38936470154603364,0.3790541966520931,0.06786354777849248,0.20447774520097806,0.042831983,0.017054396576772705,0.009632856812435382
142,CRE_L_142,CRE_L,CRE,L,20,0.5613116014352195,0.2661874369273506,-0.43270367256092557,0.12775344567772268,0.10493055095291423,0.08191870102653086,0.20835674892001696,0.04381402,0.010723068897531673,0.00814361766830458
143,CRE_L_143,CRE_L,CRE,L,20,0.9681447565957827,0.8214572169805235,-0.7196868610011558,1.0212540221093105,0.16080444863361432,0.09044788146963574,0.21458446398385694,0.04031163,0.025001370681266448,0.008729447190700845
144,EPA_R_144,EPA_R,EPA,R,20,0.15196563190011067,-0.2107844072948724,-0.42251913736549157,-0.27507359578293655,-0.08456664843452685,0.06807698457621066,0.2011883440373771,0.04565365,0.000997044102761103,0.005553485715869944
145,EPA_L_145,EPA_L,EPA,L,20,0.26853691670385516,-0.34934722455752176,-0.4601982073907525,-0.17684853505754336,-0.019206188341224804,0.07131755708585788,0.20053690401156682,0.044036288,0.004510591372660633,0.007913192244072094
146,VES_R_146,VES_R,VES,R,20,0.7473933604819176,0.4660840028102278,-0.6107478406497356,0.09075937080637464,-0.18890541091355217,0.08686886859893392,0.21005667014666565,0.044623684,0.005633724704354657,0.006656449100243597
147,VES_R_147,VES_R,VES,R,20,0.7941273318326443,0.6284563212359165,-0.34302889986152396,0.11021101284643113,-0.0505217897456828,0.08853147385950043,0.21265342597815554,0.049498953,0.0065685683487797545,0.007564419222344752
148,VES_R_148,VES_R,VES,R,20,1.0622878511125602,0.9676659176285713,-0.8186254627930278,0.3892832182449734,-0.05305011254465921,0.09362454097452769,0.21562182455663007,0.042545043,0.00950021222864421,0.007023174783793849
149,VES_R_149,VES_R,VES,R,20,1.01123883809165,0.7788615069615874,-0.7230450111780524,0.2585271868934759,-0.04435116772206941,0.09292336419918674,0.21289975280563206,0.04388573,0.007978175454239875,0.007224796926996411
150,VES_R_150,VES_R,VES,R,20,0.7520192786654799,0.25145014153697715,-0.7255688271452969,-0.02917793734505462,-0.06562612871264388,0.08591640310270673,0.2076685609683758,0.043311156,0.003922948152272619,0.007607750355696957
151,VES_R_151,VES_R,VES,R,20,1.7790270569423332,1.35028644061607,-1.0222378562643384,1.00719181275814,-0.3376559492632787,0.11405470939315239,0.21965964816745878,0.040287558,0.022387627011538756,0.005413372400584282
152,VES_L_152,VES_L,VES,L,20,0.9411552748409626,0.7586194656108329,-0.7586415556352151,0.3319191486723421,-0.07962938635505176,0.0926898192428053,0.21373491202539402,0.042362988,0.007582713740251798,0.007213233499188901
153,VES_L_153,VES_L,VES,L,20,0.981508095134829,0.840824292473382,-0.5602593830957898,0.27313582981438034,-0.1650323079619263,0.09531416728788088,0.2155318723332543,0.045834564,0.004063833707867629,0.005930590145129946
154,VES_L_154,VES_L,VES,L,20,1.2724468457399065,0.7688960682005509,-0.9531285431032538,0.5470161754671725,-0.07354147524141987,0.10030233094047517,0.2132860318551301,0.040857747,0.011968054539902856,0.00773273736063093
155,VES_L_155,VES_L,VES,L,20,0.5037063191895433,0.2582660924240001,-0.35225232289699304,-0.3512041477708695,0.12561010357866859,0.08005971052025261,0.20860966919443857,0.048825644,-0.0018795724012422993,0.008078389057987766
156,VES_L_156,VES_L,VES,L,20,0.8268360540456362,1.0954960111254064,-0.6438822007150877,0.4588792769839811,0.051151964832301354,0.08660566549247081,0.21704519178996834,0.045604132,0.01006382267033197,0.007000676820694794
157,VES_L_157,VES_L,VES,L,20,1.824713707574918,1.2632097578732515,-1.1610675011228464,1.1760808015771693,-0.2860719790528237,0.11607770488727483,0.2193455426630561,0.038766265,0.022608239245989918,0.0054587512331137926
158,ATL_R_158,ATL_R,ATL,R,20,0.6779206015164492,0.5008777462298821,-0.5457398149078624,0.9714366279838191,0.06767714535415507,0.0790729526689517,0.2103784348329727,0.045204014,0.02234918749537009,0.007255646655068897
159,ATL_L_159,ATL_L,ATL,L,20,0.5110829959121077,0.4080466729581337,-0.40644279046410225,1.1935819504007994,0.29041249218073006,0.07701990054043424,0.20889410906155442,0.048202284,0.023899883701846186,0.010701272022611369
160,PLP_R_160,PLP_R,PLP,R,20,0.015804978479519328,-0.10457964945105651,-0.08890525279829262,-0.30033770363026463,0.0354830670835714,0.06589280450304327,0.2036838663881749,0.052407473,-0.001170474367920461,0.007290703874756045
161,PLP_R_161,PLP_R,PLP,R,20,0.38565124718320115,0.6258212460089219,-0.5414356594244765,0.7181347046498756,-0.34968480374295496,0.07970893980755356,0.21270844011162274,0.04598394,0.013887801075832252,0.004899912020532715
162,PLP_R_162,PLP_R,PLP,R,20,-0.5022549472170231,-0.6340507216394652,-0.049861820901537346,-0.36449568051612646,-0.09398000339456289,0.054948054553384994,0.1975312244176361,0.050805382,-0.008523546957712855,0.006750148947122054
163,PLP_R_163,PLP_R,PLP,R,20,0.37176118478867237,0.24804535591371066,-0.3069756225779331,0.10053189362997658,-0.05874855440616296,0.07913243108439819,0.20864057422283117,0.04780677,0.003226932453073364,0.006998204613873432
164,PLP_R_164,PLP_R,PLP,R,20,-0.7936047729473509,-0.8178255408792191,0.2276876782264007,-0.2751533430694772,-0.09205972699550076,0.0447564206633687,0.19442428213491625,0.053338755,-0.005059890385326702,0.008000988844609735
165,PLP_R_165,PLP_R,PLP,R,20,-0.43521795401243013,-0.5799869492255106,0.2395374931503588,-0.6680188160611529,-0.42104581535224755,0.055082835358928474,0.1975165977501053,0.058905832,-0.013454099548041557,0.0036784914667093555
166,PLP_R_166,PLP_R,PLP,R,20,0.21980825990496466,0.04745592509932378,-0.4550107220234871,0.3864849396507244,-0.3184575354943617,0.07497735354779679,0.20651599085953792,0.044923592,0.006187657503061314,0.005281963456259473
167,PLP_R_167,PLP_R,PLP,R,20,-0.24233473642565953,-0.3709646376611228,-0.06958691576235504,-0.49147315308909034,-0.19194458002205708,0.05860523516283076,0.2002726610477275,0.051973622,-0.009757740830397042,0.006598687938564672
168,PLP_R_168,PLP_R,PLP,R,20,-0.3859584743405481,-0.5432459862209156,0.05054537686443341,-0.38252142796767136,-0.0548785617196102,0.054771451255800616,0.19771762982925772,0.053289276,-0.005047083074964286,0.00859662511669266
169,PLP_R_169,PLP_R,PLP,R,20,-0.37836569210558196,-0.3951680498961906,-0.011687331893854779,-0.3453737193120519,-0.175070357037791,0.05508882097926513,0.19935203459463208,0.052723814,-0.0024977015036816977,0.00604004179650503
170,PLP_R_170,PLP_R,PLP,R,20,0.0019152794056896487,-0.04946152242336296,-0.12385540261706485,0.015060474088507924,-0.057483721374278554,0.06731552545031484,0.2049914587559063,0.05010689,0.0029047777844108144,0.006495531915126249
171,PLP_R_171,PLP_R,PLP,R,20,-0.6440279445270638,-0.6384460903841201,0.06892697275675352,-0.42578416177651557,0.07482219054086696,0.046755298713294174,0.19661736631295335,0.050585877,-0.0065114149814139545,0.00879339893919195
172,PLP_R_172,PLP_R,PLP,R,19,-1.025216246091296,-0.6628731366158841,0.21872065354803788,-0.17267578608360248,0.1273511170234335,0.037607641439686354,0.19660192516651145,0.053575553,-0.0046928717275324175,0.00898408913066379
173,PLP_R_173,PLP_R,PLP,R,20,0.2948248948784034,0.2673591706633729,-0.2990639034018015,0.13522157217083636,0.012934488704892522,0.0745980987884454,0.20821036801192072,0.04681523,0.004838447361770184,0.007214979890216307
174,PLP_R_174,PLP_R,PLP,R,20,0.24875797473544278,0.025220066439676236,-0.45330683250471193,0.16900266577548045,-0.2893578697500015,0.07417250025771285,0.2051763205444134,0.045585155,0.00661306486470341,0.004950913484578172
175,PLP_L_175,PLP_L,PLP,L,20,0.26913013721289747,-0.1239336390547285,-0.5397623879948263,0.2853123033222234,0.04190862499864355,0.07614019097494508,0.20443082078279415,0.04283074,0.007740866429848453,0.008906673699434658
176,PLP_L_176,PLP_L,PLP,L,20,0.08841434572575453,0.032590219249645856,-0.10710090586175994,-0.034482929033825126,0.04442022935765788,0.07146992636379121,0.2059430455899391,0.0474826,0.004780244083434881,0.009067586223132229
177,PLP_L_177,PLP_L,PLP,L,20,0.20349416875340848,-0.05018761336480858,-0.3196539785712395,-0.052690673120610654,0.14483395382203446,0.07432872111496233,0.20551150929896975,0.04803863,0.0032243971868344823,0.009576808006293232
178,PLP_L_178,PLP_L,PLP,L,20,0.42745164885652687,0.31172344059776425,-0.27702625539093145,0.441168803846885,-0.11069714955554552,0.08014485370371927,0.2095173065336391,0.044864036,0.011237675114250514,0.00868102391129572
179,PLP_L_179,PLP_L,PLP,L,20,0.40574081886958063,0.3040350175612082,-0.5218570901945526,0.3912906390944388,0.08160866262386149,0.0794555428464807,0.2093099692562644,0.04352066,0.012803205822112067,0.009229504708234346
180,PLP_L_180,PLP_L,PLP,L,20,-0.1391438067880503,-0.4293521654674325,-0.26945547389549157,-0.18546884543916486,-0.04829518965751207,0.06376207644199997,0.19993615400336004,0.046908014,0.0011012277114147249,0.0059999585880557696
181,PLP_L_181,PLP_L,PLP,L,20,-0.24074395800931708,-0.3349047618459611,-0.3510778967251655,0.08755201545482175,0.03909459158392417,0.057886390322768135,0.20046654795303348,0.043977227,0.0074734676774196,0.006555741528378146
182,PLP_L_182,PLP_L,PLP,L,20,-0.22703630695626947,-0.47869732079959626,-0.09078850566669641,-0.4164383038583154,-0.085544392597439,0.06043412466964428,0.19892104200281854,0.050962806,-0.0038170987730666594,0.0066416872065016815
183,PLP_L_183,PLP_L,PLP,L,20,0.6346442173224882,0.4588910119346781,-0.6526634849471549,0.884156699902659,-0.06575728559068199,0.08664615981111058,0.21085279107196123,0.040874682,0.01610346649944934,0.007336567609534486
184,PLP_L_184,PLP_L,PLP,L,20,0.06963361119603491,-0.11239282289630559,-0.34011516061589375,-0.08671547859388087,-0.13569563374288696,0.06668993185269857,0.20296795135764403,0.044950154,0.005844971292528281,0.006113494319578378
185,PLP_L_185,PLP_L,PLP,L,20,-0.04404539149496366,-0.26071372086580985,-0.29660879353361036,-0.013061820170790642,0.14849711970115959,0.06614433609862203,0.20164566612202708,0.04567518,0.005510568989188223,0.008524633395177632
186,PLP_L_186,PLP_L,PLP,L,20,0.4976560113081748,0.21691108642735385,-0.37412789892546316,0.23992813047136408,-0.08174076856713465,0.08248229523904069,0.20843627222861744,0.04531736,0.008111484364198875,0.00826488152707091
187,PLP_L_187,PLP_L,PLP,L,20,1.0005620402581268,0.34587414588092724,-0.8682662610901417,0.820318427372586,-0.2880798238814921,0.09442844145446509,0.20887228847335754,0.03809896,0.020166616909665744,0.005606732447230192
188,AVLP_R_188,AVLP_R,AVLP,R,20,-0.30987548740849896,-0.32120945102080034,-0.008421488749132195,-0.2890867080540577,-0.19039319593249293,0.05615561794239778,0.20023072249220913,0.0560939,-0.011373452869272698,0.005660388516423461
189,AVLP_R_189,AVLP_R,AVLP,R,20,-0.7295465400271831,-0.44596884642755913,0.055515464025919205,-0.2067933957049768,0.07429047760338633,0.045596480296521864,0.19837981746983088,0.055144627,-0.007393945650434901,0.0039663493647622535
190,AVLP_R_190,AVLP_R,AVLP,R,20,-0.8809304804374515,-0.9248153454612703,0.6619660093363736,-0.997011496544744,-0.26245288206891365,0.04101795907456147,0.19355632454844882,0.075475834,-0.025864723487249625,0.0023057992963643327
191,AVLP_R_191,AVLP_R,AVLP,R,20,-0.8057305684100975,-0.2956556991672853,0.13697810299590568,-0.49209174515960374,-0.19125214933981255,0.04011591492202757,0.19973939544989167,0.060440637,-0.014842289416026297,0.004015768305398507
192,AVLP_R_192,AVLP_R,AVLP,R,20,-0.4402584127105599,-0.2992046817286777,-0.1031077015240474,-0.3767011300935118,-0.018259085033401477,0.05060494342374725,0.19979234057147577,0.05760313,-0.013175741241006272,0.004281258867043184
193,AVLP_R_193,AVLP_R,AVLP,R,20,-0.5007207823032298,-0.0868053643135827,-0.22217162608441066,0.1637421027248485,-0.10772104118643763,0.05020538589252612,0.2026423854266098,0.05019219,0.0016953180229409563,0.004235113797888532
194,AVLP_R_194,AVLP_R,AVLP,R,20,-0.009286176423276244,-0.15382086841333037,-0.2914727297058322,-0.5324180326058713,-0.35520750299609744,0.06597306838594842,0.20239247664223886,0.05367882,-0.01454910581780163,0.003624624737596678
195,AVLP_R_195,AVLP_R,AVLP,R,20,-1.0627688151199437,-0.8689183834480984,0.8714587267171623,-0.8894285724899849,-0.45049137069297507,0.03518248367088765,0.19378805810685013,0.08564819,-0.023994602611362537,-0.001217520012989927
196,AVLP_R_196,AVLP_R,AVLP,R,20,0.24733322825680598,0.0821109172591262,-0.3962348300675747,0.04695010393006543,-0.3062139216214076,0.07040263372945255,0.20453055840108775,0.04911641,-0.0024985492652245525,0.004804124733957136
197,AVLP_R_197,AVLP_R,AVLP,R,20,-0.22928230800570654,-0.23815425043140054,-0.08694444926558242,-0.7571484944217344,-0.11572645646790751,0.05908227746339436,0.20172379640965699,0.05489611,-0.018453554367208965,0.005378446512462651
198,AVLP_R_198,AVLP_R,AVLP,R,20,-1.062201252975751,-0.9838215075568983,0.5627442427834587,-0.7912355283014261,-0.17435690101614296,0.035721369536938344,0.19260445439108295,0.073226154,-0.023619967292292494,0.0037142734747156667
199,AVLP_R_199,AVLP_R,AVLP,R,20,-0.5099982681812903,-0.5200070304163303,0.4189333716780449,-0.9059974453457293,-0.01712460865693731,0.05404809076906162,0.19904858547744747,0.06997792,-0.024339374935364616,0.007700199233910993
200,AVLP_R_200,AVLP_R,AVLP,R,20,-0.6667860263341545,-0.5599241959317902,0.38409792804368115,-0.6398012409257183,0.01066587337283662,0.04576312540840081,0.1975225116036134,0.0635274,-0.011330234468364448,0.007105481032374089
201,AVLP_R_201,AVLP_R,AVLP,R,20,-0.9380787053849305,-0.5238110102800118,0.333011897581559,-0.5663844040710109,-0.23360692581151218,0.03713842448509601,0.19719604728490922,0.06449936,-0.018585584391754933,0.0030423297840218412
202,AVLP_R_202,AVLP_R,AVLP,R,20,-1.0307755419901867,-0.9289606553811061,0.7987383516301485,-0.8442840643057247,-0.36453786864720994,0.038155001447382,0.19345440574374745,0.08155224,-0.02239818039430342,0.005180092153595132
203,AVLP_R_203,AVLP_R,AVLP,R,20,-0.5260172719443783,-0.4995630868029731,0.28726071569654443,-0.45809566078276626,-0.009656006202292153,0.05075250944572958,0.1987748829270248,0.05840079,-0.010983498951115452,0.0066163639447324825
204,AVLP_R_204,AVLP_R,AVLP,R,20,-0.4795088248060022,-0.4752347871205762,-0.046507366158048,-0.37934661993411456,-0.3543842678033617,0.05364767270326705,0.19836984152554954,0.05122044,-0.007212294809699346,0.002653759036951147
205,AVLP_R_205,AVLP_R,AVLP,R,20,-0.6884399576099319,-0.7766379819438233,0.6193369960615057,-0.8422351695613116,-0.17249308264716992,0.047667161492317194,0.19560015695022362,0.07644743,-0.025126439388509152,0.005832935703502309
206,AVLP_R_206,AVLP_R,AVLP,R,20,-0.3567210349259032,0.762800844113684,0.0715445020154086,0.2342159351706128,-0.1715586212712795,0.052364508556397904,0.21202407245854574,0.059209444,-0.0019726339816796626,0.003915677220140817
207,AVLP_R_207,AVLP_R,AVLP,R,20,-0.911486255516207,-0.8106081206147764,0.44686907071535603,-0.7034397501987484,0.017033407613258632,0.04070573582117655,0.1948753430061185,0.06930415,-0.020702255597640398,0.007433878631115216
208,AVLP_R_208,AVLP_R,AVLP,R,20,-0.6882429821587135,-0.7730125972247948,0.4340033049793425,-0.5843422807860683,-0.08261812837299366,0.046421708696649244,0.1956813191227484,0.071267545,-0.021125751592338957,0.005067219822446286
209,AVLP_R_209,AVLP_R,AVLP,R,20,-1.276020863893131,-1.1857538958299458,1.0665572133588754,-0.8506199914736653,-0.5627005062064153,0.03030091272075583,0.190433090812751,0.09151652,-0.024572220425928493,0.0011637803225783344
210,AVLP_R_210,AVLP_R,AVLP,R,20,-0.1335830164321175,1.4672231737300847,0.2123938963542537,0.7084331281818245,0.2026384702327476,0.05856583979002226,0.22069005483855078,0.061798267,0.00485512999626093,0.005715377894832481
211,AVLP_R_211,AVLP_R,AVLP,R,20,-0.3219576784471964,0.8022584339511587,-0.13368752723311367,0.40209013063083515,0.1771656798175207,0.055132886032517835,0.21223491514011178,0.058155708,0.0017085902712255727,0.006062202928650813
212,AVLP_R_212,AVLP_R,AVLP,R,20,-0.3825668475251728,0.7544691822679763,-0.005983385655606632,0.5704389990977665,0.2272345607557281,0.05383892832477817,0.2116794808739435,0.057483364,0.005600342045048617,0.005147060349818889
213,AVLP_R_213,AVLP_R,AVLP,R,20,-0.6399990789027572,-0.5593904790075837,0.05853623263283181,0.19801667146429555,0.02588607575131254,0.045701108027510505,0.19690930668957854,0.055133414,0.0039032517021054145,0.00500915833647104
214,AVLP_R_214,AVLP_R,AVLP,R,20,-0.20362721920275856,1.3367920233401693,0.28247649085821624,0.5246086107051549,-0.07895174234663094,0.05731914150570148,0.2183209518778438,0.066237316,0.0010184560995328178,0.00437258856408153
215,AVLP_R_215,AVLP_R,AVLP,R,20,-0.21004082134673885,-0.34636885022518005,-0.029181183647884468,-0.4445391920060661,-0.47644984229769377,0.05957851464531565,0.20020642185865123,0.055101734,-0.01276398962784927,0.0030005517295598897
216,AVLP_L_216,AVLP_L,AVLP,L,20,0.5393453261562009,0.2958003327891114,-0.47751902937176965,0.35101156338280537,-0.04773453464853571,0.08024712737548736,0.20836223421857275,0.043147955,0.012371397032877332,0.0075968646271296816
217,AVLP_L_217,AVLP_L,AVLP,L,20,-0.22727691447931245,1.0265987157875456,0.2648074376871599,0.008829064368932715,0.06434465212205635,0.056651261998512635,0.21738911376226625,0.06196674,-0.0009326997715770533,0.007019705833860359
218,AVLP_L_218,AVLP_L,AVLP,L,20,-0.3772005487538138,0.6095692842190663,0.3376434744873235,-0.08397586084131262,-0.3278361764094044,0.05288278971897135,0.21141428284052358,0.06385986,-0.0015266321679926612,0.0051676050151842675
219,AVLP_L_219,AVLP_L,AVLP,L,20,-0.7079298727104388,-0.3235769705530846,0.5796518001845451,-0.6212033747008695,-0.05577202544058905,0.0439887178636665,0.20076852381808238,0.06286377,-0.010952529224235704,0.004024965953029526
220,AVLP_L_220,AVLP_L,AVLP,L,20,0.33218864808116794,0.09092373179263408,-0.4774971333234156,0.03716517486269318,-0.09425175232370209,0.07424431192968065,0.20564150367321724,0.044198282,0.00700636951121292,0.006399222833765178
221,AVLP_L_221,AVLP_L,AVLP,L,20,-0.13613271468395666,-0.39983378673800807,-0.05773558630335261,-0.15056593044058525,0.15476027874991144,0.06163639100680207,0.19992414381913906,0.050439127,-0.00042909104980746814,0.00950234094919871
222,AVLP_L_222,AVLP_L,AVLP,L,20,-0.4600161325144422,-0.3553502332165365,0.13116307104058392,-0.2918691610207649,0.26939338067614016,0.052193091453380136,0.20081940123071998,0.054928273,-0.00489876353479438,0.007689012523387094
223,AVLP_L_223,AVLP_L,AVLP,L,20,-0.8355745058829772,-0.7670425070191588,0.2633817999875069,-0.6177219761341839,0.10735666575023192,0.04272682522151074,0.1952733883882567,0.05626626,-0.012681516150568856,0.008036511015386515
224,AVLP_L_224,AVLP_L,AVLP,L,20,-0.3686590923450376,-0.02582068291262144,0.2316948822599751,-0.2741934341872516,-0.19468648942314146,0.054001094064932934,0.20397877887305788,0.05650686,-0.002221550489886324,0.006440602399157535
225,AVLP_L_225,AVLP_L,AVLP,L,20,0.0898763083086779,-0.06968480039074265,-0.18611388610295995,0.33725172624276606,-0.13359658359441362,0.06745866014830083,0.20338152978620125,0.044133566,0.007933979204242362,0.005238698041911054
226,AVLP_L_226,AVLP_L,AVLP,L,20,-0.5588948104764636,-0.3024499849895756,0.3292485791333417,-0.5369967912686664,0.08504540809996433,0.04860489840461118,0.20101824128092383,0.060409706,-0.012596879016846526,0.006812356961780945
227,AVLP_L_227,AVLP_L,AVLP,L,20,0.02341888694765009,-0.1373871437784383,-0.12596229290001645,-0.01921185132446043,-0.0008220719024894472,0.06498167819485201,0.20277834627219185,0.04751288,0.003740805831954749,0.006710675415461951
228,AVLP_L_228,AVLP_L,AVLP,L,20,0.2196431641520328,0.47879358779019754,-0.37316598247213,0.5391619839740223,-0.18961871563971697,0.06975053083526236,0.20967813620214115,0.041745063,0.01182488654175258,0.006361986550724055
229,AVLP_L_229,AVLP_L,AVLP,L,20,-0.25638139143874594,-0.26663581324910257,-0.11280266540815147,-0.31886316349031196,0.09937239652884777,0.05899426628985691,0.2014885735295484,0.049801864,-0.004531836405006574,0.00883356912413419
230,AVLP_L_230,AVLP_L,AVLP,L,20,-0.8941070228435889,-0.5536411155803002,0.4581889553774536,-0.560279840879035,0.4800615638834412,0.03972872138073853,0.19760422903704225,0.0608881,-0.010267837182868165,0.010028879750821118
231,AVLP_L_231,AVLP_L,AVLP,L,20,-0.3596602043218216,-0.419723930956024,0.007319101005324557,-0.5822390077856954,0.18194965360715734,0.056048351261494,0.2000130519592999,0.052856594,-0.009137958321729407,0.008736355044278856
232,AVLP_L_232,AVLP_L,AVLP,L,20,-0.4758992276056403,-0.5412700539250425,0.12412620799690696,-0.4135650835425101,-0.15990895031329525,0.053266364350874354,0.19815272910532947,0.052371353,-0.008076870644557338,0.006829051131849667
233,AVLP_L_233,AVLP_L,AVLP,L,20,-0.646478308492826,-0.3944882758629023,0.4481886242584018,-0.4709146936286553,0.22070335149159148,0.04510612249268608,0.1995506094939754,0.059814263,-0.008220897041975716,0.009256176238418175
234,AVLP_L_234,AVLP_L,AVLP,L,20,-0.3816217991732203,-0.12520628488277358,0.04941749086161264,-0.13447756752069379,0.12102361446139494,0.054621656700125844,0.2037015016924873,0.056795795,-0.0026296830301727175,0.009253314280977353
235,AVLP_L_235,AVLP_L,AVLP,L,20,-0.45863496798006675,-0.17842991504149328,-0.04665792626640752,0.0032342519667318214,0.13200908972461967,0.05275931716452216,0.20152621587599637,0.04861232,0.002170354677243605,0.008174205719858961
236,AVLP_L_236,AVLP_L,AVLP,L,20,-0.8072005228430121,-0.6279334807692851,0.4081322352756822,-0.5039431645998709,-0.14098204309683215,0.04105310852739993,0.19704773797183522,0.059179116,-0.007285839354349936,0.0071343029947829
237,AVLP_L_237,AVLP_L,AVLP,L,20,-0.303081458361404,1.0708669162448505,0.43965546047567,0.26637582229768814,0.12046309267299944,0.05465739788764018,0.21639193311416643,0.062302805,0.0041059829761908835,0.006802081849857938
238,AVLP_L_238,AVLP_L,AVLP,L,20,0.03673787665789816,-0.010342377200380488,-0.07313666352911671,-0.06098860118635809,0.019806523505679477,0.06611979226832135,0.20442119874009917,0.048673622,0.00197359113114765,0.008241242792121014
239,AVLP_L_239,AVLP_L,AVLP,L,20,-0.20366421601076326,-0.2613767761211507,-0.007383102947139253,-0.05932346288106048,-0.0013171443338677708,0.06240216555749327,0.20176214614400342,0.04782585,-0.0016187889207006049,0.006988203467261738
240,AVLP_L_240,AVLP_L,AVLP,L,20,-0.0948355934338708,0.940105774830473,-0.00818553010687452,0.43382287206658354,-0.037140268754436837,0.061357411813857135,0.21484784746009514,0.054213155,0.0078048521062653465,0.007924298181645695
241,AVLP_L_241,AVLP_L,AVLP,L,20,-0.12315430158398574,1.4407857387620495,0.24965490941465468,0.5900048012420369,-0.015010779141463496,0.05980969744130458,0.22103631567451032,0.063662276,0.0070357500040157785,0.006737792257698816
242,AVLP_L_242,AVLP_L,AVLP,L,20,-0.4588874084814275,-0.1834844959426008,0.12182837239687076,0.18052423004409074,-0.17888948385738515,0.05274439883816967,0.20192696764790816,0.05093025,0.0005331457575633166,0.00675881893979572
243,AVLP_L_243,AVLP_L,AVLP,L,20,-0.3892793350000916,-0.4019707046290429,0.11798087505363872,-0.11361280471379091,-0.1717607369691039,0.0570114159050437,0.19997722569445536,0.051657163,-0.004700246381525778,0.005312524813811632
244,AVLP_L_244,AVLP_L,AVLP,L,20,-0.3895044850492776,-0.39614894360007313,0.051565132529111365,-0.08478188183012236,-0.1857605130076733,0.055527728247600786,0.19976146016973875,0.049080823,-0.0021247083878159724,0.006562893372416665
245,AVLP_L_245,AVLP_L,AVLP,L,20,-0.4433927976974612,-0.3139103983088295,0.24262822385503244,-0.16837027877619518,-0.08779282865150476,0.05225384859558032,0.20073970214353798,0.05350397,-0.005038825723091887,0.005788635670390473
246,AVLP_L_246,AVLP_L,AVLP,L,20,-0.06821089021275735,1.1696958919418292,0.06591830493663811,0.5031827282238301,0.22462565965700715,0.06196208773851823,0.2172358955198938,0.06318054,0.006269342942080295,0.007776745340309947
247,AVLP_L_247,AVLP_L,AVLP,L,20,-0.3012314923357589,-0.34433701706099895,-0.13786160677401854,-0.050713153575145144,0.17202338556531394,0.05505844787543186,0.19985493577855773,0.04934501,0.0012165511593820078,0.007434606295746158
248,AVLP_L_248,AVLP_L,AVLP,L,20,-0.07959950264029145,1.6519851437296569,0.12186730388626328,0.7342430122895847,-0.06902321406912841,0.06252542056141659,0.22298637766186397,0.05662942,0.01427845077700533,0.006626981449289261
249,AVLP_L_249,AVLP_L,AVLP,L,20,0.2212794021364468,0.026783501507134357,-0.33259803903883434,0.2211159167523308,-0.1403425267735644,0.07091235648408156,0.20425462899052257,0.045015328,0.006912061694119247,0.006353298923376678
250,AL_R_250,AL_R,AL,R,20,0.35227891901676206,0.2602470573843161,-0.11629135323955879,-0.4475340384363172,0.0744197534064193,0.0715103024897375,0.20677089467820794,0.052991085,-0.006106293635028413,0.007420332711533908
251,AL_R_251,AL_R,AL,R,20,0.4088327781664261,0.6269317261126364,-0.09294256305307737,-0.17410509693299944,0.10251267773774728,0.07268563294404971,0.21050683968768064,0.055033915,-0.002393800905381406,0.006479704980927999
252,AL_R_252,AL_R,AL,R,20,0.3832202208909473,0.17433823157900197,0.24998118091358829,-0.21895088891103015,0.020304272279783996,0.07278684067608446,0.2063818621122858,0.061924774,-0.0051715000231711255,0.006328550533263348
253,AL_R_253,AL_R,AL,R,20,0.696784694715846,0.6647378229604578,-0.04818208131415415,0.02608872054583027,0.03984836035682509,0.08055485495539771,0.21144541837382463,0.062915176,-0.001296906578868586,0.006174301793957942
254,AL_R_254,AL_R,AL,R,20,0.31945233606767764,0.23256776340669175,-0.23445508031689294,-0.15579016172607468,-0.029505539760649867,0.07015765385719927,0.20641596736413198,0.049550857,-0.0022773650752034025,0.006489372403087638
255,AL_R_255,AL_R,AL,R,20,-0.7632812883372153,-0.8636470260009818,0.8746440440009391,-0.7097238251596246,-0.009568453726433602,0.04220990655167641,0.19371666479853095,0.078705,-0.014515776348223885,0.006496772041345915
256,AL_R_256,AL_R,AL,R,20,0.29297457080155376,0.29750690620785764,0.1284813288536043,-0.5018025156960516,0.11303381108735784,0.07014456271459,0.2076373293629695,0.062450714,-0.008561329704669867,0.0063493605221283415
257,AL_R_257,AL_R,AL,R,20,0.5895343864350957,0.9938779048198146,-0.37470256997970697,0.146097428041628,0.07706030426908048,0.07620364766905022,0.21398643827546474,0.052024294,0.0028394178505456403,0.006600151238065344
258,AL_R_258,AL_R,AL,R,20,-0.04432109691254642,-0.10932951945354727,0.22819994716098818,-0.3173949219834794,0.23014439346675628,0.06013043583057459,0.20264143392600015,0.057054795,-0.005607919807018568,0.006319159399911167
259,AL_R_259,AL_R,AL,R,20,0.8422453726997204,1.174493982921,-0.21478857968229748,0.22360734381170894,0.04009785688864019,0.0849342619432133,0.21673352109008928,0.056016468,0.004535261940852238,0.006201020884071233
260,AL_R_260,AL_R,AL,R,20,1.0492124240238,0.5977408388409137,-0.46842196098511807,0.03913809574039784,-0.14729748879718815,0.09063500918170668,0.21029991262131315,0.04707899,0.0020565198648866256,0.006168169132750872
261,AL_R_261,AL_R,AL,R,20,0.11412123706701367,-0.024719010909429642,0.15832124085087118,-0.11903764575820955,0.08068147763379808,0.06334632418528738,0.20429988489699977,0.073550895,-0.009054103723798137,0.006642292311253882
262,AL_R_262,AL_R,AL,R,20,1.1091056008201972,1.726462880482354,-0.5163331147565713,0.7414746017279235,-0.10783991000664177,0.0912209063988857,0.22289573497261497,0.049412973,0.014950788986040478,0.006200227025967302
263,AL_R_263,AL_R,AL,R,20,0.9583331589246947,0.623739046772722,-0.3472754746072329,0.2542958484983475,-0.06433929990253709,0.08675520739930387,0.21151994381510422,0.050080586,0.004338682414938011,0.0059290107899553956
264,AL_R_264,AL_R,AL,R,20,0.17786202872463022,0.38663086293304333,-0.023402241169343963,-0.287247300941931,0.1326697831684783,0.0666956645228552,0.20859248442111297,0.061918356,-0.005686384091067037,0.007224447661099466
265,AL_R_265,AL_R,AL,R,20,1.064407027150864,1.8616173773484554,-0.2313341996088541,0.6998243308125083,-0.026340924887715916,0.09215886013989305,0.22513969731279798,0.057086963,0.01152188414127428,0.006679280254785499
266,AL_R_266,AL_R,AL,R,20,0.46466845258520506,0.40254026194808723,-0.01782541243435798,-0.16736980714331445,0.05156492720910484,0.07401388188576805,0.20869945309399557,0.054326333,-0.0028681551977484876,0.006408004886443129
267,AL_R_267,AL_R,AL,R,20,0.7272212381708562,0.9539691475018761,-0.14596276403779512,0.20161961345981969,0.065252200364892,0.0825509068010794,0.21486000626933816,0.05470758,0.003024996292209011,0.006644967240342867
268,AL_R_268,AL_R,AL,R,20,0.6019547571632055,0.9443134696536621,-0.2555266198412712,0.24350313949070865,0.0738712661168742,0.0757531956978261,0.2145176638965573,0.05823753,0.004386106282469075,0.006776691764106352
269,AL_R_269,AL_R,AL,R,20,0.8539970732579937,1.273728925889484,-0.40608410627641334,0.7201424125876155,-0.00351003300198961,0.08555905982598999,0.2190941636117624,0.05510252,0.00941405041893743,0.006114444162090483
270,AL_R_270,AL_R,AL,R,20,0.2644819917251873,-0.014838472151314014,0.5019889858192564,-0.3729566119205502,0.0654503085455386,0.06978669046711299,0.20383542255611586,0.075086534,-0.008506513340071752,0.007567154154715562
271,AL_R_271,AL_R,AL,R,20,1.036807333639865,1.4858374063895268,-0.5971076700129252,0.7438162370426503,-0.06942751995838761,0.09037370013462688,0.2215572056367407,0.04839558,0.013081120231513574,0.00613680072405074
272,AL_R_272,AL_R,AL,R,20,1.0430746409636407,0.6711569186871706,-0.49138628041285354,0.2908613098255225,-0.07169635587212343,0.08951782343500582,0.21155195539217414,0.04752872,0.007820435868780973,0.005993930960059059
273,AL_L_273,AL_L,AL,L,20,0.6701574925989117,0.616498594141866,-0.2077578119529492,-0.09452690500413637,0.26722274838688526,0.07999086962931909,0.21122846854537763,0.051651526,-0.0027921329333430818,0.008305349410007053
274,AL_L_274,AL_L,AL,L,20,0.646925850952718,0.12225302194455948,-0.126814888433732,-0.2626037783481119,0.24429837769719268,0.07869321355506177,0.20535938413028418,0.050472744,-0.004726478574085187,0.008739402018089029
275,AL_L_275,AL_L,AL,L,20,0.8276247790089899,0.9834762747335166,-0.435264663584333,0.18739624902440308,0.2797010003796335,0.08408161059372951,0.21511582535173676,0.052367024,0.003801570303610332,0.00890104820746892
276,AL_L_276,AL_L,AL,L,20,0.26538085296117353,0.23015072984692111,-0.13453370977301557,-0.3059724962685815,0.48606663687528673,0.06911357933022597,0.20703595453310628,0.05372387,-0.007975474490835603,0.009302344166742046
277,AL_L_277,AL_L,AL,L,20,1.2094715803759992,1.6541616919064837,-0.5335757493704085,0.9472788456792133,0.07220217631487999,0.0949788231931118,0.22252990361321853,0.04756367,0.017112362165521703,0.007234699374137757
278,AL_L_278,AL_L,AL,L,20,-0.5693139227435744,-0.654140205515893,0.6975252157853493,-0.7215799689273322,0.2659074106679144,0.047165886022923195,0.19668093240928208,0.06942689,-0.01396671892211889,0.010108665651964905
279,AL_L_279,AL_L,AL,L,20,0.4493425323713042,0.41991449011433896,-0.3549288202381726,-0.2728911824928165,0.19300933263053788,0.07432974914403723,0.20940523904154335,0.047434743,-0.002209021968475907,0.008758300611248156
280,AL_L_280,AL_L,AL,L,20,-0.2185162706769197,-0.21700221823883728,0.3775564343450705,-0.6731246495408005,0.5142924240636089,0.05744575442580391,0.20219078607470467,0.06696188,-0.01509086928468629,0.0109273882304086
281,AL_L_281,AL_L,AL,L,20,0.8961881369108033,0.6070014214005939,-0.19088837854854107,0.16947675191810993,-0.016569531520063893,0.08727692760629122,0.21152172953986642,0.04846576,0.004713763163563875,0.0065991066240227506
282,AL_L_282,AL_L,AL,L,20,0.5620877343031859,0.9106462506274413,-0.2929737101656592,0.1390015388895764,0.31327849152962595,0.0783639418969224,0.21455554312805555,0.0577541,0.003922441441244982,0.00917845861496914
283,AL_L_283,AL_L,AL,L,20,0.13043750776220162,-0.03493438358907638,0.20739920431856826,-0.5285719782584302,0.4248958460706431,0.06494625795228504,0.203722924417498,0.059390675,-0.013304379241408842,0.008495340777152994
284,AL_L_284,AL_L,AL,L,20,0.632879816097863,0.6205561429830049,-0.3620149906816179,-0.053180497306699735,0.3013475511705476,0.07928725735110587,0.21106618314353817,0.048975468,0.0012127171058913776,0.008798360119866273
285,AL_L_285,AL_L,AL,L,20,0.5875311333304933,0.5066514510317555,-0.5913041381695343,0.08670520034167081,0.24304228083369747,0.07860457478145086,0.21024055711562634,0.043923046,0.006111926017234854,0.009302384742697657
286,AL_L_286,AL_L,AL,L,20,1.0650404445463673,1.4424607941027119,-0.6948768853135135,0.6552213261238837,0.16227787470417715,0.09123816330735499,0.22045943216830896,0.0464243,0.013794950231754139,0.008652913628264756
287,AL_L_287,AL_L,AL,L,20,0.1330567818777994,0.13606152517742945,0.13078110514453292,-0.4895069212623088,0.3516184355176312,0.06572874512723853,0.20649575535062814,0.055442117,-0.007014097480316764,0.00997256604074931
288,AL_L_288,AL_L,AL,L,20,0.130591156413816,0.005840948365287336,0.32920826745221266,-0.5074199117980073,0.2802511376965423,0.06695896176057035,0.20474457678938976,0.06111761,-0.010571245808668459,0.00947317154027949
289,AL_L_289,AL_L,AL,L,20,0.9481008275863074,1.0691751093082011,-0.31368643471613283,0.4797571590808122,0.15393282173886108,0.08773592839043642,0.21642138540780506,0.05036504,0.006822634850648451,0.007240070443458255
290,AL_L_290,AL_L,AL,L,20,0.04031320682971419,-0.1554284043381376,0.28246660018638836,0.0005376955043445708,0.13759076700011574,0.06340293951321553,0.20287703005649432,0.061841775,-0.001149695718579446,0.008391360114680477
291,AL_L_291,AL_L,AL,L,20,0.6508157325761242,0.7574291848826171,-0.39858688873649645,0.1799336208088472,0.24656061518182618,0.07946043910807064,0.21300849543684378,0.04796635,0.00683539665247198,0.009338298674701649
292,AL_L_292,AL_L,AL,L,20,0.9838174629623303,1.7435965116893173,-0.5506677257499971,0.8442003198803031,0.19381907777897614,0.08903801366392777,0.22335617811984565,0.05127237,0.014982223356814244,0.008410745839815884
293,AL_L_293,AL_L,AL,L,20,0.7362301467060715,1.4223435722732085,-0.5868548228321819,0.5337737771910923,0.13980552911486996,0.08342599323475054,0.22080113508107932,0.048331,0.012201085957696764,0.0075997297476078
294,AL_L_294,AL_L,AL,L,20,1.0326368733998983,0.8430802031125838,-0.40419979916051796,0.4378614866050068,0.07635894691454206,0.09012909178431683,0.21391146879467077,0.048776306,0.008577475361664031,0.008216858906610672
295,GOR_R_295,GOR_R,GOR,R,20,0.7806027961200823,0.16787760912204105,-0.8393330779111142,0.3983387028631279,-0.13924374208707388,0.08497332139120668,0.20595566265070991,0.039564755,0.014618002219524362,0.005388001807384704
296,GOR_L_296,GOR_L,GOR,L,20,0.5879510488023449,0.003406239100732725,-0.6788516073477677,0.14437572409124014,-0.04669766494438522,0.08018996412231519,0.20460277368028237,0.04002313,0.011464537135095498,0.007392377913959224
297,SCL_R_297,SCL_R,SCL,R,20,0.5050008340608096,0.40438277046832727,-0.43783187385218386,0.35053887100172365,-0.06334128262988499,0.07523813428187566,0.20853202009986377,0.044952348,0.015435133128368198,0.007105457328767615
298,SCL_R_298,SCL_R,SCL,R,20,0.20422852493457344,0.47685309002687826,-0.5775119135423433,0.3835124418358654,-0.013028258922367197,0.06977548707683418,0.20906936533600073,0.043796282,0.014900041866863372,0.0060876757134791385
299,SCL_R_299,SCL_R,SCL,R,20,0.44513457362294934,0.34101882790265803,-0.5531199848696974,0.11079834789505072,-0.11765352273962644,0.07863973208226756,0.20884515811159834,0.044153277,0.002275340929039201,0.005690431521232961
300,SCL_R_300,SCL_R,SCL,R,20,0.6662163032162622,0.3175196571253175,-0.5562475392623557,0.5569460058918491,-0.18869139337323187,0.08198938676106078,0.20840891963990282,0.04467223,0.014710075415869092,0.005403564010746727
301,SCL_R_301,SCL_R,SCL,R,20,0.5221806437033274,0.6073983965150912,-0.46759238779665335,0.1537085443871388,-0.0529647590499749,0.07749745223794333,0.21064673887130447,0.044109613,0.007791075253431734,0.00559396478791486
302,SCL_R_302,SCL_R,SCL,R,20,1.3072056191295043,1.0198601259840463,-1.0637762622263744,0.9664236158898278,-0.2906951401934771,0.10076278235498644,0.2162592175321055,0.036205634,0.022750041067521928,0.004826962468532483
303,SCL_L_303,SCL_L,SCL,L,20,0.3664919520676259,0.053218260257302294,-0.13307699061473616,-0.1353442903770162,0.0894971711248772,0.07578900870486417,0.20569941293846314,0.05197347,0.003300347252738617,0.008304758373666668
304,SCL_L_304,SCL_L,SCL,L,20,0.19754158066190017,0.41788919966944,-0.6309699358351581,0.3323603564803472,0.3408494333797058,0.07009273652781353,0.20932985752956812,0.04249042,0.010511284173545913,0.010424337821022187
305,SCL_L_305,SCL_L,SCL,L,20,0.324683044475088,0.5510190577064681,-0.4522946623085148,0.4896776339110277,0.3629340748672265,0.07224325813500561,0.21007622915934396,0.043610685,0.01417287854504343,0.01124318690316713
306,SCL_L_306,SCL_L,SCL,L,20,0.5509200512939333,0.5848043985573369,-0.4337641798403135,0.4983350701300632,0.1405508456358941,0.08307401132924212,0.21243411387028505,0.04507182,0.011146444631297674,0.009265008865043353
307,SCL_L_307,SCL_L,SCL,L,20,0.6781790546873403,0.42852867401275657,-0.741291046847152,0.42843890014654695,-0.06299905989192288,0.08517440907730153,0.20970185460490276,0.03863215,0.014743322592815883,0.007512291403404909
308,SCL_L_308,SCL_L,SCL,L,20,0.4247923199106838,0.21154812366822698,-0.4786931010087683,0.04622168815463531,0.15779614326017366,0.07867443307136471,0.20847789901953603,0.04453443,0.004615064088422934,0.009555380603563028
309,SCL_L_309,SCL_L,SCL,L,20,-0.2726862361589292,-0.06243393651180307,-0.08607307391898589,0.118514178733272,0.7215100026780966,0.05599601751988355,0.20329324695302567,0.050128978,0.005181079903983158,0.011402800012715646
310,SCL_L_310,SCL_L,SCL,L,20,1.5477594757972515,1.2674526889013853,-1.3510364129309376,1.6846102213201433,-0.23766148886430977,0.10770739530430178,0.219024197630815,0.03393229,0.035027685891716544,0.00628993634002487
311,ICL_R_311,ICL_R,ICL,R,20,-0.027889574658051225,-0.24547019530978323,-0.12037479329580827,0.09202292218804758,0.3362597093178247,0.06171861286029127,0.20161442941872085,0.054513983,0.005478161539986159,0.009574258706640979
312,ICL_R_312,ICL_R,ICL,R,20,0.3942560383234254,0.1662793247898399,-0.562667523876158,-0.22390008933107977,-0.17900652008715162,0.07727569544719277,0.20810137002190418,0.046839353,0.0027493640904132774,0.005376696414602997
313,ICL_R_313,ICL_R,ICL,R,20,0.00774839205427163,-0.25581644520061675,-0.31966417760692717,-0.1180215455374368,0.2759092527811232,0.06369545176566915,0.20175638279805302,0.04909596,0.004429460741928489,0.008898852261316318
314,ICL_R_314,ICL_R,ICL,R,20,0.1905105620301037,0.08889157414571768,-0.3324499433745952,0.29443139898971044,0.17844333579875496,0.06727466064546579,0.20556354382478076,0.047650017,0.012970579529124731,0.007299621442730953
315,ICL_R_315,ICL_R,ICL,R,20,-0.1822204234190755,-0.4345206419751366,-0.12714842013694372,-0.4842490227855903,0.2208740020953348,0.058101313135183116,0.1992153044441495,0.05042424,-0.0065698505326922075,0.007208045310280442
316,ICL_R_316,ICL_R,ICL,R,20,0.19132434982619917,0.16509380022018133,-0.13608105991279904,-0.07154278983551739,-0.013776598972483317,0.07170811207036688,0.20776706647376414,0.050869357,0.0018100816166917015,0.006082377596914572
317,ICL_R_317,ICL_R,ICL,R,20,-0.09936806813562377,-0.23009502583986702,-0.11878148853180188,-0.3854574267428764,0.00936499296447033,0.06270949165302683,0.20222487433200204,0.05160929,-0.004833814518987993,0.006632617611214136
318,ICL_R_318,ICL_R,ICL,R,20,0.7972972876681611,0.20687566272650665,-0.8168748141991046,0.6189542029225296,-0.2706553462133498,0.08500110520433256,0.20707688253542197,0.040769365,0.017968137511249413,0.00491532979969485
319,ICL_L_319,ICL_L,ICL,L,20,0.1359556056947958,-0.18504338097435558,-0.22486220616615107,0.3656861797860339,0.45847161098030387,0.06799768783143009,0.20173737073511733,0.046713702,0.009232720700686441,0.010416483367629199
320,ICL_L_320,ICL_L,ICL,L,20,0.10031093708659711,-0.005349224476769218,-0.23309294017175639,0.16963861279207584,0.42937715557425016,0.0663273421097457,0.2043153710435694,0.047359865,0.008964235107531176,0.010498345344181531
321,ICL_L_321,ICL_L,ICL,L,20,-0.09932740903726078,-0.4002502332153419,0.13276999434634407,-0.47825091393544455,-0.014448190654572165,0.06216217577554728,0.1998594924492346,0.05076323,-0.003657120833315495,0.007367578217055279
322,ICL_L_322,ICL_L,ICL,L,20,-0.315800525130315,-0.5613588385415572,0.0874322555649141,-0.039397260112352096,0.606164353215801,0.05628404791702939,0.19774123335987553,0.052755155,0.004111186180564915,0.012108866444565821
323,ICL_L_323,ICL_L,ICL,L,20,0.49735565362963224,0.3465150426941713,-0.4303183392950601,0.06212712209607343,-0.170678008479329,0.08086856292549809,0.20961903323203593,0.043911032,0.008795099679124129,0.006122240403915752
324,ICL_L_324,ICL_L,ICL,L,20,-0.21773049960669205,-0.3291690229291401,0.006603796464591324,-0.2580639103007045,0.3696101778593688,0.058581937370907465,0.20073495540853217,0.052422963,0.0007774108248407628,0.010429349660237633
325,ICL_L_325,ICL_L,ICL,L,20,0.32790299073450113,0.15956262830119144,-0.46225116035949476,0.012531601621536225,0.04860407532130389,0.07470325635887196,0.20586039236385245,0.042288426,0.009627876442450273,0.008330278260991726
326,ICL_L_326,ICL_L,ICL,L,20,0.8241515840995417,0.24520671322218252,-0.5444366081238621,0.2098145180101112,-0.14251302811726846,0.08597305361878102,0.20688064318871757,0.039340913,0.012431861071812187,0.005859277390319815
327,ME_R_327,ME_R,ME,R,16,-1.3748729097651162,-1.0021686857902967,1.1470844343697773,-0.565010830970233,-0.5302728426128578,0.026826375934775958,0.19298889077720283,0.10876567,-0.012735791338774146,0.0039406280438850465
329,ME_R_329,ME_R,ME,R,19,-1.0129169231894921,-0.591306446169831,0.5760223808003136,0.02100815388669086,-0.458792191614357,0.03791532702718591,0.19699425497045311,0.08592636,-0.008853148352626803,0.0009817384817670412
330,ME_R_330,ME_R,ME,R,19,-0.9748937806414244,-0.6269505798296247,0.8774647449612423,-0.14961954576618708,-0.6312793484160963,0.040049745728295505,0.19631031545560648,0.09689257,-0.008706036879057053,0.00018800993875500125
331,ME_R_331,ME_R,ME,R,19,-0.9179883011623202,-0.5235850644532739,0.18057920477804362,0.16849391626979132,-0.030053277813822818,0.03804026664965757,0.196974370913932,0.059811592,-0.0063634795588041505,0.00407442561596515
332,ME_R_332,ME_R,ME,R,18,-1.2570256218373872,-0.9946359331640413,0.876204204601613,-0.24167124769183246,-0.476425185393212,0.031223925007632207,0.19312129827650665,0.0924736,-0.01164192818186644,0.0028117617131683975
333,ME_R_333,ME_R,ME,R,19,-0.7215637008357497,-0.47297269175721834,0.1011117681369568,0.18780725968689388,-0.337336488849054,0.04453840680598426,0.1982934661337348,0.058124423,-0.0035152124140711933,0.002496728144482939
362,ME_R_362,ME_R,ME,R,18,-1.0853984680707702,-0.9418566658185592,1.166891882092671,-0.5482356890284482,-0.9999554198784686,0.036488870434188754,0.19295502342105078,0.10427468,-0.015038269342527126,-0.007187415790911914
363,ME_R_363,ME_R,ME,R,15,-1.5735973361396296,-1.5026802004567914,1.638480624217823,-0.6888744040371108,0.9610857966426354,0.020481885903301165,0.18677703434122386,0.13278283,-0.013716650802996642,0.005135497917250092
371,ME_R_371,ME_R,ME,R,18,-1.323246489829764,-0.9267665540460506,0.6215240571816629,-0.4785149554715168,0.5175443595581546,0.028464467426333254,0.19350049432271824,0.07733963,-0.016223106325423675,0.00834629896854085
373,ME_R_373,ME_R,ME,R,16,-1.374090793544993,-1.094697261210427,1.139263897060866,-0.7409242660107124,-1.2340798316046875,0.02808649133332355,0.19189530940844823,0.10115688,-0.01769507552653834,0.001825264584751173
382,ME_R_382,ME_R,ME,R,15,-1.5867883864587502,-1.424107540440045,1.7853182759016084,-0.6579957066874393,-1.3704652700760456,0.02205981697097785,0.18791967063330112,0.13617627,-0.01709969099372764,0.004141729784240715
385,ME_R_385,ME_R,ME,R,16,-1.6262168099495542,-1.5415728962249933,1.7719361111774516,-0.4799539314039506,-0.9949982006765945,0.02054636343721102,0.18642469840951895,0.12592618,-0.012360213109725921,0.005749107878255747
390,ME_R_390,ME_R,ME,R,18,-1.4629472163761905,-1.525499879125784,1.5575344282304397,-0.7907881098948844,-1.3077959678029052,0.0251139111791058,0.18606087431048776,0.12106167,-0.017711506118000365,-0.00033709710853540225
398,ME_R_398,ME_R,ME,R,16,-1.5686502338828248,-1.620994043404234,1.750450908542515,-0.4550503823733575,-2.4178401630386936,0.022344488582078686,0.18603871909948855,0.12342939,-0.008276935515774861,-0.006656805422407972
438,ME_R_438,ME_R,ME,R,18,-1.0248707931649905,-0.6789499864484994,0.25250000042895326,0.0040068091014760065,-0.284495013533644,0.036052672231817004,0.195615983282046,0.06735807,-0.00820198893386589,0.006507768075923404
440,ME_R_440,ME_R,ME,R,18,-1.2607296437507352,-0.9244343383831679,0.8502914753621331,-0.37267040691651143,1.0291974199265728,0.030168469560269504,0.19319298680888347,0.087657616,-0.015089716152462927,0.007226804304834916
442,ME_R_442,ME_R,ME,R,18,-0.39369363984602995,-0.029230014614989124,0.10776908100182706,0.8751074872531847,-0.43761722157392824,0.05459023250675288,0.20279848008210777,0.065355726,0.002256966721034751,0.0029871975350846537
443,ME_R_443,ME_R,ME,R,18,-1.062010496408988,-0.6925358247781863,0.5741101628129868,-0.41465850934548687,0.02032196630076939,0.03544947531758235,0.19558787530053642,0.07622598,-0.013817045881630078,0.005314732707449787
445,ME_R_445,ME_R,ME,R,18,-0.8641083371243456,-0.6146750675276209,0.8466548424627347,0.12959976636741435,-1.2944338957429093,0.04327020091608245,0.19700644082376428,0.09377979,-0.007130997730066032,-0.003571736806567863
446,ME_R_446,ME_R,ME,R,18,-1.3423893884895288,-1.1153911564118189,1.0292530881679465,-0.2257843081406994,-0.48824917177395105,0.02891579251212896,0.19175592155064164,0.09717993,-0.010367682796199556,0.004186979906761466
447,ME_R_447,ME_R,ME,R,18,-0.80212725503818,-0.4610414992940996,0.6729346055621451,0.483848561313654,-0.7522362181103662,0.0446015283562971,0.19965176877423796,0.08342805,-0.004341371711111048,-0.001315497063856627
448,ME_R_448,ME_R,ME,R,18,-0.783265371155229,-0.5768402860123116,0.5768375223080268,0.17121252279502785,0.052041897890594956,0.04555163555655294,0.19785990858012797,0.08586883,-0.007209130779537302,0.003626692224468971
449,ME_R_449,ME_R,ME,R,18,-0.7752786983774143,-0.3235244357176703,0.20379651994566045,0.6028123029213919,-0.49895470526344976,0.043702649816938624,0.2002301928078437,0.06502837,-0.0035914793137835515,0.0014576716667444713
450,ME_R_450,ME_R,ME,R,18,-1.1887061963751429,-0.9512329898334981,1.1433662832022324,-0.5522745914761598,-0.6296033693377519,0.03357630933506054,0.19332440657143068,0.103767924,-0.01593585179629468,-0.006428026660313243
451,ME_R_451,ME_R,ME,R,1,-1.3989185355388163,-1.16965131261109,1.9384002992075238,-0.19896232551191506,,0.017905329509489205,0.18398566270408734,0.05694961,-0.0036782999665950214,
480,ME_L_480,ME_L,ME,L,13,-1.6514158273127262,-1.7823387300704785,1.7646304459648379,-0.36975251557900246,-2.2189072183874203,0.01979863710730795,0.18496484779491595,0.12770604,-0.00782304066086919,-0.012068199640051725
481,ME_L_481,ME_L,ME,L,19,-1.5423762159847545,-1.5290348572792254,1.4876190513852965,-0.49877886478128386,-0.5176472692128669,0.02402015166352434,0.18693754565074547,0.111339785,-0.014663766180042831,0.006832370694518482
483,ME_L_483,ME_L,ME,L,7,-1.8059440385246235,-1.9971637853337376,1.7705332921245405,-0.5994432173250005,-0.6483356251593628,0.02103667326510126,0.18587124701712585,0.10421283,-0.011636821156079447,0.004533183875403981
491,ME_L_491,ME_L,ME,L,19,-0.8955284888870605,-0.47576562796402133,0.6950352608221962,-0.3857840265546234,-0.002571397590005536,0.040516118048281265,0.19797323859385962,0.079372376,-0.010695233706784116,0.004681269607995048
492,ME_L_492,ME_L,ME,L,18,-0.9489620149453611,-0.8588065384360198,0.8702568719953903,-0.10642441534589858,-0.4752439655881183,0.03697566553168849,0.19348744968309178,0.097441465,-0.005089165837085154,0.0015041123837575845
493,ME_L_493,ME_L,ME,L,17,-1.5401384996857297,-1.4791562065820099,1.4200993687086039,-0.5211781186670847,-1.503365084169199,0.022859177368450598,0.18790221399653764,0.11516431,-0.011741473578162298,-0.004497799971721407
494,ME_L_494,ME_L,ME,L,17,-1.5428727609840494,-1.486328674291742,1.6494111387541093,-0.369152575207227,-1.5687023407662593,0.02296318042682563,0.18735728858264755,0.12607165,-0.007242630479774895,-0.008908969329888116
495,ME_L_495,ME_L,ME,L,15,-1.658670690694159,-1.695838746493032,1.8429002362505147,-0.39084902265860016,0.2752262070279412,0.021273283810906825,0.18585589811245085,0.13421139,-0.00851913824356599,0.0072706712901455355
496,ME_L_496,ME_L,ME,L,17,-1.2632545654615759,-0.9139573493875175,1.2439269276549865,-0.3869247918947955,-0.45664739539696136,0.030578880826397932,0.1929040496925908,0.10428369,-0.007982504826328764,-0.0025376408748609214
497,ME_L_497,ME_L,ME,L,17,-1.4767854491129109,-1.2769162383348966,1.3662820157706665,-0.5517500780008369,-0.6006549843812369,0.02399347609691019,0.1896534408406011,0.10673028,-0.016111585950027298,0.0010366440926593149
498,ME_L_498,ME_L,ME,L,17,-0.8181995051354577,-0.6053796564481849,0.6866680569149809,-0.4889972678480611,0.16980048069001924,0.04120672429928959,0.1971797534525591,0.081463434,-0.016997029219866327,0.006901994840365156
519,ME_L_519,ME_L,ME,L,2,-1.8552162357045563,-1.4339806401092303,1.2079893865599254,-0.08655821884620601,-0.5750067914938503,0.02143626313358883,0.18521542030304555,0.058419216,-0.0011000636323224807,0.0009790476148611386
525,ME_L_525,ME_L,ME,L,1,-1.7174247495490573,-1.9360065844103376,1.937245136560245,-0.12668288828294175,,0.019200173677541593,0.18214282326941905,0.1678818,-0.004336262195285926,
531,ME_L_531,ME_L,ME,L,15,-1.461528712640452,-1.4870568236812047,1.603621241435745,-0.43365919822030624,0.23116143802948602,0.02537491269782371,0.18803864985416782,0.107527636,-0.009421217595870456,0.004803387166396101
545,ME_L_545,ME_L,ME,L,18,-1.462064876835499,-1.2375141884148932,1.4058847487957769,-0.49758477469627366,0.803508275535648,0.02493387058209491,0.18927269445437797,0.112030834,-0.011231779410307037,0.008981077692546689
546,ME_L_546,ME_L,ME,L,19,-1.1310283321206538,-0.8368037945390052,0.7539995766670101,-0.30079019285733427,0.2577898701958874,0.03445625753303903,0.19431138881490392,0.08808783,-0.01120001175357514,0.010647313080374235
549,ME_L_549,ME_L,ME,L,17,-1.5641784765420428,-1.5895219202472883,1.5784299736219234,-0.3619018012275821,-1.367689753358372,0.022048122201851334,0.18629686959293287,0.10760349,-0.006969631535969658,-0.0015444543101215953
550,ME_L_550,ME_L,ME,L,19,-1.2387544110264408,-1.1312460243138525,1.1643712081575441,-0.3627454634763254,-0.06858926062979563,0.03126696335134612,0.1910650286956074,0.10203066,-0.00890449891183686,0.006629137437946153
551,ME_L_551,ME_L,ME,L,3,-1.8169162807459294,-1.5807323185816966,2.1005707898936667,-0.2581502612674951,,0.01790485928158795,0.1841097885424656,0.19299877,-0.011196168292160693,
561,ME_L_561,ME_L,ME,L,18,-1.4199274359086347,-1.3217058307497211,1.2089298789607497,-0.6032095961565184,-0.3786881477910544,0.02559329920697304,0.18901475027865888,0.099112645,-0.017528125302950812,0.005049099670143988
569,ME_L_569,ME_L,ME,L,5,-1.5072685161902668,-1.3074562497085904,1.6866305291970132,-0.1687140384510137,1.6453994846662086,0.018906949099006202,0.1844699082812955,0.13847928,-0.005907443125703596,0.06663160440245909
580,ME_L_580,ME_L,ME,L,2,-1.3853060855991854,-1.159607522706261,2.527322098955554,-0.31027170447076424,,0.01869677322890497,0.18437478902162938,0.204189,-0.014924096404271036,
592,LOP_R_592,LOP_R,LOP,R,1,-1.5604759301618236,-1.1367948603497504,0.6470135453459533,-0.19104869223197657,-2.268957516241355,0.01837961960693438,0.18609983185260148,0.03293,-0.0011239784337314111,-0.003244474175652223
597,LOP_R_597,LOP_R,LOP,R,9,-1.7506456741890786,-1.7486801477542548,1.363406498487289,-0.3345747904540039,2.3171555514190114,0.02354142425429629,0.18818745851110416,0.08562244,-0.0046649048589462155,0.00652364883724836
608,LOP_R_608,LOP_R,LOP,R,1,-1.6137873453085099,-1.2770686213321099,0.6057782198538083,-0.1440998423703507,,0.01707501283128652,0.18406006453038462,0.03284147,-0.0008477687715951885,
633,LO_R_633,LO_R,LO,R,15,-1.6699568725945813,-1.5851105751652033,1.5004076041010443,-0.7670916121450997,-0.5753026232275054,0.019020559896442975,0.1859622152242452,0.114868276,-0.027453710848130263,0.002407397348963242
634,LO_R_634,LO_R,LO,R,20,-0.8435444923273516,-0.6855111585579264,0.18518047175528202,-0.41121613950082897,-0.03502407097798109,0.04601083472446707,0.19718171405456258,0.05735547,-0.011098263015238263,0.007282213286394121
635,LO_R_635,LO_R,LO,R,17,-1.5389751200629371,-1.4642832795176528,1.1681351869045875,-0.4560786508193663,-0.36089834612382693,0.021953823944803393,0.18792052124725234,0.10393448,-0.017314040271971087,0.004313946058691849
636,LO_R_636,LO_R,LO,R,19,-1.039224753258065,-0.7143073624368441,0.5677153174512525,-0.5836522610529906,0.29891729453198734,0.03820823119637698,0.19680934605525802,0.06895537,-0.016184669831731918,0.00893818745307527
638,LO_R_638,LO_R,LO,R,18,-0.8581830235812095,-0.33846046848371986,0.1685765181245221,-0.1287847366952558,-0.1716646083233454,0.04229457916109522,0.20121989684961752,0.057236835,-0.005782467618841327,-0.0006582960063782501
639,LO_R_639,LO_R,LO,R,7,-1.5298499274035104,-1.3466098442402894,1.6674753400263345,-0.2663012086980747,-1.4989719636341294,0.017715116922591027,0.1856960146791876,0.12307686,-0.01015028180443457,-0.002758603750013616
642,LO_R_642,LO_R,LO,R,19,-1.3969260992844894,-1.280791469127385,1.0835723511582074,-0.8867688520313615,-0.22666800724051378,0.026907049513822553,0.18963267833719227,0.09245847,-0.023247706436006675,0.002810312798311734
643,LO_R_643,LO_R,LO,R,19,-0.7341638697519525,-0.574837484886824,0.14786754755239814,-0.10937811197945604,-0.2891540427775996,0.04490471238280508,0.19811563190252146,0.057543542,-0.00550467964025789,0.0036332247518594263
644,LO_R_644,LO_R,LO,R,19,-1.0176373187338132,-0.8097649190048863,0.49157649039171747,-0.584021179360269,-0.05984724787204362,0.038158455189173324,0.1950112199338746,0.06428297,-0.014006195035797083,0.004984071956743085
645,LO_R_645,LO_R,LO,R,19,-1.035296596377601,-0.8202155180613013,0.4753972324675663,-0.3880289788996678,-0.2898747787354045,0.03757312769285431,0.19452992068288852,0.06326537,-0.009216219369929337,0.004042658887587245
646,LO_R_646,LO_R,LO,R,19,-1.2595500441568852,-1.0615345936660041,0.8831053544604139,-1.0417816578210806,-0.10585907157017807,0.030358478290555407,0.1920890733819936,0.08496314,-0.028167316394947673,0.004953703831957268
647,LO_R_647,LO_R,LO,R,19,-1.1503963417133942,-0.7573828687244601,0.6803734709994578,-0.6189088052319358,-0.20956545092598738,0.03268178411224396,0.1956397153793296,0.08284455,-0.018335780422740616,0.0029762147381339915
648,LO_R_648,LO_R,LO,R,19,-1.3307363826976981,-1.1485435426391868,0.9022435671126053,-0.5804337050685758,-0.39752747949506423,0.02740042802284064,0.1913583140636934,0.09041557,-0.018417374474790756,-0.0012370334072387766
649,LO_R_649,LO_R,LO,R,19,-1.3631330659102492,-1.010700046246287,1.0234033166598298,-0.7714658079366035,-0.6313653478483694,0.02711452164615495,0.19245807110513213,0.09391465,-0.019174109772314683,-0.0017901894857516238
650,LO_R_650,LO_R,LO,R,19,-0.9422037724790219,-0.5929780655084183,0.20022088687583328,-0.14131108905955378,-0.5761360102022589,0.038944677747712673,0.19747615852523764,0.059890397,-0.004179234036082016,0.000939568101451628
651,LO_R_651,LO_R,LO,R,18,-1.4377091705099292,-1.24019105200977,1.0365852531074258,-0.6105435812178232,-0.3586903098389063,0.02500133766723207,0.19025181860597162,0.09263104,-0.016638282400888823,0.005512980746481781
652,LO_R_652,LO_R,LO,R,19,-1.6253145790970986,-1.4312079522598813,1.3539741944803871,-0.567527541077239,0.4372298667350849,0.021111087212659897,0.1873125717965392,0.10372577,-0.01846739588381997,0.004684180987827339
655,LO_R_655,LO_R,LO,R,19,-1.226153544530975,-1.104902097924714,0.5657013440283295,-0.7312115145817416,0.035059916295066246,0.03272589585736205,0.19118198834330188,0.06708476,-0.017931210754913135,0.0018494746075770761
658,LO_R_658,LO_R,LO,R,1,-1.4733374439850415,-1.236553055995911,2.0432577686241458,-0.025472807965626003,,0.01680529800364759,0.18358188033374298,0.057603236,-0.0004709264854437601,
659,LO_R_659,LO_R,LO,R,17,-1.5213412035539253,-1.4220336813583874,1.456133365242783,-0.4587618600775767,0.19854760405757632,0.02290299503153417,0.18803040594060988,0.114694,-0.015290145643014745,0.013577938178283894
660,LO_R_660,LO_R,LO,R,8,-1.5285034944769584,-1.5082316846885095,1.7293562547571801,-0.1319980354344345,0.11552596095849532,0.016752595111623688,0.1835235773531153,0.11853882,-0.003976433003759904,0.01856083803253357
661,LO_R_661,LO_R,LO,R,19,-1.1749657659422323,-0.7925647297188028,0.5323142027572899,-0.5971137441967164,0.6297330375418232,0.03448847956453878,0.19555519031276444,0.06657093,-0.016944489571475808,0.009670093271485825
662,LO_R_662,LO_R,LO,R,19,-0.7713609826714405,-0.34173569203741694,-0.00037621948597848186,-0.1282301804312333,0.0022867596095521776,0.04686866413685119,0.20162766382645017,0.054003734,-0.004663668686537223,0.004729360714346063
663,LO_R_663,LO_R,LO,R,17,-1.4736659468164601,-1.3010268246421293,1.3702538173434486,-0.6444340814223125,-0.5099325164795597,0.024278906420398465,0.1900306590975409,0.10915563,-0.0184316580322887,0.0024412361660207
664,LO_R_664,LO_R,LO,R,8,-1.8146150711658418,-1.9321206953707428,1.99820335073295,-0.7210215232637813,0.8357499799869629,0.01959304011298133,0.18522579794243474,0.17101082,-0.017078388255189907,0.018891455658074884
665,LO_R_665,LO_R,LO,R,17,-1.3260693097457468,-1.1100178245768832,1.0305865780233294,-0.7538388089331581,0.924141112979072,0.03024818910409015,0.19206890488906686,0.08650791,-0.02294513302575221,0.006273184042078816
666,LO_R_666,LO_R,LO,R,17,-1.5782733465025307,-1.3855047912149772,1.3398729074733668,-0.5768601546906643,0.0009267495844784701,0.021036655505250895,0.18840455568946074,0.11018808,-0.016616177818738535,0.017094608129067136
667,LO_R_667,LO_R,LO,R,10,-1.5730159464409856,-1.4750091057591104,1.8257018422523015,-0.2896808241496924,-2.0682698926500636,0.01747899294791712,0.18393749749327531,0.13206811,-0.013985029281666417,0.012029284133491898
669,LO_R_669,LO_R,LO,R,13,-1.6932395764283792,-1.817747987951777,1.9163662500247933,-0.4451052246746829,-0.5244977764242303,0.01905214577796052,0.18488725658353197,0.14716825,-0.01390196303517769,-0.0014856898746338485
670,LO_R_670,LO_R,LO,R,15,-1.662263224470072,-1.608197711617943,1.8595784329954739,-0.24277125813520303,-2.895280231188682,0.0195109051597675,0.1867621111660917,0.13740826,-0.006115921793728469,-0.004245592904699938
671,LO_R_671,LO_R,LO,R,19,-1.2967519860401668,-0.9430831477523873,0.6976138928933647,-0.45887267243080854,1.2883550162043638,0.029950884966472715,0.19291140270710372,0.07087986,-0.01565283897931638,0.012257278899073281
672,LO_R_672,LO_R,LO,R,16,-1.455307634791946,-1.3562255852739498,1.1735978174155122,-0.7993451293034236,0.48443431473644577,0.025231018971128734,0.18916133392670637,0.09840906,-0.02694383523957634,0.00030766301175114824
674,LO_L_674,LO_L,LO,L,7,-1.86913698068703,-1.713324098583034,1.8514464121434362,-0.6348734324906203,0.6715246464335415,0.019564428702759703,0.18977636013848845,0.115955584,-0.012890686965354475,0.013200979600215018
675,LO_L_675,LO_L,LO,L,20,-0.812940682241743,-0.6108961648049942,0.4693473521167871,-0.7053093782148754,0.10041858894232578,0.04456480341218262,0.1978697852799836,0.06342647,-0.016887907650616117,0.0058705290095298415
677,LO_L_677,LO_L,LO,L,19,-0.9904152495308682,-0.6157295744385224,0.4819476049851559,-0.3956937059223678,-0.1553453631838052,0.03668721478026256,0.1964651134986135,0.07200066,-0.008709480447462392,0.006643367621415424
679,LO_L_679,LO_L,LO,L,18,-1.5912848108909317,-1.314392364675772,1.5917617649261864,-0.5456898609767306,-1.1282302722732425,0.021496450953544462,0.18819371355380016,0.11642288,-0.014972942919546896,-0.00031263545335982534
681,LO_L_681,LO_L,LO,L,2,-1.7482775485255488,-1.647660220869915,1.5718607171134784,-0.23093407977367603,5.3095990359003,0.021484185109106914,0.18693719688304497,0.1257219,-0.003442325100494096,0.009401235681839456
682,LO_L_682,LO_L,LO,L,2,-1.991758597255173,-1.7335856571738835,1.5221148537360816,-0.062241703722076255,,0.01825301796053471,0.18301729081827323,0.065161005,-0.0010651139949067515,
683,LO_L_683,LO_L,LO,L,20,-0.9757199880420085,-0.8513179202482524,0.7572945789601253,-0.6731130998452018,0.42378225459939284,0.038081069958104535,0.19409470690807998,0.06577484,-0.02067800808559691,0.007233063699181939
687,LO_L_687,LO_L,LO,L,18,-1.374142099965428,-1.1396142632282331,1.1099789833065317,-0.6351826021992459,-0.14271646674995492,0.026304417564399593,0.19122793264245402,0.08722534,-0.020559881419806247,0.0041126694072355745
689,LO_L_689,LO_L,LO,L,16,-1.4532785655678446,-1.0180681221585353,1.2743999523755216,-0.42966227541753965,-0.5939581043216927,0.02338277446625712,0.19111406742804019,0.10359243,-0.01328389345337737,0.0020164067971847025
690,LO_L_690,LO_L,LO,L,15,-1.6911272772944188,-1.7743713086611421,2.00759939241503,-0.40568442692673506,-2.0719672732236663,0.0184222426014409,0.18411014520159918,0.15121831,-0.011586686517713224,-0.0021222420692560426
691,LO_L_691,LO_L,LO,L,18,-0.8915744415705706,-0.5360813254122644,0.5869931905428114,-0.6599361148180128,0.2797492302918578,0.039369058249969724,0.19795366234446032,0.07498911,-0.018650705150047832,0.008296245888274783
693,LO_L_693,LO_L,LO,L,18,-0.8928796175904874,-0.4476043902326681,0.25213507317393913,-0.605988690921414,0.302139249708801,0.039624282930745346,0.19848262568321193,0.059370264,-0.016447367906767624,0.008955169229124087
694,LO_L_694,LO_L,LO,L,19,-0.5312555742780919,0.03771631154963507,0.2166068182337458,-0.32091325353470807,-0.24938684668508884,0.0491334271703262,0.20385309354816808,0.05898413,-0.011308645482484182,0.00487788601938602
696,LO_L_696,LO_L,LO,L,20,-0.7788870733295016,-0.4944745573373475,0.4127556597444492,-0.5351581788122656,0.5937021625532596,0.04293446214055979,0.19842038513264282,0.055370085,-0.01238895786465646,0.008282278258149934
698,LO_L_698,LO_L,LO,L,1,-2.073261087000508,-1.8375551312187284,1.4414385775858152,-0.12995662642812403,-2.9928668406555983,0.018657665935358933,0.18245179311388843,0.0781503,-0.0034035369061454915,-0.017181977092725585
700,LO_L_700,LO_L,LO,L,18,-1.6287200094302083,-1.540919155651365,1.642637463958483,-0.5033473511987319,-0.5091502117888745,0.020191887927038264,0.18650674086699037,0.11953417,-0.01719812678113125,0.003727904753112436
702,LO_L_702,LO_L,LO,L,18,-1.2483594848800463,-0.8606251975596071,0.7347616434877803,-0.7003563480148302,-0.12982097406708795,0.029915135713279004,0.1938609732365676,0.07485578,-0.016812677417819624,0.0049612505288456855
703,LO_L_703,LO_L,LO,L,17,-1.6744118722276087,-1.7238241937686645,1.9216727321392977,-0.33638671367336564,-1.3807811269405368,0.018766401222078427,0.18450227500598726,0.1367988,-0.00883115183346169,-0.006017167082199302
704,LO_L_704,LO_L,LO,L,18,-1.070273999601215,-0.8636941414946017,0.6974514791182441,-0.96240900765211,1.2171411222197213,0.03391760682452127,0.19391171943886168,0.0778196,-0.022843510290609863,0.012239371829094741
705,LO_L_705,LO_L,LO,L,19,-0.3909026070061753,-0.39326195201731834,0.2164499828003724,-0.502352542090657,0.18769024169654622,0.05041544782775557,0.19839281039977963,0.055339787,-0.009357971558001771,0.009786604931305334
706,LO_L_706,LO_L,LO,L,18,-1.3597466040370705,-1.226356588160986,1.2321589396627362,-0.589137571018719,-0.7346070803455018,0.026149039211796114,0.19037124954726659,0.09145925,-0.020256490302014044,-0.007852472734904884
707,LO_L_707,LO_L,LO,L,18,-1.5286737652063058,-1.4044337208510038,1.4354973021938113,-0.5030780212446906,0.25351052515915584,0.02204043276377736,0.18784929705480619,0.10825244,-0.013707406083948815,0.008586425047578651
708,LO_L_708,LO_L,LO,L,18,-1.3444024119092546,-1.2512372879399105,1.152191642686663,-0.6629849756439637,-0.021759876287675523,0.027000210475999615,0.1897089756440708,0.09190648,-0.021907275264430523,0.0049417724188456245
709,LO_L_709,LO_L,LO,L,18,-1.392904645334379,-1.2848083973707405,1.2814685259089968,-0.6335118652736658,0.13163378061457645,0.025562273122712906,0.18943258710164065,0.1019437,-0.016573942855504578,0.008872704722299639
710,LO_L_710,LO_L,LO,L,18,-0.9937694110227545,-0.9155395306160948,0.7410225361607938,-0.7884227756154016,0.40657022337535137,0.03538651758414027,0.19316253443933784,0.07025976,-0.02230359748601872,0.015040043561300327
711,LO_L_711,LO_L,LO,L,18,-1.4485490027348586,-1.3895548864210183,1.332909269063881,-0.5423185658033868,-0.6722591283000275,0.024452866269874318,0.18840647283188422,0.10111129,-0.01610347930461331,0.005806886509122533
712,MB_R_712,MB_R,MB,R,20,1.1475915806299868,1.345458742248719,-0.7940871805750175,1.0333578921190292,-0.15321267222064094,0.0951462184106385,0.21959319728426965,0.041925598,0.024740228581079052,0.005922407308839797
713,MB_R_713,MB_R,MB,R,20,0.10289025394848841,0.2560143059745135,-0.4083426822860739,0.2944397932903586,0.11032663489586861,0.0666278597923399,0.2060724197251765,0.04615302,0.007323769704097485,0.006450755316528811
714,MB_R_714,MB_R,MB,R,20,-0.16961480579386684,0.2789337255294993,-0.01898015596089351,-0.028287753451830083,0.150650948832645,0.05790309148273458,0.2081264194826113,0.05236209,0.003711551304967325,0.006701362735525705
715,MB_R_715,MB_R,MB,R,20,-0.356783774096124,0.1994317247141762,0.1090570487745518,0.167854178733506,0.34546604611445464,0.05156768898075866,0.20607159987181722,0.056058776,0.005681110568547147,0.007609411462471788
716,MB_R_716,MB_R,MB,R,20,1.3884835391634545,1.227637139393773,-0.3186906783458035,0.7889575961964421,-0.11828216103331328,0.09905615266981568,0.21828392368545635,0.050431274,0.016277054642471527,0.006104511196076647
717,MB_R_717,MB_R,MB,R,20,0.960365128666778,0.46982173592299786,0.10947084802215241,0.013856716161841568,-0.1178213471920461,0.0881161067681285,0.20941443796259412,0.068659894,-0.0017218925621972942,0.006581020988598078
718,MB_R_718,MB_R,MB,R,20,1.2956569279294896,0.9843795545006946,-0.4791990367891816,0.5650525274044671,0.013621292503814586,0.0984761374582989,0.21459036638843682,0.044433136,0.017165233129804825,0.0066207625930511955
719,MB_R_719,MB_R,MB,R,20,1.7054828352397753,0.9237982731160106,-0.6493818360866107,0.7905930342477566,-0.1564895878053027,0.10649419855868392,0.21379050050944576,0.043653876,0.020855085366073146,0.0054203985182404235
720,MB_R_720,MB_R,MB,R,20,2.3934358748243247,1.7717657897133006,-0.7294256577334424,1.434293179621482,-0.29898163295980373,0.12859722864820125,0.2244356778749383,0.04456532,0.029103510181475677,0.005447660365215873
721,MB_R_721,MB_R,MB,R,20,1.2810918297767573,1.1080902212015613,-0.26766065887736235,0.6361635185892864,-0.08097915901232434,0.09492445861477225,0.21657372718146947,0.050598968,0.014531702841763212,0.00617316687827002
722,MB_R_722,MB_R,MB,R,20,1.5811728748451719,1.1045098805938625,-0.5894792050003403,0.8173046979261341,-0.16343764191872656,0.10780541136644355,0.21744744112039677,0.05162432,0.018348830934631532,0.005671802909997102
723,MB_R_723,MB_R,MB,R,20,1.247661239997961,1.110052054108699,-0.502709553780386,0.8467909567710226,-0.045520110255185244,0.10120871733211016,0.21779829442732943,0.046631128,0.021032010902049758,0.0067319194434362194
724,MB_R_724,MB_R,MB,R,20,1.488683213580757,1.2857839964883397,-0.43924995266054234,0.7787348863447304,-0.110399951595443,0.10354031123756254,0.21830678979021245,0.048768014,0.01868250228392974,0.0059620314127985085
725,MB_R_725,MB_R,MB,R,20,1.3879143216007934,0.6389388413864838,-0.2963918572556361,0.1400675223932869,-0.15782407240079974,0.10257383194494743,0.21240442208038285,0.05464741,0.004689868361958352,0.006061747676519445
726,MB_R_726,MB_R,MB,R,20,1.2002910045779998,0.6522842880082361,-0.7727302478894196,0.6162809648345183,0.07480627780260168,0.09433051074054907,0.211269329925663,0.040869065,0.016079092183722575,0.006898161357823033
727,MB_R_727,MB_R,MB,R,20,0.4748340931284372,1.0319600644952511,-0.45349252841287546,0.9303420675250089,0.024843952263853893,0.07214168960981295,0.2154182147711028,0.045663252,0.023241545567847344,0.0059475927688908605
728,MB_L_728,MB_L,MB,L,20,0.9943789872223338,0.8959085189627117,-0.9678240965714698,1.332163405710969,-0.10624564954419324,0.09101708450168726,0.21331045349578245,0.037418697,0.02559339132692139,0.0072618203307156445
729,MB_L_729,MB_L,MB,L,20,1.8614566634036422,1.4071358265672906,-0.9353094599685032,1.4503663742665225,-0.08712993221810897,0.11325094888387091,0.2203548553102017,0.039210644,0.03152065512344879,0.007264035780302121
730,MB_L_730,MB_L,MB,L,20,0.5363366649880577,0.5700551051611165,-0.4197419196987555,0.5101283959976423,0.219157549471666,0.07974887433649762,0.21122763846270223,0.051454097,0.01396695474714833,0.010509789867853638
731,MB_L_731,MB_L,MB,L,20,1.264488436800201,0.7547985726693194,-0.5726094865506648,0.3188701752377982,-0.07103117152047944,0.09958733913620012,0.21269923717868672,0.045828223,0.013607474549166393,0.007530330325446849
732,MB_L_732,MB_L,MB,L,20,-0.2012179059270342,0.055463898382813806,0.35448170425496695,-0.19944646651541612,0.15833330312950922,0.058334295719358206,0.20434659381071052,0.07191327,-0.003152575608458011,0.009744171362676187
733,MB_L_733,MB_L,MB,L,20,2.164513800338134,1.6245620189044474,-0.7579238702975137,1.572229920984778,-0.2757680549321989,0.12466980607391295,0.22337077881057893,0.04451754,0.032628454647691485,0.006604291574288872
734,MB_L_734,MB_L,MB,L,20,1.793593309666009,1.3626531356593794,-0.5340301562037255,0.8956332313493972,-0.09824254966494773,0.11330506421102274,0.22045395661155917,0.04721085,0.01970222108064442,0.00755459524328367
735,MB_L_735,MB_L,MB,L,20,0.8152756038116211,0.26470214065867764,-0.03271779847166924,-0.055029179015117544,-0.09988729453827762,0.08629805256803176,0.2071635461388289,0.05797218,0.0003034967238796751,0.008230862858117919
736,MB_L_736,MB_L,MB,L,20,1.4667617808942914,1.471412060550546,-0.8752855223891896,1.4728326468698758,-0.054186095207161535,0.10655041112810322,0.22156757229913016,0.042722266,0.029118307423070013,0.007747583852250639
737,MB_L_737,MB_L,MB,L,20,1.3000156312878217,0.8463669381247858,-0.38771546698757364,0.33420389323760774,0.001902837324732096,0.09759143298165082,0.21261813867063908,0.045304865,0.014429966645761936,0.007422976746118437
738,MB_L_738,MB_L,MB,L,20,1.9722330543492486,1.5132043257011376,-0.582443652784985,1.0288008654534166,-0.16106840848022874,0.11567666552546674,0.22145244674075407,0.044852637,0.02280794731784046,0.005878461593666795
739,MB_L_739,MB_L,MB,L,20,0.9671348101499941,0.6366302663638679,-0.4760517019514016,0.5119560532851367,0.009255483058339712,0.08900613177800773,0.21041839957606245,0.04393906,0.012028477048717588,0.00884753702188356
740,MB_L_740,MB_L,MB,L,20,1.0157035786233561,0.5501608455370097,-0.44507591812241076,0.5785837369697426,0.17058740747107984,0.08886674090133867,0.20976076282277675,0.043039985,0.0175808601355972,0.007212218720038031
741,MB_L_741,MB_L,MB,L,20,0.9129521751972431,0.36139386622516406,-0.1958607510722133,-0.238868567905258,0.032953709524500316,0.09077331401486151,0.2092721001837204,0.05268777,-0.0019617622005437393,0.0076492754946220045
742,MB_L_742,MB_L,MB,L,20,0.44915814259453235,0.1495963751851656,-0.4009170920045154,0.11194073818847912,0.13665015410132875,0.07578549381965587,0.2054226744238376,0.043703638,0.007093790920546543,0.009182318821454347
743,MB_L_743,MB_L,MB,L,20,0.7570882735235108,1.1913626159534982,-0.5313631036626938,0.9691249788000533,-0.04655920412406071,0.08287817892566127,0.2168774316800409,0.05124275,0.017196135649609666,0.007538802751679695
744,PVLP_R_744,PVLP_R,PVLP,R,20,0.426562218552285,0.26090856690322356,-0.33527163595650483,-0.029646173877283532,-0.3281865198063337,0.07998576662501217,0.20856221971560732,0.048521437,-0.0005495345568167444,0.004885528868098848
745,PVLP_R_745,PVLP_R,PVLP,R,20,-0.814084528215752,-0.974652575322424,0.4954947354737155,-0.8164253798009726,0.281274294894826,0.046092415593844416,0.19322796535176617,0.07230447,-0.021813520503412804,0.004629742567605031
746,PVLP_R_746,PVLP_R,PVLP,R,20,-0.678623216034989,-0.7185895960816586,0.4016857147472061,-0.6097485426172505,-0.46815830535830527,0.04944000125944632,0.19599733169062472,0.06567674,-0.017691082809299742,0.003914605381822196
747,PVLP_R_747,PVLP_R,PVLP,R,20,-0.1374838181414028,-0.24423330550905747,-0.17626691033046873,-0.5506047913525521,-0.289042324532064,0.062146952854019055,0.2018410971146991,0.052181035,-0.011699656981253309,0.004234630256053499
748,PVLP_R_748,PVLP_R,PVLP,R,20,-0.6639891448976614,-0.7846866798048763,0.38494591463236044,-0.7523292114011033,-0.2477354843733646,0.04900578783935615,0.19517969293975818,0.06382205,-0.02135199586523877,0.005203100599433567
749,PVLP_R_749,PVLP_R,PVLP,R,20,-0.24842097301539826,-0.5077318380965219,0.10439779155382918,-0.4776904426060874,-0.27377164957259953,0.060883792317642536,0.1988497709863909,0.057590973,-0.01472003995878286,0.006285915374419214
750,PVLP_R_750,PVLP_R,PVLP,R,20,-0.6428259944765109,-0.7796985835675958,0.26892584888316556,-0.7194791930906366,-0.4659385140162848,0.05182852792809404,0.19598992825051767,0.065248236,-0.02013921745236006,0.002013042703644284
751,PVLP_R_751,PVLP_R,PVLP,R,20,-0.6529096997566551,-0.7303412340410883,0.5181115217766219,-0.7974985649180805,-0.1964554493094102,0.04891339617776019,0.1964145155491424,0.073492445,-0.023943544158130707,0.004794095754765493
752,PVLP_R_752,PVLP_R,PVLP,R,20,-0.5337314199554356,-0.46882892450616775,0.09934660266359815,-0.6234558217116267,-0.022434047284582693,0.05322142255966476,0.19934428442553037,0.054895915,-0.012658962955297373,0.006157654443944239
753,PVLP_R_753,PVLP_R,PVLP,R,20,-0.2810761251712049,-0.42620796991502985,0.0027171662566620124,-0.5622922224269561,-0.26525917145423356,0.05623511722624762,0.19947112008082662,0.051805485,-0.01198156906432032,0.005932695751147171
754,PVLP_R_754,PVLP_R,PVLP,R,20,-0.42564322540331423,-0.4169378332824551,0.14913335673190323,-0.6657439513697556,-0.05844292407008085,0.052333283704856445,0.19962809043649749,0.056035608,-0.013082184470999037,0.007043781946930011
755,PVLP_R_755,PVLP_R,PVLP,R,20,-0.6790210237402468,-0.6702636216140329,0.32125694452186443,-0.6114041366021677,-0.47777328565617694,0.05058609819952893,0.1971764050360396,0.065894224,-0.018875263731318363,0.003882211977629547
756,PVLP_R_756,PVLP_R,PVLP,R,20,-0.5766293896305343,-0.6593017773685552,0.06332275637971276,-0.5191180401294574,-0.8117010484009792,0.05266323234453041,0.19633734456023227,0.055808417,-0.010907865058124813,0.0014732442491912023
757,PVLP_R_757,PVLP_R,PVLP,R,20,-0.60639813840139,-0.5752976092397984,0.03600138877341559,-0.3941115503918263,-0.40545421813384586,0.053125757595768285,0.19809686913552477,0.0548833,-0.010214854006198907,0.0019304433342782004
758,PVLP_R_758,PVLP_R,PVLP,R,20,-0.6977240368411733,-0.6087080610272666,0.249254467833994,-0.5176987391361617,-0.34444504922445024,0.04813543933863912,0.19665709520632343,0.05831821,-0.012262462553946054,0.002628763814405708
759,PVLP_R_759,PVLP_R,PVLP,R,20,-0.5471376458488464,-0.6208518209545397,0.2001226197351169,-0.6359777562838805,-0.327997758376321,0.05203840387164699,0.19770174439744306,0.05726871,-0.014642701448579615,0.0035687019007334757
760,PVLP_R_760,PVLP_R,PVLP,R,20,0.05752600244672327,-0.12138122131229434,-0.26551130214498186,-0.27925954232204603,-0.4363773172734101,0.0693607393924108,0.20289889214289109,0.047459472,-0.0067182505873911984,0.004289609164892743
761,PVLP_L_761,PVLP_L,PVLP,L,20,0.05691901930333696,-0.16751536792945682,-0.41374718481896283,0.3170427140584961,-0.3777863674444218,0.06805930266455434,0.20252260047183657,0.04163351,0.010626623318698552,0.0053894001434709885
762,PVLP_L_762,PVLP_L,PVLP,L,20,0.4849067502578315,0.26688700990328273,-0.512443496460911,0.19861117641190082,0.025546638065028722,0.08097295387143702,0.2082175158875626,0.04239892,0.007661585991646402,0.007863758605238375
763,PVLP_L_763,PVLP_L,PVLP,L,20,-0.13682638358866134,-0.30610516447804537,-0.08107327612216514,0.21071745674998157,-0.24080339278156762,0.06244983976365648,0.2005501378398676,0.045841746,0.006155470268628271,0.004522325181357425
764,PVLP_L_764,PVLP_L,PVLP,L,20,-0.08816076735639705,-0.2771451074299321,-0.25463509269318774,-0.02768840166053264,-0.0003700036276612473,0.06377545317941288,0.20139028903468162,0.044903122,0.004089774192065449,0.008299239374958547
765,PVLP_L_765,PVLP_L,PVLP,L,20,0.046604966489305996,-0.18018140671600996,-0.04968963391609251,-0.23921205331464884,0.05404547211576073,0.06707753254715948,0.20214174974600213,0.05105359,0.00010417198793616312,0.008351884165470669
766,PVLP_L_766,PVLP_L,PVLP,L,20,-0.36458785104773006,-0.3675134478760214,-0.0013875516852101144,-0.2865170229774804,0.6467622177722433,0.05358051677635408,0.20008977731451066,0.048966903,0.0013003348457009695,0.009809453343265759
767,PVLP_L_767,PVLP_L,PVLP,L,20,-0.24810987198271933,-0.36101607197369556,-0.09158757571437452,-0.20727346920157674,-0.13698506361354115,0.06100127759816802,0.20046363073433088,0.051866256,-0.005978837458428205,0.006335926242725172
768,PVLP_L_768,PVLP_L,PVLP,L,20,0.01941327553231389,-0.1970677754539028,-0.2565589261832371,0.10551664374894443,-0.029740156145476898,0.06725562521684085,0.20255386224214827,0.044317614,0.0034472645717776355,0.00611554605623095
769,PVLP_L_769,PVLP_L,PVLP,L,20,0.2170940633505886,-0.033692321085401856,-0.35524550150572176,0.32073146991372614,-0.17464583658261384,0.07283256695534565,0.2047160656465033,0.04250004,0.010049893675090134,0.006668445658490715
770,PVLP_L_770,PVLP_L,PVLP,L,20,-0.2475837245910188,-0.2707851069299919,-0.04344227124320959,-0.12861070356289844,0.3333363898015672,0.060497206175188986,0.20203919361224343,0.048117995,-0.0004538365858153942,0.009353150823379572
771,PVLP_L_771,PVLP_L,PVLP,L,20,0.6902982451741628,0.2617685935870108,-0.6232618085766937,0.3361961393337486,-0.18696418140835233,0.08359658230017332,0.2070894861660578,0.03971369,0.013858295132469781,0.005685278790143951
772,OTU_R_772,OTU_R,OTU,R,20,0.2907148985680001,0.0018228772808389637,0.11926576476455515,-0.30020730782993055,0.1459334278547704,0.07102039794221822,0.2049591468991383,0.06332755,-0.011154716168066703,0.007921826737228712
773,OTU_R_773,OTU_R,OTU,R,20,-0.02672856338256329,0.4539917675313851,-0.04711216106087408,1.1418525622429525,0.1328835172164408,0.06696929756789351,0.21079602732780817,0.060750913,0.011096506541125198,0.007875199483545613
774,OTU_R_774,OTU_R,OTU,R,20,0.316510090627489,0.3045374797321344,-0.4869931064566223,0.43721913263388534,-0.28723045061396835,0.07187850720863073,0.20785781911036666,0.04729643,0.004856946272399348,0.004295119633968758
775,OTU_L_775,OTU_L,OTU,L,20,0.15505868883445564,-0.26729228870968536,0.07538878804851089,-0.23574914111161985,0.1508695933027588,0.06863452364122866,0.20219796248455407,0.05713164,-0.002548859810853221,0.010687145694748866
776,OTU_L_776,OTU_L,OTU,L,20,0.16432961102592905,0.10458374136007953,-0.06646631880513146,0.07508019959403638,0.09520590037489104,0.07202657338796079,0.2070291098438847,0.05359316,0.002163858623107235,0.009309511789495267
777,OTU_L_777,OTU_L,OTU,L,20,0.18494161718494023,0.354432282343636,0.03929830517147946,0.8346342224889755,0.03351960529114435,0.07196854087719451,0.20974256965636986,0.059176337,0.016445613358839758,0.009392490893290226
778,OTU_L_778,OTU_L,OTU,L,20,0.7593392871990059,0.44287558584548153,-0.22707387657790737,0.32744930236361663,-0.09029028407018283,0.08658612079567665,0.20937071853965614,0.049828954,0.008931685960569584,0.007734959350357488
779,WED_R_779,WED_R,WED,R,20,-0.19779370756303066,-0.048056633473484565,0.3468881538466021,-0.6287003593892422,-0.10191749449926625,0.06419791793701313,0.20553896714897654,0.064848356,-0.012049310510644163,0.006997210234945825
780,WED_L_780,WED_L,WED,L,20,0.25028993999891147,0.5116029960581503,0.16169881322869206,-0.2754916178539093,-0.24258245196418476,0.07669773437859635,0.21208887242723679,0.064144865,-0.01110736919326831,0.004700099089260998
781,SMP_R_781,SMP_R,SMP,R,20,0.017602036349294824,-0.2974317963430616,-0.024489824987268084,-0.10679419093678688,-0.012954695969651434,0.06547133408459613,0.20069126359471126,0.053791285,-0.002804111145133427,0.008494596839801659
782,SMP_R_782,SMP_R,SMP,R,20,0.4926888978343006,0.35320632672209273,-0.5739534218068959,0.773694277247573,0.18811974904658538,0.07751160920716657,0.20926875267481893,0.047231082,0.012201817061267965,0.008069760674368076
783,SMP_R_783,SMP_R,SMP,R,20,0.018915912564414918,-0.05164058606525355,0.22699486843661393,0.23115457270438142,0.25484851380710594,0.0639963090460155,0.20362364323760093,0.060976166,0.007404604831063835,0.009162792731586256
784,SMP_R_784,SMP_R,SMP,R,20,-0.2997397680183375,-0.33752420879612643,-0.11097362603909774,-0.2553965192195037,0.42226918936823754,0.05684748927123691,0.20030637678634053,0.055381466,-0.003711293466041675,0.010014046860255565
785,SMP_R_785,SMP_R,SMP,R,20,-0.12847930632480645,-0.15811815005764202,-0.06656589550215122,0.22336983508711747,0.22558713027539543,0.059271902286819465,0.2023956037242037,0.054797184,0.006780835478623741,0.008776155678529669
786,SMP_R_786,SMP_R,SMP,R,20,0.4086362367307791,0.3381041059800782,-0.3012752288725727,0.606960684004246,0.17934014487899114,0.0733239665638608,0.2088677400485574,0.049656052,0.014421528889943002,0.007874180585925
787,SMP_R_787,SMP_R,SMP,R,20,0.45289690118953124,0.3553832322694445,-0.2936675319450133,0.861735753779522,0.07330853251824423,0.07582762019371017,0.20793147912671883,0.051718306,0.018161258676407048,0.007576544045423415
788,SMP_R_788,SMP_R,SMP,R,20,-0.15439611889038554,-0.17082019502084939,-0.1813726880329772,-0.025471285076269036,0.5244601008439062,0.05896398944498467,0.202674496148262,0.05294956,0.004926810116275499,0.009527179263293236
789,SMP_R_789,SMP_R,SMP,R,20,-0.14487229442640848,-0.20956864954919124,-0.23437974832270672,0.0793762997182504,0.32107200252091656,0.05912069039296697,0.20200550614640128,0.051628552,0.006624341571220447,0.008620908980167569
790,SMP_R_790,SMP_R,SMP,R,20,0.08581462048287211,-0.09103454336972182,-0.20973514073403926,0.022144818126877724,0.3248478929075247,0.06659341021492897,0.20353899157473684,0.05359096,0.0019539034966906846,0.00939034488529757
791,SMP_R_791,SMP_R,SMP,R,20,0.19088406738813452,-0.028601630990591015,-0.05575081788452504,0.007502470438904352,-0.010381153669299297,0.06852007443660763,0.20471056148541472,0.058027387,-0.0009570052821230712,0.007150653846584707
792,SMP_R_792,SMP_R,SMP,R,20,-0.002494433098325846,-0.06313574656411294,0.2670390247138187,-0.23679867153556167,0.1345367025044288,0.06515794467278606,0.20442614045757096,0.06804298,-0.007775622689264882,0.006210545468808606
793,SMP_R_793,SMP_R,SMP,R,20,-0.07148078309821579,-0.12455682792002769,-0.21206095564776342,0.12304809949025193,0.03827990179452356,0.0634850252807038,0.20320174072217312,0.05915431,-0.0015353261063018651,0.0074442339040314345
794,SMP_R_794,SMP_R,SMP,R,20,0.3588666549649161,0.14820349993989038,-0.2407605538665772,0.04700826352547785,0.1847080884323705,0.07544217969667599,0.20720700882727158,0.05003065,0.0024056712254801956,0.007964243080978785
795,SMP_R_795,SMP_R,SMP,R,20,0.583460817489625,0.3223976190083449,-0.32219119206981545,0.2771640666555382,-0.07252841354934123,0.08018777016129494,0.20910727648675725,0.053727936,0.004475506483584696,0.006210632679036985
796,SMP_R_796,SMP_R,SMP,R,20,0.11008175498666539,-0.1338728029985446,0.28043186707860984,-0.10245265226434379,0.044321124252739895,0.0671305627035629,0.20261013752461995,0.068593085,-0.0029805695391187485,0.006636292917268573
797,SMP_R_797,SMP_R,SMP,R,20,0.15401724009140977,-0.06537053838623041,0.08487734073424943,-0.12232486735187609,-0.10376045378113732,0.07065584207690233,0.20404433573487224,0.060450017,-0.0034351140764378673,0.00731102390607524
798,SMP_R_798,SMP_R,SMP,R,20,-0.15976564450084427,0.13035870233995325,-0.08808630011654753,0.3121588403710628,0.36539062034007913,0.06069318773725231,0.2060628280097181,0.050255705,0.004895439249060726,0.009930906922778255
799,SMP_R_799,SMP_R,SMP,R,20,-0.1409270899979232,-0.43236871665294785,0.6391714185577342,-0.6990010171493958,0.039445310750932785,0.06215181158862086,0.19988833960874347,0.092387065,-0.01589844662650193,0.006914188719709481
800,SMP_R_800,SMP_R,SMP,R,20,0.16842861547916654,-0.15145724844084224,0.06873004113363382,-0.5014855903243308,0.01297543105059663,0.06859234334303835,0.20233169178900243,0.062078763,-0.00992669406146844,0.006494587933425104
801,SMP_R_801,SMP_R,SMP,R,20,0.6143371296940737,0.5974827998137026,-0.690079619461106,1.1725366850755772,0.03638604484842138,0.07897071442732866,0.21097020908232106,0.04704702,0.022078769857180658,0.007246052574381154
802,SMP_L_802,SMP_L,SMP,L,20,-0.050296990313715664,0.04458545021916817,-0.2227764904482187,0.671841761543694,0.6197239080808994,0.06254510619969726,0.20493808934810054,0.050766926,0.015159062297896566,0.013482433983004829
803,SMP_L_803,SMP_L,SMP,L,20,0.1900518650750125,0.05707805840230164,0.07195459676669493,0.028875752865634107,0.04342408696560614,0.07035022045529102,0.20539860510527103,0.06329595,-0.0009771565018155586,0.007812587363687926
804,SMP_L_804,SMP_L,SMP,L,20,0.023701737348384756,-0.020652026851451327,-0.25143808174448956,0.5004300484653059,0.0828529862245682,0.06656071885581323,0.20477132025754155,0.05371199,0.008516925355879956,0.008048848707528446
805,SMP_L_805,SMP_L,SMP,L,20,0.14838680108874416,0.2675416282024031,-0.14151062012642673,0.43808424811565694,0.41429924620672987,0.06849586645774383,0.20747417612855687,0.048899952,0.012362227209317324,0.010982386053981611
806,SMP_L_806,SMP_L,SMP,L,20,0.1309772095776065,-0.021896820391573237,-0.015144852135238529,0.02816437782050819,-0.10850615903714136,0.0681357634095929,0.20462116899867203,0.054366507,0.0020599332419464376,0.006395276897500024
807,SMP_L_807,SMP_L,SMP,L,20,-0.061398829404815426,0.22168093333264477,-0.21747984044051155,0.6998521380959767,0.7474089087686808,0.06349226274109245,0.2070475446895889,0.04881524,0.01503102133995846,0.012816777407493568
808,SMP_L_808,SMP_L,SMP,L,20,-0.2630622988814688,-0.23591659434081785,0.06019443609961035,-0.07235061315782992,0.4645889096650544,0.057257763857102836,0.20180974078339436,0.057247728,0.0004996308432660613,0.01004845874186565
809,SMP_L_809,SMP_L,SMP,L,20,-0.07398168065871821,0.05170618568624609,-0.09505988012627574,0.2998136719558001,0.15339496165906658,0.06283353304302451,0.20560266984541942,0.05632198,0.0024619285910174346,0.007619153428324974
810,SMP_L_810,SMP_L,SMP,L,20,-0.2279421735879666,-0.06640442381178237,-0.08176232168866311,0.406248234501153,0.7850815102510413,0.057768577753578056,0.2036996789832044,0.05439632,0.009163814594135889,0.01462896146808412
811,SMP_L_811,SMP_L,SMP,L,20,-0.15382020148211858,-0.46609559910351744,0.6044339565268447,-0.4537503883937591,-0.22181631509250477,0.05959182825478835,0.1990247262417973,0.080563515,-0.010788167001147092,0.0026262960340648666
812,SMP_L_812,SMP_L,SMP,L,20,0.29806014121779845,0.17564912085987716,-0.15848203759237522,0.21817853374186963,-0.00885656632789912,0.07193576298752875,0.20629152339452075,0.05117919,0.007420818326422668,0.007445482512539257
813,SMP_L_813,SMP_L,SMP,L,20,-0.17968013356298648,-0.25951841671026293,-0.006449983095554385,-0.21875672221293402,0.6005312800739602,0.06024563793600836,0.20141496330318928,0.055538498,-0.0037917907115601534,0.01092622964326382
814,SMP_L_814,SMP_L,SMP,L,20,0.3744953046914937,0.26184692401432286,-0.347724997509455,0.6315460361714587,0.06326982935555812,0.07690202844483872,0.20842550585909017,0.04873147,0.01166857527313346,0.008445699817491754
815,SMP_L_815,SMP_L,SMP,L,20,0.579868198662523,0.36173488078137567,-0.27451336089201817,0.3429201235817319,0.09832509559406213,0.08315848612802709,0.20984868470803225,0.04924188,0.010071083988337727,0.009368299471757161
816,SMP_L_816,SMP_L,SMP,L,20,0.10095485689192685,-0.1777716672778427,0.1276200671947541,-0.15996051201110606,0.12001776934143187,0.06823617319090582,0.20264760537450247,0.058095157,-0.0022242293717125968,0.009037565781875664
817,SMP_L_817,SMP_L,SMP,L,20,0.08278864212653407,0.134540168093109,-0.10119909489258401,0.022616751569119863,0.3753215818949203,0.06621741979063925,0.20631096427050374,0.05046006,0.003919981573812983,0.01033223830198537
818,SMP_L_818,SMP_L,SMP,L,20,-0.18044599593623273,-0.4202365542060892,0.4901152303608374,-0.41627513190196685,0.2071532536706441,0.061629853308773186,0.20009258675184283,0.0631011,-0.01169138069939659,0.00989516496801885
819,SMP_L_819,SMP_L,SMP,L,20,0.2235447844983427,0.18848733787778463,-0.20848337832562108,0.4206474362837923,0.14684296968147234,0.07025726445126648,0.20552704803984945,0.04926526,0.007781986975834275,0.010242854653039738
820,SMP_L_820,SMP_L,SMP,L,20,-0.3583493175330364,-0.46439994610139196,0.62915782135208,-0.6215980101417158,-0.19383559069241052,0.056823429542797434,0.1989483548013947,0.07480542,-0.017347330352350386,0.00573630532098429
821,SMP_L_821,SMP_L,SMP,L,20,0.1964030225294584,-0.14369296105023335,0.1936606889071373,-0.06698802277418932,0.07628975058317045,0.07195520009716379,0.20303893566679115,0.060311653,-0.0015575396190477433,0.009989681902167976
822,SMP_L_822,SMP_L,SMP,L,20,-0.19991277422188106,-0.39552846992083956,0.5299719659388142,-0.7734272622686511,0.2197243484679417,0.0617662274415422,0.20071638438895306,0.07635893,-0.017419342434022916,0.009170461343011752
823,SMP_L_823,SMP_L,SMP,L,20,0.47646945497195964,0.6056062416862369,-0.4206068604138123,1.0078509760369474,0.22948224361469066,0.0767315350095244,0.21101943061958228,0.048743848,0.022040959735272727,0.009375718493830976
824,LH_R_824,LH_R,LH,R,20,0.6791048779470733,0.9927834007687476,-0.29392924393133063,0.28191385896913274,-0.3855149069505278,0.08501088167751565,0.2176349978147772,0.053332817,0.0019740645450161253,0.004663723535660707
825,LH_R_825,LH_R,LH,R,20,0.5771417469669895,0.8644451823618976,-0.36633484663565785,0.3719575958822928,-0.1810052224871999,0.08192535437863574,0.21486853906908868,0.04688885,0.011030263052209787,0.0057872176057018245
826,LH_R_826,LH_R,LH,R,20,-0.7424877764648738,-0.4385850873792164,0.6886655312464238,-0.6158995124550783,0.07738616421256679,0.04523664818761491,0.20040793213440017,0.07855956,-0.016069814790568935,0.006630678781470063
827,LH_R_827,LH_R,LH,R,20,0.502398037005656,0.634365067313583,-0.4062431032439654,0.09218464083588249,-0.4304457453829434,0.08152589217104356,0.21295483147425315,0.04941351,-0.0009525432508422343,0.0043137642402875966
828,LH_R_828,LH_R,LH,R,20,-0.21174827403915933,-0.04021010129441638,-0.16298018469139758,-0.06463131626219028,0.2087267611550315,0.06036044956770438,0.2042509164924798,0.048808288,0.0033662327781686313,0.00732871654052736
829,LH_R_829,LH_R,LH,R,20,-1.0306124424742573,-0.8404483608898264,0.7390907173269812,-0.8143972282674641,0.09460799952831223,0.036580218398119334,0.19480965137516246,0.07674788,-0.021802916206635433,0.00655906230328742
830,LH_R_830,LH_R,LH,R,20,-0.543618463423418,-0.24930113060017017,0.5153412450912963,-0.548300909706807,-0.13653012652042168,0.05083446022660465,0.2023443812843381,0.070527926,-0.01574629086548662,0.004328097409952694
831,LH_R_831,LH_R,LH,R,20,0.10443356723281012,0.5068857159986252,-0.042230590260771014,-0.0904745210425647,-0.19469101712447548,0.0719048187941638,0.21255967383786417,0.06063019,-0.008592365176901826,0.004921951625175573
832,LH_R_832,LH_R,LH,R,20,-0.8362434500966573,-0.5635788556862753,0.46406717568618844,-0.6251372844517636,0.11630963288427756,0.04160919534590328,0.19808613086462343,0.06666322,-0.01569500378806269,0.006700309177091144
833,LH_R_833,LH_R,LH,R,20,-0.7135933440761183,-0.4222275518731049,0.5773821180782843,-0.7011517081114793,0.2975666245508267,0.04485200369961414,0.1996036981556098,0.069619246,-0.018925576234478516,0.008164655297648682
834,LH_R_834,LH_R,LH,R,20,0.18005871868217674,0.5904985771169906,-0.008727046717695041,-0.1868242312143436,-0.11403097128501974,0.07256078237613525,0.2127421648697529,0.059483957,-0.00751647206973062,0.00551439622257795
835,LH_R_835,LH_R,LH,R,20,-1.5763256172918143,-1.3956133735941867,1.6083457191980348,-0.46183072046802104,-1.4502291500515947,0.021359033021607524,0.187854616439585,0.114813544,-0.013165160425199787,0.0017036235539038963
836,LH_R_836,LH_R,LH,R,20,0.3393850715869181,0.33641059435910664,-0.2933256639130625,0.08479644770015693,-0.11579345953023139,0.07933309526308005,0.2100012903594064,0.050206326,0.00016501482114003016,0.006722289030069285
837,LH_R_837,LH_R,LH,R,20,0.693504111662288,1.0248605269196867,-0.4577400666274503,0.5958357631879567,-0.23517811195486232,0.08435488278039184,0.21762939067751935,0.04463113,0.012737571184969742,0.005016668208915673
838,LH_L_838,LH_L,LH,L,20,-0.6391608406071125,-0.5351095323390634,0.744573080651201,-0.5184115304242192,-0.008487635219989551,0.04611770679901775,0.19798703496815723,0.0791703,-0.007797402120233128,0.008278546237479164
839,LH_L_839,LH_L,LH,L,20,1.3122960389998544,1.1795880361073627,-1.0656857312482484,1.5527084635203252,-0.2879910701006173,0.10051625870893151,0.21752180662464243,0.040042497,0.03222584150574786,0.006087067601959626
840,LH_L_840,LH_L,LH,L,20,0.4613280358819676,0.2146931073611919,-0.4766033996343609,0.01878134883663437,-0.05845161511210971,0.07860087624735425,0.20743396026587652,0.04679731,0.004300456983409405,0.007688686074575066
841,LH_L_841,LH_L,LH,L,20,-1.283533064405858,-1.0274474759864232,1.2485352357252526,-0.9250789343019893,0.963200749766766,0.02851810360023781,0.19189814837372335,0.10120193,-0.025955811291889157,0.011657249508847752
842,LH_L_842,LH_L,LH,L,20,0.9589771733337195,1.2406689941037645,-0.7464728146565569,1.1094255843094476,-0.13893741432287854,0.09185733124315817,0.2178712808601805,0.043187063,0.021680084943340127,0.0071260170061838
843,LH_L_843,LH_L,LH,L,20,0.12761474307792073,0.08425447885964682,-0.32957245652545936,0.500347577422022,0.0955067332404878,0.06986425374679342,0.2056805844485857,0.052681874,0.010459992416355332,0.00852976405076055
844,LH_L_844,LH_L,LH,L,20,-0.2455593750465274,-0.11006491168953603,-0.03715852044001359,0.02032598906570817,0.23956336495916278,0.05918105369297892,0.20318054870007507,0.06040854,0.0035986548248020645,0.01000753867999975
845,LH_L_845,LH_L,LH,L,20,-0.6228052054833814,-0.4828372993450759,0.41080821005115187,-0.051186102692752165,0.3423807889217338,0.04445263295416539,0.19824077492547892,0.07375717,-0.0005048343650802051,0.010640185029111671
846,LH_L_846,LH_L,LH,L,20,0.3575450104450827,0.5358330769438664,-0.39153700414017745,0.6714091175543474,-0.014387810456114977,0.07563511021530786,0.20997070161153167,0.04467364,0.01582881093091027,0.00903413036481172
847,LH_L_847,LH_L,LH,L,20,0.9211418429769722,1.0554712608924526,-0.9466170868947458,1.0683773158268646,-0.1458688827594531,0.0914876862921418,0.2164057231666142,0.04089654,0.022903195176042956,0.006606024670340177
848,LH_L_848,LH_L,LH,L,20,0.4502508763645997,0.34082889435330394,-0.33915519941410954,0.5131080108137558,0.06538688726393038,0.07642528518044972,0.2082488357424467,0.049762554,0.01831141528799949,0.008803895505430964
849,SLP_R_849,SLP_R,SLP,R,20,0.2218701084950648,0.2934273173877693,-0.19700036455368197,0.44117619295778976,0.112955781580156,0.07006768385218891,0.20812551462713155,0.04795099,0.012982517564015991,0.007094215346170507
850,SLP_R_850,SLP_R,SLP,R,20,-0.019587656215764658,-0.18428201017333928,-0.09181811033673173,-0.32243946788002,0.09914239252701104,0.06356207389604068,0.20266602766653005,0.055193625,-0.003942708955394033,0.007214399343689862
851,SLP_R_851,SLP_R,SLP,R,20,-0.14758753337411173,-0.09444747960559138,0.2116593008774125,0.21799054577390237,0.20408279034539162,0.059703809318546255,0.20242164792767858,0.056792397,0.001690438489072239,0.007438887648520666
852,SLP_R_852,SLP_R,SLP,R,20,0.24781890354201272,0.29545846170890877,-0.3496799758093246,0.5303073241614074,0.00907188072502751,0.07283685086846073,0.20828007821624173,0.045107327,0.009610525307448584,0.006242156268266467
853,SLP_R_853,SLP_R,SLP,R,20,0.4066670462050442,0.5454961413062464,-0.6024430827881502,0.8951634639886044,-0.0751140180786607,0.07524540948709355,0.21012277451572198,0.047070462,0.01946971313829876,0.006360833947882752
854,SLP_R_854,SLP_R,SLP,R,20,0.08358296388148642,0.14773282682456057,-0.05486515072561794,0.5284505486356152,-0.1133827920904942,0.06486017475419277,0.20595409212809862,0.053423993,0.010755396476279686,0.005894204611863
855,SLP_R_855,SLP_R,SLP,R,20,0.0033280820496263035,0.1525826080233579,-0.34418919687523,0.4476911180323716,0.20113407111419254,0.06279391437453649,0.20582578075486624,0.046341047,0.012704131889274195,0.0072868855648512195
856,SLP_R_856,SLP_R,SLP,R,20,-0.6408911762940829,-0.49079066581041364,0.5478952065819279,-0.5263868434543871,0.27083647713691467,0.04675616082575642,0.1991720799085516,0.0698442,-0.013495013903248667,0.006837966412740415
857,SLP_R_857,SLP_R,SLP,R,20,-0.489209598010793,-0.44827055841090707,0.6445832621485108,-0.708359164702348,0.3010742755979102,0.04897375753100121,0.1989730772504686,0.07430318,-0.015494363776617105,0.007891886572170966
858,SLP_R_858,SLP_R,SLP,R,20,0.12426034507102694,-0.013403697323206249,-0.1724223971822863,-0.23137072446459567,0.1296019410538965,0.06857495391918493,0.20453627254875317,0.050674684,-0.005398179124138898,0.006735006029437718
859,SLP_R_859,SLP_R,SLP,R,20,-0.038133150738936986,-0.13828341652009266,0.1331599989080369,0.4487437156692911,0.033556245588705236,0.06102592330873778,0.20144001504101278,0.059639227,0.009004461945833342,0.007584813674049122
860,SLP_R_860,SLP_R,SLP,R,20,0.11816992128885968,0.28275003333059257,-0.010511662180341047,-0.16197443368356895,-0.051158544312439144,0.06937661889770326,0.20844761758137156,0.056874376,-0.006672014954577292,0.005854681884269521
861,SLP_R_861,SLP_R,SLP,R,20,0.6242226510941482,0.31385653617395476,-0.057546615319115466,-0.013606861411711791,0.1078819201072784,0.07827899464912576,0.20789409518033822,0.059454627,-0.00013038436707015532,0.007337445051442526
862,SLP_R_862,SLP_R,SLP,R,20,-0.07540863776112253,-0.1415624361304079,0.2797580531565593,0.013083216292806408,0.13255407532764693,0.060521977301813176,0.20172359772582893,0.07266115,-0.00378458131033682,0.00787222799769691
863,SLP_R_863,SLP_R,SLP,R,20,0.12410550395316418,-0.140440971344659,0.6435843403182052,-0.41076115068194596,-0.06921874547164092,0.06725290937286436,0.20256124519657562,0.08061732,-0.012143606610251262,0.006510055162776573
864,SLP_R_864,SLP_R,SLP,R,20,0.2152260518313346,0.18017408597232232,-0.0964661890804726,-0.16062054217133098,-0.1989539176380487,0.07079199919239185,0.20752295124735123,0.04944272,-0.0028917723054777793,0.0046427907440140075
865,SLP_R_865,SLP_R,SLP,R,20,-0.8795633817748765,-0.7000028970515415,0.4451871744980429,-0.6944651846759577,0.43943798339319684,0.04075590538440297,0.19686574744411467,0.06431478,-0.019536103421292476,0.007474294070061664
866,SLP_R_866,SLP_R,SLP,R,20,-0.6467023325715565,-0.47627640047696007,0.6004544900711352,-0.41930195718055935,0.3871196779859158,0.04703555486964246,0.19867723661097417,0.07567833,-0.0144665880360809,0.007940283489588801
867,SLP_R_867,SLP_R,SLP,R,20,-0.20363383068957272,-0.27487140217761136,0.07601752415097282,-0.13281484378879035,-0.10173327381375605,0.060181874218367196,0.20157499612776136,0.06045574,-0.00970799895161505,0.004680391997487517
868,SLP_R_868,SLP_R,SLP,R,20,-0.6293860775793655,-0.36802845422373426,0.7348563302492737,-0.531273142946568,0.18715070747129897,0.04941063792920282,0.20073519627652142,0.074118145,-0.017470477304150658,0.007178804939308075
869,SLP_R_869,SLP_R,SLP,R,20,-0.6475090703765003,-0.45443428146073367,0.6164925710089987,-0.5423774229447639,0.08209673767435902,0.0474854354981287,0.20010703850384087,0.071883775,-0.016584557175585067,0.006224808152082484
870,SLP_R_870,SLP_R,SLP,R,20,0.8798428633969152,0.5999721137855949,-0.6915937433217091,0.9995472132638428,-0.2531454129173484,0.08847769047881025,0.2114248317386695,0.039514966,0.02258837778140695,0.0052724021405537395
871,SLP_L_871,SLP_L,SLP,L,20,0.3942115420119108,0.017505723329591334,-0.16579464252146775,-0.12161567815387742,-0.09832771646325833,0.07600158151370695,0.20538823957370758,0.04977447,-0.0005829487334337643,0.007610784474060575
872,SLP_L_872,SLP_L,SLP,L,20,-0.2628696193383355,-0.40688116894320114,0.39207831711371377,-0.5066501033701677,0.1964781130507712,0.05543544220517631,0.19929545318451533,0.065704726,-0.0108337256324795,0.007850570336481054
873,SLP_L_873,SLP_L,SLP,L,20,-0.16641763565044648,-0.18561903041732264,0.0446297357229973,0.10416951245255324,0.07973873591549284,0.06104139497674491,0.20243261159594841,0.0593064,0.00589294336004316,0.009524903652610418
874,SLP_L_874,SLP_L,SLP,L,20,-0.16370049997950906,-0.43401202338078004,0.230312476238513,-0.16294078937146417,0.01887008105652191,0.0572993242080879,0.19870165913957596,0.061292242,-0.0024892433876491553,0.007547637069954582
875,SLP_L_875,SLP_L,SLP,L,20,0.35945981603397914,0.10831739972055501,-0.5437870875409683,0.26341197174649095,0.19511961785200305,0.07549583612316074,0.2062282321975542,0.04225021,0.011707408657331178,0.009939925458023727
876,SLP_L_876,SLP_L,SLP,L,20,0.3931041891411486,0.17523975665015834,-0.14781971625831983,0.04251153780445168,0.18956783710229452,0.07344730986689904,0.2065466016658251,0.049988795,0.005641727058668604,0.009847460384631596
877,SLP_L_877,SLP_L,SLP,L,20,0.002481274459199176,-0.2573228364610099,0.15355815931726946,-0.5013903034095262,0.054122631006635814,0.0642326521434768,0.20190275102574318,0.052286327,-0.0053354955363635196,0.007154364439987919
878,SLP_L_878,SLP_L,SLP,L,20,-0.00027332220761649983,-0.18006662634282558,0.09081843149080096,-0.15143916730510137,0.0016198104362015909,0.06473176942150297,0.2023488860245329,0.058200367,-0.002746734949975181,0.007856105681752728
879,SLP_L_879,SLP_L,SLP,L,20,0.42767626159232536,0.38927803701503344,-0.47179110485504056,0.8025049087666764,0.06334477877211746,0.07662390203351632,0.20910741104501934,0.044652015,0.018410427023844662,0.009621000877561944
880,SLP_L_880,SLP_L,SLP,L,20,-0.5647900621830727,-0.7489674684728392,0.6899891860790863,-0.36642428317498815,-0.005720988604032841,0.0493847657462049,0.1960772598914527,0.07423712,-0.007444808180629604,0.008462656662821878
881,SLP_L_881,SLP_L,SLP,L,20,-0.2593254781221414,-0.28704279290386003,0.3157141289046223,-0.2073553666182638,0.24213166708137607,0.05790790926335695,0.2013182431048052,0.06800861,-0.004390080474114939,0.010583908037311275
882,SLP_L_882,SLP_L,SLP,L,20,-0.027624182267029666,-0.26310308100715374,-0.22449116761035456,0.5038049043418039,0.08210736927423903,0.06507145140189848,0.20183379333691437,0.0542436,0.011350444695467466,0.0093794253780641
883,SLP_L_883,SLP_L,SLP,L,20,0.7796319118817578,0.38118366017982064,-0.39510541498250296,0.48807420353939496,-0.15227555188581485,0.08612727699469394,0.20896874951455371,0.043434076,0.013507262164206515,0.0067918286932636875
884,SLP_L_884,SLP_L,SLP,L,20,-0.044834566547615994,-0.2877125358855082,0.17297153323644773,-0.15832726505435066,-0.2246059169683882,0.060254831452252,0.20099623555407792,0.056980263,-0.005008006173085199,0.006407716403660356
885,SLP_L_885,SLP_L,SLP,L,20,0.3169462993424713,0.17300267117398355,-0.24644595051154033,0.3024521754500712,-0.050825389989898016,0.07146678617037455,0.20603471771617995,0.05449433,0.01101753985719789,0.007572290495346254
886,SLP_L_886,SLP_L,SLP,L,20,0.06376058977404994,-0.1499957141304173,0.14572943300895524,-0.0025435187581618335,-0.016581728080576237,0.06687505757506093,0.2025953973859178,0.05463279,-0.0011590071728629268,0.00837720628454586
887,SLP_L_887,SLP_L,SLP,L,20,0.03288212130988889,-0.23786594348593212,0.3596449141933931,-0.5802546581211727,0.12843932679759645,0.06424139858403896,0.2017483919150887,0.06453742,-0.010514492862118831,0.009584086835792142
888,SLP_L_888,SLP_L,SLP,L,20,0.9087079083043236,0.6970366104597765,-0.9446529666158533,1.421311615723418,-0.1415546873124775,0.09234192964594756,0.21242875033756253,0.038199995,0.027578813890828207,0.007480381607348439
889,SLP_L_889,SLP_L,SLP,L,20,-0.4510580078668737,-0.5923223064607104,0.4895959990188133,-0.37090935431875516,0.05481473038669019,0.050793504964666135,0.19733603678541844,0.06674935,-0.01135247871674869,0.00755450556836912
890,SLP_L_890,SLP_L,SLP,L,20,0.38743745733140905,0.16941160624037,0.10173226282661516,0.026437894279075863,-0.08493984785550898,0.07620921367291097,0.2074114084222828,0.055475254,0.001435964364518092,0.007819318317782712
891,SLP_L_891,SLP_L,SLP,L,20,-0.46716663701662264,-0.6285763757913692,0.681985380818537,-0.6495759531154934,0.0051034120344658485,0.05004533875657062,0.19714515302133256,0.07585879,-0.01426731650683081,0.007631600063431378
892,SLP_L_892,SLP_L,SLP,L,20,-0.26610869052597147,-0.26636913647003,0.41806618394780976,-0.5925067714004635,0.3759054337460786,0.05931740086570484,0.20270385380914796,0.075109795,-0.016366391590803706,0.010475912586408362
893,SLP_L_893,SLP_L,SLP,L,20,0.8988374646539775,0.5680001287372662,-0.6326281522627719,1.2253527550506707,-0.1685048333186992,0.08948504566572173,0.2112656945570938,0.042555593,0.026653791044851216,0.006606237279033103
894,LB_R_894,LB_R,LB,R,20,-0.7092927725488065,-0.21884881786009663,0.37852806648289594,0.07590701919547344,0.2355998631434806,0.04424089411338217,0.2012430624038694,0.073861755,-0.007565760424277814,0.008496646187462716
895,LB_L_895,LB_L,LB,L,20,-0.56385569836345,-0.2873609150417205,0.12009665333150572,0.19549658412799314,0.676345450082498,0.04732057402917567,0.20051542203991937,0.059116453,0.003781262253950692,0.012192433456876657
896,SIP_R_896,SIP_R,SIP,R,20,0.08702475646758952,0.06497014818504025,-0.15472804891419215,-0.03435226394454431,0.4203859815675993,0.0645882498266532,0.20580043662421627,0.049497057,0.0008117774748812564,0.008636291262968679
897,SIP_R_897,SIP_R,SIP,R,20,0.5670458089083751,0.3127200499669792,-0.26237577717504956,0.9541848917195253,-0.007333216623180877,0.0783354910464775,0.20751974600047812,0.05264022,0.021331279162802787,0.008128486240986225
898,SIP_R_898,SIP_R,SIP,R,20,0.37126333429990704,0.12378987752811296,-0.2146823198434184,0.007179580036018307,0.02066651665963182,0.07199994352058982,0.20671695326855696,0.051820397,0.00017597577847502244,0.007035581703389941
899,SIP_R_899,SIP_R,SIP,R,20,0.39743846483668394,0.15327326396258578,0.09027441961302693,-0.16216233079025744,0.01136646965147396,0.07281255883583644,0.2058240968309853,0.06505774,-0.00628769204970433,0.007117849109866642
900,SIP_R_900,SIP_R,SIP,R,20,0.6899471421665282,0.4036253429609581,-0.059275549418946846,0.08336161388201868,0.07001441903615471,0.08006201476411132,0.20916215571797347,0.0551965,0.00033510564258738915,0.007365949768097059
901,SIP_R_901,SIP_R,SIP,R,20,0.8486840340459582,0.6095960065626845,-0.7560486471831821,0.9501778691849783,-0.07661595493313614,0.08473568584600351,0.2112858391299183,0.04094818,0.022187733973424474,0.007094889138471036
902,SIP_L_902,SIP_L,SIP,L,20,-0.01586634884537549,0.1053886547664367,-0.13063201938427899,-0.21536007062581625,0.511691132252853,0.06299585092328254,0.20518158569111872,0.04923805,-0.0014956459886218067,0.011179820715156743
903,SIP_L_903,SIP_L,SIP,L,20,-0.03732382808050251,-0.1185459954603915,0.024579790253685674,-0.18871967445759658,0.341449122181724,0.061995234143646404,0.20242727174086936,0.053144973,-0.0011227386682189392,0.010171458032738442
904,SIP_L_904,SIP_L,SIP,L,20,0.3539023762163854,0.2148163443756394,-0.41255498101176186,0.7837996133821048,0.20721859849225063,0.07348448330065319,0.20657201980886808,0.048312284,0.014638475939521112,0.009610691646252379
905,SIP_L_905,SIP_L,SIP,L,20,-0.0054254152754103615,-0.13232588366498635,0.1408797297428074,-0.28293497736336665,0.3277930361566212,0.0646365292309472,0.20332984486605174,0.05663327,-0.005645160938838224,0.010999187010549381
906,SIP_L_906,SIP_L,SIP,L,20,0.21955841198714787,0.24784118167152963,-0.3086731298761006,0.4155786845528747,0.35411152370401217,0.0687451680702162,0.2069181233440378,0.047243655,0.009581741210559429,0.01058528134954152
907,SIP_L_907,SIP_L,SIP,L,20,-0.08286425112433979,0.004089097846016266,-0.26760482587167805,0.3890845789089087,0.40796346529234306,0.06138121751143864,0.20426640178737646,0.047606062,0.009642271417146372,0.010230343308500003
908,SIP_L_908,SIP_L,SIP,L,20,0.7605043184702915,0.7142914640474681,-0.7254222385431073,1.1330176012527677,0.09670180333139292,0.08377900580937939,0.21152861706677778,0.039053276,0.027899437930778294,0.008688625565760413
909,IB_R_909,IB_R,IB,R,20,0.2330595150802714,0.03852547351519315,-0.174924722574457,-0.31214410582465046,-0.06431175494909558,0.07196484905401754,0.20579863712667623,0.050838776,7.762314210593199e-05,0.007919161985703718
910,IB_R_910,IB_R,IB,R,20,-0.07226636757289148,-0.4617578644753496,-0.22875082219363857,-0.29976073373996603,0.26287717266254285,0.06280563854712287,0.19911466173756776,0.049145803,-0.0022311083969989995,0.009031112778936631
911,IB_R_911,IB_R,IB,R,20,0.36651668757541234,-0.04858817780169896,-0.5634798996909259,-0.02490289594924333,0.028076980304624875,0.07544050852259783,0.20441823574884252,0.043279074,0.007082738023901644,0.007765497305169783
912,IB_R_912,IB_R,IB,R,20,1.0447086802344778,0.4395684461799525,-0.899120084236982,0.9184758596629411,-0.14635179284487923,0.09081619099140217,0.2096488042761783,0.037068624,0.02469606895729914,0.00632556610316456
913,IB_L_913,IB_L,IB,L,20,0.6187418320385142,0.011369414701109026,-0.6428138160165531,0.25126233363081385,0.011871605367021981,0.08197257651070367,0.205144655026607,0.042271666,0.010477032113801759,0.008395344323568463
914,IB_L_914,IB_L,IB,L,20,0.10043329899059487,-0.25992530236690825,-0.31741382338463764,-0.09123467099742774,0.40789749605321807,0.06619562222157173,0.2015439455974128,0.04550631,0.005316440185539584,0.009543564639606069
915,IB_L_915,IB_L,IB,L,20,1.052505136582517,0.2554815819939418,-0.8803158329576458,0.7006917985545627,-0.045488870923087434,0.09205800843750497,0.207284363959172,0.03812518,0.02111902037946605,0.0071631083342554025
916,IVLP_R_916,IVLP_R,IVLP,R,20,0.6205852205191364,0.6092334653721198,-0.7179146550832923,0.08482950446980873,-0.23068285973907082,0.0845174383078656,0.21232181655077537,0.043321133,0.00406895802556873,0.005807911613287324
917,IVLP_R_917,IVLP_R,IVLP,R,20,-0.09109628532684814,-0.3930692844855575,0.08124213518456666,-0.23660283897142484,-0.16155021863587335,0.06365680348638751,0.1995261774688864,0.056127977,-0.003625518794909572,0.006840937281513503
918,IVLP_R_918,IVLP_R,IVLP,R,20,-0.28109827862083475,-0.3423887332897511,-0.04921378887660549,-0.12279899219065629,0.23564537495690016,0.058616518932592065,0.19900961712259446,0.05250762,0.002562815401688211,0.007266702435840083
919,IVLP_R_919,IVLP_R,IVLP,R,20,-0.6374542153936122,-0.7829853907488853,0.5637002953702904,-0.8228372960672932,-0.5233335418076205,0.04967231055807515,0.1956327621902309,0.06957942,-0.023015357388153655,0.00218959805137981
920,IVLP_R_920,IVLP_R,IVLP,R,20,1.227235554426989,0.7870241974135375,-1.1465053760438022,0.570178702037605,-0.4196717811958461,0.09945126966392558,0.21389932274120516,0.037995003,0.014894156211288395,0.004857647996028837
921,IVLP_L_921,IVLP_L,IVLP,L,20,0.8528917770130174,0.7161360982874265,-0.5993428716487974,0.12499554670722055,-0.26074257314921895,0.09078776220284882,0.2144530167347011,0.045063224,0.007111947513846297,0.005098063705417777
922,IVLP_L_922,IVLP_L,IVLP,L,20,-0.0977226034695035,-0.34723425286562426,0.005542647596486178,-0.3798497041642336,-0.07816732787565067,0.064015657638814,0.20080047425155279,0.053236485,-0.0003557368123202179,0.006841689416357674
923,IVLP_L_923,IVLP_L,IVLP,L,20,-0.49318127184925753,-0.6102028191522767,0.37137979747947847,-0.5684398013176815,-0.060644402390002905,0.052347677315709905,0.19753523687511143,0.056731254,-0.010108064481762628,0.0070216858158386785
924,IVLP_L_924,IVLP_L,IVLP,L,20,-0.24566087874567222,-0.24922900955328314,0.02884752020552933,-0.08786812590656533,0.16561853194985335,0.06067813934642637,0.20203083129887353,0.052910566,0.0001368522150020951,0.007518413276539478
925,IVLP_L_925,IVLP_L,IVLP,L,20,-0.024974639461034724,-0.14412206402940636,-0.18912912978733704,0.1220256863421636,-0.19571944940607128,0.06480678950800671,0.20200173049340037,0.050392546,0.007826734384069814,0.005996973376329029
926,IVLP_L_926,IVLP_L,IVLP,L,20,-0.3828061464157907,-0.5681426672579193,-0.10444070650153232,-0.057623704945186774,-0.0587852494824906,0.05386075245322815,0.1979731100951642,0.047927737,0.00018826859918095491,0.006889319891292492
927,IVLP_L_927,IVLP_L,IVLP,L,20,0.9164252636721393,0.45588777091383204,-0.839713947184153,0.41756373365915883,-0.32667452582234235,0.09212854235370849,0.21016660532914289,0.039861817,0.014584123871527858,0.004976375111949879
928,IPS_R_928,IPS_R,IPS,R,20,0.321309972118801,0.6455864914136471,0.0021174245605866115,-0.06819119942741621,-0.01203264865184958,0.0756863641427595,0.2124987804576212,0.059571862,-0.002895988267550434,0.00948629374634161
929,IPS_R_929,IPS_R,IPS,R,20,-0.09788373475993509,-0.07932820018756821,-0.059007586279113566,-0.12519547047583363,-0.2982091051967677,0.06231989047605431,0.2034406479566701,0.05321117,0.00023349552464760744,0.0054913835238119095
930,IPS_R_930,IPS_R,IPS,R,20,0.41241238506072675,0.3753753530139786,-0.2809347120556144,-0.22242276742252579,-0.22472819610513334,0.07917715465678248,0.20955748862585716,0.051718187,-0.0017128476521851023,0.006024638483828433
931,IPS_R_931,IPS_R,IPS,R,20,0.8202778099292356,0.5275219245541886,-0.3908909339837744,0.2721896382068993,-0.5345425722818405,0.08765246044532352,0.2105386323488434,0.051710404,0.008961946713874614,0.0037658183359209054
932,IPS_R_932,IPS_R,IPS,R,19,-0.4256679888894428,-0.423107274578748,-0.006421864294318423,-0.36779472165370186,-0.20783565456906147,0.054057545304855376,0.20072803378209225,0.053393353,-0.005816694345008453,0.007443121880254448
933,IPS_R_933,IPS_R,IPS,R,20,0.5208986298893323,0.7109627128632072,-0.16552456820883393,0.04556044529408145,-0.42704971879568776,0.08341795649235623,0.21377600236982638,0.057111047,-0.0006456666457801375,0.0037464738165537957
934,IPS_R_934,IPS_R,IPS,R,20,0.6738174117559417,0.702116770617524,-0.21995936569404453,0.0830120209321176,-0.40013597476328117,0.08713289075973496,0.21363631507887257,0.0553814,0.0010485640526335413,0.004027994738597756
935,IPS_R_935,IPS_R,IPS,R,20,0.0034459302729781677,-0.27234657334401124,-0.17014381668900597,-0.5495930842039286,-0.07621930307065834,0.06719099051704089,0.20151872023009224,0.054308027,-0.006806869589919424,0.0074982845731564034
936,IPS_R_936,IPS_R,IPS,R,20,-0.5386284768768117,-0.6448322079595898,0.2501265951896104,-0.7028190156681495,0.329148300056635,0.05167000606771913,0.19721157247983392,0.056438275,-0.012643501165914678,0.00580081503317528
937,IPS_R_937,IPS_R,IPS,R,20,-0.4757201334334046,-0.5900056311262352,0.04818873414117929,-0.6876786919365175,-0.161265969902952,0.051826125376166696,0.19722730205092293,0.05579518,-0.011291063515577524,0.005491007413776033
938,IPS_R_938,IPS_R,IPS,R,20,0.7397582519497761,0.771579646286628,-0.48557750268628325,0.48994844479361965,-0.4989727937220203,0.08755225042831036,0.2141519099285961,0.04896421,0.012959410711076702,0.004557952366515372
939,IPS_L_939,IPS_L,IPS,L,20,0.8318748183628824,0.5633000772122289,-0.52603282765223,0.36921335195938404,-0.24307117564162128,0.09085287684176517,0.2124994269928963,0.05003063,0.005858438082727369,0.005667306206481823
940,IPS_L_940,IPS_L,IPS,L,20,1.0500882940409282,1.0096888706628764,-0.49010934833570363,0.5011056365279626,-0.36640860413056264,0.09785489595083079,0.21732605820892656,0.05040256,0.004897237765174669,0.0049878109221738786
941,IPS_L_941,IPS_L,IPS,L,20,0.08299382566395588,0.011460324116983455,-0.13011482780344974,-0.038033185012851564,-0.1817738728465445,0.06839879478435486,0.20520497115382003,0.045786988,0.003141812078276584,0.005555875535727867
942,IPS_L_942,IPS_L,IPS,L,20,-0.5285710756863229,-0.7044253729690824,0.2618352108676115,-0.7024150268735871,0.13551424753345603,0.050342552195145565,0.19622604220978443,0.058886074,-0.011823955525976117,0.008585306664131556
943,IPS_L_943,IPS_L,IPS,L,20,-0.18632895193922647,-0.33680682778859894,0.02210511962255983,-0.5330119059657955,-0.21712072970661878,0.062193250556708525,0.20116886407701298,0.053092152,-0.008739487505370196,0.00557222089712443
944,IPS_L_944,IPS_L,IPS,L,20,-0.3933405939835891,-0.48988521177890554,0.06405003279810899,-0.33104040236427534,0.06184649605772694,0.054389821395651614,0.19854646415532845,0.055022456,-0.003394772627292849,0.007003460136511663
945,IPS_L_945,IPS_L,IPS,L,20,-0.10161903754747229,-0.3216210000335598,-0.1415989634503883,-0.13886025194906132,0.37504118359038763,0.062412009330711636,0.20075259087523523,0.04619354,0.0014606999372940449,0.010188844648337098
946,IPS_L_946,IPS_L,IPS,L,20,0.8413844089130855,0.7577049171126671,-0.437671215440581,0.32038518209407696,-0.3835385371667106,0.09083952594309194,0.2146081767518549,0.046549607,0.006620265422728913,0.004600596538300626
947,SPS_R_947,SPS_R,SPS,R,20,-0.6695791626690379,-0.576014324051265,0.34679870166354027,-0.478975144852064,-0.04608092448222307,0.045464808673624464,0.1976789652643711,0.059751414,-0.00867614652428485,0.007576549798133776
948,SPS_R_948,SPS_R,SPS,R,20,-0.14111630243231038,-0.4300058045875585,-0.06058563188084155,-0.5271089600793472,-0.0001226885524790833,0.06131600768562715,0.1993356764540142,0.05243789,-0.0059177671723637856,0.007614885859043369
949,SPS_R_949,SPS_R,SPS,R,20,-0.7775016232098395,-0.6728775675548715,0.41190962153808564,-0.5199718557606696,0.4952771866647244,0.04281974573450175,0.19657917541895337,0.06244458,-0.011561039369017503,0.009996096139280077
950,SPS_R_950,SPS_R,SPS,R,20,-0.6089972199525429,-0.8080909443618935,0.30436404754969754,-0.7735918346557631,-0.10712043068377612,0.047520341990532865,0.19491701964958452,0.059721045,-0.015058410443632422,0.00508041398054132
951,SPS_R_951,SPS_R,SPS,R,20,0.6160858926094813,0.24373999438397692,-0.28136416673159614,-0.139279768237238,-0.3865201980018415,0.08259929500070387,0.2077824153288486,0.049775746,-0.000702037270393025,0.0051341371838273635
952,SPS_R_952,SPS_R,SPS,R,20,-0.4780376085982936,-0.5527618258975437,0.11549252663305838,-0.5397574034918455,-0.15700386540681602,0.05218321707099034,0.19782334995749226,0.056864552,-0.006201825122757761,0.006477568360905186
953,SPS_R_953,SPS_R,SPS,R,20,-0.29552642495006515,-0.5006025739531397,0.07950949094022047,-0.3461980413418628,-0.054850026992574206,0.05670528492105433,0.19805798191239582,0.0550166,-0.004509705262658167,0.007596420537167305
954,SPS_R_954,SPS_R,SPS,R,20,-0.4895946066840528,-0.6224550515285617,0.25790497443995286,-0.6713516313437106,0.1920474205480197,0.05146311105925159,0.1969571436294101,0.058127094,-0.010784458524514448,0.008334667940342122
955,SPS_R_955,SPS_R,SPS,R,20,0.12876655671172602,-0.33520943111003765,-0.2318685397446262,-0.3152482593025877,-0.1866484627370495,0.06727883823857238,0.19967505475242403,0.05001378,-0.002606828937598962,0.0057293372132080755
956,SPS_R_956,SPS_R,SPS,R,20,0.7462466655267201,0.35787306375467526,-0.42792490200419653,-0.04381859625978505,-0.26557326158531275,0.08775808860388054,0.20931274087679302,0.048429668,0.0011246593653041464,0.006739744812433378
957,SPS_R_957,SPS_R,SPS,R,20,0.7164869089851963,0.501536410586745,-0.31973002501813014,-0.07358948653387112,-0.4022715375079575,0.08828380684377732,0.21116946705420053,0.05169003,-0.0005435120212684308,0.0048145927685213875
958,SPS_R_958,SPS_R,SPS,R,20,0.2120051733666594,-0.22049528065946955,-0.21731985898791897,-0.02764398781345038,-0.20717943692825766,0.07003459621835352,0.20120478465079866,0.050598454,0.00457543929342468,0.00721586902748717
959,SPS_L_959,SPS_L,SPS,L,20,0.22833725721660536,-0.0856513661635122,-0.319517854858509,-0.14906158763124688,-0.2156690193559582,0.07089608704808621,0.20377998891592264,0.045015153,0.0053463996908316895,0.0059739602761054
960,SPS_L_960,SPS_L,SPS,L,20,-0.3764892734903248,-0.6572289204444292,0.40245836890270936,-0.5255187698153747,0.06966454659818822,0.05475948024366835,0.19677267234244245,0.060609054,-0.009512814531021357,0.008085610874625743
961,SPS_L_961,SPS_L,SPS,L,20,0.16730411059467132,-0.1586257385460171,0.04010742585464036,-0.4332104065582021,-0.06315554791192143,0.07093898027024374,0.2033745416800518,0.051138587,-0.006325993041472795,0.007270094549816459
962,SPS_L_962,SPS_L,SPS,L,20,-0.19327536230159734,-0.4589364806660118,-0.021033129749415673,-0.6175378543729793,0.09690790032949433,0.05965133576828101,0.19923487836282328,0.05054279,-0.008016981133865453,0.008163727304643795
963,SPS_L_963,SPS_L,SPS,L,20,-0.6625795998369461,-0.748316371160862,0.4134673512820129,-0.7747709125024927,0.2542926781164295,0.0464669175819527,0.1963302895102281,0.057752334,-0.014270620667886263,0.007872537359951073
964,SPS_L_964,SPS_L,SPS,L,20,-0.5273105111790409,-0.741907903505106,0.36670644120533724,-0.8106682462642221,0.31470809865789723,0.050933197913498186,0.19637977526556807,0.05839613,-0.015299047355500731,0.011551537870544545
965,SPS_L_965,SPS_L,SPS,L,20,0.2835763046980107,-0.1549432114923713,-0.3153935826416828,-0.11862445106275643,-0.23614984134650835,0.07159857024971555,0.20265118900677015,0.049140815,0.0034428826179599076,0.0060381326305859965
966,SPS_L_966,SPS_L,SPS,L,20,0.011749900111783642,-0.25140189743485997,0.0003285990722946386,-0.6194908019810037,0.01998812696210959,0.06758028886322154,0.20254677478204414,0.053508602,-0.010908330094088434,0.00862550207495005
967,SPS_L_967,SPS_L,SPS,L,20,0.20823593402650106,0.07865500886931565,0.0026001282913047626,-0.4683190440420898,-0.12118721736095953,0.07444216025231468,0.20654287218399162,0.05523207,-0.010337739896758243,0.0067859956922295545
968,SPS_L_968,SPS_L,SPS,L,20,-0.4392621174704687,-0.6773584851842147,0.24435453953348185,-0.6495196664500598,-0.07991528289450091,0.05312271882893336,0.19684939651210326,0.056399245,-0.010328737848931919,0.007142442626594314
969,SPS_L_969,SPS_L,SPS,L,20,0.6625654221354565,0.3353735204013991,-0.2889959359026753,-0.246719888492684,-0.24002316833390056,0.08711543715087429,0.20965459242078768,0.051087014,-0.004571019686208778,0.006158214013318846
970,SPS_L_970,SPS_L,SPS,L,20,-0.42819451767204714,-0.5663142444167686,0.18807241290525423,-0.6771321042259134,-0.09296712954950083,0.05277969823562008,0.19794963627563097,0.05366782,-0.00959361716719547,0.0051222443402862165
971,SPS_L_971,SPS_L,SPS,L,20,0.6183116899906498,0.537516132708864,-0.3863339808994587,-0.040244881807481786,-0.22030528498575236,0.08603815065927896,0.21227601227079668,0.04949283,-0.00160367478735405,0.005958373216307501
972,SPS_L_972,SPS_L,SPS,L,20,-0.7440857290690113,-0.8306903762652981,0.5662090003018896,-0.7889245927067772,-0.022127363213455636,0.043942469524630205,0.19472237552909277,0.06152017,-0.015987939617944844,0.006722717694731224
973,SPS_L_973,SPS_L,SPS,L,20,0.1670141867559651,-0.21783394773882722,-0.2856391372285947,-0.1574105798355998,-0.29502202294518715,0.06926502794793746,0.20151177457168182,0.0454183,0.004211067909202718,0.004941433144131874
974,LAL_R_974,LAL_R,LAL,R,20,1.0517009269418722,1.0381016508525829,-0.6915848876081332,0.18365571431613456,-0.13071155970398365,0.09411580235864384,0.21579556283103093,0.04610596,0.005631198042396741,0.0070039169720907055
975,LAL_R_975,LAL_R,LAL,R,20,0.9036055965132528,0.6197962729263977,-0.7120030579671159,0.307727130396631,-0.06743085961402918,0.08932741522584915,0.21114443231032767,0.04247472,0.007830409908887153,0.006998202027140269
976,LAL_R_976,LAL_R,LAL,R,20,0.27627347898024146,0.11523226630477275,-0.4645705569408404,0.055942909060275006,0.17746764794442174,0.07337064661625038,0.20677360837432598,0.043359425,0.006341345022542688,0.00793184095926374
977,LAL_R_977,LAL_R,LAL,R,20,0.8699979619999109,0.6936239159737712,-0.6975405167828514,0.07297480156741615,-0.062161458051070026,0.09004941058055652,0.21262622100319595,0.046263523,0.0021359540420429995,0.007983045206436098
978,LAL_R_978,LAL_R,LAL,R,20,0.030975500121045996,-0.10150784767636949,-0.33684341213776603,-0.38021581862497533,-0.11352752751668863,0.06673575794810296,0.20306898423881087,0.050856214,-0.007826880377020362,0.0054172246079513
979,LAL_R_979,LAL_R,LAL,R,20,0.2022827123526298,-0.0173709334772248,-0.3608503701315503,0.1563152331614452,0.24981013715850744,0.0672505587702714,0.20427709513563438,0.04374654,0.009006088988820524,0.00785726455168581
980,LAL_R_980,LAL_R,LAL,R,20,0.4915958038080655,0.4936165969138734,-0.35722609133984107,-0.07073985446656501,0.008791729651553754,0.07517948775332493,0.20884475424606502,0.04536528,0.0011858998623421526,0.0076085000764593525
981,LAL_R_981,LAL_R,LAL,R,20,-0.4205241019298369,-0.3786889977815215,-0.08417795132462835,-0.529908793257106,0.32064209311164193,0.05264251165571636,0.2007257014889312,0.05214231,-0.010275560965212744,0.007715872068654242
982,LAL_R_982,LAL_R,LAL,R,20,1.8711214417164619,1.4076024543620211,-1.3469129990519209,1.367371828727162,-0.3101546641754783,0.1157730051000437,0.22030476482228561,0.035241835,0.030299530633945016,0.005730905818282649
983,LAL_L_983,LAL_L,LAL,L,20,0.6204882148227301,0.36972477333689424,-0.7564012692698149,0.36024281463353547,0.0855908459013136,0.08385063658861129,0.20926982629925575,0.04018555,0.01222667818073592,0.009602658078917784
984,LAL_L_984,LAL_L,LAL,L,20,0.8363120553977719,0.2803105221867481,-1.0423868928972286,0.8774802293038316,0.046561880583209224,0.08648179980750867,0.20794163254832543,0.035639565,0.023271125717918083,0.008507525667579698
985,LAL_L_985,LAL_L,LAL,L,20,1.3358211524131254,1.1904795214987791,-1.0834686528274207,0.7184139883097995,-0.06010327337087092,0.10300935728987823,0.21863164630617787,0.039856352,0.01662598781948605,0.0078052515875315686
986,LAL_L_986,LAL_L,LAL,L,20,1.0154871321755712,0.7941744769789435,-0.774074981898502,0.2459985289569913,0.08217798774012888,0.09160454963711223,0.21278043544259745,0.043043192,0.0076619762535698995,0.008518345424081083
987,LAL_L_987,LAL_L,LAL,L,20,1.8021019361783275,1.1970838743087373,-1.337690970655032,1.053878126427718,-0.14133002667937739,0.11462747909290456,0.21810305458228557,0.036344286,0.022935321391464564,0.007062040252361004
988,AME_R_988,AME_R,AME,R,20,-1.2076804821221105,-1.0213776647076793,0.681309370056499,-0.823776315805149,-0.6182665739838572,0.03300006094208935,0.19248787511497156,0.07189671,-0.021638211461488557,0.0034869714845386294
989,AME_L_989,AME_L,AME,L,19,-0.862762001375159,-0.8556880008356378,0.6732867449363908,-0.7258514148140203,0.150735450473124,0.04188824380231284,0.1948373377022686,0.06901886,-0.02095842337526282,0.006354623014149234
990,GA_R_990,GA_R,GA,R,20,-0.5770164632027904,-0.19409015566705382,0.1434775934454088,0.0017450150031210212,0.2517591605266857,0.048013340118379565,0.20155651811774286,0.053527217,-0.0005824498357544499,0.008031362382488656
991,GA_L_991,GA_L,GA,L,20,-0.4409647280012566,-0.2039711602484462,0.2101078862504319,-0.11071516650742494,0.5770556621656577,0.053183149858862064,0.2015002419001644,0.057428025,-0.0010455842592621066,0.012152005426366099
992,AMMC_L_992,AMMC_L,AMMC,L,20,-0.5307347483024489,-0.689260820559668,0.31071834983896257,-0.6524039907535237,0.1615641376975613,0.050077558192839725,0.19594737937097553,0.057178754,-0.011260087631445969,0.007920891801755106
993,AMMC_L_993,AMMC_L,AMMC,L,20,-0.4860453637391691,-0.5985923177319139,0.1681216209179596,-0.05839028295387063,-0.009362044539983086,0.051959388229325706,0.1978252960387349,0.059391957,-0.002208584018252318,0.007556422865531995
994,AMMC_L_994,AMMC_L,AMMC,L,20,-0.16647552939167173,-0.4230646611836293,0.04746988226719706,0.2504192998445304,0.035815939762804234,0.05872662559187741,0.19948210945040376,0.05854246,0.0036807756204734867,0.00941573234862531
995,AMMC_L_995,AMMC_L,AMMC,L,20,0.6450742015685959,0.1896625399191747,-0.41950962656829593,0.18135195330551526,-0.09762034633371562,0.08488205224804107,0.20706567968174577,0.04436514,0.009622664481203969,0.006942906463223451
996,AMMC_R_996,AMMC_R,AMMC,R,20,0.3338631637658631,-0.0052936903184017,-0.4656223158081847,-0.16447983687078205,-0.1202768566252335,0.07659733014683955,0.20612340400645152,0.047602855,-0.0012145075891910916,0.006755571036647445
997,AMMC_R_997,AMMC_R,AMMC,R,20,-0.6522835217313088,-0.7574399040572772,0.1849195655990937,-0.4877092104758513,0.3546337408715581,0.047162803470822676,0.19574795731603983,0.063107654,-0.0136946954615302,0.009007004165883209
998,AMMC_R_998,AMMC_R,AMMC,R,20,-1.0565225014548898,-1.0640619790492802,0.7542004192820033,-0.9328747382535958,0.6088345376960548,0.034800708502428154,0.19217225442657065,0.075530834,-0.025007428308053727,0.010993454951803436
999,AMMC_R_999,AMMC_R,AMMC,R,20,-0.05659980887118562,-0.21857840509455667,-0.20961548985902842,0.06541754535559612,-0.08275648693233519,0.060809703891767306,0.20157413112050776,0.047697403,-0.000928390954113828,0.007220316263639458
