roi,atlas_region,ito_neuropil_block,ito_block_order,base_region,side,side_order,label,plot_order,side_key,mean_FCV_all_other,mean_FCV_excl_same_side_key,n_available_targets,n_available_targets_excl_same_side_key,big_group,n_cells,n_postdca_cells,mean_DCA,median_DCA,mean_DCA_positive,median_DCA_positive,mean_PostDCA,median_PostDCA,weighted_PostDCA,mean_PostDCA_positive,median_PostDCA_positive,weighted_PostDCA_positive,mean_mapping_confidence,mean_FCV_all_other_z,mean_FCV_excl_same_side_key_z,fcv_source,postdca_source
250,AL_R,AL,306,AL,R,0,AL_R_250,0,AL_R,0.23715231859570313,0.23663474263121298,718,696,olfactory system,2608,2464,-0.0004501606873249,0.0,0.0012772040103911,0.0,0.0561545807743888,0.0313220148340448,0.0730352197635629,0.0669363001194896,0.0356353679117152,0.0857275920246856,0.9849493712215768,-0.0072997752650655915,-0.1198650370959608,"Branson999 full FCV matrix, w20_step10_hp030",FlyWire783 cell-level side-aware median_PostDCA_positive
251,AL_R,AL,304,AL,R,0,AL_R_251,1,AL_R,0.23982956956272303,0.23928993987780944,718,696,olfactory system,2608,2464,-0.0004501606873249,0.0,0.0012772040103911,0.0,0.0561545807743888,0.0313220148340448,0.0730352197635629,0.0669363001194896,0.0356353679117152,0.0857275920246856,0.9849493712215768,0.6631845092679092,0.5508303908115991,"Branson999 full FCV matrix, w20_step10_hp030",FlyWire783 cell-level side-aware median_PostDCA_positive
252,AL_R,AL,319,AL,R,0,AL_R_252,2,AL_R,0.23882619036335584,0.23860760912786277,718,696,olfactory system,2608,2464,-0.0004501606873249,0.0,0.0012772040103911,0.0,0.0561545807743888,0.0313220148340448,0.0730352197635629,0.0669363001194896,0.0356353679117152,0.0857275920246856,0.9849493712215768,0.4119006390255056,0.378475544143773,"Branson999 full FCV matrix, w20_step10_hp030",FlyWire783 cell-level side-aware median_PostDCA_positive
253,AL_R,AL,318,AL,R,0,AL_R_253,3,AL_R,0.24128010066097463,0.24087512805600617,718,696,olfactory system,2608,2464,-0.0004501606873249,0.0,0.0012772040103911,0.0,0.0561545807743888,0.0313220148340448,0.0730352197635629,0.0669363001194896,0.0356353679117152,0.0857275920246856,0.9849493712215768,1.0264520241870023,0.9512445087655402,"Branson999 full FCV matrix, w20_step10_hp030",FlyWire783 cell-level side-aware median_PostDCA_positive
254,AL_R,AL,303,AL,R,0,AL_R_254,4,AL_R,0.23871492712175324,0.23833161788722013,718,696,olfactory system,2608,2464,-0.0004501606873249,0.0,0.0012772040103911,0.0,0.0561545807743888,0.0313220148340448,0.0730352197635629,0.0669363001194896,0.0356353679117152,0.0857275920246856,0.9849493712215768,0.3840361407548122,0.3087609255862119,"Branson999 full FCV matrix, w20_step10_hp030",FlyWire783 cell-level side-aware median_PostDCA_positive
255,AL_R,AL,308,AL,R,0,AL_R_255,5,AL_R,0.23194899708166813,0.23181798570478393,718,696,olfactory system,2608,2464,-0.0004501606873249,0.0,0.0012772040103911,0.0,0.0561545807743888,0.0313220148340448,0.0730352197635629,0.0669363001194896,0.0356353679117152,0.0857275920246856,0.9849493712215768,-1.3104070840341704,-1.336564418672646,"Branson999 full FCV matrix, w20_step10_hp030",FlyWire783 cell-level side-aware median_PostDCA_positive
256,AL_R,AL,307,AL,R,0,AL_R_256,6,AL_R,0.23853745063862472,0.2380524101586206,718,696,olfactory system,2608,2464,-0.0004501606873249,0.0,0.0012772040103911,0.0,0.0561545807743888,0.0313220148340448,0.0730352197635629,0.0669363001194896,0.0356353679117152,0.0857275920246856,0.9849493712215768,0.33958935773831017,0.23823383113091562,"Branson999 full FCV matrix, w20_step10_hp030",FlyWire783 cell-level side-aware median_PostDCA_positive
257,AL_R,AL,312,AL,R,0,AL_R_257,7,AL_R,0.24028286349724187,0.2396339945688814,718,696,olfactory system,2608,2464,-0.0004501606873249,0.0,0.0012772040103911,0.0,0.0561545807743888,0.0313220148340448,0.0730352197635629,0.0669363001194896,0.0356353679117152,0.0857275920246856,0.9849493712215768,0.776706350556965,0.6377376473432573,"Branson999 full FCV matrix, w20_step10_hp030",FlyWire783 cell-level side-aware median_PostDCA_positive
258,AL_R,AL,320,AL,R,0,AL_R_258,8,AL_R,0.23711093841800193,0.23705214910438918,718,696,olfactory system,2608,2464,-0.0004501606873249,0.0,0.0012772040103911,0.0,0.0561545807743888,0.0313220148340448,0.0730352197635629,0.0669363001194896,0.0356353679117152,0.0857275920246856,0.9849493712215768,-0.01766292731230009,-0.014429324740823226,"Branson999 full FCV matrix, w20_step10_hp030",FlyWire783 cell-level side-aware median_PostDCA_positive
259,AL_R,AL,316,AL,R,0,AL_R_259,9,AL_R,0.24274498794892935,0.24238325623984447,718,696,olfactory system,2608,2464,-0.0004501606873249,0.0,0.0012772040103911,0.0,0.0561545807743888,0.0313220148340448,0.0730352197635629,0.0669363001194896,0.0356353679117152,0.0857275920246856,0.9849493712215768,1.3933148686812014,1.3321934868105634,"Branson999 full FCV matrix, w20_step10_hp030",FlyWire783 cell-level side-aware median_PostDCA_positive
260,AL_R,AL,302,AL,R,0,AL_R_260,10,AL_R,0.23985604033187927,0.23964888110347005,718,696,olfactory system,2608,2464,-0.0004501606873249,0.0,0.0012772040103911,0.0,0.0561545807743888,0.0313220148340448,0.0730352197635629,0.0669363001194896,0.0356353679117152,0.0857275920246856,0.9849493712215768,0.6698137849456072,0.6414979445109306,"Branson999 full FCV matrix, w20_step10_hp030",FlyWire783 cell-level side-aware median_PostDCA_positive
261,AL_R,AL,309,AL,R,0,AL_R_261,11,AL_R,0.23760198414808228,0.23730748906484816,718,696,olfactory system,2608,2464,-0.0004501606873249,0.0,0.0012772040103911,0.0,0.0561545807743888,0.0313220148340448,0.0730352197635629,0.0669363001194896,0.0356353679117152,0.0857275920246856,0.9849493712215768,0.10531338273919245,0.050068837970613435,"Branson999 full FCV matrix, w20_step10_hp030",FlyWire783 cell-level side-aware median_PostDCA_positive
262,AL_R,AL,313,AL,R,0,AL_R_262,12,AL_R,0.2443102718976368,0.24389493148182653,718,696,olfactory system,2608,2464,-0.0004501606873249,0.0,0.0012772040103911,0.0,0.0561545807743888,0.0313220148340448,0.0730352197635629,0.0669363001194896,0.0356353679117152,0.0857275920246856,0.9849493712215768,1.7853208111081373,1.7140384418616608,"Branson999 full FCV matrix, w20_step10_hp030",FlyWire783 cell-level side-aware median_PostDCA_positive
263,AL_R,AL,317,AL,R,0,AL_R_263,13,AL_R,0.24130665299326462,0.24108074737798527,718,696,olfactory system,2608,2464,-0.0004501606873249,0.0,0.0012772040103911,0.0,0.0561545807743888,0.0313220148340448,0.0730352197635629,0.0669363001194896,0.0356353679117152,0.0857275920246856,0.9849493712215768,1.0331017263394866,1.0031833767037361,"Branson999 full FCV matrix, w20_step10_hp030",FlyWire783 cell-level side-aware median_PostDCA_positive
264,AL_R,AL,310,AL,R,0,AL_R_264,14,AL_R,0.2387327690728277,0.2382294330201891,718,696,olfactory system,2608,2464,-0.0004501606873249,0.0,0.0012772040103911,0.0,0.0561545807743888,0.0313220148340448,0.0730352197635629,0.0669363001194896,0.0356353679117152,0.0857275920246856,0.9849493712215768,0.3885044360129693,0.28294931283054625,"Branson999 full FCV matrix, w20_step10_hp030",FlyWire783 cell-level side-aware median_PostDCA_positive
265,AL_R,AL,315,AL,R,0,AL_R_265,15,AL_R,0.2454154505775343,0.24514390403245595,718,696,olfactory system,2608,2464,-0.0004501606873249,0.0,0.0012772040103911,0.0,0.0561545807743888,0.0313220148340448,0.0730352197635629,0.0669363001194896,0.0356353679117152,0.0857275920246856,0.9849493712215768,2.0620990980899543,2.029525428887941,"Branson999 full FCV matrix, w20_step10_hp030",FlyWire783 cell-level side-aware median_PostDCA_positive
266,AL_R,AL,321,AL,R,0,AL_R_266,16,AL_R,0.23989214061159944,0.23961521091066668,718,696,olfactory system,2608,2464,-0.0004501606873249,0.0,0.0012772040103911,0.0,0.0561545807743888,0.0313220148340448,0.0730352197635629,0.0669363001194896,0.0356353679117152,0.0857275920246856,0.9849493712215768,0.6788546520581007,0.632992947603852,"Branson999 full FCV matrix, w20_step10_hp030",FlyWire783 cell-level side-aware median_PostDCA_positive
267,AL_R,AL,322,AL,R,0,AL_R_267,17,AL_R,0.24055836708719908,0.2401580409073976,718,696,olfactory system,2608,2464,-0.0004501606873249,0.0,0.0012772040103911,0.0,0.0561545807743888,0.0313220148340448,0.0730352197635629,0.0669363001194896,0.0356353679117152,0.0857275920246856,0.9849493712215768,0.8457028061280835,0.770110292616613,"Branson999 full FCV matrix, w20_step10_hp030",FlyWire783 cell-level side-aware median_PostDCA_positive
268,AL_R,AL,311,AL,R,0,AL_R_268,18,AL_R,0.24065541277137528,0.24030141974640998,718,696,olfactory system,2608,2464,-0.0004501606873249,0.0,0.0012772040103911,0.0,0.0561545807743888,0.0313220148340448,0.0730352197635629,0.0669363001194896,0.0356353679117152,0.0857275920246856,0.9849493712215768,0.8700066935571817,0.8063273879407243,"Branson999 full FCV matrix, w20_step10_hp030",FlyWire783 cell-level side-aware median_PostDCA_positive
269,AL_R,AL,314,AL,R,0,AL_R_269,19,AL_R,0.2434750206720216,0.24309984972033294,718,696,olfactory system,2608,2464,-0.0004501606873249,0.0,0.0012772040103911,0.0,0.0561545807743888,0.0313220148340448,0.0730352197635629,0.0669363001194896,0.0356353679117152,0.0857275920246856,0.9849493712215768,1.5761425057080756,1.5132030037675632,"Branson999 full FCV matrix, w20_step10_hp030",FlyWire783 cell-level side-aware median_PostDCA_positive
270,AL_R,AL,301,AL,R,0,AL_R_270,20,AL_R,0.2368842957353713,0.2366823801731985,718,696,olfactory system,2608,2464,-0.0004501606873249,0.0,0.0012772040103911,0.0,0.0561545807743888,0.0313220148340448,0.0730352197635629,0.0669363001194896,0.0356353679117152,0.0857275920246856,0.9849493712215768,-0.07442277492471591,-0.10783192669431216,"Branson999 full FCV matrix, w20_step10_hp030",FlyWire783 cell-level side-aware median_PostDCA_positive
271,AL_R,AL,323,AL,R,0,AL_R_271,21,AL_R,0.24362475504089143,0.2430368902676567,718,696,olfactory system,2608,2464,-0.0004501606873249,0.0,0.0012772040103911,0.0,0.0561545807743888,0.0313220148340448,0.0730352197635629,0.0669363001194896,0.0356353679117152,0.0857275920246856,0.9849493712215768,1.6136416204412154,1.4972996214076884,"Branson999 full FCV matrix, w20_step10_hp030",FlyWire783 cell-level side-aware median_PostDCA_positive
272,AL_R,AL,305,AL,R,0,AL_R_272,22,AL_R,0.24057250424453186,0.24023434086504658,718,696,olfactory system,2608,2464,-0.0004501606873249,0.0,0.0012772040103911,0.0,0.0561545807743888,0.0313220148340448,0.0730352197635629,0.0669363001194896,0.0356353679117152,0.0857275920246856,0.9849493712215768,0.849243281763863,0.7893834493699634,"Branson999 full FCV matrix, w20_step10_hp030",FlyWire783 cell-level side-aware median_PostDCA_positive
158,ATL_R,ATL,218,ATL,R,0,ATL_R_158,28,ATL_R,0.24067142901140115,0.24067142901140115,718,718,inferior/ventrolateral protocerebrum,23,23,-0.0076735473612765,1.6035080493090552e-18,0.0477902889414569,1.6035080493090552e-18,-0.0228575836458514,-0.0008131630509101,-0.0275798876863741,0.0076843012696145,0.0038748744689311,0.0076853435732458,0.4472311220942201,0.8740177621372058,0.8997906975427217,"Branson999 full FCV matrix, w20_step10_hp030",FlyWire783 cell-level side-aware median_PostDCA_positive
188,AVLP_R,AVLP,750,AVLP,R,0,AVLP_R_188,29,AVLP_R,0.23675992124113862,0.23674802750679977,718,691,optic/lateral protocerebrum,2172,1954,0.0015292947974041,0.0005348426399483,0.0044312812560925,0.0005348426399483,-0.0051064366906135,0.0008561869309627,-0.005056039886152,0.0220640996038256,0.0074764792285033,0.0239806030514742,0.7343042661906756,-0.10557082372813587,-0.09124959310040466,"Branson999 full FCV matrix, w20_step10_hp030",FlyWire783 cell-level side-aware median_PostDCA_positive
189,AVLP_R,AVLP,742,AVLP,R,0,AVLP_R_189,30,AVLP_R,0.23525703903012596,0.23524071921488587,718,691,optic/lateral protocerebrum,2172,1954,0.0015292947974041,0.0005348426399483,0.0044312812560925,0.0005348426399483,-0.0051064366906135,0.0008561869309627,-0.005056039886152,0.0220640996038256,0.0074764792285033,0.0239806030514742,0.7343042661906756,-0.4819490252494541,-0.471991468729295,"Branson999 full FCV matrix, w20_step10_hp030",FlyWire783 cell-level side-aware median_PostDCA_positive
190,AVLP_R,AVLP,744,AVLP,R,0,AVLP_R_190,31,AVLP_R,0.23271519518572245,0.23262981467067811,718,691,optic/lateral protocerebrum,2172,1954,0.0015292947974041,0.0005348426399483,0.0044312812560925,0.0005348426399483,-0.0051064366906135,0.0008561869309627,-0.005056039886152,0.0220640996038256,0.0074764792285033,0.0239806030514742,0.7343042661906756,-1.1185222760965658,-1.131498683399645,"Branson999 full FCV matrix, w20_step10_hp030",FlyWire783 cell-level side-aware median_PostDCA_positive
191,AVLP_R,AVLP,740,AVLP,R,0,AVLP_R_191,32,AVLP_R,0.23526073228075822,0.23510462065626664,718,691,optic/lateral protocerebrum,2172,1954,0.0015292947974041,0.0005348426399483,0.0044312812560925,0.0005348426399483,-0.0051064366906135,0.0008561869309627,-0.005056039886152,0.0220640996038256,0.0074764792285033,0.0239806030514742,0.7343042661906756,-0.4810240964555985,-0.5063695855067726,"Branson999 full FCV matrix, w20_step10_hp030",FlyWire783 cell-level side-aware median_PostDCA_positive
192,AVLP_R,AVLP,739,AVLP,R,0,AVLP_R_192,33,AVLP_R,0.2348480137976451,0.23476378772241097,718,691,optic/lateral protocerebrum,2172,1954,0.0015292947974041,0.0005348426399483,0.0044312812560925,0.0005348426399483,-0.0051064366906135,0.0008561869309627,-0.005056039886152,0.0220640996038256,0.0074764792285033,0.0239806030514742,0.7343042661906756,-0.5843843194128258,-0.5924630351404454,"Branson999 full FCV matrix, w20_step10_hp030",FlyWire783 cell-level side-aware median_PostDCA_positive
193,AVLP_R,AVLP,737,AVLP,R,0,AVLP_R_193,34,AVLP_R,0.23725586294715906,0.23724633479367369,718,691,optic/lateral protocerebrum,2172,1954,0.0015292947974041,0.0005348426399483,0.0044312812560925,0.0005348426399483,-0.0051064366906135,0.0008561869309627,-0.005056039886152,0.0220640996038256,0.0074764792285033,0.0239806030514742,0.7343042661906756,0.01863162274676848,0.03462143942938708,"Branson999 full FCV matrix, w20_step10_hp030",FlyWire783 cell-level side-aware median_PostDCA_positive
194,AVLP_R,AVLP,743,AVLP,R,0,AVLP_R_194,35,AVLP_R,0.23663603118647597,0.23660422733210248,718,691,optic/lateral protocerebrum,2172,1954,0.0015292947974041,0.0005348426399483,0.0044312812560925,0.0005348426399483,-0.0051064366906135,0.0008561869309627,-0.005056039886152,0.0220640996038256,0.0074764792285033,0.0239806030514742,0.7343042661906756,-0.1365975506523216,-0.12757311664480617,"Branson999 full FCV matrix, w20_step10_hp030",FlyWire783 cell-level side-aware median_PostDCA_positive
195,AVLP_R,AVLP,753,AVLP,R,0,AVLP_R_195,36,AVLP_R,0.23313490123426875,0.23304066587976557,718,691,optic/lateral protocerebrum,2172,1954,0.0015292947974041,0.0005348426399483,0.0044312812560925,0.0005348426399483,-0.0051064366906135,0.0008561869309627,-0.005056039886152,0.0220640996038256,0.0074764792285033,0.0239806030514742,0.7343042661906756,-1.0134121040804678,-1.027718812492325,"Branson999 full FCV matrix, w20_step10_hp030",FlyWire783 cell-level side-aware median_PostDCA_positive
196,AVLP_R,AVLP,741,AVLP,R,0,AVLP_R_196,37,AVLP_R,0.2376853818325775,0.23766893527793598,718,691,optic/lateral protocerebrum,2172,1954,0.0015292947974041,0.0005348426399483,0.0044312812560925,0.0005348426399483,-0.0051064366906135,0.0008561869309627,-0.005056039886152,0.0220640996038256,0.0074764792285033,0.0239806030514742,0.7343042661906756,0.12619929799678548,0.14136914451591492,"Branson999 full FCV matrix, w20_step10_hp030",FlyWire783 cell-level side-aware median_PostDCA_positive
197,AVLP_R,AVLP,745,AVLP,R,0,AVLP_R_197,38,AVLP_R,0.23631499535663067,0.23629938065317976,718,691,optic/lateral protocerebrum,2172,1954,0.0015292947974041,0.0005348426399483,0.0044312812560925,0.0005348426399483,-0.0051064366906135,0.0008561869309627,-0.005056039886152,0.0220640996038256,0.0074764792285033,0.0239806030514742,0.7343042661906756,-0.2169969907253136,-0.20457653852932223,"Branson999 full FCV matrix, w20_step10_hp030",FlyWire783 cell-level side-aware median_PostDCA_positive
198,AVLP_R,AVLP,754,AVLP,R,0,AVLP_R_198,39,AVLP_R,0.23221091006212274,0.23210510938863876,718,691,optic/lateral protocerebrum,2172,1954,0.0015292947974041,0.0005348426399483,0.0044312812560925,0.0005348426399483,-0.0051064366906135,0.0008561869309627,-0.005056039886152,0.0220640996038256,0.0074764792285033,0.0239806030514742,0.7343042661906756,-1.2448142279764953,-1.2640377759713326,"Branson999 full FCV matrix, w20_step10_hp030",FlyWire783 cell-level side-aware median_PostDCA_positive
199,AVLP_R,AVLP,746,AVLP,R,0,AVLP_R_199,40,AVLP_R,0.23508333582522514,0.23506583529051264,718,691,optic/lateral protocerebrum,2172,1954,0.0015292947974041,0.0005348426399483,0.0044312812560925,0.0005348426399483,-0.0051064366906135,0.0008561869309627,-0.005056039886152,0.0220640996038256,0.0074764792285033,0.0239806030514742,0.7343042661906756,-0.5254508375538298,-0.5161666608518425,"Branson999 full FCV matrix, w20_step10_hp030",FlyWire783 cell-level side-aware median_PostDCA_positive
200,AVLP_R,AVLP,751,AVLP,R,0,AVLP_R_200,41,AVLP_R,0.23477770607754325,0.23465295468340572,718,691,optic/lateral protocerebrum,2172,1954,0.0015292947974041,0.0005348426399483,0.0044312812560925,0.0005348426399483,-0.0051064366906135,0.0008561869309627,-0.005056039886152,0.0220640996038256,0.0074764792285033,0.0239806030514742,0.7343042661906756,-0.601992015512423,-0.6204591520455853,"Branson999 full FCV matrix, w20_step10_hp030",FlyWire783 cell-level side-aware median_PostDCA_positive
201,AVLP_R,AVLP,736,AVLP,R,0,AVLP_R_201,42,AVLP_R,0.2343916909827018,0.2342590892473735,718,691,optic/lateral protocerebrum,2172,1954,0.0015292947974041,0.0005348426399483,0.0044312812560925,0.0005348426399483,-0.0051064366906135,0.0008561869309627,-0.005056039886152,0.0220640996038256,0.0074764792285033,0.0239806030514742,0.7343042661906756,-0.6986647062209065,-0.7199484639964208,"Branson999 full FCV matrix, w20_step10_hp030",FlyWire783 cell-level side-aware median_PostDCA_positive
202,AVLP_R,AVLP,752,AVLP,R,0,AVLP_R_202,43,AVLP_R,0.23329034457208403,0.23323708177418057,718,691,optic/lateral protocerebrum,2172,1954,0.0015292947974041,0.0005348426399483,0.0044312812560925,0.0005348426399483,-0.0051064366906135,0.0008561869309627,-0.005056039886152,0.0220640996038256,0.0074764792285033,0.0239806030514742,0.7343042661906756,-0.974483248913592,-0.9781047047188358,"Branson999 full FCV matrix, w20_step10_hp030",FlyWire783 cell-level side-aware median_PostDCA_positive
203,AVLP_R,AVLP,748,AVLP,R,0,AVLP_R_203,44,AVLP_R,0.23596446533240661,0.23597447867852395,718,691,optic/lateral protocerebrum,2172,1954,0.0015292947974041,0.0005348426399483,0.0044312812560925,0.0005348426399483,-0.0051064366906135,0.0008561869309627,-0.005056039886152,0.0220640996038256,0.0074764792285033,0.0239806030514742,0.7343042661906756,-0.3047828858073882,-0.28664587224798294,"Branson999 full FCV matrix, w20_step10_hp030",FlyWire783 cell-level side-aware median_PostDCA_positive
204,AVLP_R,AVLP,735,AVLP,R,0,AVLP_R_204,45,AVLP_R,0.23497509617838586,0.23497542292776213,718,691,optic/lateral protocerebrum,2172,1954,0.0015292947974041,0.0005348426399483,0.0044312812560925,0.0005348426399483,-0.0051064366906135,0.0008561869309627,-0.005056039886152,0.0220640996038256,0.0074764792285033,0.0239806030514742,0.7343042661906756,-0.5525581140337495,-0.5390045718209109,"Branson999 full FCV matrix, w20_step10_hp030",FlyWire783 cell-level side-aware median_PostDCA_positive
205,AVLP_R,AVLP,747,AVLP,R,0,AVLP_R_205,46,AVLP_R,0.23369911767761542,0.23365442616054818,718,691,optic/lateral protocerebrum,2172,1954,0.0015292947974041,0.0005348426399483,0.0044312812560925,0.0005348426399483,-0.0051064366906135,0.0008561869309627,-0.005056039886152,0.0220640996038256,0.0074764792285033,0.0239806030514742,0.7343042661906756,-0.8721110968162428,-0.8726846753185911,"Branson999 full FCV matrix, w20_step10_hp030",FlyWire783 cell-level side-aware median_PostDCA_positive
206,AVLP_R,AVLP,733,AVLP,R,0,AVLP_R_206,47,AVLP_R,0.2407956750343667,0.2408925912274696,718,691,optic/lateral protocerebrum,2172,1954,0.0015292947974041,0.0005348426399483,0.0044312812560925,0.0005348426399483,-0.0051064366906135,0.0008561869309627,-0.005056039886152,0.0220640996038256,0.0074764792285033,0.0239806030514742,0.7343042661906756,0.9051336369058856,0.9556556572300456,"Branson999 full FCV matrix, w20_step10_hp030",FlyWire783 cell-level side-aware median_PostDCA_positive
207,AVLP_R,AVLP,755,AVLP,R,0,AVLP_R_207,48,AVLP_R,0.23377029098694474,0.2336734029946374,718,691,optic/lateral protocerebrum,2172,1954,0.0015292947974041,0.0005348426399483,0.0044312812560925,0.0005348426399483,-0.0051064366906135,0.0008561869309627,-0.005056039886152,0.0220640996038256,0.0074764792285033,0.0239806030514742,0.7343042661906756,-0.8542866246351264,-0.8678911798914194,"Branson999 full FCV matrix, w20_step10_hp030",FlyWire783 cell-level side-aware median_PostDCA_positive
208,AVLP_R,AVLP,749,AVLP,R,0,AVLP_R_208,49,AVLP_R,0.23473185120795187,0.234720088279415,718,691,optic/lateral protocerebrum,2172,1954,0.0015292947974041,0.0005348426399483,0.0044312812560925,0.0005348426399483,-0.0051064366906135,0.0008561869309627,-0.005056039886152,0.0220640996038256,0.0074764792285033,0.0239806030514742,0.7343042661906756,-0.6134757986201957,-0.6035013927076893,"Branson999 full FCV matrix, w20_step10_hp030",FlyWire783 cell-level side-aware median_PostDCA_positive
209,AVLP_R,AVLP,756,AVLP,R,0,AVLP_R_209,50,AVLP_R,0.23129698010231967,0.23125739878779628,718,691,optic/lateral protocerebrum,2172,1954,0.0015292947974041,0.0005348426399483,0.0044312812560925,0.0005348426399483,-0.0051064366906135,0.0008561869309627,-0.005056039886152,0.0220640996038256,0.0074764792285033,0.0239806030514742,0.7343042661906756,-1.4736966460838683,-1.4781671122768085,"Branson999 full FCV matrix, w20_step10_hp030",FlyWire783 cell-level side-aware median_PostDCA_positive
210,AVLP_R,AVLP,732,AVLP,R,0,AVLP_R_210,51,AVLP_R,0.24500229141580476,0.24521496358538658,718,691,optic/lateral protocerebrum,2172,1954,0.0015292947974041,0.0005348426399483,0.0044312812560925,0.0005348426399483,-0.0051064366906135,0.0008561869309627,-0.005056039886152,0.0220640996038256,0.0074764792285033,0.0239806030514742,0.7343042661906756,1.958628512641318,2.0474748740076287,"Branson999 full FCV matrix, w20_step10_hp030",FlyWire783 cell-level side-aware median_PostDCA_positive
211,AVLP_R,AVLP,729,AVLP,R,0,AVLP_R_211,52,AVLP_R,0.24111526826502286,0.2411824932039991,718,691,optic/lateral protocerebrum,2172,1954,0.0015292947974041,0.0005348426399483,0.0044312812560925,0.0005348426399483,-0.0051064366906135,0.0008561869309627,-0.005056039886152,0.0220640996038256,0.0074764792285033,0.0239806030514742,0.7343042661906756,0.9851717959121756,1.0288840889214914,"Branson999 full FCV matrix, w20_step10_hp030",FlyWire783 cell-level side-aware median_PostDCA_positive
212,AVLP_R,AVLP,730,AVLP,R,0,AVLP_R_212,53,AVLP_R,0.24121003865897372,0.24136702023052756,718,691,optic/lateral protocerebrum,2172,1954,0.0015292947974041,0.0005348426399483,0.0044312812560925,0.0005348426399483,-0.0051064366906135,0.0008561869309627,-0.005056039886152,0.0220640996038256,0.0074764792285033,0.0239806030514742,0.7343042661906756,1.0089058651368417,1.0754951017856618,"Branson999 full FCV matrix, w20_step10_hp030",FlyWire783 cell-level side-aware median_PostDCA_positive
213,AVLP_R,AVLP,734,AVLP,R,0,AVLP_R_213,54,AVLP_R,0.234763199023078,0.23478053796083587,718,691,optic/lateral protocerebrum,2172,1954,0.0015292947974041,0.0005348426399483,0.0044312812560925,0.0005348426399483,-0.0051064366906135,0.0008561869309627,-0.005056039886152,0.0220640996038256,0.0074764792285033,0.0239806030514742,0.7343042661906756,-0.6056251272952341,-0.588231971575453,"Branson999 full FCV matrix, w20_step10_hp030",FlyWire783 cell-level side-aware median_PostDCA_positive
214,AVLP_R,AVLP,731,AVLP,R,0,AVLP_R_214,55,AVLP_R,0.2443953236743178,0.24460758541289138,718,691,optic/lateral protocerebrum,2172,1954,0.0015292947974041,0.0005348426399483,0.0044312812560925,0.0005348426399483,-0.0051064366906135,0.0008561869309627,-0.005056039886152,0.0220640996038256,0.0074764792285033,0.0239806030514742,0.7343042661906756,1.8066209732291711,1.8940528396086551,"Branson999 full FCV matrix, w20_step10_hp030",FlyWire783 cell-level side-aware median_PostDCA_positive
215,AVLP_R,AVLP,738,AVLP,R,0,AVLP_R_215,56,AVLP_R,0.2361675265490389,0.23611571566825518,718,691,optic/lateral protocerebrum,2172,1954,0.0015292947974041,0.0005348426399483,0.0044312812560925,0.0005348426399483,-0.0051064366906135,0.0008561869309627,-0.005056039886152,0.0220640996038256,0.0074764792285033,0.0239806030514742,0.7343042661906756,-0.25392872374814923,-0.25096980208574243,"Branson999 full FCV matrix, w20_step10_hp030",FlyWire783 cell-level side-aware median_PostDCA_positive
126,CRE_R,CRE,226,CRE,R,0,CRE_R_126,57,CRE_R,0.2424630935780348,0.24234095553157384,718,711,inferior/ventrolateral protocerebrum,741,699,0.0005657400160054,0.0,0.0037822610362566,0.0,-0.0242509560105475,-0.0001735843636379,-0.0058388470933149,0.011210897585465,0.0023555101686606,0.0089446777279979,0.5888465443156256,1.322717921323111,1.3215084457384805,"Branson999 full FCV matrix, w20_step10_hp030",FlyWire783 cell-level side-aware median_PostDCA_positive
127,CRE_R,CRE,232,CRE,R,0,CRE_R_127,58,CRE_R,0.23625972253206923,0.23617738258689436,718,711,inferior/ventrolateral protocerebrum,741,699,0.0005657400160054,0.0,0.0037822610362566,0.0,-0.0242509560105475,-0.0001735843636379,-0.0058388470933149,0.011210897585465,0.0023555101686606,0.0089446777279979,0.5888465443156256,-0.23083938379444255,-0.2353929102230146,"Branson999 full FCV matrix, w20_step10_hp030",FlyWire783 cell-level side-aware median_PostDCA_positive
128,CRE_R,CRE,231,CRE,R,0,CRE_R_128,59,CRE_R,0.2403330252579371,0.2401931129135826,718,711,inferior/ventrolateral protocerebrum,741,699,0.0005657400160054,0.0,0.0037822610362566,0.0,-0.0242509560105475,-0.0001735843636379,-0.0058388470933149,0.011210897585465,0.0023555101686606,0.0089446777279979,0.5888465443156256,0.7892687411004589,0.7789693836788654,"Branson999 full FCV matrix, w20_step10_hp030",FlyWire783 cell-level side-aware median_PostDCA_positive
129,CRE_R,CRE,227,CRE,R,0,CRE_R_129,60,CRE_R,0.2423962053672411,0.24227571509855228,718,711,inferior/ventrolateral protocerebrum,741,699,0.0005657400160054,0.0,0.0037822610362566,0.0,-0.0242509560105475,-0.0001735843636379,-0.0058388470933149,0.011210897585465,0.0023555101686606,0.0089446777279979,0.5888465443156256,1.3059665988994134,1.305028894097503,"Branson999 full FCV matrix, w20_step10_hp030",FlyWire783 cell-level side-aware median_PostDCA_positive
130,CRE_R,CRE,230,CRE,R,0,CRE_R_130,61,CRE_R,0.24067078072732126,0.24055266942036121,718,711,inferior/ventrolateral protocerebrum,741,699,0.0005657400160054,0.0,0.0037822610362566,0.0,-0.0242509560105475,-0.0001735843636379,-0.0058388470933149,0.011210897585465,0.0023555101686606,0.0089446777279979,0.5888465443156256,0.8738554074335064,0.869792355674615,"Branson999 full FCV matrix, w20_step10_hp030",FlyWire783 cell-level side-aware median_PostDCA_positive
131,CRE_R,CRE,233,CRE,R,0,CRE_R_131,62,CRE_R,0.24306394253776448,0.24294054542570293,718,711,inferior/ventrolateral protocerebrum,741,699,0.0005657400160054,0.0,0.0037822610362566,0.0,-0.0242509560105475,-0.0001735843636379,-0.0058388470933149,0.011210897585465,0.0023555101686606,0.0089446777279979,0.5888465443156256,1.4731930877678774,1.4729631827179794,"Branson999 full FCV matrix, w20_step10_hp030",FlyWire783 cell-level side-aware median_PostDCA_positive
132,CRE_R,CRE,229,CRE,R,0,CRE_R_132,63,CRE_R,0.23843486863679908,0.23833843687436335,718,711,inferior/ventrolateral protocerebrum,741,699,0.0005657400160054,0.0,0.0037822610362566,0.0,-0.0242509560105475,-0.0001735843636379,-0.0058388470933149,0.011210897585465,0.0023555101686606,0.0089446777279979,0.5888465443156256,0.3138989682502507,0.3104833827429374,"Branson999 full FCV matrix, w20_step10_hp030",FlyWire783 cell-level side-aware median_PostDCA_positive
133,CRE_R,CRE,228,CRE,R,0,CRE_R_133,64,CRE_R,0.24446993188011146,0.24437822539145657,718,711,inferior/ventrolateral protocerebrum,741,699,0.0005657400160054,0.0,0.0037822610362566,0.0,-0.0242509560105475,-0.0001735843636379,-0.0058388470933149,0.011210897585465,0.0023555101686606,0.0089446777279979,0.5888465443156256,1.825305672608526,1.836117137122411,"Branson999 full FCV matrix, w20_step10_hp030",FlyWire783 cell-level side-aware median_PostDCA_positive
144,EPA_R,EPA,901,EPA,R,0,EPA_R_144,65,EPA_R,0.2366681391697647,0.2366681391697647,718,718,inferior/ventrolateral protocerebrum,6,5,0.0,0.0,0.1666666666666666,0.0,-0.0065737971737475,-0.0083315788881911,-0.0025288846822902,0.0143470987549166,0.0121664068561652,0.017033680052981,0.4053677525900351,-0.12855650464343543,-0.11142916449052995,"Branson999 full FCV matrix, w20_step10_hp030",FlyWire783 cell-level side-aware median_PostDCA_positive
909,IB_R,IB,217,IB,R,0,IB_R_909,68,IB_R,0.23854724084022508,0.2385402396799624,718,715,inferior/ventrolateral protocerebrum,127,120,0.0013062811931777,0.0,0.0091189184864863,0.0,0.0179025717583879,0.0022404891603582,0.0032563545126219,0.0364638376026452,0.0101617260432277,0.0214596727993939,0.488621984787969,0.3420411922492733,0.36145820927520456,"Branson999 full FCV matrix, w20_step10_hp030",FlyWire783 cell-level side-aware median_PostDCA_positive
910,IB_R,IB,211,IB,R,0,IB_R_910,69,IB_R,0.2348002470573072,0.23479754157673177,718,715,inferior/ventrolateral protocerebrum,127,120,0.0013062811931777,0.0,0.0091189184864863,0.0,0.0179025717583879,0.0022404891603582,0.0032563545126219,0.0364638376026452,0.0101617260432277,0.0214596727993939,0.488621984787969,-0.5963469068259823,-0.5839369055671184,"Branson999 full FCV matrix, w20_step10_hp030",FlyWire783 cell-level side-aware median_PostDCA_positive
911,IB_R,IB,213,IB,R,0,IB_R_911,70,IB_R,0.23785615654606226,0.2378434783202029,718,715,inferior/ventrolateral protocerebrum,127,120,0.0013062811931777,0.0,0.0091189184864863,0.0,0.0179025717583879,0.0022404891603582,0.0032563545126219,0.0364638376026452,0.0101617260432277,0.0214596727993939,0.488621984787969,0.1689677059636353,0.1854582307680012,"Branson999 full FCV matrix, w20_step10_hp030",FlyWire783 cell-level side-aware median_PostDCA_positive
912,IB_R,IB,212,IB,R,0,IB_R_912,71,IB_R,0.23989991054975474,0.23990448696593167,718,715,inferior/ventrolateral protocerebrum,127,120,0.0013062811931777,0.0,0.0091189184864863,0.0,0.0179025717583879,0.0022404891603582,0.0032563545126219,0.0364638376026452,0.0101617260432277,0.0214596727993939,0.488621984787969,0.680800536657301,0.7060632733275106,"Branson999 full FCV matrix, w20_step10_hp030",FlyWire783 cell-level side-aware median_PostDCA_positive
311,ICL_R,ICL,196,ICL,R,0,ICL_R_311,72,ICL_R,0.2360584169109833,0.23606212190504944,718,711,optic/lateral protocerebrum,555,523,0.0023333783589819,1.5522565850796698e-16,0.006486711351691,1.5522565850796698e-16,0.0022242635918467,0.0004454394264763,-8.354191682332492e-05,0.0142208345232401,0.0054922392270029,0.0113376429979792,0.5858062218790072,-0.281253878733069,-0.26450743737537136,"Branson999 full FCV matrix, w20_step10_hp030",FlyWire783 cell-level side-aware median_PostDCA_positive
312,ICL_R,ICL,191,ICL,R,0,ICL_R_312,73,ICL_R,0.2398112081298814,0.2397781611657231,718,711,optic/lateral protocerebrum,555,523,0.0023333783589819,1.5522565850796698e-16,0.006486711351691,1.5522565850796698e-16,0.0022242635918467,0.0004454394264763,-8.354191682332492e-05,0.0142208345232401,0.0054922392270029,0.0113376429979792,0.5858062218790072,0.6585861162470575,0.6741537281005933,"Branson999 full FCV matrix, w20_step10_hp030",FlyWire783 cell-level side-aware median_PostDCA_positive
313,ICL_R,ICL,193,ICL,R,0,ICL_R_313,74,ICL_R,0.23557119615134273,0.23555064333060147,718,711,optic/lateral protocerebrum,555,523,0.0023333783589819,1.5522565850796698e-16,0.006486711351691,1.5522565850796698e-16,0.0022242635918467,0.0004454394264763,-8.354191682332492e-05,0.0142208345232401,0.0054922392270029,0.0113376429979792,0.5858062218790072,-0.4032722723993362,-0.39370550045511465,"Branson999 full FCV matrix, w20_step10_hp030",FlyWire783 cell-level side-aware median_PostDCA_positive
314,ICL_R,ICL,192,ICL,R,0,ICL_R_314,75,ICL_R,0.23793995089578251,0.23790152400035444,718,711,optic/lateral protocerebrum,555,523,0.0023333783589819,1.5522565850796698e-16,0.006486711351691,1.5522565850796698e-16,0.0022242635918467,0.0004454394264763,-8.354191682332492e-05,0.0142208345232401,0.0054922392270029,0.0113376429979792,0.5858062218790072,0.1899529611048918,0.20012040787643798,"Branson999 full FCV matrix, w20_step10_hp030",FlyWire783 cell-level side-aware median_PostDCA_positive
315,ICL_R,ICL,195,ICL,R,0,ICL_R_315,76,ICL_R,0.23600631203662148,0.2359654146554195,718,711,optic/lateral protocerebrum,555,523,0.0023333783589819,1.5522565850796698e-16,0.006486711351691,1.5522565850796698e-16,0.0022242635918467,0.0004454394264763,-8.354191682332492e-05,0.0142208345232401,0.0054922392270029,0.0113376429979792,0.5858062218790072,-0.29430289798361003,-0.28893541923451577,"Branson999 full FCV matrix, w20_step10_hp030",FlyWire783 cell-level side-aware median_PostDCA_positive
316,ICL_R,ICL,190,ICL,R,0,ICL_R_316,77,ICL_R,0.23917884579785303,0.23913792549125004,718,711,optic/lateral protocerebrum,555,523,0.0023333783589819,1.5522565850796698e-16,0.006486711351691,1.5522565850796698e-16,0.0022242635918467,0.0004454394264763,-8.354191682332492e-05,0.0142208345232401,0.0054922392270029,0.0113376429979792,0.5858062218790072,0.5002188167377409,0.5124319802331558,"Branson999 full FCV matrix, w20_step10_hp030",FlyWire783 cell-level side-aware median_PostDCA_positive
317,ICL_R,ICL,189,ICL,R,0,ICL_R_317,78,ICL_R,0.23676442009549284,0.2367231910569448,718,711,optic/lateral protocerebrum,555,523,0.0023333783589819,1.5522565850796698e-16,0.006486711351691,1.5522565850796698e-16,0.0022242635918467,0.0004454394264763,-8.354191682332492e-05,0.0142208345232401,0.0054922392270029,0.0113376429979792,0.5858062218790072,-0.10444414147829678,-0.09752321114687143,"Branson999 full FCV matrix, w20_step10_hp030",FlyWire783 cell-level side-aware median_PostDCA_positive
318,ICL_R,ICL,194,ICL,R,0,ICL_R_318,79,ICL_R,0.2390614388169223,0.23904379936485776,718,711,optic/lateral protocerebrum,555,523,0.0023333783589819,1.5522565850796698e-16,0.006486711351691,1.5522565850796698e-16,0.0022242635918467,0.0004454394264763,-8.354191682332492e-05,0.0142208345232401,0.0054922392270029,0.0113376429979792,0.5858062218790072,0.47081569518573047,0.4886559829136055,"Branson999 full FCV matrix, w20_step10_hp030",FlyWire783 cell-level side-aware median_PostDCA_positive
974,LAL_R,LAL,150,LAL,R,0,LAL_R_974,96,LAL_R,0.24208065368151693,0.2419925957257923,718,710,inferior/ventrolateral protocerebrum,564,558,0.0046862347781748,0.0002068678539813,0.0104450109836508,0.0002068678539813,-0.009054463137215,0.0013464871286107,-0.0065589999557479,0.023416134530816,0.0161678334362534,0.0264443937186222,0.572951818645014,1.2269405946726042,1.2335137292239386,"Branson999 full FCV matrix, w20_step10_hp030",FlyWire783 cell-level side-aware median_PostDCA_positive
975,LAL_R,LAL,149,LAL,R,0,LAL_R_975,97,LAL_R,0.23957653333599055,0.23952883121946464,718,710,inferior/ventrolateral protocerebrum,564,558,0.0046862347781748,0.0002068678539813,0.0104450109836508,0.0002068678539813,-0.009054463137215,0.0013464871286107,-0.0065589999557479,0.023416134530816,0.0161678334362534,0.0264443937186222,0.572951818645014,0.5998147260344391,0.6111736782341146,"Branson999 full FCV matrix, w20_step10_hp030",FlyWire783 cell-level side-aware median_PostDCA_positive
976,LAL_R,LAL,143,LAL,R,0,LAL_R_976,98,LAL_R,0.23858480176411248,0.23855750071947154,718,710,inferior/ventrolateral protocerebrum,564,558,0.0046862347781748,0.0002068678539813,0.0104450109836508,0.0002068678539813,-0.009054463137215,0.0013464871286107,-0.0065589999557479,0.023416134530816,0.0161678334362534,0.0264443937186222,0.572951818645014,0.35144785956932506,0.36581829977113645,"Branson999 full FCV matrix, w20_step10_hp030",FlyWire783 cell-level side-aware median_PostDCA_positive
977,LAL_R,LAL,151,LAL,R,0,LAL_R_977,99,LAL_R,0.24066459130016038,0.24059484981191134,718,710,inferior/ventrolateral protocerebrum,564,558,0.0046862347781748,0.0002068678539813,0.0104450109836508,0.0002068678539813,-0.009054463137215,0.0013464871286107,-0.0065589999557479,0.023416134530816,0.0161678334362534,0.0264443937186222,0.572951818645014,0.8723053422013886,0.8804470050782649,"Branson999 full FCV matrix, w20_step10_hp030",FlyWire783 cell-level side-aware median_PostDCA_positive
978,LAL_R,LAL,152,LAL,R,0,LAL_R_978,100,LAL_R,0.23628147333910623,0.23621672783653064,718,710,inferior/ventrolateral protocerebrum,564,558,0.0046862347781748,0.0002068678539813,0.0104450109836508,0.0002068678539813,-0.009054463137215,0.0013464871286107,-0.0065589999557479,0.023416134530816,0.0161678334362534,0.0264443937186222,0.572951818645014,-0.2253921640627578,-0.22545440976894826,"Branson999 full FCV matrix, w20_step10_hp030",FlyWire783 cell-level side-aware median_PostDCA_positive
979,LAL_R,LAL,153,LAL,R,0,LAL_R_979,101,LAL_R,0.23718820004401914,0.23719870878379937,718,710,inferior/ventrolateral protocerebrum,564,558,0.0046862347781748,0.0002068678539813,0.0104450109836508,0.0002068678539813,-0.009054463137215,0.0013464871286107,-0.0065589999557479,0.023416134530816,0.0161678334362534,0.0264443937186222,0.572951818645014,0.0016862882375827167,0.022591242006905175,"Branson999 full FCV matrix, w20_step10_hp030",FlyWire783 cell-level side-aware median_PostDCA_positive
980,LAL_R,LAL,147,LAL,R,0,LAL_R_980,102,LAL_R,0.2385708240514735,0.23850955956960354,718,710,inferior/ventrolateral protocerebrum,564,558,0.0046862347781748,0.0002068678539813,0.0104450109836508,0.0002068678539813,-0.009054463137215,0.0013464871286107,-0.0065589999557479,0.023416134530816,0.0161678334362534,0.0264443937186222,0.572951818645014,0.347947314878671,0.35370849886413536,"Branson999 full FCV matrix, w20_step10_hp030",FlyWire783 cell-level side-aware median_PostDCA_positive
981,LAL_R,LAL,154,LAL,R,0,LAL_R_981,103,LAL_R,0.2358241078584525,0.235798712083111,718,710,inferior/ventrolateral protocerebrum,564,558,0.0046862347781748,0.0002068678539813,0.0104450109836508,0.0002068678539813,-0.009054463137215,0.0013464871286107,-0.0065589999557479,0.023416134530816,0.0161678334362534,0.0264443937186222,0.572951818645014,-0.33993367356029247,-0.33104402461630295,"Branson999 full FCV matrix, w20_step10_hp030",FlyWire783 cell-level side-aware median_PostDCA_positive
982,LAL_R,LAL,146,LAL,R,0,LAL_R_982,104,LAL_R,0.24459658901179682,0.24453708561348997,718,710,inferior/ventrolateral protocerebrum,564,558,0.0046862347781748,0.0002068678539813,0.0104450109836508,0.0002068678539813,-0.009054463137215,0.0013464871286107,-0.0065589999557479,0.023416134530816,0.0161678334362534,0.0264443937186222,0.572951818645014,1.8570253796383023,1.8762447866711436,"Branson999 full FCV matrix, w20_step10_hp030",FlyWire783 cell-level side-aware median_PostDCA_positive
824,LH_R,LH,102,LH,R,0,LH_R_824,106,LH_R,0.24407488912802283,0.24379299428159815,718,705,olfactory system,883,869,-0.0038315285602107,-0.0026945406635897,0.0067585976501922,0.0,-0.0006085538974333,0.0013259296296449,0.0001050940184256,0.015880788129262,0.0080922848997061,0.0134126395837199,0.689672012879583,1.7263721171604496,1.688289389050419,"Branson999 full FCV matrix, w20_step10_hp030",FlyWire783 cell-level side-aware median_PostDCA_positive
825,LH_R,LH,103,LH,R,0,LH_R_825,107,LH_R,0.24260970535875384,0.2423245331085311,718,705,olfactory system,883,869,-0.0038315285602107,-0.0026945406635897,0.0067585976501922,0.0,-0.0006085538974333,0.0013259296296449,0.0001050940184256,0.015880788129262,0.0080922848997061,0.0134126395837199,0.689672012879583,1.3594350225999214,1.3173601874258298,"Branson999 full FCV matrix, w20_step10_hp030",FlyWire783 cell-level side-aware median_PostDCA_positive
826,LH_R,LH,95,LH,R,0,LH_R_826,108,LH_R,0.23609755063564075,0.23592839608187932,718,705,olfactory system,883,869,-0.0038315285602107,-0.0026945406635897,0.0067585976501922,0.0,-0.0006085538974333,0.0013259296296449,0.0001050940184256,0.015880788129262,0.0080922848997061,0.0134126395837199,0.689672012879583,-0.271453322975959,-0.2982862077881304,"Branson999 full FCV matrix, w20_step10_hp030",FlyWire783 cell-level side-aware median_PostDCA_positive
827,LH_R,LH,98,LH,R,0,LH_R_827,109,LH_R,0.2416797175435874,0.24142854467491043,718,705,olfactory system,883,869,-0.0038315285602107,-0.0026945406635897,0.0067585976501922,0.0,-0.0006085538974333,0.0013259296296449,0.0001050940184256,0.015880788129262,0.0080922848997061,0.0134126395837199,0.689672012879583,1.1265311138676284,1.0910360050481365,"Branson999 full FCV matrix, w20_step10_hp030",FlyWire783 cell-level side-aware median_PostDCA_positive
828,LH_R,LH,96,LH,R,0,LH_R_828,110,LH_R,0.23761125470508146,0.23756569960223095,718,705,olfactory system,883,869,-0.0038315285602107,-0.0026945406635897,0.0067585976501922,0.0,-0.0006085538974333,0.0013259296296449,0.0001050940184256,0.015880788129262,0.0080922848997061,0.0134126395837199,0.689672012879583,0.1076350787077003,0.11529210041643674,"Branson999 full FCV matrix, w20_step10_hp030",FlyWire783 cell-level side-aware median_PostDCA_positive
829,LH_R,LH,90,LH,R,0,LH_R_829,111,LH_R,0.23334483566483247,0.23322963960198284,718,705,olfactory system,883,869,-0.0038315285602107,-0.0026945406635897,0.0067585976501922,0.0,-0.0006085538974333,0.0013259296296449,0.0001050940184256,0.015880788129262,0.0080922848997061,0.0134126395837199,0.689672012879583,-0.9608366308770601,-0.9799845766843227,"Branson999 full FCV matrix, w20_step10_hp030",FlyWire783 cell-level side-aware median_PostDCA_positive
830,LH_R,LH,94,LH,R,0,LH_R_830,112,LH_R,0.23733739027631884,0.237125513159536,718,705,olfactory system,883,869,-0.0038315285602107,-0.0026945406635897,0.0067585976501922,0.0,-0.0006085538974333,0.0013259296296449,0.0001050940184256,0.015880788129262,0.0080922848997061,0.0134126395837199,0.689672012879583,0.03904913071854674,0.004102231219023357,"Branson999 full FCV matrix, w20_step10_hp030",FlyWire783 cell-level side-aware median_PostDCA_positive
831,LH_R,LH,101,LH,R,0,LH_R_831,113,LH_R,0.24147483173777928,0.24122337875814162,718,705,olfactory system,883,869,-0.0038315285602107,-0.0026945406635897,0.0067585976501922,0.0,-0.0006085538974333,0.0013259296296449,0.0001050940184256,0.015880788129262,0.0080922848997061,0.0134126395837199,0.689672012879583,1.0752200060893617,1.0392116660030097,"Branson999 full FCV matrix, w20_step10_hp030",FlyWire783 cell-level side-aware median_PostDCA_positive
832,LH_R,LH,91,LH,R,0,LH_R_832,114,LH_R,0.2355704167316612,0.23538028116702164,718,705,olfactory system,883,869,-0.0038315285602107,-0.0026945406635897,0.0067585976501922,0.0,-0.0006085538974333,0.0013259296296449,0.0001050940184256,0.015880788129262,0.0080922848997061,0.0134126395837199,0.689672012879583,-0.4034674683872922,-0.4367385083975159,"Branson999 full FCV matrix, w20_step10_hp030",FlyWire783 cell-level side-aware median_PostDCA_positive
833,LH_R,LH,93,LH,R,0,LH_R_833,115,LH_R,0.2360727469838046,0.23587254244015146,718,705,olfactory system,883,869,-0.0038315285602107,-0.0026945406635897,0.0067585976501922,0.0,-0.0006085538974333,0.0013259296296449,0.0001050940184256,0.015880788129262,0.0080922848997061,0.0134126395837199,0.689672012879583,-0.2776650898069495,-0.31239468209710364,"Branson999 full FCV matrix, w20_step10_hp030",FlyWire783 cell-level side-aware median_PostDCA_positive
834,LH_R,LH,99,LH,R,0,LH_R_834,116,LH_R,0.24131760897061819,0.24107720965441068,718,705,olfactory system,883,869,-0.0038315285602107,-0.0026945406635897,0.0067585976501922,0.0,-0.0006085538974333,0.0013259296296449,0.0001050940184256,0.015880788129262,0.0080922848997061,0.0134126395837199,0.689672012879583,1.0358455149225354,1.0022897575838317,"Branson999 full FCV matrix, w20_step10_hp030",FlyWire783 cell-level side-aware median_PostDCA_positive
835,LH_R,LH,92,LH,R,0,LH_R_835,117,LH_R,0.22941787810819803,0.22936159829607594,718,705,olfactory system,883,869,-0.0038315285602107,-0.0026945406635897,0.0067585976501922,0.0,-0.0006085538974333,0.0013259296296449,0.0001050940184256,0.015880788129262,0.0080922848997061,0.0134126395837199,0.689672012879583,-1.9442944240335247,-1.9570410353541228,"Branson999 full FCV matrix, w20_step10_hp030",FlyWire783 cell-level side-aware median_PostDCA_positive
836,LH_R,LH,100,LH,R,0,LH_R_836,118,LH_R,0.2396697153931381,0.23947952006220907,718,705,olfactory system,883,869,-0.0038315285602107,-0.0026945406635897,0.0067585976501922,0.0,-0.0006085538974333,0.0013259296296449,0.0001050940184256,0.015880788129262,0.0080922848997061,0.0134126395837199,0.689672012879583,0.6231510160152914,0.5987178172774446,"Branson999 full FCV matrix, w20_step10_hp030",FlyWire783 cell-level side-aware median_PostDCA_positive
837,LH_R,LH,97,LH,R,0,LH_R_837,119,LH_R,0.24428946919992336,0.24405241608585318,718,705,olfactory system,883,869,-0.0038315285602107,-0.0026945406635897,0.0067585976501922,0.0,-0.0006085538974333,0.0013259296296449,0.0001050940184256,0.015880788129262,0.0080922848997061,0.0134126395837199,0.689672012879583,1.7801110335921093,1.753818614133946,"Branson999 full FCV matrix, w20_step10_hp030",FlyWire783 cell-level side-aware median_PostDCA_positive
633,LO_R,LO,36,LO,R,0,LO_R_633,120,LO_R,0.22853666453018653,0.2284935504528038,715,684,optic/lateral protocerebrum,13874,11532,0.0002837263720101,1.8092510220601898e-17,0.0005034053053201,1.8092510220601898e-17,0.0041107082158664,0.0002145368832466,-0.0013184433832705,0.0119475088678664,0.0011224684927649,0.0132403075268818,0.8501190356744897,-2.164983430276168,-2.176307502443872,"Branson999 full FCV matrix, w20_step10_hp030",FlyWire783 cell-level side-aware median_PostDCA_positive
634,LO_R,LO,39,LO,R,0,LO_R_634,121,LO_R,0.23407890260960146,0.23418280127670138,718,687,optic/lateral protocerebrum,13874,11532,0.0002837263720101,1.8092510220601898e-17,0.0005034053053201,1.8092510220601898e-17,0.0041107082158664,0.0002145368832466,-0.0013184433832705,0.0119475088678664,0.0011224684927649,0.0132403075268818,0.8501190356744897,-0.7769986730891136,-0.7392185928728026,"Branson999 full FCV matrix, w20_step10_hp030",FlyWire783 cell-level side-aware median_PostDCA_positive
635,LO_R,LO,30,LO,R,0,LO_R_635,122,LO_R,0.22961284289865685,0.22962315137255251,716,685,optic/lateral protocerebrum,13874,11532,0.0002837263720101,1.8092510220601898e-17,0.0005034053053201,1.8092510220601898e-17,0.0041107082158664,0.0002145368832466,-0.0013184433832705,0.0119475088678664,0.0011224684927649,0.0132403075268818,0.8501190356744897,-1.895467911446467,-1.8909734568445198,"Branson999 full FCV matrix, w20_step10_hp030",FlyWire783 cell-level side-aware median_PostDCA_positive
636,LO_R,LO,38,LO,R,0,LO_R_636,123,LO_R,0.2344446951379072,0.23450354666012865,717,686,optic/lateral protocerebrum,13874,11532,0.0002837263720101,1.8092510220601898e-17,0.0005034053053201,1.8092510220601898e-17,0.0041107082158664,0.0002145368832466,-0.0013184433832705,0.0119475088678664,0.0011224684927649,0.0132403075268818,0.8501190356744897,-0.685390473241648,-0.6581992025194562,"Branson999 full FCV matrix, w20_step10_hp030",FlyWire783 cell-level side-aware median_PostDCA_positive
637,LO_R,LO,53,LO,R,0,LO_R_637,124,LO_R,,,0,0,optic/lateral protocerebrum,13874,11532,0.0002837263720101,1.8092510220601898e-17,0.0005034053053201,1.8092510220601898e-17,0.0041107082158664,0.0002145368832466,-0.0013184433832705,0.0119475088678664,0.0011224684927649,0.0132403075268818,0.8501190356744897,,,"Branson999 full FCV matrix, w20_step10_hp030",FlyWire783 cell-level side-aware median_PostDCA_positive
638,LO_R,LO,37,LO,R,0,LO_R_638,125,LO_R,0.23749456220311732,0.23767708448644062,717,686,optic/lateral protocerebrum,13874,11532,0.0002837263720101,1.8092510220601898e-17,0.0005034053053201,1.8092510220601898e-17,0.0041107082158664,0.0002145368832466,-0.0013184433832705,0.0119475088678664,0.0011224684927649,0.0132403075268818,0.8501190356744897,0.07841088954739936,0.14342761188293843,"Branson999 full FCV matrix, w20_step10_hp030",FlyWire783 cell-level side-aware median_PostDCA_positive
639,LO_R,LO,35,LO,R,0,LO_R_639,126,LO_R,0.22865327761177992,0.22866071099117072,707,678,optic/lateral protocerebrum,13874,11532,0.0002837263720101,1.8092510220601898e-17,0.0005034053053201,1.8092510220601898e-17,0.0041107082158664,0.0002145368832466,-0.0013184433832705,0.0119475088678664,0.0011224684927649,0.0132403075268818,0.8501190356744897,-2.1357791309622494,-2.1340832161114864,"Branson999 full FCV matrix, w20_step10_hp030",FlyWire783 cell-level side-aware median_PostDCA_positive
640,LO_R,LO,54,LO,R,0,LO_R_640,127,LO_R,,,0,0,optic/lateral protocerebrum,13874,11532,0.0002837263720101,1.8092510220601898e-17,0.0005034053053201,1.8092510220601898e-17,0.0041107082158664,0.0002145368832466,-0.0013184433832705,0.0119475088678664,0.0011224684927649,0.0132403075268818,0.8501190356744897,,,"Branson999 full FCV matrix, w20_step10_hp030",FlyWire783 cell-level side-aware median_PostDCA_positive
641,LO_R,LO,55,LO,R,0,LO_R_641,128,LO_R,,,0,0,optic/lateral protocerebrum,13874,11532,0.0002837263720101,1.8092510220601898e-17,0.0005034053053201,1.8092510220601898e-17,0.0041107082158664,0.0002145368832466,-0.0013184433832705,0.0119475088678664,0.0011224684927649,0.0132403075268818,0.8501190356744897,,,"Branson999 full FCV matrix, w20_step10_hp030",FlyWire783 cell-level side-aware median_PostDCA_positive
642,LO_R,LO,51,LO,R,0,LO_R_642,129,LO_R,0.23131868577820255,0.23129236724215896,718,687,optic/lateral protocerebrum,13874,11532,0.0002837263720101,1.8092510220601898e-17,0.0005034053053201,1.8092510220601898e-17,0.0041107082158664,0.0002145368832466,-0.0013184433832705,0.0119475088678664,0.0011224684927649,0.0132403075268818,0.8501190356744897,-1.4682607288897314,-1.4693341781164146,"Branson999 full FCV matrix, w20_step10_hp030",FlyWire783 cell-level side-aware median_PostDCA_positive
643,LO_R,LO,49,LO,R,0,LO_R_643,130,LO_R,0.23549727960442438,0.23560787304037664,718,687,optic/lateral protocerebrum,13874,11532,0.0002837263720101,1.8092510220601898e-17,0.0005034053053201,1.8092510220601898e-17,0.0041107082158664,0.0002145368832466,-0.0013184433832705,0.0119475088678664,0.0011224684927649,0.0132403075268818,0.8501190356744897,-0.42178375439568594,-0.3792494351907023,"Branson999 full FCV matrix, w20_step10_hp030",FlyWire783 cell-level side-aware median_PostDCA_positive
644,LO_R,LO,41,LO,R,0,LO_R_644,131,LO_R,0.2335309059022801,0.23353072595367405,718,687,optic/lateral protocerebrum,13874,11532,0.0002837263720101,1.8092510220601898e-17,0.0005034053053201,1.8092510220601898e-17,0.0041107082158664,0.0002145368832466,-0.0013184433832705,0.0119475088678664,0.0011224684927649,0.0132403075268818,0.8501190356744897,-0.9142376487252961,-0.9039310029833432,"Branson999 full FCV matrix, w20_step10_hp030",FlyWire783 cell-level side-aware median_PostDCA_positive
645,LO_R,LO,42,LO,R,0,LO_R_645,132,LO_R,0.23276213101983984,0.23282564548083565,718,687,optic/lateral protocerebrum,13874,11532,0.0002837263720101,1.8092510220601898e-17,0.0005034053053201,1.8092510220601898e-17,0.0041107082158664,0.0002145368832466,-0.0013184433832705,0.0119475088678664,0.0011224684927649,0.0132403075268818,0.8501190356744897,-1.1067677788361978,-1.0820323662797207,"Branson999 full FCV matrix, w20_step10_hp030",FlyWire783 cell-level side-aware median_PostDCA_positive
646,LO_R,LO,52,LO,R,0,LO_R_646,133,LO_R,0.23238699864740303,0.23238258306969387,718,687,optic/lateral protocerebrum,13874,11532,0.0002837263720101,1.8092510220601898e-17,0.0005034053053201,1.8092510220601898e-17,0.0041107082158664,0.0002145368832466,-0.0013184433832705,0.0119475088678664,0.0011224684927649,0.0132403075268818,0.8501190356744897,-1.2007150267546178,-1.1939486970952198,"Branson999 full FCV matrix, w20_step10_hp030",FlyWire783 cell-level side-aware median_PostDCA_positive
647,LO_R,LO,24,LO,R,0,LO_R_647,134,LO_R,0.23459454610173655,0.23468238240565512,718,687,optic/lateral protocerebrum,13874,11532,0.0002837263720101,1.8092510220601898e-17,0.0005034053053201,1.8092510220601898e-17,0.0041107082158664,0.0002145368832466,-0.0013184433832705,0.0119475088678664,0.0011224684927649,0.0132403075268818,0.8501190356744897,-0.6478621587476426,-0.6130257913821904,"Branson999 full FCV matrix, w20_step10_hp030",FlyWire783 cell-level side-aware median_PostDCA_positive
648,LO_R,LO,23,LO,R,0,LO_R_648,135,LO_R,0.23244554367207154,0.23250519029329775,718,687,optic/lateral protocerebrum,13874,11532,0.0002837263720101,1.8092510220601898e-17,0.0005034053053201,1.8092510220601898e-17,0.0041107082158664,0.0002145368832466,-0.0013184433832705,0.0119475088678664,0.0011224684927649,0.0132403075268818,0.8501190356744897,-1.1860531517711435,-1.1629784539598098,"Branson999 full FCV matrix, w20_step10_hp030",FlyWire783 cell-level side-aware median_PostDCA_positive
649,LO_R,LO,58,LO,R,0,LO_R_649,136,LO_R,0.23293898075056563,0.2329562637686912,718,687,optic/lateral protocerebrum,13874,11532,0.0002837263720101,1.8092510220601898e-17,0.0005034053053201,1.8092510220601898e-17,0.0041107082158664,0.0002145368832466,-0.0013184433832705,0.0119475088678664,0.0011224684927649,0.0132403075268818,0.8501190356744897,-1.0624779581820214,-1.0490385506307618,"Branson999 full FCV matrix, w20_step10_hp030",FlyWire783 cell-level side-aware median_PostDCA_positive
650,LO_R,LO,40,LO,R,0,LO_R_650,137,LO_R,0.23460786646352683,0.2347523325916765,718,687,optic/lateral protocerebrum,13874,11532,0.0002837263720101,1.8092510220601898e-17,0.0005034053053201,1.8092510220601898e-17,0.0041107082158664,0.0002145368832466,-0.0013184433832705,0.0119475088678664,0.0011224684927649,0.0132403075268818,0.8501190356744897,-0.6445262394204327,-0.5953565692534166,"Branson999 full FCV matrix, w20_step10_hp030",FlyWire783 cell-level side-aware median_PostDCA_positive
651,LO_R,LO,61,LO,R,0,LO_R_651,138,LO_R,0.2317349111046958,0.2317090535383064,717,686,optic/lateral protocerebrum,13874,11532,0.0002837263720101,1.8092510220601898e-17,0.0005034053053201,1.8092510220601898e-17,0.0041107082158664,0.0002145368832466,-0.0013184433832705,0.0119475088678664,0.0011224684927649,0.0132403075268818,0.8501190356744897,-1.3640222605219467,-1.3640803804725454,"Branson999 full FCV matrix, w20_step10_hp030",FlyWire783 cell-level side-aware median_PostDCA_positive
652,LO_R,LO,45,LO,R,0,LO_R_652,139,LO_R,0.2289892722540242,0.22894294144883512,718,687,optic/lateral protocerebrum,13874,11532,0.0002837263720101,1.8092510220601898e-17,0.0005034053053201,1.8092510220601898e-17,0.0041107082158664,0.0002145368832466,-0.0013184433832705,0.0119475088678664,0.0011224684927649,0.0132403075268818,0.8501190356744897,-2.051633441937496,-2.062792588714817,"Branson999 full FCV matrix, w20_step10_hp030",FlyWire783 cell-level side-aware median_PostDCA_positive
653,LO_R,LO,62,LO,R,0,LO_R_653,140,LO_R,,,0,0,optic/lateral protocerebrum,13874,11532,0.0002837263720101,1.8092510220601898e-17,0.0005034053053201,1.8092510220601898e-17,0.0041107082158664,0.0002145368832466,-0.0013184433832705,0.0119475088678664,0.0011224684927649,0.0132403075268818,0.8501190356744897,,,"Branson999 full FCV matrix, w20_step10_hp030",FlyWire783 cell-level side-aware median_PostDCA_positive
654,LO_R,LO,33,LO,R,0,LO_R_654,141,LO_R,,,0,0,optic/lateral protocerebrum,13874,11532,0.0002837263720101,1.8092510220601898e-17,0.0005034053053201,1.8092510220601898e-17,0.0041107082158664,0.0002145368832466,-0.0013184433832705,0.0119475088678664,0.0011224684927649,0.0132403075268818,0.8501190356744897,,,"Branson999 full FCV matrix, w20_step10_hp030",FlyWire783 cell-level side-aware median_PostDCA_positive
655,LO_R,LO,43,LO,R,0,LO_R_655,142,LO_R,0.2309249620024456,0.23090797409920125,718,687,optic/lateral protocerebrum,13874,11532,0.0002837263720101,1.8092510220601898e-17,0.0005034053053201,1.8092510220601898e-17,0.0041107082158664,0.0002145368832466,-0.0013184433832705,0.0119475088678664,0.0011224684927649,0.0132403075268818,0.8501190356744897,-1.5668639630818038,-1.5664308152235924,"Branson999 full FCV matrix, w20_step10_hp030",FlyWire783 cell-level side-aware median_PostDCA_positive
656,LO_R,LO,60,LO,R,0,LO_R_656,143,LO_R,,,0,0,optic/lateral protocerebrum,13874,11532,0.0002837263720101,1.8092510220601898e-17,0.0005034053053201,1.8092510220601898e-17,0.0041107082158664,0.0002145368832466,-0.0013184433832705,0.0119475088678664,0.0011224684927649,0.0132403075268818,0.8501190356744897,,,"Branson999 full FCV matrix, w20_step10_hp030",FlyWire783 cell-level side-aware median_PostDCA_positive
657,LO_R,LO,27,LO,R,0,LO_R_657,144,LO_R,,,0,0,optic/lateral protocerebrum,13874,11532,0.0002837263720101,1.8092510220601898e-17,0.0005034053053201,1.8092510220601898e-17,0.0041107082158664,0.0002145368832466,-0.0013184433832705,0.0119475088678664,0.0011224684927649,0.0132403075268818,0.8501190356744897,,,"Branson999 full FCV matrix, w20_step10_hp030",FlyWire783 cell-level side-aware median_PostDCA_positive
658,LO_R,LO,44,LO,R,0,LO_R_658,145,LO_R,0.22726515440207273,0.2270518297446617,684,656,optic/lateral protocerebrum,13874,11532,0.0002837263720101,1.8092510220601898e-17,0.0005034053053201,1.8092510220601898e-17,0.0041107082158664,0.0002145368832466,-0.0013184433832705,0.0119475088678664,0.0011224684927649,0.0132403075268818,0.8501190356744897,-2.483417364571755,-2.5404821371193345,"Branson999 full FCV matrix, w20_step10_hp030",FlyWire783 cell-level side-aware median_PostDCA_positive
659,LO_R,LO,34,LO,R,0,LO_R_659,146,LO_R,0.23007576085943918,0.23002009378240523,717,686,optic/lateral protocerebrum,13874,11532,0.0002837263720101,1.8092510220601898e-17,0.0005034053053201,1.8092510220601898e-17,0.0041107082158664,0.0002145368832466,-0.0013184433832705,0.0119475088678664,0.0011224684927649,0.0132403075268818,0.8501190356744897,-1.7795358521976146,-1.790706909878155,"Branson999 full FCV matrix, w20_step10_hp030",FlyWire783 cell-level side-aware median_PostDCA_positive
660,LO_R,LO,56,LO,R,0,LO_R_660,147,LO_R,0.2272684741546691,0.2271621647722744,711,680,optic/lateral protocerebrum,13874,11532,0.0002837263720101,1.8092510220601898e-17,0.0005034053053201,1.8092510220601898e-17,0.0041107082158664,0.0002145368832466,-0.0013184433832705,0.0119475088678664,0.0011224684927649,0.0132403075268818,0.8501190356744897,-2.482585973726509,-2.51261181650464,"Branson999 full FCV matrix, w20_step10_hp030",FlyWire783 cell-level side-aware median_PostDCA_positive
661,LO_R,LO,48,LO,R,0,LO_R_661,148,LO_R,0.2337760908871258,0.2338479562256526,718,687,optic/lateral protocerebrum,13874,11532,0.0002837263720101,1.8092510220601898e-17,0.0005034053053201,1.8092510220601898e-17,0.0041107082158664,0.0002145368832466,-0.0013184433832705,0.0119475088678664,0.0011224684927649,0.0132403075268818,0.8501190356744897,-0.852834111601731,-0.823799519989898,"Branson999 full FCV matrix, w20_step10_hp030",FlyWire783 cell-level side-aware median_PostDCA_positive
662,LO_R,LO,47,LO,R,0,LO_R_662,149,LO_R,0.23733002171157475,0.23746029391955117,718,687,optic/lateral protocerebrum,13874,11532,0.0002837263720101,1.8092510220601898e-17,0.0005034053053201,1.8092510220601898e-17,0.0041107082158664,0.0002145368832466,-0.0013184433832705,0.0119475088678664,0.0011224684927649,0.0132403075268818,0.8501190356744897,0.03720376510981672,0.08866691860012495,"Branson999 full FCV matrix, w20_step10_hp030",FlyWire783 cell-level side-aware median_PostDCA_positive
663,LO_R,LO,50,LO,R,0,LO_R_663,150,LO_R,0.23135490682216328,0.2312865660964315,717,686,optic/lateral protocerebrum,13874,11532,0.0002837263720101,1.8092510220601898e-17,0.0005034053053201,1.8092510220601898e-17,0.0041107082158664,0.0002145368832466,-0.0013184433832705,0.0119475088678664,0.0011224684927649,0.0132403075268818,0.8501190356744897,-1.4591896178716717,-1.4707995313669193,"Branson999 full FCV matrix, w20_step10_hp030",FlyWire783 cell-level side-aware median_PostDCA_positive
664,LO_R,LO,28,LO,R,0,LO_R_664,151,LO_R,0.22822348720830124,0.22815838117082138,712,682,optic/lateral protocerebrum,13874,11532,0.0002837263720101,1.8092510220601898e-17,0.0005034053053201,1.8092510220601898e-17,0.0041107082158664,0.0002145368832466,-0.0013184433832705,0.0119475088678664,0.0011224684927649,0.0132403075268818,0.8501190356744897,-2.243414804541371,-2.260970329391599,"Branson999 full FCV matrix, w20_step10_hp030",FlyWire783 cell-level side-aware median_PostDCA_positive
665,LO_R,LO,29,LO,R,0,LO_R_665,152,LO_R,0.23202568761556208,0.2320317202702061,717,686,optic/lateral protocerebrum,13874,11532,0.0002837263720101,1.8092510220601898e-17,0.0005034053053201,1.8092510220601898e-17,0.0041107082158664,0.0002145368832466,-0.0013184433832705,0.0119475088678664,0.0011224684927649,0.0132403075268818,0.8501190356744897,-1.2912008914202702,-1.2825756628473626,"Branson999 full FCV matrix, w20_step10_hp030",FlyWire783 cell-level side-aware median_PostDCA_positive
666,LO_R,LO,25,LO,R,0,LO_R_666,153,LO_R,0.23030795278014704,0.23029571092897616,717,686,optic/lateral protocerebrum,13874,11532,0.0002837263720101,1.8092510220601898e-17,0.0005034053053201,1.8092510220601898e-17,0.0041107082158664,0.0002145368832466,-0.0013184433832705,0.0119475088678664,0.0011224684927649,0.0132403075268818,0.8501190356744897,-1.7213862667654198,-1.7210867864409964,"Branson999 full FCV matrix, w20_step10_hp030",FlyWire783 cell-level side-aware median_PostDCA_positive
667,LO_R,LO,31,LO,R,0,LO_R_667,154,LO_R,0.22792907110937322,0.22786436494367002,713,682,optic/lateral protocerebrum,13874,11532,0.0002837263720101,1.8092510220601898e-17,0.0005034053053201,1.8092510220601898e-17,0.0041107082158664,0.0002145368832466,-0.0013184433832705,0.0119475088678664,0.0011224684927649,0.0132403075268818,0.8501190356744897,-2.3171476633119767,-2.335238009329058,"Branson999 full FCV matrix, w20_step10_hp030",FlyWire783 cell-level side-aware median_PostDCA_positive
668,LO_R,LO,57,LO,R,0,LO_R_668,155,LO_R,,,0,0,optic/lateral protocerebrum,13874,11532,0.0002837263720101,1.8092510220601898e-17,0.0005034053053201,1.8092510220601898e-17,0.0041107082158664,0.0002145368832466,-0.0013184433832705,0.0119475088678664,0.0011224684927649,0.0132403075268818,0.8501190356744897,,,"Branson999 full FCV matrix, w20_step10_hp030",FlyWire783 cell-level side-aware median_PostDCA_positive
669,LO_R,LO,59,LO,R,0,LO_R_669,156,LO_R,0.2279091517764195,0.22780965127379282,714,684,optic/lateral protocerebrum,13874,11532,0.0002837263720101,1.8092510220601898e-17,0.0005034053053201,1.8092510220601898e-17,0.0041107082158664,0.0002145368832466,-0.0013184433832705,0.0119475088678664,0.0011224684927649,0.0132403075268818,0.8501190356744897,-2.322136213085,-2.349058529924172,"Branson999 full FCV matrix, w20_step10_hp030",FlyWire783 cell-level side-aware median_PostDCA_positive
670,LO_R,LO,26,LO,R,0,LO_R_670,157,LO_R,0.228924124904247,0.22887679577504566,714,684,optic/lateral protocerebrum,13874,11532,0.0002837263720101,1.8092510220601898e-17,0.0005034053053201,1.8092510220601898e-17,0.0041107082158664,0.0002145368832466,-0.0013184433832705,0.0119475088678664,0.0011224684927649,0.0132403075268818,0.8501190356744897,-2.0679487873207574,-2.079500801652037,"Branson999 full FCV matrix, w20_step10_hp030",FlyWire783 cell-level side-aware median_PostDCA_positive
671,LO_R,LO,46,LO,R,0,LO_R_671,158,LO_R,0.23275141623410542,0.2327430787467515,717,686,optic/lateral protocerebrum,13874,11532,0.0002837263720101,1.8092510220601898e-17,0.0005034053053201,1.8092510220601898e-17,0.0041107082158664,0.0002145368832466,-0.0013184433832705,0.0119475088678664,0.0011224684927649,0.0132403075268818,0.8501190356744897,-1.1094511639710107,-1.1028884933032297,"Branson999 full FCV matrix, w20_step10_hp030",FlyWire783 cell-level side-aware median_PostDCA_positive
672,LO_R,LO,32,LO,R,0,LO_R_672,159,LO_R,0.2302421858620519,0.23018671750337183,716,685,optic/lateral protocerebrum,13874,11532,0.0002837263720101,1.8092510220601898e-17,0.0005034053053201,1.8092510220601898e-17,0.0041107082158664,0.0002145368832466,-0.0013184433832705,0.0119475088678664,0.0011224684927649,0.0132403075268818,0.8501190356744897,-1.7378567753461114,-1.7486182221256756,"Branson999 full FCV matrix, w20_step10_hp030",FlyWire783 cell-level side-aware median_PostDCA_positive
712,MB_R,MB,127,MB,R,0,MB_R_712,184,MB_R,0.24528147428562574,0.24499044889653657,718,703,mushroom body,2148,1744,0.0147973751254938,0.0096849784307864,0.016848771718611,0.0096849784307864,-0.1252192110285077,-0.0691494829666814,-0.0744620882658049,0.0541119400368117,8.623349641779429e-08,0.0333402180504786,0.4087549239859523,2.028546398200678,1.9907630890346617,"Branson999 full FCV matrix, w20_step10_hp030",FlyWire783 cell-level side-aware median_PostDCA_positive
713,MB_R,MB,134,MB,R,0,MB_R_713,185,MB_R,0.23934508923505488,0.2390740248387366,718,703,mushroom body,2148,1744,0.0147973751254938,0.0096849784307864,0.016848771718611,0.0096849784307864,-0.1252192110285077,-0.0691494829666814,-0.0744620882658049,0.0541119400368117,8.623349641779429e-08,0.0333402180504786,0.4087549239859523,0.5418524227850107,0.49629085341630286,"Branson999 full FCV matrix, w20_step10_hp030",FlyWire783 cell-level side-aware median_PostDCA_positive
714,MB_R,MB,137,MB,R,0,MB_R_714,186,MB_R,0.2426950039179236,0.2423958776408551,718,703,mushroom body,2148,1744,0.0147973751254938,0.0096849784307864,0.016848771718611,0.0096849784307864,-0.1252192110285077,-0.0691494829666814,-0.0744620882658049,0.0541119400368117,8.623349641779429e-08,0.0333402180504786,0.4087549239859523,1.3807969883331093,1.3353816175464133,"Branson999 full FCV matrix, w20_step10_hp030",FlyWire783 cell-level side-aware median_PostDCA_positive
715,MB_R,MB,135,MB,R,0,MB_R_715,187,MB_R,0.24164455584406533,0.24138540989406215,718,703,mushroom body,2148,1744,0.0147973751254938,0.0096849784307864,0.016848771718611,0.0096849784307864,-0.1252192110285077,-0.0691494829666814,-0.0744620882658049,0.0541119400368117,8.623349641779429e-08,0.0333402180504786,0.4087549239859523,1.1177253025195533,1.0801402795664168,"Branson999 full FCV matrix, w20_step10_hp030",FlyWire783 cell-level side-aware median_PostDCA_positive
716,MB_R,MB,128,MB,R,0,MB_R_716,188,MB_R,0.243952038791675,0.2437727812340763,718,703,mushroom body,2148,1744,0.0147973751254938,0.0096849784307864,0.016848771718611,0.0096849784307864,-0.1252192110285077,-0.0691494829666814,-0.0744620882658049,0.0541119400368117,8.623349641779429e-08,0.0333402180504786,0.4087549239859523,1.6956057747870674,1.6831836295538871,"Branson999 full FCV matrix, w20_step10_hp030",FlyWire783 cell-level side-aware median_PostDCA_positive
717,MB_R,MB,133,MB,R,0,MB_R_717,189,MB_R,0.23966557313323963,0.23931017648255518,718,703,mushroom body,2148,1744,0.0147973751254938,0.0096849784307864,0.016848771718611,0.0096849784307864,-0.1252192110285077,-0.0691494829666814,-0.0744620882658049,0.0541119400368117,8.623349641779429e-08,0.0333402180504786,0.4087549239859523,0.6221136384221586,0.5559421007972633,"Branson999 full FCV matrix, w20_step10_hp030",FlyWire783 cell-level side-aware median_PostDCA_positive
718,MB_R,MB,131,MB,R,0,MB_R_718,190,MB_R,0.2422726818151153,0.24209051432970977,718,703,mushroom body,2148,1744,0.0147973751254938,0.0096849784307864,0.016848771718611,0.0096849784307864,-0.1252192110285077,-0.0691494829666814,-0.0744620882658049,0.0541119400368117,8.623349641779429e-08,0.0333402180504786,0.4087549239859523,1.2750316579879044,1.2582476958016475,"Branson999 full FCV matrix, w20_step10_hp030",FlyWire783 cell-level side-aware median_PostDCA_positive
719,MB_R,MB,132,MB,R,0,MB_R_719,191,MB_R,0.24224622003555044,0.24211063698074492,718,703,mushroom body,2148,1744,0.0147973751254938,0.0096849784307864,0.016848771718611,0.0096849784307864,-0.1252192110285077,-0.0691494829666814,-0.0744620882658049,0.0541119400368117,8.623349641779429e-08,0.0333402180504786,0.4087549239859523,1.268404633641821,1.2633306213974602,"Branson999 full FCV matrix, w20_step10_hp030",FlyWire783 cell-level side-aware median_PostDCA_positive
720,MB_R,MB,123,MB,R,0,MB_R_720,192,MB_R,0.2465271099856286,0.24640008535945077,718,703,mushroom body,2148,1744,0.0147973751254938,0.0096849784307864,0.016848771718611,0.0096849784307864,-0.1252192110285077,-0.0691494829666814,-0.0744620882658049,0.0541119400368117,8.623349641779429e-08,0.0333402180504786,0.4087549239859523,2.3405004030337775,2.346833332742633,"Branson999 full FCV matrix, w20_step10_hp030",FlyWire783 cell-level side-aware median_PostDCA_positive
721,MB_R,MB,129,MB,R,0,MB_R_721,193,MB_R,0.24341892738935217,0.24325939414742184,718,703,mushroom body,2148,1744,0.0147973751254938,0.0096849784307864,0.016848771718611,0.0096849784307864,-0.1252192110285077,-0.0691494829666814,-0.0744620882658049,0.0541119400368117,8.623349641779429e-08,0.0333402180504786,0.4087549239859523,1.5620946390863006,1.5535034816073254,"Branson999 full FCV matrix, w20_step10_hp030",FlyWire783 cell-level side-aware median_PostDCA_positive
722,MB_R,MB,125,MB,R,0,MB_R_722,194,MB_R,0.24283417321161394,0.2425704333208828,718,703,mushroom body,2148,1744,0.0147973751254938,0.0096849784307864,0.016848771718611,0.0096849784307864,-0.1252192110285077,-0.0691494829666814,-0.0744620882658049,0.0541119400368117,8.623349641779429e-08,0.0333402180504786,0.4087549239859523,1.4156502110822624,1.3794738960616681,"Branson999 full FCV matrix, w20_step10_hp030",FlyWire783 cell-level side-aware median_PostDCA_positive
723,MB_R,MB,126,MB,R,0,MB_R_723,195,MB_R,0.24370877541816285,0.2435335154822163,718,703,mushroom body,2148,1744,0.0147973751254938,0.0096849784307864,0.016848771718611,0.0096849784307864,-0.1252192110285077,-0.0691494829666814,-0.0744620882658049,0.0541119400368117,8.623349641779429e-08,0.0333402180504786,0.4087549239859523,1.6346834813780442,1.6227457671566305,"Branson999 full FCV matrix, w20_step10_hp030",FlyWire783 cell-level side-aware median_PostDCA_positive
724,MB_R,MB,122,MB,R,0,MB_R_724,196,MB_R,0.24433163590225956,0.24424168312412706,718,703,mushroom body,2148,1744,0.0147973751254938,0.0096849784307864,0.016848771718611,0.0096849784307864,-0.1252192110285077,-0.0691494829666814,-0.0744620882658049,0.0541119400368117,8.623349641779429e-08,0.0333402180504786,0.4087549239859523,1.79067116097474,1.8016269407607577,"Branson999 full FCV matrix, w20_step10_hp030",FlyWire783 cell-level side-aware median_PostDCA_positive
725,MB_R,MB,124,MB,R,0,MB_R_725,197,MB_R,0.24099721119720577,0.24074743884493716,718,703,mushroom body,2148,1744,0.0147973751254938,0.0096849784307864,0.016848771718611,0.0096849784307864,-0.1252192110285077,-0.0691494829666814,-0.0744620882658049,0.0541119400368117,8.623349641779429e-08,0.0333402180504786,0.4087549239859523,0.9556058681659577,0.918990569753331,"Branson999 full FCV matrix, w20_step10_hp030",FlyWire783 cell-level side-aware median_PostDCA_positive
726,MB_R,MB,130,MB,R,0,MB_R_726,198,MB_R,0.2410319358700511,0.2408561718667601,718,703,mushroom body,2148,1744,0.0147973751254938,0.0096849784307864,0.016848771718611,0.0096849784307864,-0.1252192110285077,-0.0691494829666814,-0.0744620882658049,0.0541119400368117,8.623349641779429e-08,0.0333402180504786,0.4087549239859523,0.9643022316055991,0.9464562281682355,"Branson999 full FCV matrix, w20_step10_hp030",FlyWire783 cell-level side-aware median_PostDCA_positive
727,MB_R,MB,136,MB,R,0,MB_R_727,199,MB_R,0.24673113687794065,0.24630610969044867,718,703,mushroom body,2148,1744,0.0147973751254938,0.0096849784307864,0.016848771718611,0.0096849784307864,-0.1252192110285077,-0.0691494829666814,-0.0744620882658049,0.0541119400368117,8.623349641779429e-08,0.0333402180504786,0.4087549239859523,2.3915964065846156,2.3230953405407146,"Branson999 full FCV matrix, w20_step10_hp030",FlyWire783 cell-level side-aware median_PostDCA_positive
327,ME_R,ME,454,ME,R,0,ME_R_327,200,ME_R,0.23315548054889074,0.23308699932324306,714,690,optic/lateral protocerebrum,31830,21836,2.238180104643225e-05,4.2627870090753246e-07,0.0002932789735983,4.2627870090753246e-07,-0.0003966732874369,9.922016105359214e-05,0.0008932046222368,0.0062167920089693,0.0003974951721755,0.0105350981966056,0.858800393592437,-1.008258270087885,-1.016015113740981,"Branson999 full FCV matrix, w20_step10_hp030",FlyWire783 cell-level side-aware median_PostDCA_positive
328,ME_R,ME,508,ME,R,0,ME_R_328,201,ME_R,,,0,0,optic/lateral protocerebrum,31830,21836,2.238180104643225e-05,4.2627870090753246e-07,0.0002932789735983,4.2627870090753246e-07,-0.0003966732874369,9.922016105359214e-05,0.0008932046222368,0.0062167920089693,0.0003974951721755,0.0105350981966056,0.858800393592437,,,"Branson999 full FCV matrix, w20_step10_hp030",FlyWire783 cell-level side-aware median_PostDCA_positive
329,ME_R,ME,511,ME,R,0,ME_R_329,202,ME_R,0.2352740998734835,0.235278187515802,717,693,optic/lateral protocerebrum,31830,21836,2.238180104643225e-05,4.2627870090753246e-07,0.0002932789735983,4.2627870090753246e-07,-0.0003966732874369,9.922016105359214e-05,0.0008932046222368,0.0062167920089693,0.0003974951721755,0.0105350981966056,0.858800393592437,-0.4776763487267747,-0.4625270802933207,"Branson999 full FCV matrix, w20_step10_hp030",FlyWire783 cell-level side-aware median_PostDCA_positive
330,ME_R,ME,512,ME,R,0,ME_R_330,203,ME_R,0.23425090759815922,0.23425927540551203,717,693,optic/lateral protocerebrum,31830,21836,2.238180104643225e-05,4.2627870090753246e-07,0.0002932789735983,4.2627870090753246e-07,-0.0003966732874369,9.922016105359214e-05,0.0008932046222368,0.0062167920089693,0.0003974951721755,0.0105350981966056,0.858800393592437,-0.7339221579958614,-0.7199014409692055,"Branson999 full FCV matrix, w20_step10_hp030",FlyWire783 cell-level side-aware median_PostDCA_positive
331,ME_R,ME,507,ME,R,0,ME_R_331,204,ME_R,0.23496460753671128,0.23495140395856592,717,693,optic/lateral protocerebrum,31830,21836,2.238180104643225e-05,4.2627870090753246e-07,0.0002932789735983,4.2627870090753246e-07,-0.0003966732874369,9.922016105359214e-05,0.0008932046222368,0.0062167920089693,0.0003974951721755,0.0105350981966056,0.858800393592437,-0.555184864194841,-0.5450716965302335,"Branson999 full FCV matrix, w20_step10_hp030",FlyWire783 cell-level side-aware median_PostDCA_positive
332,ME_R,ME,509,ME,R,0,ME_R_332,205,ME_R,0.23340756840059032,0.2333940520773083,717,693,optic/lateral protocerebrum,31830,21836,2.238180104643225e-05,4.2627870090753246e-07,0.0002932789735983,4.2627870090753246e-07,-0.0003966732874369,9.922016105359214e-05,0.0008932046222368,0.0062167920089693,0.0003974951721755,0.0105350981966056,0.858800393592437,-0.9451259956136728,-0.9384544434209307,"Branson999 full FCV matrix, w20_step10_hp030",FlyWire783 cell-level side-aware median_PostDCA_positive
333,ME_R,ME,506,ME,R,0,ME_R_333,206,ME_R,0.23497800702825178,0.2350079079966511,717,693,optic/lateral protocerebrum,31830,21836,2.238180104643225e-05,4.2627870090753246e-07,0.0002932789735983,4.2627870090753246e-07,-0.0003966732874369,9.922016105359214e-05,0.0008932046222368,0.0062167920089693,0.0003974951721755,0.0105350981966056,0.858800393592437,-0.5518291278035538,-0.5307989339132085,"Branson999 full FCV matrix, w20_step10_hp030",FlyWire783 cell-level side-aware median_PostDCA_positive
334,ME_R,ME,510,ME,R,0,ME_R_334,207,ME_R,,,0,0,optic/lateral protocerebrum,31830,21836,2.238180104643225e-05,4.2627870090753246e-07,0.0002932789735983,4.2627870090753246e-07,-0.0003966732874369,9.922016105359214e-05,0.0008932046222368,0.0062167920089693,0.0003974951721755,0.0105350981966056,0.858800393592437,,,"Branson999 full FCV matrix, w20_step10_hp030",FlyWire783 cell-level side-aware median_PostDCA_positive
335,ME_R,ME,453,ME,R,0,ME_R_335,208,ME_R,,,0,0,optic/lateral protocerebrum,31830,21836,2.238180104643225e-05,4.2627870090753246e-07,0.0002932789735983,4.2627870090753246e-07,-0.0003966732874369,9.922016105359214e-05,0.0008932046222368,0.0062167920089693,0.0003974951721755,0.0105350981966056,0.858800393592437,,,"Branson999 full FCV matrix, w20_step10_hp030",FlyWire783 cell-level side-aware median_PostDCA_positive
336,ME_R,ME,452,ME,R,0,ME_R_336,209,ME_R,,,0,0,optic/lateral protocerebrum,31830,21836,2.238180104643225e-05,4.2627870090753246e-07,0.0002932789735983,4.2627870090753246e-07,-0.0003966732874369,9.922016105359214e-05,0.0008932046222368,0.0062167920089693,0.0003974951721755,0.0105350981966056,0.858800393592437,,,"Branson999 full FCV matrix, w20_step10_hp030",FlyWire783 cell-level side-aware median_PostDCA_positive
337,ME_R,ME,455,ME,R,0,ME_R_337,210,ME_R,,,0,0,optic/lateral protocerebrum,31830,21836,2.238180104643225e-05,4.2627870090753246e-07,0.0002932789735983,4.2627870090753246e-07,-0.0003966732874369,9.922016105359214e-05,0.0008932046222368,0.0062167920089693,0.0003974951721755,0.0105350981966056,0.858800393592437,,,"Branson999 full FCV matrix, w20_step10_hp030",FlyWire783 cell-level side-aware median_PostDCA_positive
338,ME_R,ME,451,ME,R,0,ME_R_338,211,ME_R,,,0,0,optic/lateral protocerebrum,31830,21836,2.238180104643225e-05,4.2627870090753246e-07,0.0002932789735983,4.2627870090753246e-07,-0.0003966732874369,9.922016105359214e-05,0.0008932046222368,0.0062167920089693,0.0003974951721755,0.0105350981966056,0.858800393592437,,,"Branson999 full FCV matrix, w20_step10_hp030",FlyWire783 cell-level side-aware median_PostDCA_positive
339,ME_R,ME,456,ME,R,0,ME_R_339,212,ME_R,,,0,0,optic/lateral protocerebrum,31830,21836,2.238180104643225e-05,4.2627870090753246e-07,0.0002932789735983,4.2627870090753246e-07,-0.0003966732874369,9.922016105359214e-05,0.0008932046222368,0.0062167920089693,0.0003974951721755,0.0105350981966056,0.858800393592437,,,"Branson999 full FCV matrix, w20_step10_hp030",FlyWire783 cell-level side-aware median_PostDCA_positive
340,ME_R,ME,450,ME,R,0,ME_R_340,213,ME_R,,,0,0,optic/lateral protocerebrum,31830,21836,2.238180104643225e-05,4.2627870090753246e-07,0.0002932789735983,4.2627870090753246e-07,-0.0003966732874369,9.922016105359214e-05,0.0008932046222368,0.0062167920089693,0.0003974951721755,0.0105350981966056,0.858800393592437,,,"Branson999 full FCV matrix, w20_step10_hp030",FlyWire783 cell-level side-aware median_PostDCA_positive
341,ME_R,ME,519,ME,R,0,ME_R_341,214,ME_R,,,0,0,optic/lateral protocerebrum,31830,21836,2.238180104643225e-05,4.2627870090753246e-07,0.0002932789735983,4.2627870090753246e-07,-0.0003966732874369,9.922016105359214e-05,0.0008932046222368,0.0062167920089693,0.0003974951721755,0.0105350981966056,0.858800393592437,,,"Branson999 full FCV matrix, w20_step10_hp030",FlyWire783 cell-level side-aware median_PostDCA_positive
342,ME_R,ME,522,ME,R,0,ME_R_342,215,ME_R,,,0,0,optic/lateral protocerebrum,31830,21836,2.238180104643225e-05,4.2627870090753246e-07,0.0002932789735983,4.2627870090753246e-07,-0.0003966732874369,9.922016105359214e-05,0.0008932046222368,0.0062167920089693,0.0003974951721755,0.0105350981966056,0.858800393592437,,,"Branson999 full FCV matrix, w20_step10_hp030",FlyWire783 cell-level side-aware median_PostDCA_positive
343,ME_R,ME,457,ME,R,0,ME_R_343,216,ME_R,,,0,0,optic/lateral protocerebrum,31830,21836,2.238180104643225e-05,4.2627870090753246e-07,0.0002932789735983,4.2627870090753246e-07,-0.0003966732874369,9.922016105359214e-05,0.0008932046222368,0.0062167920089693,0.0003974951721755,0.0105350981966056,0.858800393592437,,,"Branson999 full FCV matrix, w20_step10_hp030",FlyWire783 cell-level side-aware median_PostDCA_positive
344,ME_R,ME,518,ME,R,0,ME_R_344,217,ME_R,,,0,0,optic/lateral protocerebrum,31830,21836,2.238180104643225e-05,4.2627870090753246e-07,0.0002932789735983,4.2627870090753246e-07,-0.0003966732874369,9.922016105359214e-05,0.0008932046222368,0.0062167920089693,0.0003974951721755,0.0105350981966056,0.858800393592437,,,"Branson999 full FCV matrix, w20_step10_hp030",FlyWire783 cell-level side-aware median_PostDCA_positive
345,ME_R,ME,449,ME,R,0,ME_R_345,218,ME_R,,,0,0,optic/lateral protocerebrum,31830,21836,2.238180104643225e-05,4.2627870090753246e-07,0.0002932789735983,4.2627870090753246e-07,-0.0003966732874369,9.922016105359214e-05,0.0008932046222368,0.0062167920089693,0.0003974951721755,0.0105350981966056,0.858800393592437,,,"Branson999 full FCV matrix, w20_step10_hp030",FlyWire783 cell-level side-aware median_PostDCA_positive
346,ME_R,ME,529,ME,R,0,ME_R_346,219,ME_R,,,0,0,optic/lateral protocerebrum,31830,21836,2.238180104643225e-05,4.2627870090753246e-07,0.0002932789735983,4.2627870090753246e-07,-0.0003966732874369,9.922016105359214e-05,0.0008932046222368,0.0062167920089693,0.0003974951721755,0.0105350981966056,0.858800393592437,,,"Branson999 full FCV matrix, w20_step10_hp030",FlyWire783 cell-level side-aware median_PostDCA_positive
347,ME_R,ME,458,ME,R,0,ME_R_347,220,ME_R,,,0,0,optic/lateral protocerebrum,31830,21836,2.238180104643225e-05,4.2627870090753246e-07,0.0002932789735983,4.2627870090753246e-07,-0.0003966732874369,9.922016105359214e-05,0.0008932046222368,0.0062167920089693,0.0003974951721755,0.0105350981966056,0.858800393592437,,,"Branson999 full FCV matrix, w20_step10_hp030",FlyWire783 cell-level side-aware median_PostDCA_positive
348,ME_R,ME,521,ME,R,0,ME_R_348,221,ME_R,,,0,0,optic/lateral protocerebrum,31830,21836,2.238180104643225e-05,4.2627870090753246e-07,0.0002932789735983,4.2627870090753246e-07,-0.0003966732874369,9.922016105359214e-05,0.0008932046222368,0.0062167920089693,0.0003974951721755,0.0105350981966056,0.858800393592437,,,"Branson999 full FCV matrix, w20_step10_hp030",FlyWire783 cell-level side-aware median_PostDCA_positive
349,ME_R,ME,448,ME,R,0,ME_R_349,222,ME_R,,,0,0,optic/lateral protocerebrum,31830,21836,2.238180104643225e-05,4.2627870090753246e-07,0.0002932789735983,4.2627870090753246e-07,-0.0003966732874369,9.922016105359214e-05,0.0008932046222368,0.0062167920089693,0.0003974951721755,0.0105350981966056,0.858800393592437,,,"Branson999 full FCV matrix, w20_step10_hp030",FlyWire783 cell-level side-aware median_PostDCA_positive
350,ME_R,ME,517,ME,R,0,ME_R_350,223,ME_R,,,0,0,optic/lateral protocerebrum,31830,21836,2.238180104643225e-05,4.2627870090753246e-07,0.0002932789735983,4.2627870090753246e-07,-0.0003966732874369,9.922016105359214e-05,0.0008932046222368,0.0062167920089693,0.0003974951721755,0.0105350981966056,0.858800393592437,,,"Branson999 full FCV matrix, w20_step10_hp030",FlyWire783 cell-level side-aware median_PostDCA_positive
351,ME_R,ME,459,ME,R,0,ME_R_351,224,ME_R,,,0,0,optic/lateral protocerebrum,31830,21836,2.238180104643225e-05,4.2627870090753246e-07,0.0002932789735983,4.2627870090753246e-07,-0.0003966732874369,9.922016105359214e-05,0.0008932046222368,0.0062167920089693,0.0003974951721755,0.0105350981966056,0.858800393592437,,,"Branson999 full FCV matrix, w20_step10_hp030",FlyWire783 cell-level side-aware median_PostDCA_positive
352,ME_R,ME,447,ME,R,0,ME_R_352,225,ME_R,,,0,0,optic/lateral protocerebrum,31830,21836,2.238180104643225e-05,4.2627870090753246e-07,0.0002932789735983,4.2627870090753246e-07,-0.0003966732874369,9.922016105359214e-05,0.0008932046222368,0.0062167920089693,0.0003974951721755,0.0105350981966056,0.858800393592437,,,"Branson999 full FCV matrix, w20_step10_hp030",FlyWire783 cell-level side-aware median_PostDCA_positive
353,ME_R,ME,460,ME,R,0,ME_R_353,226,ME_R,,,0,0,optic/lateral protocerebrum,31830,21836,2.238180104643225e-05,4.2627870090753246e-07,0.0002932789735983,4.2627870090753246e-07,-0.0003966732874369,9.922016105359214e-05,0.0008932046222368,0.0062167920089693,0.0003974951721755,0.0105350981966056,0.858800393592437,,,"Branson999 full FCV matrix, w20_step10_hp030",FlyWire783 cell-level side-aware median_PostDCA_positive
354,ME_R,ME,446,ME,R,0,ME_R_354,227,ME_R,,,0,0,optic/lateral protocerebrum,31830,21836,2.238180104643225e-05,4.2627870090753246e-07,0.0002932789735983,4.2627870090753246e-07,-0.0003966732874369,9.922016105359214e-05,0.0008932046222368,0.0062167920089693,0.0003974951721755,0.0105350981966056,0.858800393592437,,,"Branson999 full FCV matrix, w20_step10_hp030",FlyWire783 cell-level side-aware median_PostDCA_positive
355,ME_R,ME,461,ME,R,0,ME_R_355,228,ME_R,,,0,0,optic/lateral protocerebrum,31830,21836,2.238180104643225e-05,4.2627870090753246e-07,0.0002932789735983,4.2627870090753246e-07,-0.0003966732874369,9.922016105359214e-05,0.0008932046222368,0.0062167920089693,0.0003974951721755,0.0105350981966056,0.858800393592437,,,"Branson999 full FCV matrix, w20_step10_hp030",FlyWire783 cell-level side-aware median_PostDCA_positive
356,ME_R,ME,445,ME,R,0,ME_R_356,229,ME_R,,,0,0,optic/lateral protocerebrum,31830,21836,2.238180104643225e-05,4.2627870090753246e-07,0.0002932789735983,4.2627870090753246e-07,-0.0003966732874369,9.922016105359214e-05,0.0008932046222368,0.0062167920089693,0.0003974951721755,0.0105350981966056,0.858800393592437,,,"Branson999 full FCV matrix, w20_step10_hp030",FlyWire783 cell-level side-aware median_PostDCA_positive
357,ME_R,ME,462,ME,R,0,ME_R_357,230,ME_R,,,0,0,optic/lateral protocerebrum,31830,21836,2.238180104643225e-05,4.2627870090753246e-07,0.0002932789735983,4.2627870090753246e-07,-0.0003966732874369,9.922016105359214e-05,0.0008932046222368,0.0062167920089693,0.0003974951721755,0.0105350981966056,0.858800393592437,,,"Branson999 full FCV matrix, w20_step10_hp030",FlyWire783 cell-level side-aware median_PostDCA_positive
358,ME_R,ME,444,ME,R,0,ME_R_358,231,ME_R,,,0,0,optic/lateral protocerebrum,31830,21836,2.238180104643225e-05,4.2627870090753246e-07,0.0002932789735983,4.2627870090753246e-07,-0.0003966732874369,9.922016105359214e-05,0.0008932046222368,0.0062167920089693,0.0003974951721755,0.0105350981966056,0.858800393592437,,,"Branson999 full FCV matrix, w20_step10_hp030",FlyWire783 cell-level side-aware median_PostDCA_positive
359,ME_R,ME,463,ME,R,0,ME_R_359,232,ME_R,,,0,0,optic/lateral protocerebrum,31830,21836,2.238180104643225e-05,4.2627870090753246e-07,0.0002932789735983,4.2627870090753246e-07,-0.0003966732874369,9.922016105359214e-05,0.0008932046222368,0.0062167920089693,0.0003974951721755,0.0105350981966056,0.858800393592437,,,"Branson999 full FCV matrix, w20_step10_hp030",FlyWire783 cell-level side-aware median_PostDCA_positive
360,ME_R,ME,443,ME,R,0,ME_R_360,233,ME_R,,,0,0,optic/lateral protocerebrum,31830,21836,2.238180104643225e-05,4.2627870090753246e-07,0.0002932789735983,4.2627870090753246e-07,-0.0003966732874369,9.922016105359214e-05,0.0008932046222368,0.0062167920089693,0.0003974951721755,0.0105350981966056,0.858800393592437,,,"Branson999 full FCV matrix, w20_step10_hp030",FlyWire783 cell-level side-aware median_PostDCA_positive
361,ME_R,ME,464,ME,R,0,ME_R_361,234,ME_R,,,0,0,optic/lateral protocerebrum,31830,21836,2.238180104643225e-05,4.2627870090753246e-07,0.0002932789735983,4.2627870090753246e-07,-0.0003966732874369,9.922016105359214e-05,0.0008932046222368,0.0062167920089693,0.0003974951721755,0.0105350981966056,0.858800393592437,,,"Branson999 full FCV matrix, w20_step10_hp030",FlyWire783 cell-level side-aware median_PostDCA_positive
362,ME_R,ME,442,ME,R,0,ME_R_362,235,ME_R,0.23231398630359537,0.23236795489201054,717,693,optic/lateral protocerebrum,31830,21836,2.238180104643225e-05,4.2627870090753246e-07,0.0002932789735983,4.2627870090753246e-07,-0.0003966732874369,9.922016105359214e-05,0.0008932046222368,0.0062167920089693,0.0003974951721755,0.0105350981966056,0.858800393592437,-1.2190000623015265,-1.1976437340283157,"Branson999 full FCV matrix, w20_step10_hp030",FlyWire783 cell-level side-aware median_PostDCA_positive
363,ME_R,ME,465,ME,R,0,ME_R_363,236,ME_R,0.22947376118661286,0.22951010876572792,714,690,optic/lateral protocerebrum,31830,21836,2.238180104643225e-05,4.2627870090753246e-07,0.0002932789735983,4.2627870090753246e-07,-0.0003966732874369,9.922016105359214e-05,0.0008932046222368,0.0062167920089693,0.0003974951721755,0.0105350981966056,0.858800393592437,-1.9302992004590314,-1.9195277044256347,"Branson999 full FCV matrix, w20_step10_hp030",FlyWire783 cell-level side-aware median_PostDCA_positive
364,ME_R,ME,441,ME,R,0,ME_R_364,237,ME_R,,,0,0,optic/lateral protocerebrum,31830,21836,2.238180104643225e-05,4.2627870090753246e-07,0.0002932789735983,4.2627870090753246e-07,-0.0003966732874369,9.922016105359214e-05,0.0008932046222368,0.0062167920089693,0.0003974951721755,0.0105350981966056,0.858800393592437,,,"Branson999 full FCV matrix, w20_step10_hp030",FlyWire783 cell-level side-aware median_PostDCA_positive
365,ME_R,ME,466,ME,R,0,ME_R_365,238,ME_R,,,0,0,optic/lateral protocerebrum,31830,21836,2.238180104643225e-05,4.2627870090753246e-07,0.0002932789735983,4.2627870090753246e-07,-0.0003966732874369,9.922016105359214e-05,0.0008932046222368,0.0062167920089693,0.0003974951721755,0.0105350981966056,0.858800393592437,,,"Branson999 full FCV matrix, w20_step10_hp030",FlyWire783 cell-level side-aware median_PostDCA_positive
366,ME_R,ME,440,ME,R,0,ME_R_366,239,ME_R,,,0,0,optic/lateral protocerebrum,31830,21836,2.238180104643225e-05,4.2627870090753246e-07,0.0002932789735983,4.2627870090753246e-07,-0.0003966732874369,9.922016105359214e-05,0.0008932046222368,0.0062167920089693,0.0003974951721755,0.0105350981966056,0.858800393592437,,,"Branson999 full FCV matrix, w20_step10_hp030",FlyWire783 cell-level side-aware median_PostDCA_positive
367,ME_R,ME,467,ME,R,0,ME_R_367,240,ME_R,,,0,0,optic/lateral protocerebrum,31830,21836,2.238180104643225e-05,4.2627870090753246e-07,0.0002932789735983,4.2627870090753246e-07,-0.0003966732874369,9.922016105359214e-05,0.0008932046222368,0.0062167920089693,0.0003974951721755,0.0105350981966056,0.858800393592437,,,"Branson999 full FCV matrix, w20_step10_hp030",FlyWire783 cell-level side-aware median_PostDCA_positive
368,ME_R,ME,526,ME,R,0,ME_R_368,241,ME_R,,,0,0,optic/lateral protocerebrum,31830,21836,2.238180104643225e-05,4.2627870090753246e-07,0.0002932789735983,4.2627870090753246e-07,-0.0003966732874369,9.922016105359214e-05,0.0008932046222368,0.0062167920089693,0.0003974951721755,0.0105350981966056,0.858800393592437,,,"Branson999 full FCV matrix, w20_step10_hp030",FlyWire783 cell-level side-aware median_PostDCA_positive
369,ME_R,ME,514,ME,R,0,ME_R_369,242,ME_R,,,0,0,optic/lateral protocerebrum,31830,21836,2.238180104643225e-05,4.2627870090753246e-07,0.0002932789735983,4.2627870090753246e-07,-0.0003966732874369,9.922016105359214e-05,0.0008932046222368,0.0062167920089693,0.0003974951721755,0.0105350981966056,0.858800393592437,,,"Branson999 full FCV matrix, w20_step10_hp030",FlyWire783 cell-level side-aware median_PostDCA_positive
370,ME_R,ME,520,ME,R,0,ME_R_370,243,ME_R,,,0,0,optic/lateral protocerebrum,31830,21836,2.238180104643225e-05,4.2627870090753246e-07,0.0002932789735983,4.2627870090753246e-07,-0.0003966732874369,9.922016105359214e-05,0.0008932046222368,0.0062167920089693,0.0003974951721755,0.0105350981966056,0.858800393592437,,,"Branson999 full FCV matrix, w20_step10_hp030",FlyWire783 cell-level side-aware median_PostDCA_positive
371,ME_R,ME,524,ME,R,0,ME_R_371,244,ME_R,0.2333971344827229,0.2334249601514536,717,693,optic/lateral protocerebrum,31830,21836,2.238180104643225e-05,4.2627870090753246e-07,0.0002932789735983,4.2627870090753246e-07,-0.0003966732874369,9.922016105359214e-05,0.0008932046222368,0.0062167920089693,0.0003974951721755,0.0105350981966056,0.858800393592437,-0.9477390408762929,-0.9306471499924477,"Branson999 full FCV matrix, w20_step10_hp030",FlyWire783 cell-level side-aware median_PostDCA_positive
372,ME_R,ME,525,ME,R,0,ME_R_372,245,ME_R,,,0,0,optic/lateral protocerebrum,31830,21836,2.238180104643225e-05,4.2627870090753246e-07,0.0002932789735983,4.2627870090753246e-07,-0.0003966732874369,9.922016105359214e-05,0.0008932046222368,0.0062167920089693,0.0003974951721755,0.0105350981966056,0.858800393592437,,,"Branson999 full FCV matrix, w20_step10_hp030",FlyWire783 cell-level side-aware median_PostDCA_positive
373,ME_R,ME,439,ME,R,0,ME_R_373,246,ME_R,0.2318090008137757,0.2318115413729312,716,692,optic/lateral protocerebrum,31830,21836,2.238180104643225e-05,4.2627870090753246e-07,0.0002932789735983,4.2627870090753246e-07,-0.0003966732874369,9.922016105359214e-05,0.0008932046222368,0.0062167920089693,0.0003974951721755,0.0105350981966056,0.858800393592437,-1.3454674122108854,-1.338192238946672,"Branson999 full FCV matrix, w20_step10_hp030",FlyWire783 cell-level side-aware median_PostDCA_positive
374,ME_R,ME,501,ME,R,0,ME_R_374,247,ME_R,,,0,0,optic/lateral protocerebrum,31830,21836,2.238180104643225e-05,4.2627870090753246e-07,0.0002932789735983,4.2627870090753246e-07,-0.0003966732874369,9.922016105359214e-05,0.0008932046222368,0.0062167920089693,0.0003974951721755,0.0105350981966056,0.858800393592437,,,"Branson999 full FCV matrix, w20_step10_hp030",FlyWire783 cell-level side-aware median_PostDCA_positive
375,ME_R,ME,504,ME,R,0,ME_R_375,248,ME_R,,,0,0,optic/lateral protocerebrum,31830,21836,2.238180104643225e-05,4.2627870090753246e-07,0.0002932789735983,4.2627870090753246e-07,-0.0003966732874369,9.922016105359214e-05,0.0008932046222368,0.0062167920089693,0.0003974951721755,0.0105350981966056,0.858800393592437,,,"Branson999 full FCV matrix, w20_step10_hp030",FlyWire783 cell-level side-aware median_PostDCA_positive
376,ME_R,ME,468,ME,R,0,ME_R_376,249,ME_R,,,0,0,optic/lateral protocerebrum,31830,21836,2.238180104643225e-05,4.2627870090753246e-07,0.0002932789735983,4.2627870090753246e-07,-0.0003966732874369,9.922016105359214e-05,0.0008932046222368,0.0062167920089693,0.0003974951721755,0.0105350981966056,0.858800393592437,,,"Branson999 full FCV matrix, w20_step10_hp030",FlyWire783 cell-level side-aware median_PostDCA_positive
377,ME_R,ME,500,ME,R,0,ME_R_377,250,ME_R,,,0,0,optic/lateral protocerebrum,31830,21836,2.238180104643225e-05,4.2627870090753246e-07,0.0002932789735983,4.2627870090753246e-07,-0.0003966732874369,9.922016105359214e-05,0.0008932046222368,0.0062167920089693,0.0003974951721755,0.0105350981966056,0.858800393592437,,,"Branson999 full FCV matrix, w20_step10_hp030",FlyWire783 cell-level side-aware median_PostDCA_positive
378,ME_R,ME,505,ME,R,0,ME_R_378,251,ME_R,,,0,0,optic/lateral protocerebrum,31830,21836,2.238180104643225e-05,4.2627870090753246e-07,0.0002932789735983,4.2627870090753246e-07,-0.0003966732874369,9.922016105359214e-05,0.0008932046222368,0.0062167920089693,0.0003974951721755,0.0105350981966056,0.858800393592437,,,"Branson999 full FCV matrix, w20_step10_hp030",FlyWire783 cell-level side-aware median_PostDCA_positive
379,ME_R,ME,503,ME,R,0,ME_R_379,252,ME_R,,,0,0,optic/lateral protocerebrum,31830,21836,2.238180104643225e-05,4.2627870090753246e-07,0.0002932789735983,4.2627870090753246e-07,-0.0003966732874369,9.922016105359214e-05,0.0008932046222368,0.0062167920089693,0.0003974951721755,0.0105350981966056,0.858800393592437,,,"Branson999 full FCV matrix, w20_step10_hp030",FlyWire783 cell-level side-aware median_PostDCA_positive
380,ME_R,ME,502,ME,R,0,ME_R_380,253,ME_R,,,0,0,optic/lateral protocerebrum,31830,21836,2.238180104643225e-05,4.2627870090753246e-07,0.0002932789735983,4.2627870090753246e-07,-0.0003966732874369,9.922016105359214e-05,0.0008932046222368,0.0062167920089693,0.0003974951721755,0.0105350981966056,0.858800393592437,,,"Branson999 full FCV matrix, w20_step10_hp030",FlyWire783 cell-level side-aware median_PostDCA_positive
381,ME_R,ME,527,ME,R,0,ME_R_381,254,ME_R,,,0,0,optic/lateral protocerebrum,31830,21836,2.238180104643225e-05,4.2627870090753246e-07,0.0002932789735983,4.2627870090753246e-07,-0.0003966732874369,9.922016105359214e-05,0.0008932046222368,0.0062167920089693,0.0003974951721755,0.0105350981966056,0.858800393592437,,,"Branson999 full FCV matrix, w20_step10_hp030",FlyWire783 cell-level side-aware median_PostDCA_positive
382,ME_R,ME,438,ME,R,0,ME_R_382,255,ME_R,0.23035095836723518,0.2303291302225637,714,691,optic/lateral protocerebrum,31830,21836,2.238180104643225e-05,4.2627870090753246e-07,0.0002932789735983,4.2627870090753246e-07,-0.0003966732874369,9.922016105359214e-05,0.0008932046222368,0.0062167920089693,0.0003974951721755,0.0105350981966056,0.858800393592437,-1.7106160511058066,-1.7126451659769042,"Branson999 full FCV matrix, w20_step10_hp030",FlyWire783 cell-level side-aware median_PostDCA_positive
383,ME_R,ME,469,ME,R,0,ME_R_383,256,ME_R,,,0,0,optic/lateral protocerebrum,31830,21836,2.238180104643225e-05,4.2627870090753246e-07,0.0002932789735983,4.2627870090753246e-07,-0.0003966732874369,9.922016105359214e-05,0.0008932046222368,0.0062167920089693,0.0003974951721755,0.0105350981966056,0.858800393592437,,,"Branson999 full FCV matrix, w20_step10_hp030",FlyWire783 cell-level side-aware median_PostDCA_positive
384,ME_R,ME,437,ME,R,0,ME_R_384,257,ME_R,,,0,0,optic/lateral protocerebrum,31830,21836,2.238180104643225e-05,4.2627870090753246e-07,0.0002932789735983,4.2627870090753246e-07,-0.0003966732874369,9.922016105359214e-05,0.0008932046222368,0.0062167920089693,0.0003974951721755,0.0105350981966056,0.858800393592437,,,"Branson999 full FCV matrix, w20_step10_hp030",FlyWire783 cell-level side-aware median_PostDCA_positive
385,ME_R,ME,515,ME,R,0,ME_R_385,258,ME_R,0.228896375708193,0.22892893485986873,716,692,optic/lateral protocerebrum,31830,21836,2.238180104643225e-05,4.2627870090753246e-07,0.0002932789735983,4.2627870090753246e-07,-0.0003966732874369,9.922016105359214e-05,0.0008932046222368,0.0062167920089693,0.0003974951721755,0.0105350981966056,0.858800393592437,-2.074898229151884,-2.0663306140695723,"Branson999 full FCV matrix, w20_step10_hp030",FlyWire783 cell-level side-aware median_PostDCA_positive
386,ME_R,ME,470,ME,R,0,ME_R_386,259,ME_R,,,0,0,optic/lateral protocerebrum,31830,21836,2.238180104643225e-05,4.2627870090753246e-07,0.0002932789735983,4.2627870090753246e-07,-0.0003966732874369,9.922016105359214e-05,0.0008932046222368,0.0062167920089693,0.0003974951721755,0.0105350981966056,0.858800393592437,,,"Branson999 full FCV matrix, w20_step10_hp030",FlyWire783 cell-level side-aware median_PostDCA_positive
387,ME_R,ME,436,ME,R,0,ME_R_387,260,ME_R,,,0,0,optic/lateral protocerebrum,31830,21836,2.238180104643225e-05,4.2627870090753246e-07,0.0002932789735983,4.2627870090753246e-07,-0.0003966732874369,9.922016105359214e-05,0.0008932046222368,0.0062167920089693,0.0003974951721755,0.0105350981966056,0.858800393592437,,,"Branson999 full FCV matrix, w20_step10_hp030",FlyWire783 cell-level side-aware median_PostDCA_positive
388,ME_R,ME,523,ME,R,0,ME_R_388,261,ME_R,,,0,0,optic/lateral protocerebrum,31830,21836,2.238180104643225e-05,4.2627870090753246e-07,0.0002932789735983,4.2627870090753246e-07,-0.0003966732874369,9.922016105359214e-05,0.0008932046222368,0.0062167920089693,0.0003974951721755,0.0105350981966056,0.858800393592437,,,"Branson999 full FCV matrix, w20_step10_hp030",FlyWire783 cell-level side-aware median_PostDCA_positive
389,ME_R,ME,471,ME,R,0,ME_R_389,262,ME_R,,,0,0,optic/lateral protocerebrum,31830,21836,2.238180104643225e-05,4.2627870090753246e-07,0.0002932789735983,4.2627870090753246e-07,-0.0003966732874369,9.922016105359214e-05,0.0008932046222368,0.0062167920089693,0.0003974951721755,0.0105350981966056,0.858800393592437,,,"Branson999 full FCV matrix, w20_step10_hp030",FlyWire783 cell-level side-aware median_PostDCA_positive
390,ME_R,ME,435,ME,R,0,ME_R_390,263,ME_R,0.22863397778920297,0.22859059425028788,717,693,optic/lateral protocerebrum,31830,21836,2.238180104643225e-05,4.2627870090753246e-07,0.0002932789735983,4.2627870090753246e-07,-0.0003966732874369,9.922016105359214e-05,0.0008932046222368,0.0062167920089693,0.0003974951721755,0.0105350981966056,0.858800393592437,-2.1406125320484857,-2.1517945095342927,"Branson999 full FCV matrix, w20_step10_hp030",FlyWire783 cell-level side-aware median_PostDCA_positive
391,ME_R,ME,472,ME,R,0,ME_R_391,264,ME_R,,,0,0,optic/lateral protocerebrum,31830,21836,2.238180104643225e-05,4.2627870090753246e-07,0.0002932789735983,4.2627870090753246e-07,-0.0003966732874369,9.922016105359214e-05,0.0008932046222368,0.0062167920089693,0.0003974951721755,0.0105350981966056,0.858800393592437,,,"Branson999 full FCV matrix, w20_step10_hp030",FlyWire783 cell-level side-aware median_PostDCA_positive
392,ME_R,ME,434,ME,R,0,ME_R_392,265,ME_R,,,0,0,optic/lateral protocerebrum,31830,21836,2.238180104643225e-05,4.2627870090753246e-07,0.0002932789735983,4.2627870090753246e-07,-0.0003966732874369,9.922016105359214e-05,0.0008932046222368,0.0062167920089693,0.0003974951721755,0.0105350981966056,0.858800393592437,,,"Branson999 full FCV matrix, w20_step10_hp030",FlyWire783 cell-level side-aware median_PostDCA_positive
393,ME_R,ME,473,ME,R,0,ME_R_393,266,ME_R,,,0,0,optic/lateral protocerebrum,31830,21836,2.238180104643225e-05,4.2627870090753246e-07,0.0002932789735983,4.2627870090753246e-07,-0.0003966732874369,9.922016105359214e-05,0.0008932046222368,0.0062167920089693,0.0003974951721755,0.0105350981966056,0.858800393592437,,,"Branson999 full FCV matrix, w20_step10_hp030",FlyWire783 cell-level side-aware median_PostDCA_positive
394,ME_R,ME,433,ME,R,0,ME_R_394,267,ME_R,,,0,0,optic/lateral protocerebrum,31830,21836,2.238180104643225e-05,4.2627870090753246e-07,0.0002932789735983,4.2627870090753246e-07,-0.0003966732874369,9.922016105359214e-05,0.0008932046222368,0.0062167920089693,0.0003974951721755,0.0105350981966056,0.858800393592437,,,"Branson999 full FCV matrix, w20_step10_hp030",FlyWire783 cell-level side-aware median_PostDCA_positive
395,ME_R,ME,513,ME,R,0,ME_R_395,268,ME_R,,,0,0,optic/lateral protocerebrum,31830,21836,2.238180104643225e-05,4.2627870090753246e-07,0.0002932789735983,4.2627870090753246e-07,-0.0003966732874369,9.922016105359214e-05,0.0008932046222368,0.0062167920089693,0.0003974951721755,0.0105350981966056,0.858800393592437,,,"Branson999 full FCV matrix, w20_step10_hp030",FlyWire783 cell-level side-aware median_PostDCA_positive
396,ME_R,ME,474,ME,R,0,ME_R_396,269,ME_R,,,0,0,optic/lateral protocerebrum,31830,21836,2.238180104643225e-05,4.2627870090753246e-07,0.0002932789735983,4.2627870090753246e-07,-0.0003966732874369,9.922016105359214e-05,0.0008932046222368,0.0062167920089693,0.0003974951721755,0.0105350981966056,0.858800393592437,,,"Branson999 full FCV matrix, w20_step10_hp030",FlyWire783 cell-level side-aware median_PostDCA_positive
397,ME_R,ME,432,ME,R,0,ME_R_397,270,ME_R,,,0,0,optic/lateral protocerebrum,31830,21836,2.238180104643225e-05,4.2627870090753246e-07,0.0002932789735983,4.2627870090753246e-07,-0.0003966732874369,9.922016105359214e-05,0.0008932046222368,0.0062167920089693,0.0003974951721755,0.0105350981966056,0.858800393592437,,,"Branson999 full FCV matrix, w20_step10_hp030",FlyWire783 cell-level side-aware median_PostDCA_positive
398,ME_R,ME,475,ME,R,0,ME_R_398,271,ME_R,0.22852352188786393,0.2284999726251334,717,693,optic/lateral protocerebrum,31830,21836,2.238180104643225e-05,4.2627870090753246e-07,0.0002932789735983,4.2627870090753246e-07,-0.0003966732874369,9.922016105359214e-05,0.0008932046222368,0.0062167920089693,0.0003974951721755,0.0105350981966056,0.858800393592437,-2.168274841967898,-2.1746852796036595,"Branson999 full FCV matrix, w20_step10_hp030",FlyWire783 cell-level side-aware median_PostDCA_positive
399,ME_R,ME,431,ME,R,0,ME_R_399,272,ME_R,,,0,0,optic/lateral protocerebrum,31830,21836,2.238180104643225e-05,4.2627870090753246e-07,0.0002932789735983,4.2627870090753246e-07,-0.0003966732874369,9.922016105359214e-05,0.0008932046222368,0.0062167920089693,0.0003974951721755,0.0105350981966056,0.858800393592437,,,"Branson999 full FCV matrix, w20_step10_hp030",FlyWire783 cell-level side-aware median_PostDCA_positive
400,ME_R,ME,476,ME,R,0,ME_R_400,273,ME_R,,,0,0,optic/lateral protocerebrum,31830,21836,2.238180104643225e-05,4.2627870090753246e-07,0.0002932789735983,4.2627870090753246e-07,-0.0003966732874369,9.922016105359214e-05,0.0008932046222368,0.0062167920089693,0.0003974951721755,0.0105350981966056,0.858800393592437,,,"Branson999 full FCV matrix, w20_step10_hp030",FlyWire783 cell-level side-aware median_PostDCA_positive
401,ME_R,ME,430,ME,R,0,ME_R_401,274,ME_R,,,0,0,optic/lateral protocerebrum,31830,21836,2.238180104643225e-05,4.2627870090753246e-07,0.0002932789735983,4.2627870090753246e-07,-0.0003966732874369,9.922016105359214e-05,0.0008932046222368,0.0062167920089693,0.0003974951721755,0.0105350981966056,0.858800393592437,,,"Branson999 full FCV matrix, w20_step10_hp030",FlyWire783 cell-level side-aware median_PostDCA_positive
402,ME_R,ME,477,ME,R,0,ME_R_402,275,ME_R,,,0,0,optic/lateral protocerebrum,31830,21836,2.238180104643225e-05,4.2627870090753246e-07,0.0002932789735983,4.2627870090753246e-07,-0.0003966732874369,9.922016105359214e-05,0.0008932046222368,0.0062167920089693,0.0003974951721755,0.0105350981966056,0.858800393592437,,,"Branson999 full FCV matrix, w20_step10_hp030",FlyWire783 cell-level side-aware median_PostDCA_positive
403,ME_R,ME,429,ME,R,0,ME_R_403,276,ME_R,,,0,0,optic/lateral protocerebrum,31830,21836,2.238180104643225e-05,4.2627870090753246e-07,0.0002932789735983,4.2627870090753246e-07,-0.0003966732874369,9.922016105359214e-05,0.0008932046222368,0.0062167920089693,0.0003974951721755,0.0105350981966056,0.858800393592437,,,"Branson999 full FCV matrix, w20_step10_hp030",FlyWire783 cell-level side-aware median_PostDCA_positive
404,ME_R,ME,478,ME,R,0,ME_R_404,277,ME_R,,,0,0,optic/lateral protocerebrum,31830,21836,2.238180104643225e-05,4.2627870090753246e-07,0.0002932789735983,4.2627870090753246e-07,-0.0003966732874369,9.922016105359214e-05,0.0008932046222368,0.0062167920089693,0.0003974951721755,0.0105350981966056,0.858800393592437,,,"Branson999 full FCV matrix, w20_step10_hp030",FlyWire783 cell-level side-aware median_PostDCA_positive
405,ME_R,ME,428,ME,R,0,ME_R_405,278,ME_R,,,0,0,optic/lateral protocerebrum,31830,21836,2.238180104643225e-05,4.2627870090753246e-07,0.0002932789735983,4.2627870090753246e-07,-0.0003966732874369,9.922016105359214e-05,0.0008932046222368,0.0062167920089693,0.0003974951721755,0.0105350981966056,0.858800393592437,,,"Branson999 full FCV matrix, w20_step10_hp030",FlyWire783 cell-level side-aware median_PostDCA_positive
406,ME_R,ME,479,ME,R,0,ME_R_406,279,ME_R,,,0,0,optic/lateral protocerebrum,31830,21836,2.238180104643225e-05,4.2627870090753246e-07,0.0002932789735983,4.2627870090753246e-07,-0.0003966732874369,9.922016105359214e-05,0.0008932046222368,0.0062167920089693,0.0003974951721755,0.0105350981966056,0.858800393592437,,,"Branson999 full FCV matrix, w20_step10_hp030",FlyWire783 cell-level side-aware median_PostDCA_positive
407,ME_R,ME,427,ME,R,0,ME_R_407,280,ME_R,,,0,0,optic/lateral protocerebrum,31830,21836,2.238180104643225e-05,4.2627870090753246e-07,0.0002932789735983,4.2627870090753246e-07,-0.0003966732874369,9.922016105359214e-05,0.0008932046222368,0.0062167920089693,0.0003974951721755,0.0105350981966056,0.858800393592437,,,"Branson999 full FCV matrix, w20_step10_hp030",FlyWire783 cell-level side-aware median_PostDCA_positive
408,ME_R,ME,480,ME,R,0,ME_R_408,281,ME_R,,,0,0,optic/lateral protocerebrum,31830,21836,2.238180104643225e-05,4.2627870090753246e-07,0.0002932789735983,4.2627870090753246e-07,-0.0003966732874369,9.922016105359214e-05,0.0008932046222368,0.0062167920089693,0.0003974951721755,0.0105350981966056,0.858800393592437,,,"Branson999 full FCV matrix, w20_step10_hp030",FlyWire783 cell-level side-aware median_PostDCA_positive
409,ME_R,ME,426,ME,R,0,ME_R_409,282,ME_R,,,0,0,optic/lateral protocerebrum,31830,21836,2.238180104643225e-05,4.2627870090753246e-07,0.0002932789735983,4.2627870090753246e-07,-0.0003966732874369,9.922016105359214e-05,0.0008932046222368,0.0062167920089693,0.0003974951721755,0.0105350981966056,0.858800393592437,,,"Branson999 full FCV matrix, w20_step10_hp030",FlyWire783 cell-level side-aware median_PostDCA_positive
410,ME_R,ME,481,ME,R,0,ME_R_410,283,ME_R,,,0,0,optic/lateral protocerebrum,31830,21836,2.238180104643225e-05,4.2627870090753246e-07,0.0002932789735983,4.2627870090753246e-07,-0.0003966732874369,9.922016105359214e-05,0.0008932046222368,0.0062167920089693,0.0003974951721755,0.0105350981966056,0.858800393592437,,,"Branson999 full FCV matrix, w20_step10_hp030",FlyWire783 cell-level side-aware median_PostDCA_positive
411,ME_R,ME,528,ME,R,0,ME_R_411,284,ME_R,,,0,0,optic/lateral protocerebrum,31830,21836,2.238180104643225e-05,4.2627870090753246e-07,0.0002932789735983,4.2627870090753246e-07,-0.0003966732874369,9.922016105359214e-05,0.0008932046222368,0.0062167920089693,0.0003974951721755,0.0105350981966056,0.858800393592437,,,"Branson999 full FCV matrix, w20_step10_hp030",FlyWire783 cell-level side-aware median_PostDCA_positive
412,ME_R,ME,425,ME,R,0,ME_R_412,285,ME_R,,,0,0,optic/lateral protocerebrum,31830,21836,2.238180104643225e-05,4.2627870090753246e-07,0.0002932789735983,4.2627870090753246e-07,-0.0003966732874369,9.922016105359214e-05,0.0008932046222368,0.0062167920089693,0.0003974951721755,0.0105350981966056,0.858800393592437,,,"Branson999 full FCV matrix, w20_step10_hp030",FlyWire783 cell-level side-aware median_PostDCA_positive
413,ME_R,ME,482,ME,R,0,ME_R_413,286,ME_R,,,0,0,optic/lateral protocerebrum,31830,21836,2.238180104643225e-05,4.2627870090753246e-07,0.0002932789735983,4.2627870090753246e-07,-0.0003966732874369,9.922016105359214e-05,0.0008932046222368,0.0062167920089693,0.0003974951721755,0.0105350981966056,0.858800393592437,,,"Branson999 full FCV matrix, w20_step10_hp030",FlyWire783 cell-level side-aware median_PostDCA_positive
414,ME_R,ME,424,ME,R,0,ME_R_414,287,ME_R,,,0,0,optic/lateral protocerebrum,31830,21836,2.238180104643225e-05,4.2627870090753246e-07,0.0002932789735983,4.2627870090753246e-07,-0.0003966732874369,9.922016105359214e-05,0.0008932046222368,0.0062167920089693,0.0003974951721755,0.0105350981966056,0.858800393592437,,,"Branson999 full FCV matrix, w20_step10_hp030",FlyWire783 cell-level side-aware median_PostDCA_positive
415,ME_R,ME,483,ME,R,0,ME_R_415,288,ME_R,,,0,0,optic/lateral protocerebrum,31830,21836,2.238180104643225e-05,4.2627870090753246e-07,0.0002932789735983,4.2627870090753246e-07,-0.0003966732874369,9.922016105359214e-05,0.0008932046222368,0.0062167920089693,0.0003974951721755,0.0105350981966056,0.858800393592437,,,"Branson999 full FCV matrix, w20_step10_hp030",FlyWire783 cell-level side-aware median_PostDCA_positive
416,ME_R,ME,423,ME,R,0,ME_R_416,289,ME_R,,,0,0,optic/lateral protocerebrum,31830,21836,2.238180104643225e-05,4.2627870090753246e-07,0.0002932789735983,4.2627870090753246e-07,-0.0003966732874369,9.922016105359214e-05,0.0008932046222368,0.0062167920089693,0.0003974951721755,0.0105350981966056,0.858800393592437,,,"Branson999 full FCV matrix, w20_step10_hp030",FlyWire783 cell-level side-aware median_PostDCA_positive
417,ME_R,ME,484,ME,R,0,ME_R_417,290,ME_R,,,0,0,optic/lateral protocerebrum,31830,21836,2.238180104643225e-05,4.2627870090753246e-07,0.0002932789735983,4.2627870090753246e-07,-0.0003966732874369,9.922016105359214e-05,0.0008932046222368,0.0062167920089693,0.0003974951721755,0.0105350981966056,0.858800393592437,,,"Branson999 full FCV matrix, w20_step10_hp030",FlyWire783 cell-level side-aware median_PostDCA_positive
418,ME_R,ME,422,ME,R,0,ME_R_418,291,ME_R,,,0,0,optic/lateral protocerebrum,31830,21836,2.238180104643225e-05,4.2627870090753246e-07,0.0002932789735983,4.2627870090753246e-07,-0.0003966732874369,9.922016105359214e-05,0.0008932046222368,0.0062167920089693,0.0003974951721755,0.0105350981966056,0.858800393592437,,,"Branson999 full FCV matrix, w20_step10_hp030",FlyWire783 cell-level side-aware median_PostDCA_positive
419,ME_R,ME,485,ME,R,0,ME_R_419,292,ME_R,,,0,0,optic/lateral protocerebrum,31830,21836,2.238180104643225e-05,4.2627870090753246e-07,0.0002932789735983,4.2627870090753246e-07,-0.0003966732874369,9.922016105359214e-05,0.0008932046222368,0.0062167920089693,0.0003974951721755,0.0105350981966056,0.858800393592437,,,"Branson999 full FCV matrix, w20_step10_hp030",FlyWire783 cell-level side-aware median_PostDCA_positive
420,ME_R,ME,421,ME,R,0,ME_R_420,293,ME_R,,,0,0,optic/lateral protocerebrum,31830,21836,2.238180104643225e-05,4.2627870090753246e-07,0.0002932789735983,4.2627870090753246e-07,-0.0003966732874369,9.922016105359214e-05,0.0008932046222368,0.0062167920089693,0.0003974951721755,0.0105350981966056,0.858800393592437,,,"Branson999 full FCV matrix, w20_step10_hp030",FlyWire783 cell-level side-aware median_PostDCA_positive
421,ME_R,ME,486,ME,R,0,ME_R_421,294,ME_R,,,0,0,optic/lateral protocerebrum,31830,21836,2.238180104643225e-05,4.2627870090753246e-07,0.0002932789735983,4.2627870090753246e-07,-0.0003966732874369,9.922016105359214e-05,0.0008932046222368,0.0062167920089693,0.0003974951721755,0.0105350981966056,0.858800393592437,,,"Branson999 full FCV matrix, w20_step10_hp030",FlyWire783 cell-level side-aware median_PostDCA_positive
422,ME_R,ME,420,ME,R,0,ME_R_422,295,ME_R,,,0,0,optic/lateral protocerebrum,31830,21836,2.238180104643225e-05,4.2627870090753246e-07,0.0002932789735983,4.2627870090753246e-07,-0.0003966732874369,9.922016105359214e-05,0.0008932046222368,0.0062167920089693,0.0003974951721755,0.0105350981966056,0.858800393592437,,,"Branson999 full FCV matrix, w20_step10_hp030",FlyWire783 cell-level side-aware median_PostDCA_positive
423,ME_R,ME,487,ME,R,0,ME_R_423,296,ME_R,,,0,0,optic/lateral protocerebrum,31830,21836,2.238180104643225e-05,4.2627870090753246e-07,0.0002932789735983,4.2627870090753246e-07,-0.0003966732874369,9.922016105359214e-05,0.0008932046222368,0.0062167920089693,0.0003974951721755,0.0105350981966056,0.858800393592437,,,"Branson999 full FCV matrix, w20_step10_hp030",FlyWire783 cell-level side-aware median_PostDCA_positive
424,ME_R,ME,419,ME,R,0,ME_R_424,297,ME_R,,,0,0,optic/lateral protocerebrum,31830,21836,2.238180104643225e-05,4.2627870090753246e-07,0.0002932789735983,4.2627870090753246e-07,-0.0003966732874369,9.922016105359214e-05,0.0008932046222368,0.0062167920089693,0.0003974951721755,0.0105350981966056,0.858800393592437,,,"Branson999 full FCV matrix, w20_step10_hp030",FlyWire783 cell-level side-aware median_PostDCA_positive
425,ME_R,ME,488,ME,R,0,ME_R_425,298,ME_R,,,0,0,optic/lateral protocerebrum,31830,21836,2.238180104643225e-05,4.2627870090753246e-07,0.0002932789735983,4.2627870090753246e-07,-0.0003966732874369,9.922016105359214e-05,0.0008932046222368,0.0062167920089693,0.0003974951721755,0.0105350981966056,0.858800393592437,,,"Branson999 full FCV matrix, w20_step10_hp030",FlyWire783 cell-level side-aware median_PostDCA_positive
426,ME_R,ME,418,ME,R,0,ME_R_426,299,ME_R,,,0,0,optic/lateral protocerebrum,31830,21836,2.238180104643225e-05,4.2627870090753246e-07,0.0002932789735983,4.2627870090753246e-07,-0.0003966732874369,9.922016105359214e-05,0.0008932046222368,0.0062167920089693,0.0003974951721755,0.0105350981966056,0.858800393592437,,,"Branson999 full FCV matrix, w20_step10_hp030",FlyWire783 cell-level side-aware median_PostDCA_positive
427,ME_R,ME,489,ME,R,0,ME_R_427,300,ME_R,,,0,0,optic/lateral protocerebrum,31830,21836,2.238180104643225e-05,4.2627870090753246e-07,0.0002932789735983,4.2627870090753246e-07,-0.0003966732874369,9.922016105359214e-05,0.0008932046222368,0.0062167920089693,0.0003974951721755,0.0105350981966056,0.858800393592437,,,"Branson999 full FCV matrix, w20_step10_hp030",FlyWire783 cell-level side-aware median_PostDCA_positive
428,ME_R,ME,417,ME,R,0,ME_R_428,301,ME_R,,,0,0,optic/lateral protocerebrum,31830,21836,2.238180104643225e-05,4.2627870090753246e-07,0.0002932789735983,4.2627870090753246e-07,-0.0003966732874369,9.922016105359214e-05,0.0008932046222368,0.0062167920089693,0.0003974951721755,0.0105350981966056,0.858800393592437,,,"Branson999 full FCV matrix, w20_step10_hp030",FlyWire783 cell-level side-aware median_PostDCA_positive
429,ME_R,ME,490,ME,R,0,ME_R_429,302,ME_R,,,0,0,optic/lateral protocerebrum,31830,21836,2.238180104643225e-05,4.2627870090753246e-07,0.0002932789735983,4.2627870090753246e-07,-0.0003966732874369,9.922016105359214e-05,0.0008932046222368,0.0062167920089693,0.0003974951721755,0.0105350981966056,0.858800393592437,,,"Branson999 full FCV matrix, w20_step10_hp030",FlyWire783 cell-level side-aware median_PostDCA_positive
430,ME_R,ME,416,ME,R,0,ME_R_430,303,ME_R,,,0,0,optic/lateral protocerebrum,31830,21836,2.238180104643225e-05,4.2627870090753246e-07,0.0002932789735983,4.2627870090753246e-07,-0.0003966732874369,9.922016105359214e-05,0.0008932046222368,0.0062167920089693,0.0003974951721755,0.0105350981966056,0.858800393592437,,,"Branson999 full FCV matrix, w20_step10_hp030",FlyWire783 cell-level side-aware median_PostDCA_positive
431,ME_R,ME,491,ME,R,0,ME_R_431,304,ME_R,,,0,0,optic/lateral protocerebrum,31830,21836,2.238180104643225e-05,4.2627870090753246e-07,0.0002932789735983,4.2627870090753246e-07,-0.0003966732874369,9.922016105359214e-05,0.0008932046222368,0.0062167920089693,0.0003974951721755,0.0105350981966056,0.858800393592437,,,"Branson999 full FCV matrix, w20_step10_hp030",FlyWire783 cell-level side-aware median_PostDCA_positive
432,ME_R,ME,415,ME,R,0,ME_R_432,305,ME_R,,,0,0,optic/lateral protocerebrum,31830,21836,2.238180104643225e-05,4.2627870090753246e-07,0.0002932789735983,4.2627870090753246e-07,-0.0003966732874369,9.922016105359214e-05,0.0008932046222368,0.0062167920089693,0.0003974951721755,0.0105350981966056,0.858800393592437,,,"Branson999 full FCV matrix, w20_step10_hp030",FlyWire783 cell-level side-aware median_PostDCA_positive
433,ME_R,ME,492,ME,R,0,ME_R_433,306,ME_R,,,0,0,optic/lateral protocerebrum,31830,21836,2.238180104643225e-05,4.2627870090753246e-07,0.0002932789735983,4.2627870090753246e-07,-0.0003966732874369,9.922016105359214e-05,0.0008932046222368,0.0062167920089693,0.0003974951721755,0.0105350981966056,0.858800393592437,,,"Branson999 full FCV matrix, w20_step10_hp030",FlyWire783 cell-level side-aware median_PostDCA_positive
434,ME_R,ME,414,ME,R,0,ME_R_434,307,ME_R,,,0,0,optic/lateral protocerebrum,31830,21836,2.238180104643225e-05,4.2627870090753246e-07,0.0002932789735983,4.2627870090753246e-07,-0.0003966732874369,9.922016105359214e-05,0.0008932046222368,0.0062167920089693,0.0003974951721755,0.0105350981966056,0.858800393592437,,,"Branson999 full FCV matrix, w20_step10_hp030",FlyWire783 cell-level side-aware median_PostDCA_positive
435,ME_R,ME,493,ME,R,0,ME_R_435,308,ME_R,,,0,0,optic/lateral protocerebrum,31830,21836,2.238180104643225e-05,4.2627870090753246e-07,0.0002932789735983,4.2627870090753246e-07,-0.0003966732874369,9.922016105359214e-05,0.0008932046222368,0.0062167920089693,0.0003974951721755,0.0105350981966056,0.858800393592437,,,"Branson999 full FCV matrix, w20_step10_hp030",FlyWire783 cell-level side-aware median_PostDCA_positive
436,ME_R,ME,413,ME,R,0,ME_R_436,309,ME_R,,,0,0,optic/lateral protocerebrum,31830,21836,2.238180104643225e-05,4.2627870090753246e-07,0.0002932789735983,4.2627870090753246e-07,-0.0003966732874369,9.922016105359214e-05,0.0008932046222368,0.0062167920089693,0.0003974951721755,0.0105350981966056,0.858800393592437,,,"Branson999 full FCV matrix, w20_step10_hp030",FlyWire783 cell-level side-aware median_PostDCA_positive
437,ME_R,ME,494,ME,R,0,ME_R_437,310,ME_R,,,0,0,optic/lateral protocerebrum,31830,21836,2.238180104643225e-05,4.2627870090753246e-07,0.0002932789735983,4.2627870090753246e-07,-0.0003966732874369,9.922016105359214e-05,0.0008932046222368,0.0062167920089693,0.0003974951721755,0.0105350981966056,0.858800393592437,,,"Branson999 full FCV matrix, w20_step10_hp030",FlyWire783 cell-level side-aware median_PostDCA_positive
438,ME_R,ME,412,ME,R,0,ME_R_438,311,ME_R,0.23373358480380446,0.2337413066119356,717,693,optic/lateral protocerebrum,31830,21836,2.238180104643225e-05,4.2627870090753246e-07,0.0002932789735983,4.2627870090753246e-07,-0.0003966732874369,9.922016105359214e-05,0.0008932046222368,0.0062167920089693,0.0003974951721755,0.0105350981966056,0.858800393592437,-0.863479232740948,-0.8507389153209959,"Branson999 full FCV matrix, w20_step10_hp030",FlyWire783 cell-level side-aware median_PostDCA_positive
439,ME_R,ME,495,ME,R,0,ME_R_439,312,ME_R,,,0,0,optic/lateral protocerebrum,31830,21836,2.238180104643225e-05,4.2627870090753246e-07,0.0002932789735983,4.2627870090753246e-07,-0.0003966732874369,9.922016105359214e-05,0.0008932046222368,0.0062167920089693,0.0003974951721755,0.0105350981966056,0.858800393592437,,,"Branson999 full FCV matrix, w20_step10_hp030",FlyWire783 cell-level side-aware median_PostDCA_positive
440,ME_R,ME,411,ME,R,0,ME_R_440,313,ME_R,0.23323264284907327,0.2332567611061695,717,693,optic/lateral protocerebrum,31830,21836,2.238180104643225e-05,4.2627870090753246e-07,0.0002932789735983,4.2627870090753246e-07,-0.0003966732874369,9.922016105359214e-05,0.0008932046222368,0.0062167920089693,0.0003974951721755,0.0105350981966056,0.858800393592437,-0.9889339294608291,-0.973133760279145,"Branson999 full FCV matrix, w20_step10_hp030",FlyWire783 cell-level side-aware median_PostDCA_positive
441,ME_R,ME,496,ME,R,0,ME_R_441,314,ME_R,,,0,0,optic/lateral protocerebrum,31830,21836,2.238180104643225e-05,4.2627870090753246e-07,0.0002932789735983,4.2627870090753246e-07,-0.0003966732874369,9.922016105359214e-05,0.0008932046222368,0.0062167920089693,0.0003974951721755,0.0105350981966056,0.858800393592437,,,"Branson999 full FCV matrix, w20_step10_hp030",FlyWire783 cell-level side-aware median_PostDCA_positive
442,ME_R,ME,410,ME,R,0,ME_R_442,315,ME_R,0.23799045182653605,0.23809008751849003,717,693,optic/lateral protocerebrum,31830,21836,2.238180104643225e-05,4.2627870090753246e-07,0.0002932789735983,4.2627870090753246e-07,-0.0003966732874369,9.922016105359214e-05,0.0008932046222368,0.0062167920089693,0.0003974951721755,0.0105350981966056,0.858800393592437,0.20260029258096404,0.2477510272761149,"Branson999 full FCV matrix, w20_step10_hp030",FlyWire783 cell-level side-aware median_PostDCA_positive
443,ME_R,ME,497,ME,R,0,ME_R_443,316,ME_R,0.23373826909181958,0.23373673360230052,717,693,optic/lateral protocerebrum,31830,21836,2.238180104643225e-05,4.2627870090753246e-07,0.0002932789735983,4.2627870090753246e-07,-0.0003966732874369,9.922016105359214e-05,0.0008932046222368,0.0062167920089693,0.0003974951721755,0.0105350981966056,0.858800393592437,-0.862306110931655,-0.8518940448157841,"Branson999 full FCV matrix, w20_step10_hp030",FlyWire783 cell-level side-aware median_PostDCA_positive
444,ME_R,ME,409,ME,R,0,ME_R_444,317,ME_R,,,0,0,optic/lateral protocerebrum,31830,21836,2.238180104643225e-05,4.2627870090753246e-07,0.0002932789735983,4.2627870090753246e-07,-0.0003966732874369,9.922016105359214e-05,0.0008932046222368,0.0062167920089693,0.0003974951721755,0.0105350981966056,0.858800393592437,,,"Branson999 full FCV matrix, w20_step10_hp030",FlyWire783 cell-level side-aware median_PostDCA_positive
445,ME_R,ME,498,ME,R,0,ME_R_445,318,ME_R,0.2346577069340423,0.2347297632671423,717,693,optic/lateral protocerebrum,31830,21836,2.238180104643225e-05,4.2627870090753246e-07,0.0002932789735983,4.2627870090753246e-07,-0.0003966732874369,9.922016105359214e-05,0.0008932046222368,0.0062167920089693,0.0003974951721755,0.0105350981966056,0.858800393592437,-0.6320443120157868,-0.6010575177593916,"Branson999 full FCV matrix, w20_step10_hp030",FlyWire783 cell-level side-aware median_PostDCA_positive
446,ME_R,ME,408,ME,R,0,ME_R_446,319,ME_R,0.23202100368854695,0.2319427200548351,717,693,optic/lateral protocerebrum,31830,21836,2.238180104643225e-05,4.2627870090753246e-07,0.0002932789735983,4.2627870090753246e-07,-0.0003966732874369,9.922016105359214e-05,0.0008932046222368,0.0062167920089693,0.0003974951721755,0.0105350981966056,0.858800393592437,-1.2923739228215976,-1.3050568693221871,"Branson999 full FCV matrix, w20_step10_hp030",FlyWire783 cell-level side-aware median_PostDCA_positive
447,ME_R,ME,499,ME,R,0,ME_R_447,320,ME_R,0.2359618284478591,0.2359916986585259,717,693,optic/lateral protocerebrum,31830,21836,2.238180104643225e-05,4.2627870090753246e-07,0.0002932789735983,4.2627870090753246e-07,-0.0003966732874369,9.922016105359214e-05,0.0008932046222368,0.0062167920089693,0.0003974951721755,0.0105350981966056,0.858800393592437,-0.30544326082303613,-0.2822961532691861,"Branson999 full FCV matrix, w20_step10_hp030",FlyWire783 cell-level side-aware median_PostDCA_positive
448,ME_R,ME,407,ME,R,0,ME_R_448,321,ME_R,0.23573973840856086,0.2358398374833689,717,693,optic/lateral protocerebrum,31830,21836,2.238180104643225e-05,4.2627870090753246e-07,0.0002932789735983,4.2627870090753246e-07,-0.0003966732874369,9.922016105359214e-05,0.0008932046222368,0.0062167920089693,0.0003974951721755,0.0105350981966056,0.858800393592437,-0.3610629554034559,-0.3206558630741845,"Branson999 full FCV matrix, w20_step10_hp030",FlyWire783 cell-level side-aware median_PostDCA_positive
449,ME_R,ME,516,ME,R,0,ME_R_449,322,ME_R,0.2367698140400297,0.23674121705792187,717,693,optic/lateral protocerebrum,31830,21836,2.238180104643225e-05,4.2627870090753246e-07,0.0002932789735983,4.2627870090753246e-07,-0.0003966732874369,9.922016105359214e-05,0.0008932046222368,0.0062167920089693,0.0003974951721755,0.0105350981966056,0.858800393592437,-0.10309329499877105,-0.0929698935150962,"Branson999 full FCV matrix, w20_step10_hp030",FlyWire783 cell-level side-aware median_PostDCA_positive
450,ME_R,ME,406,ME,R,0,ME_R_450,323,ME_R,0.232377845796679,0.2323923151025999,717,693,optic/lateral protocerebrum,31830,21836,2.238180104643225e-05,4.2627870090753246e-07,0.0002932789735983,4.2627870090753246e-07,-0.0003966732874369,9.922016105359214e-05,0.0008932046222368,0.0062167920089693,0.0003974951721755,0.0105350981966056,0.858800393592437,-1.2030072446470517,-1.1914904126936814,"Branson999 full FCV matrix, w20_step10_hp030",FlyWire783 cell-level side-aware median_PostDCA_positive
451,ME_R,ME,530,ME,R,0,ME_R_451,324,ME_R,0.22821238807090133,0.22805538492602756,684,661,optic/lateral protocerebrum,31830,21836,2.238180104643225e-05,4.2627870090753246e-07,0.0002932789735983,4.2627870090753246e-07,-0.0003966732874369,9.922016105359214e-05,0.0008932046222368,0.0062167920089693,0.0003974951721755,0.0105350981966056,0.858800393592437,-2.2461944457816525,-2.2869868939098885,"Branson999 full FCV matrix, w20_step10_hp030",FlyWire783 cell-level side-aware median_PostDCA_positive
452,ME_R,ME,405,ME,R,0,ME_R_452,325,ME_R,,,0,0,optic/lateral protocerebrum,31830,21836,2.238180104643225e-05,4.2627870090753246e-07,0.0002932789735983,4.2627870090753246e-07,-0.0003966732874369,9.922016105359214e-05,0.0008932046222368,0.0062167920089693,0.0003974951721755,0.0105350981966056,0.858800393592437,,,"Branson999 full FCV matrix, w20_step10_hp030",FlyWire783 cell-level side-aware median_PostDCA_positive
453,ME_R,ME,531,ME,R,0,ME_R_453,326,ME_R,,,0,0,optic/lateral protocerebrum,31830,21836,2.238180104643225e-05,4.2627870090753246e-07,0.0002932789735983,4.2627870090753246e-07,-0.0003966732874369,9.922016105359214e-05,0.0008932046222368,0.0062167920089693,0.0003974951721755,0.0105350981966056,0.858800393592437,,,"Branson999 full FCV matrix, w20_step10_hp030",FlyWire783 cell-level side-aware median_PostDCA_positive
454,ME_R,ME,404,ME,R,0,ME_R_454,327,ME_R,,,0,0,optic/lateral protocerebrum,31830,21836,2.238180104643225e-05,4.2627870090753246e-07,0.0002932789735983,4.2627870090753246e-07,-0.0003966732874369,9.922016105359214e-05,0.0008932046222368,0.0062167920089693,0.0003974951721755,0.0105350981966056,0.858800393592437,,,"Branson999 full FCV matrix, w20_step10_hp030",FlyWire783 cell-level side-aware median_PostDCA_positive
455,ME_R,ME,532,ME,R,0,ME_R_455,328,ME_R,,,0,0,optic/lateral protocerebrum,31830,21836,2.238180104643225e-05,4.2627870090753246e-07,0.0002932789735983,4.2627870090753246e-07,-0.0003966732874369,9.922016105359214e-05,0.0008932046222368,0.0062167920089693,0.0003974951721755,0.0105350981966056,0.858800393592437,,,"Branson999 full FCV matrix, w20_step10_hp030",FlyWire783 cell-level side-aware median_PostDCA_positive
772,OTU_R,AOTU,836,OTU,R,0,OTU_R_772,329,AOTU_R,0.23761450969669423,0.23760572708285838,718,716,optic/lateral protocerebrum,516,461,0.0189412372207545,0.0173464024792111,0.0250445504678657,0.0173464024792111,-0.0075090019444148,-1.4925009859303676e-06,-0.015559079435217,0.0151695582829394,0.0045744639100251,0.0178949602061905,0.6716676663774859,0.1084502509681775,0.12540293051837542,"Branson999 full FCV matrix, w20_step10_hp030",FlyWire783 cell-level side-aware median_PostDCA_positive
773,OTU_R,AOTU,834,OTU,R,0,OTU_R_773,330,AOTU_R,0.2403166687550874,0.24031978008347732,718,716,optic/lateral protocerebrum,516,461,0.0189412372207545,0.0173464024792111,0.0250445504678657,0.0173464024792111,-0.0075090019444148,-1.4925009859303676e-06,-0.015559079435217,0.0151695582829394,0.0045744639100251,0.0178949602061905,0.6716676663774859,0.7851724579182919,0.8109651579375455,"Branson999 full FCV matrix, w20_step10_hp030",FlyWire783 cell-level side-aware median_PostDCA_positive
774,OTU_R,AOTU,835,OTU,R,0,OTU_R_774,331,AOTU_R,0.2392196827533997,0.239217015631487,718,716,optic/lateral protocerebrum,516,461,0.0189412372207545,0.0173464024792111,0.0250445504678657,0.0173464024792111,-0.0075090019444148,-1.4925009859303676e-06,-0.015559079435217,0.0151695582829394,0.0045744639100251,0.0178949602061905,0.6716676663774859,0.5104459255368401,0.5324099293356174,"Branson999 full FCV matrix, w20_step10_hp030",FlyWire783 cell-level side-aware median_PostDCA_positive
160,PLP_R,PLP,812,PLP,R,0,PLP_R_160,332,PLP_R,0.23738652082945902,0.23740735420627326,718,704,optic/lateral protocerebrum,1281,1245,0.0008509111053925,4.678504377515653e-06,0.0024999004980466,4.678504377515653e-06,-0.0210679244802576,0.0013463658216869,-0.0099462968190143,0.0182239601527843,0.0086302020707637,0.0150723942005497,0.6265558351546512,0.051353268125422354,0.07529449450027871,"Branson999 full FCV matrix, w20_step10_hp030",FlyWire783 cell-level side-aware median_PostDCA_positive
161,PLP_R,PLP,823,PLP,R,0,PLP_R_161,333,PLP_R,0.24190110079775604,0.24194560730776696,718,704,optic/lateral protocerebrum,1281,1245,0.0008509111053925,4.678504377515653e-06,0.0024999004980466,4.678504377515653e-06,-0.0210679244802576,0.0013463658216869,-0.0099462968190143,0.0182239601527843,0.0086302020707637,0.0150723942005497,0.6265558351546512,1.1819738028823437,1.2216445857263707,"Branson999 full FCV matrix, w20_step10_hp030",FlyWire783 cell-level side-aware median_PostDCA_positive
162,PLP_R,PLP,814,PLP,R,0,PLP_R_162,334,PLP_R,0.23466827275593574,0.23467982587067812,718,704,optic/lateral protocerebrum,1281,1245,0.0008509111053925,4.678504377515653e-06,0.0024999004980466,4.678504377515653e-06,-0.0210679244802576,0.0013463658216869,-0.0099462968190143,0.0182239601527843,0.0086302020707637,0.0150723942005497,0.6265558351546512,-0.6293982330265591,-0.6136715649956399,"Branson999 full FCV matrix, w20_step10_hp030",FlyWire783 cell-level side-aware median_PostDCA_positive
163,PLP_R,PLP,825,PLP,R,0,PLP_R_163,335,PLP_R,0.23908178498378527,0.23909604326006814,718,704,optic/lateral protocerebrum,1281,1245,0.0008509111053925,4.678504377515653e-06,0.0024999004980466,4.678504377515653e-06,-0.0210679244802576,0.0013463658216869,-0.0099462968190143,0.0182239601527843,0.0086302020707637,0.0150723942005497,0.6265558351546512,0.4759111402150373,0.5018526453079352,"Branson999 full FCV matrix, w20_step10_hp030",FlyWire783 cell-level side-aware median_PostDCA_positive
164,PLP_R,PLP,819,PLP,R,0,PLP_R_164,336,PLP_R,0.2330286941392239,0.2329753607045512,718,704,optic/lateral protocerebrum,1281,1245,0.0008509111053925,4.678504377515653e-06,0.0024999004980466,4.678504377515653e-06,-0.0210679244802576,0.0013463658216869,-0.0099462968190143,0.0182239601527843,0.0086302020707637,0.0150723942005497,0.6265558351546512,-1.0400103531840035,-1.044214717830859,"Branson999 full FCV matrix, w20_step10_hp030",FlyWire783 cell-level side-aware median_PostDCA_positive
165,PLP_R,PLP,815,PLP,R,0,PLP_R_165,337,PLP_R,0.23466778330824387,0.23467354744709426,718,704,optic/lateral protocerebrum,1281,1245,0.0008509111053925,4.678504377515653e-06,0.0024999004980466,4.678504377515653e-06,-0.0210679244802576,0.0013463658216869,-0.0099462968190143,0.0182239601527843,0.0086302020707637,0.0150723942005497,0.6265558351546512,-0.6295208091277713,-0.6152574773031192,"Branson999 full FCV matrix, w20_step10_hp030",FlyWire783 cell-level side-aware median_PostDCA_positive
166,PLP_R,PLP,821,PLP,R,0,PLP_R_166,338,PLP_R,0.23818818026512495,0.23821947562281123,718,704,optic/lateral protocerebrum,1281,1245,0.0008509111053925,4.678504377515653e-06,0.0024999004980466,4.678504377515653e-06,-0.0210679244802576,0.0013463658216869,-0.0099462968190143,0.0182239601527843,0.0086302020707637,0.0150723942005497,0.6265558351546512,0.25211892654999696,0.28043410199122026,"Branson999 full FCV matrix, w20_step10_hp030",FlyWire783 cell-level side-aware median_PostDCA_positive
167,PLP_R,PLP,811,PLP,R,0,PLP_R_167,339,PLP_R,0.23653717674106067,0.23651878757547884,718,704,optic/lateral protocerebrum,1281,1245,0.0008509111053925,4.678504377515653e-06,0.0024999004980466,4.678504377515653e-06,-0.0210679244802576,0.0013463658216869,-0.0099462968190143,0.0182239601527843,0.0086302020707637,0.0150723942005497,0.6265558351546512,-0.16135441989008212,-0.14915496115841742,"Branson999 full FCV matrix, w20_step10_hp030",FlyWire783 cell-level side-aware median_PostDCA_positive
168,PLP_R,PLP,818,PLP,R,0,PLP_R_168,340,PLP_R,0.23504893298683097,0.23503165747193877,718,704,optic/lateral protocerebrum,1281,1245,0.0008509111053925,4.678504377515653e-06,0.0024999004980466,4.678504377515653e-06,-0.0210679244802576,0.0013463658216869,-0.0099462968190143,0.0182239601527843,0.0086302020707637,0.0150723942005497,0.6265558351546512,-0.5340666015486034,-0.5247998826144566,"Branson999 full FCV matrix, w20_step10_hp030",FlyWire783 cell-level side-aware median_PostDCA_positive
169,PLP_R,PLP,817,PLP,R,0,PLP_R_169,341,PLP_R,0.23640754527034571,0.23638741576293654,718,704,optic/lateral protocerebrum,1281,1245,0.0008509111053925,4.678504377515653e-06,0.0024999004980466,4.678504377515653e-06,-0.0210679244802576,0.0013463658216869,-0.0099462968190143,0.0182239601527843,0.0086302020707637,0.0150723942005497,0.6265558351546512,-0.19381901322330397,-0.18233911504415784,"Branson999 full FCV matrix, w20_step10_hp030",FlyWire783 cell-level side-aware median_PostDCA_positive
170,PLP_R,PLP,822,PLP,R,0,PLP_R_170,342,PLP_R,0.23764012441562107,0.23764889263775213,718,704,optic/lateral protocerebrum,1281,1245,0.0008509111053925,4.678504377515653e-06,0.0024999004980466,4.678504377515653e-06,-0.0210679244802576,0.0013463658216869,-0.0099462968190143,0.0182239601527843,0.0086302020707637,0.0150723942005497,0.6265558351546512,0.1148651394880587,0.13630642943825563,"Branson999 full FCV matrix, w20_step10_hp030",FlyWire783 cell-level side-aware median_PostDCA_positive
171,PLP_R,PLP,820,PLP,R,0,PLP_R_171,343,PLP_R,0.23429420277358046,0.23425040995331442,718,704,optic/lateral protocerebrum,1281,1245,0.0008509111053925,4.678504377515653e-06,0.0024999004980466,4.678504377515653e-06,-0.0210679244802576,0.0013463658216869,-0.0099462968190143,0.0182239601527843,0.0086302020707637,0.0150723942005497,0.6265558351546512,-0.7230794185315269,-0.7221408294978323,"Branson999 full FCV matrix, w20_step10_hp030",FlyWire783 cell-level side-aware median_PostDCA_positive
172,PLP_R,PLP,816,PLP,R,0,PLP_R_172,344,PLP_R,0.23510928079537433,0.23505575928774708,718,704,optic/lateral protocerebrum,1281,1245,0.0008509111053925,4.678504377515653e-06,0.0024999004980466,4.678504377515653e-06,-0.0210679244802576,0.0013463658216869,-0.0099462968190143,0.0182239601527843,0.0086302020707637,0.0150723942005497,0.6265558351546512,-0.5189532417131725,-0.5187118310817038,"Branson999 full FCV matrix, w20_step10_hp030",FlyWire783 cell-level side-aware median_PostDCA_positive
173,PLP_R,PLP,824,PLP,R,0,PLP_R_173,345,PLP_R,0.23872880398076718,0.23874419717799542,718,704,optic/lateral protocerebrum,1281,1245,0.0008509111053925,4.678504377515653e-06,0.0024999004980466,4.678504377515653e-06,-0.0210679244802576,0.0013463658216869,-0.0099462968190143,0.0182239601527843,0.0086302020707637,0.0150723942005497,0.6265558351546512,0.38751142790649923,0.4129773051139604,"Branson999 full FCV matrix, w20_step10_hp030",FlyWire783 cell-level side-aware median_PostDCA_positive
174,PLP_R,PLP,813,PLP,R,0,PLP_R_174,346,PLP_R,0.23922594248671844,0.23922914761044434,718,704,optic/lateral protocerebrum,1281,1245,0.0008509111053925,4.678504377515653e-06,0.0024999004980466,4.678504377515653e-06,-0.0210679244802576,0.0013463658216869,-0.0099462968190143,0.0182239601527843,0.0086302020707637,0.0150723942005497,0.6265558351546512,0.5120135980738154,0.5354744334241864,"Branson999 full FCV matrix, w20_step10_hp030",FlyWire783 cell-level side-aware median_PostDCA_positive
744,PVLP_R,PVLP,794,PVLP,R,0,PVLP_R_744,347,PVLP_R,0.23968810224520776,0.23977192479220252,718,702,optic/lateral protocerebrum,779,777,0.0118336908890787,0.0001651436112197,0.0136163975885602,0.0001651436112197,0.0094069448566929,0.0115448298396476,0.007793377497374,0.0190223107650327,0.0135563955143062,0.0166880728480997,0.5618858943691621,0.627755774966393,0.6725784375219628,"Branson999 full FCV matrix, w20_step10_hp030",FlyWire783 cell-level side-aware median_PostDCA_positive
745,PVLP_R,PVLP,785,PVLP,R,0,PVLP_R_745,348,PVLP_R,0.23236389225263993,0.2323330883820147,718,702,optic/lateral protocerebrum,779,777,0.0118336908890787,0.0001651436112197,0.0136163975885602,0.0001651436112197,0.0094069448566929,0.0115448298396476,0.007793377497374,0.0190223107650327,0.0135563955143062,0.0166880728480997,0.5618858943691621,-1.2065017366117525,-1.2064509173256328,"Branson999 full FCV matrix, w20_step10_hp030",FlyWire783 cell-level side-aware median_PostDCA_positive
746,PVLP_R,PVLP,789,PVLP,R,0,PVLP_R_746,349,PVLP_R,0.23367993829677225,0.23366224585721065,718,702,optic/lateral protocerebrum,779,777,0.0118336908890787,0.0001651436112197,0.0136163975885602,0.0001651436112197,0.0094069448566929,0.0115448298396476,0.007793377497374,0.0190223107650327,0.0135563955143062,0.0166880728480997,0.5618858943691621,-0.8769143347647317,-0.8707094417249794,"Branson999 full FCV matrix, w20_step10_hp030",FlyWire783 cell-level side-aware median_PostDCA_positive
747,PVLP_R,PVLP,781,PVLP,R,0,PVLP_R_747,350,PVLP_R,0.23692941993287023,0.23695157465351477,718,702,optic/lateral protocerebrum,779,777,0.0118336908890787,0.0001651436112197,0.0136163975885602,0.0001651436112197,0.0094069448566929,0.0115448298396476,0.007793377497374,0.0190223107650327,0.0135563955143062,0.0166880728480997,0.5618858943691621,-0.06312197957609014,-0.03983415086146219,"Branson999 full FCV matrix, w20_step10_hp030",FlyWire783 cell-level side-aware median_PostDCA_positive
748,PVLP_R,PVLP,783,PVLP,R,0,PVLP_R_748,351,PVLP_R,0.23314201422970926,0.2331219338900276,718,702,optic/lateral protocerebrum,779,777,0.0118336908890787,0.0001651436112197,0.0136163975885602,0.0001651436112197,0.0094069448566929,0.0115448298396476,0.007793377497374,0.0190223107650327,0.0135563955143062,0.0166880728480997,0.5618858943691621,-1.0116307426326367,-1.0071907394884227,"Branson999 full FCV matrix, w20_step10_hp030",FlyWire783 cell-level side-aware median_PostDCA_positive
749,PVLP_R,PVLP,792,PVLP,R,0,PVLP_R_749,352,PVLP_R,0.23498751784615365,0.234998667552038,718,702,optic/lateral protocerebrum,779,777,0.0118336908890787,0.0001651436112197,0.0136163975885602,0.0001651436112197,0.0094069448566929,0.0115448298396476,0.007793377497374,0.0190223107650327,0.0135563955143062,0.0166880728480997,0.5618858943691621,-0.549447261473196,-0.5331330444813764,"Branson999 full FCV matrix, w20_step10_hp030",FlyWire783 cell-level side-aware median_PostDCA_positive
750,PVLP_R,PVLP,784,PVLP,R,0,PVLP_R_750,353,PVLP_R,0.23387887177623398,0.23390483144773716,718,702,optic/lateral protocerebrum,779,777,0.0118336908890787,0.0001651436112197,0.0136163975885602,0.0001651436112197,0.0094069448566929,0.0115448298396476,0.007793377497374,0.0190223107650327,0.0135563955143062,0.0166880728480997,0.5618858943691621,-0.8270939132616162,-0.8094329973286394,"Branson999 full FCV matrix, w20_step10_hp030",FlyWire783 cell-level side-aware median_PostDCA_positive
751,PVLP_R,PVLP,793,PVLP,R,0,PVLP_R_751,354,PVLP_R,0.2343778789036537,0.2343682782926787,718,702,optic/lateral protocerebrum,779,777,0.0118336908890787,0.0001651436112197,0.0136163975885602,0.0001651436112197,0.0094069448566929,0.0115448298396476,0.007793377497374,0.0190223107650327,0.0135563955143062,0.0166880728480997,0.5618858943691621,-0.7021237700339598,-0.6923676153202366,"Branson999 full FCV matrix, w20_step10_hp030",FlyWire783 cell-level side-aware median_PostDCA_positive
752,PVLP_R,PVLP,782,PVLP,R,0,PVLP_R_752,355,PVLP_R,0.23525152742973057,0.2352659679947885,718,702,optic/lateral protocerebrum,779,777,0.0118336908890787,0.0001651436112197,0.0136163975885602,0.0001651436112197,0.0094069448566929,0.0115448298396476,0.007793377497374,0.0190223107650327,0.0135563955143062,0.0166880728480997,0.5618858943691621,-0.4833293371788379,-0.4656136972614168,"Branson999 full FCV matrix, w20_step10_hp030",FlyWire783 cell-level side-aware median_PostDCA_positive
753,PVLP_R,PVLP,795,PVLP,R,0,PVLP_R_753,356,PVLP_R,0.23643529963341697,0.23642867904944073,718,702,optic/lateral protocerebrum,779,777,0.0118336908890787,0.0001651436112197,0.0136163975885602,0.0001651436112197,0.0094069448566929,0.0115448298396476,0.007793377497374,0.0190223107650327,0.0135563955143062,0.0166880728480997,0.5618858943691621,-0.18686827737681924,-0.17191612382033128,"Branson999 full FCV matrix, w20_step10_hp030",FlyWire783 cell-level side-aware median_PostDCA_positive
754,PVLP_R,PVLP,796,PVLP,R,0,PVLP_R_754,357,PVLP_R,0.23558627617261066,0.23560006402669761,718,702,optic/lateral protocerebrum,779,777,0.0118336908890787,0.0001651436112197,0.0136163975885602,0.0001651436112197,0.0094069448566929,0.0115448298396476,0.007793377497374,0.0190223107650327,0.0135563955143062,0.0166880728480997,0.5618858943691621,-0.39949566819034554,-0.381221970292456,"Branson999 full FCV matrix, w20_step10_hp030",FlyWire783 cell-level side-aware median_PostDCA_positive
755,PVLP_R,PVLP,791,PVLP,R,0,PVLP_R_755,358,PVLP_R,0.23448151520730573,0.23449960901516212,718,702,optic/lateral protocerebrum,779,777,0.0118336908890787,0.0001651436112197,0.0136163975885602,0.0001651436112197,0.0094069448566929,0.0115448298396476,0.007793377497374,0.0190223107650327,0.0135563955143062,0.0166880728480997,0.5618858943691621,-0.6761693437355818,-0.6591938406689054,"Branson999 full FCV matrix, w20_step10_hp030",FlyWire783 cell-level side-aware median_PostDCA_positive
756,PVLP_R,PVLP,788,PVLP,R,0,PVLP_R_756,359,PVLP_R,0.23364930805354658,0.23363758552365485,718,702,optic/lateral protocerebrum,779,777,0.0118336908890787,0.0001651436112197,0.0136163975885602,0.0001651436112197,0.0094069448566929,0.0115448298396476,0.007793377497374,0.0190223107650327,0.0135563955143062,0.0166880728480997,0.5618858943691621,-0.8845852991110782,-0.8769385732848867,"Branson999 full FCV matrix, w20_step10_hp030",FlyWire783 cell-level side-aware median_PostDCA_positive
757,PVLP_R,PVLP,790,PVLP,R,0,PVLP_R_757,360,PVLP_R,0.23446021971990594,0.23443656038629393,718,702,optic/lateral protocerebrum,779,777,0.0118336908890787,0.0001651436112197,0.0136163975885602,0.0001651436112197,0.0094069448566929,0.0115448298396476,0.007793377497374,0.0190223107650327,0.0135563955143062,0.0166880728480997,0.5618858943691621,-0.6815025343138725,-0.675119748686451,"Branson999 full FCV matrix, w20_step10_hp030",FlyWire783 cell-level side-aware median_PostDCA_positive
758,PVLP_R,PVLP,787,PVLP,R,0,PVLP_R_758,361,PVLP_R,0.2341932897572097,0.2341938121427324,718,702,optic/lateral protocerebrum,779,777,0.0118336908890787,0.0001651436112197,0.0136163975885602,0.0001651436112197,0.0094069448566929,0.0115448298396476,0.007793377497374,0.0190223107650327,0.0135563955143062,0.0166880728480997,0.5618858943691621,-0.7483518313216952,-0.7364372787863327,"Branson999 full FCV matrix, w20_step10_hp030",FlyWire783 cell-level side-aware median_PostDCA_positive
759,PVLP_R,PVLP,780,PVLP,R,0,PVLP_R_759,362,PVLP_R,0.23502250875912692,0.23502863363195337,718,702,optic/lateral protocerebrum,779,777,0.0118336908890787,0.0001651436112197,0.0136163975885602,0.0001651436112197,0.0094069448566929,0.0115448298396476,0.007793377497374,0.0190223107650327,0.0135563955143062,0.0166880728480997,0.5618858943691621,-0.5406842214971007,-0.5255636961712593,"Branson999 full FCV matrix, w20_step10_hp030",FlyWire783 cell-level side-aware median_PostDCA_positive
760,PVLP_R,PVLP,786,PVLP,R,0,PVLP_R_760,363,PVLP_R,0.23794314277899328,0.2379868421765735,718,702,optic/lateral protocerebrum,779,777,0.0118336908890787,0.0001651436112197,0.0136163975885602,0.0001651436112197,0.0094069448566929,0.0115448298396476,0.007793377497374,0.0190223107650327,0.0135563955143062,0.0166880728480997,0.5618858943691621,0.1907523286491556,0.22167154151853952,"Branson999 full FCV matrix, w20_step10_hp030",FlyWire783 cell-level side-aware median_PostDCA_positive
896,SIP_R,SIP,663,SIP,R,0,SIP_R_896,370,SIP_R,0.2380318511340892,0.2379925063912614,718,713,superior protocerebrum,204,200,0.0005801079887404,0.0,0.0063194487735989,0.0,-0.0268607093638766,-0.013255351854565,-0.0294190157529718,0.0113351905713117,0.0044321318149772,0.0106273955767665,0.4503018698155002,0.21296823546225094,0.22310230636989947,"Branson999 full FCV matrix, w20_step10_hp030",FlyWire783 cell-level side-aware median_PostDCA_positive
897,SIP_R,SIP,659,SIP,R,0,SIP_R_897,371,SIP_R,0.23853558490009488,0.23850740240101626,718,713,superior protocerebrum,204,200,0.0005801079887404,0.0,0.0063194487735989,0.0,-0.0268607093638766,-0.013255351854565,-0.0294190157529718,0.0113351905713117,0.0044321318149772,0.0106273955767665,0.4503018698155002,0.3391221066741723,0.35316360408821135,"Branson999 full FCV matrix, w20_step10_hp030",FlyWire783 cell-level side-aware median_PostDCA_positive
898,SIP_R,SIP,664,SIP,R,0,SIP_R_898,372,SIP_R,0.2390545427846467,0.23904200131993816,718,713,superior protocerebrum,204,200,0.0005801079887404,0.0,0.0063194487735989,0.0,-0.0268607093638766,-0.013255351854565,-0.0294190157529718,0.0113351905713117,0.0044321318149772,0.0106273955767665,0.4503018698155002,0.46908866947040423,0.48820180177572986,"Branson999 full FCV matrix, w20_step10_hp030",FlyWire783 cell-level side-aware median_PostDCA_positive
899,SIP_R,SIP,660,SIP,R,0,SIP_R_899,373,SIP_R,0.23854725191005835,0.23848827137688805,718,713,superior protocerebrum,204,200,0.0005801079887404,0.0,0.0063194487735989,0.0,-0.0268607093638766,-0.013255351854565,-0.0294190157529718,0.0113351905713117,0.0044321318149772,0.0106273955767665,0.4503018698155002,0.3420439645516585,0.34833116068671877,"Branson999 full FCV matrix, w20_step10_hp030",FlyWire783 cell-level side-aware median_PostDCA_positive
900,SIP_R,SIP,661,SIP,R,0,SIP_R_900,374,SIP_R,0.24034252775760775,0.24029295567300626,718,713,superior protocerebrum,204,200,0.0005801079887404,0.0,0.0063194487735989,0.0,-0.0268607093638766,-0.013255351854565,-0.0294190157529718,0.0113351905713117,0.0044321318149772,0.0106273955767665,0.4503018698155002,0.7916485242330239,0.8041893865773148,"Branson999 full FCV matrix, w20_step10_hp030",FlyWire783 cell-level side-aware median_PostDCA_positive
901,SIP_R,SIP,662,SIP,R,0,SIP_R_901,375,SIP_R,0.24100565461132947,0.2409604726908509,718,713,superior protocerebrum,204,200,0.0005801079887404,0.0,0.0063194487735989,0.0,-0.0268607093638766,-0.013255351854565,-0.0294190157529718,0.0113351905713117,0.0044321318149772,0.0106273955767665,0.4503018698155002,0.9577204164647484,0.9728023257827826,"Branson999 full FCV matrix, w20_step10_hp030",FlyWire783 cell-level side-aware median_PostDCA_positive
849,SLP_R,SLP,633,SLP,R,0,SLP_R_849,376,SLP_R,0.23982257629325257,0.23969520464280442,718,697,superior protocerebrum,2109,1772,0.0015574852548222,3.943850959086043e-05,0.0036136393805155,3.943850959086043e-05,0.003032188244531,0.000609890617674,-0.0014794074019769,0.0215671447223606,0.007490901075891,0.0185222333438909,0.7158258815251507,0.6614331317036815,0.6531991415033135,"Branson999 full FCV matrix, w20_step10_hp030",FlyWire783 cell-level side-aware median_PostDCA_positive
850,SLP_R,SLP,619,SLP,R,0,SLP_R_850,377,SLP_R,0.236717505766712,0.23648556509437574,718,697,superior protocerebrum,2109,1772,0.0015574852548222,3.943850959086043e-05,0.0036136393805155,3.943850959086043e-05,0.003032188244531,0.000609890617674,-0.0014794074019769,0.0215671447223606,0.007490901075891,0.0185222333438909,0.7158258815251507,-0.11619325299397326,-0.15754686733719847,"Branson999 full FCV matrix, w20_step10_hp030",FlyWire783 cell-level side-aware median_PostDCA_positive
851,SLP_R,SLP,615,SLP,R,0,SLP_R_851,378,SLP_R,0.2373626561177981,0.237138971896732,718,697,superior protocerebrum,2109,1772,0.0015574852548222,3.943850959086043e-05,0.0036136393805155,3.943850959086043e-05,0.003032188244531,0.000609890617674,-0.0014794074019769,0.0215671447223606,0.007490901075891,0.0185222333438909,0.7158258815251507,0.045376647210663146,0.007501870742728231,"Branson999 full FCV matrix, w20_step10_hp030",FlyWire783 cell-level side-aware median_PostDCA_positive
852,SLP_R,SLP,618,SLP,R,0,SLP_R_852,379,SLP_R,0.24054374232463557,0.24026154000874508,718,697,superior protocerebrum,2109,1772,0.0015574852548222,3.943850959086043e-05,0.0036136393805155,3.943850959086043e-05,0.003032188244531,0.000609890617674,-0.0014794074019769,0.0215671447223606,0.007490901075891,0.0185222333438909,0.7158258815251507,0.8420402158126264,0.7962538772995533,"Branson999 full FCV matrix, w20_step10_hp030",FlyWire783 cell-level side-aware median_PostDCA_positive
853,SLP_R,SLP,631,SLP,R,0,SLP_R_853,380,SLP_R,0.23987377956629008,0.2396903895684614,718,697,superior protocerebrum,2109,1772,0.0015574852548222,3.943850959086043e-05,0.0036136393805155,3.943850959086043e-05,0.003032188244531,0.000609890617674,-0.0014794074019769,0.0215671447223606,0.007490901075891,0.0185222333438909,0.7158258815251507,0.6742563560898941,0.6519828671376179,"Branson999 full FCV matrix, w20_step10_hp030",FlyWire783 cell-level side-aware median_PostDCA_positive
854,SLP_R,SLP,632,SLP,R,0,SLP_R_854,381,SLP_R,0.23819190146499597,0.23802812327434578,718,697,superior protocerebrum,2109,1772,0.0015574852548222,3.943850959086043e-05,0.0036136393805155,3.943850959086043e-05,0.003032188244531,0.000609890617674,-0.0014794074019769,0.0215671447223606,0.007490901075891,0.0185222333438909,0.7158258815251507,0.2530508548838964,0.23209903181906408,"Branson999 full FCV matrix, w20_step10_hp030",FlyWire783 cell-level side-aware median_PostDCA_positive
855,SLP_R,SLP,634,SLP,R,0,SLP_R_855,382,SLP_R,0.23883964051844386,0.23867925971178838,718,697,superior protocerebrum,2109,1772,0.0015574852548222,3.943850959086043e-05,0.0036136393805155,3.943850959086043e-05,0.003032188244531,0.000609890617674,-0.0014794074019769,0.0215671447223606,0.007490901075891,0.0185222333438909,0.7158258815251507,0.4152690634736213,0.3965742820463572,"Branson999 full FCV matrix, w20_step10_hp030",FlyWire783 cell-level side-aware median_PostDCA_positive
856,SLP_R,SLP,621,SLP,R,0,SLP_R_856,383,SLP_R,0.23680926073340738,0.2365602598121709,718,697,superior protocerebrum,2109,1772,0.0015574852548222,3.943850959086043e-05,0.0036136393805155,3.943850959086043e-05,0.003032188244531,0.000609890617674,-0.0014794074019769,0.0215671447223606,0.007490901075891,0.0185222333438909,0.7158258815251507,-0.09321436010908815,-0.1386791896992063,"Branson999 full FCV matrix, w20_step10_hp030",FlyWire783 cell-level side-aware median_PostDCA_positive
857,SLP_R,SLP,623,SLP,R,0,SLP_R_857,384,SLP_R,0.23556168836025848,0.23527809270007402,718,697,superior protocerebrum,2109,1772,0.0015574852548222,3.943850959086043e-05,0.0036136393805155,3.943850959086043e-05,0.003032188244531,0.000609890617674,-0.0014794074019769,0.0215671447223606,0.007490901075891,0.0185222333438909,0.7158258815251507,-0.4056533807007762,-0.46255103048208307,"Branson999 full FCV matrix, w20_step10_hp030",FlyWire783 cell-level side-aware median_PostDCA_positive
858,SLP_R,SLP,624,SLP,R,0,SLP_R_858,385,SLP_R,0.237578810371522,0.23732757587123482,718,697,superior protocerebrum,2109,1772,0.0015574852548222,3.943850959086043e-05,0.0036136393805155,3.943850959086043e-05,0.003032188244531,0.000609890617674,-0.0014794074019769,0.0215671447223606,0.007490901075891,0.0185222333438909,0.7158258815251507,0.0995097979470507,0.05514270930806777,"Branson999 full FCV matrix, w20_step10_hp030",FlyWire783 cell-level side-aware median_PostDCA_positive
859,SLP_R,SLP,635,SLP,R,0,SLP_R_859,386,SLP_R,0.2367342756361166,0.23658213134295947,718,697,superior protocerebrum,2109,1772,0.0015574852548222,3.943850959086043e-05,0.0036136393805155,3.943850959086043e-05,0.003032188244531,0.000609890617674,-0.0014794074019769,0.0215671447223606,0.007490901075891,0.0185222333438909,0.7158258815251507,-0.11199344728731105,-0.13315450194953754,"Branson999 full FCV matrix, w20_step10_hp030",FlyWire783 cell-level side-aware median_PostDCA_positive
860,SLP_R,SLP,625,SLP,R,0,SLP_R_860,387,SLP_R,0.23996383910825966,0.23965264631233102,718,697,superior protocerebrum,2109,1772,0.0015574852548222,3.943850959086043e-05,0.0036136393805155,3.943850959086043e-05,0.003032188244531,0.000609890617674,-0.0014794074019769,0.0215671447223606,0.007490901075891,0.0185222333438909,0.7158258815251507,0.6968106508895549,0.6424490257804704,"Branson999 full FCV matrix, w20_step10_hp030",FlyWire783 cell-level side-aware median_PostDCA_positive
861,SLP_R,SLP,622,SLP,R,0,SLP_R_861,388,SLP_R,0.23951760510008552,0.2392264113406361,718,697,superior protocerebrum,2109,1772,0.0015574852548222,3.943850959086043e-05,0.0036136393805155,3.943850959086043e-05,0.003032188244531,0.000609890617674,-0.0014794074019769,0.0215671447223606,0.007490901075891,0.0185222333438909,0.7158258815251507,0.5850568805517815,0.5347832592930529,"Branson999 full FCV matrix, w20_step10_hp030",FlyWire783 cell-level side-aware median_PostDCA_positive
862,SLP_R,SLP,614,SLP,R,0,SLP_R_862,389,SLP_R,0.23595565247788575,0.2357570133750347,718,697,superior protocerebrum,2109,1772,0.0015574852548222,3.943850959086043e-05,0.0036136393805155,3.943850959086043e-05,0.003032188244531,0.000609890617674,-0.0014794074019769,0.0215671447223606,0.007490901075891,0.0185222333438909,0.7158258815251507,-0.3069899558695178,-0.341577002116289,"Branson999 full FCV matrix, w20_step10_hp030",FlyWire783 cell-level side-aware median_PostDCA_positive
863,SLP_R,SLP,620,SLP,R,0,SLP_R_863,390,SLP_R,0.23737865942175976,0.23708622195296236,718,697,superior protocerebrum,2109,1772,0.0015574852548222,3.943850959086043e-05,0.0036136393805155,3.943850959086043e-05,0.003032188244531,0.000609890617674,-0.0014794074019769,0.0215671447223606,0.007490901075891,0.0185222333438909,0.7158258815251507,0.04938447611391799,-0.00582261810796884,"Branson999 full FCV matrix, w20_step10_hp030",FlyWire783 cell-level side-aware median_PostDCA_positive
864,SLP_R,SLP,628,SLP,R,0,SLP_R_864,391,SLP_R,0.24020664759159094,0.23989682766477963,718,697,superior protocerebrum,2109,1772,0.0015574852548222,3.943850959086043e-05,0.0036136393805155,3.943850959086043e-05,0.003032188244531,0.000609890617674,-0.0014794074019769,0.0215671447223606,0.007490901075891,0.0185222333438909,0.7158258815251507,0.7576190226971936,0.7041285551930195,"Branson999 full FCV matrix, w20_step10_hp030",FlyWire783 cell-level side-aware median_PostDCA_positive
865,SLP_R,SLP,630,SLP,R,0,SLP_R_865,392,SLP_R,0.23484611384038925,0.23461052514101177,718,697,superior protocerebrum,2109,1772,0.0015574852548222,3.943850959086043e-05,0.0036136393805155,3.943850959086043e-05,0.003032188244531,0.000609890617674,-0.0014794074019769,0.0215671447223606,0.007490901075891,0.0185222333438909,0.7158258815251507,-0.5848601401322986,-0.6311767362583239,"Branson999 full FCV matrix, w20_step10_hp030",FlyWire783 cell-level side-aware median_PostDCA_positive
866,SLP_R,SLP,616,SLP,R,0,SLP_R_866,393,SLP_R,0.23576183640090514,0.23559103146170518,718,697,superior protocerebrum,2109,1772,0.0015574852548222,3.943850959086043e-05,0.0036136393805155,3.943850959086043e-05,0.003032188244531,0.000609890617674,-0.0014794074019769,0.0215671447223606,0.007490901075891,0.0185222333438909,0.7158258815251507,-0.35552878741954513,-0.3835035710475294,"Branson999 full FCV matrix, w20_step10_hp030",FlyWire783 cell-level side-aware median_PostDCA_positive
867,SLP_R,SLP,626,SLP,R,0,SLP_R_867,394,SLP_R,0.23685610018141254,0.23670153114158862,718,697,superior protocerebrum,2109,1772,0.0015574852548222,3.943850959086043e-05,0.0036136393805155,3.943850959086043e-05,0.003032188244531,0.000609890617674,-0.0014794074019769,0.0215671447223606,0.007490901075891,0.0185222333438909,0.7158258815251507,-0.08148400155453972,-0.1029944454278202,"Branson999 full FCV matrix, w20_step10_hp030",FlyWire783 cell-level side-aware median_PostDCA_positive
868,SLP_R,SLP,629,SLP,R,0,SLP_R_868,395,SLP_R,0.23658103401875172,0.2364062193993655,718,697,superior protocerebrum,2109,1772,0.0015574852548222,3.943850959086043e-05,0.0036136393805155,3.943850959086043e-05,0.003032188244531,0.000609890617674,-0.0014794074019769,0.0215671447223606,0.007490901075891,0.0185222333438909,0.7158258815251507,-0.15037090888701157,-0.17758936886348645,"Branson999 full FCV matrix, w20_step10_hp030",FlyWire783 cell-level side-aware median_PostDCA_positive
869,SLP_R,SLP,627,SLP,R,0,SLP_R_869,396,SLP_R,0.23643692884738302,0.23624989367238847,718,697,superior protocerebrum,2109,1772,0.0015574852548222,3.943850959086043e-05,0.0036136393805155,3.943850959086043e-05,0.003032188244531,0.000609890617674,-0.0014794074019769,0.0215671447223606,0.007490901075891,0.0185222333438909,0.7158258815251507,-0.1864602609548142,-0.2170768120213263,"Branson999 full FCV matrix, w20_step10_hp030",FlyWire783 cell-level side-aware median_PostDCA_positive
870,SLP_R,SLP,617,SLP,R,0,SLP_R_870,397,SLP_R,0.241320250019521,0.24105118783615534,718,697,superior protocerebrum,2109,1772,0.0015574852548222,3.943850959086043e-05,0.0036136393805155,3.943850959086043e-05,0.003032188244531,0.000609890617674,-0.0014794074019769,0.0215671447223606,0.007490901075891,0.0185222333438909,0.7158258815251507,1.0365069328492968,0.9957167187815094,"Branson999 full FCV matrix, w20_step10_hp030",FlyWire783 cell-level side-aware median_PostDCA_positive
781,SMP_R,SMP,683,SMP,R,0,SMP_R_781,398,SMP_R,0.23675744600139997,0.23669167151197396,718,698,superior protocerebrum,2223,1858,0.0024713036258836,0.0001367879316448,0.0050300269951813,0.0001367879316448,0.0035258651882899,4.210163494943856e-06,-0.0024943567079249,0.0249790898738309,0.0032412514781929,0.0184596703110142,0.6658621599437181,-0.10619071680714068,-0.10548496040251581,"Branson999 full FCV matrix, w20_step10_hp030",FlyWire783 cell-level side-aware median_PostDCA_positive
782,SMP_R,SMP,670,SMP,R,0,SMP_R_782,399,SMP_R,0.23905255667751607,0.2389581455695623,718,698,superior protocerebrum,2223,1858,0.0024713036258836,0.0001367879316448,0.0050300269951813,0.0001367879316448,0.0035258651882899,4.210163494943856e-06,-0.0024943567079249,0.0249790898738309,0.0032412514781929,0.0184596703110142,0.6658621599437181,0.4685912735837715,0.4670200728277415,"Branson999 full FCV matrix, w20_step10_hp030",FlyWire783 cell-level side-aware median_PostDCA_positive
783,SMP_R,SMP,687,SMP,R,0,SMP_R_783,400,SMP_R,0.23772207775223533,0.23766541230042632,718,698,superior protocerebrum,2223,1858,0.0024713036258836,0.0001367879316448,0.0050300269951813,0.0001367879316448,0.0035258651882899,4.210163494943856e-06,-0.0024943567079249,0.0249790898738309,0.0032412514781929,0.0184596703110142,0.6658621599437181,0.1353893357407792,0.14047925021093233,"Branson999 full FCV matrix, w20_step10_hp030",FlyWire783 cell-level side-aware median_PostDCA_positive
784,SMP_R,SMP,681,SMP,R,0,SMP_R_784,401,SMP_R,0.23655243100927692,0.23647922152051581,718,698,superior protocerebrum,2223,1858,0.0024713036258836,0.0001367879316448,0.0050300269951813,0.0001367879316448,0.0035258651882899,4.210163494943856e-06,-0.0024943567079249,0.0249790898738309,0.0032412514781929,0.0184596703110142,0.6658621599437181,-0.157534177694996,-0.15914923642292214,"Branson999 full FCV matrix, w20_step10_hp030",FlyWire783 cell-level side-aware median_PostDCA_positive
785,SMP_R,SMP,684,SMP,R,0,SMP_R_785,402,SMP_R,0.23727657475487474,0.2371738626487541,718,698,superior protocerebrum,2223,1858,0.0024713036258836,0.0001367879316448,0.0050300269951813,0.0001367879316448,0.0035258651882899,4.210163494943856e-06,-0.0024943567079249,0.0249790898738309,0.0032412514781929,0.0184596703110142,0.6658621599437181,0.023818637990650978,0.016315177508344506,"Branson999 full FCV matrix, w20_step10_hp030",FlyWire783 cell-level side-aware median_PostDCA_positive
786,SMP_R,SMP,669,SMP,R,0,SMP_R_786,403,SMP_R,0.2392793348731642,0.2391759169751328,718,698,superior protocerebrum,2223,1858,0.0024713036258836,0.0001367879316448,0.0050300269951813,0.0001367879316448,0.0035258651882899,4.210163494943856e-06,-0.0024943567079249,0.0249790898738309,0.0032412514781929,0.0184596703110142,0.6658621599437181,0.5253850587499264,0.5220285232290667,"Branson999 full FCV matrix, w20_step10_hp030",FlyWire783 cell-level side-aware median_PostDCA_positive
787,SMP_R,SMP,685,SMP,R,0,SMP_R_787,404,SMP_R,0.23892215281408558,0.2389074516364409,718,698,superior protocerebrum,2223,1858,0.0024713036258836,0.0001367879316448,0.0050300269951813,0.0001367879316448,0.0035258651882899,4.210163494943856e-06,-0.0024943567079249,0.0249790898738309,0.0032412514781929,0.0184596703110142,0.6658621599437181,0.43593324407903095,0.45421492653935935,"Branson999 full FCV matrix, w20_step10_hp030",FlyWire783 cell-level side-aware median_PostDCA_positive
788,SMP_R,SMP,678,SMP,R,0,SMP_R_788,405,SMP_R,0.236217446030839,0.23615101789596157,718,698,superior protocerebrum,2223,1858,0.0024713036258836,0.0001367879316448,0.0050300269951813,0.0001367879316448,0.0035258651882899,4.210163494943856e-06,-0.0024943567079249,0.0249790898738309,0.0032412514781929,0.0184596703110142,0.6658621599437181,-0.2414270089476651,-0.24205255770851897,"Branson999 full FCV matrix, w20_step10_hp030",FlyWire783 cell-level side-aware median_PostDCA_positive
789,SMP_R,SMP,677,SMP,R,0,SMP_R_789,406,SMP_R,0.23611059595938194,0.23606706237949243,718,698,superior protocerebrum,2223,1858,0.0024713036258836,0.0001367879316448,0.0050300269951813,0.0001367879316448,0.0035258651882899,4.210163494943856e-06,-0.0024943567079249,0.0249790898738309,0.0032412514781929,0.0184596703110142,0.6658621599437181,-0.2681862835153854,-0.2632594872937503,"Branson999 full FCV matrix, w20_step10_hp030",FlyWire783 cell-level side-aware median_PostDCA_positive
790,SMP_R,SMP,676,SMP,R,0,SMP_R_790,407,SMP_R,0.2368773233360028,0.23677842747105413,718,698,superior protocerebrum,2223,1858,0.0024713036258836,0.0001367879316448,0.0050300269951813,0.0001367879316448,0.0035258651882899,4.210163494943856e-06,-0.0024943567079249,0.0249790898738309,0.0032412514781929,0.0184596703110142,0.6658621599437181,-0.07616892583086536,-0.08357064681493141,"Branson999 full FCV matrix, w20_step10_hp030",FlyWire783 cell-level side-aware median_PostDCA_positive
791,SMP_R,SMP,686,SMP,R,0,SMP_R_791,408,SMP_R,0.23776711705808157,0.23768401159338973,718,698,superior protocerebrum,2223,1858,0.0024713036258836,0.0001367879316448,0.0050300269951813,0.0001367879316448,0.0035258651882899,4.210163494943856e-06,-0.0024943567079249,0.0249790898738309,0.0032412514781929,0.0184596703110142,0.6658621599437181,0.14666887102834625,0.14517737980144152,"Branson999 full FCV matrix, w20_step10_hp030",FlyWire783 cell-level side-aware median_PostDCA_positive
792,SMP_R,SMP,688,SMP,R,0,SMP_R_792,409,SMP_R,0.2376572606730419,0.23756617331268473,718,698,superior protocerebrum,2223,1858,0.0024713036258836,0.0001367879316448,0.0050300269951813,0.0001367879316448,0.0035258651882899,4.210163494943856e-06,-0.0024943567079249,0.0249790898738309,0.0032412514781929,0.0184596703110142,0.6658621599437181,0.1191567025271305,0.1154117583574464,"Branson999 full FCV matrix, w20_step10_hp030",FlyWire783 cell-level side-aware median_PostDCA_positive
793,SMP_R,SMP,680,SMP,R,0,SMP_R_793,410,SMP_R,0.23743863814832505,0.2373804704165199,718,698,superior protocerebrum,2223,1858,0.0024713036258836,0.0001367879316448,0.0050300269951813,0.0001367879316448,0.0035258651882899,4.210163494943856e-06,-0.0024943567079249,0.0249790898738309,0.0032412514781929,0.0184596703110142,0.6658621599437181,0.06440540394762624,0.0685037240987526,"Branson999 full FCV matrix, w20_step10_hp030",FlyWire783 cell-level side-aware median_PostDCA_positive
794,SMP_R,SMP,675,SMP,R,0,SMP_R_794,411,SMP_R,0.23808589916420902,0.2380170707583902,718,698,superior protocerebrum,2223,1858,0.0024713036258836,0.0001367879316448,0.0050300269951813,0.0001367879316448,0.0035258651882899,4.210163494943856e-06,-0.0024943567079249,0.0249790898738309,0.0032412514781929,0.0184596703110142,0.6658621599437181,0.2265038939611046,0.22930719707768035,"Branson999 full FCV matrix, w20_step10_hp030",FlyWire783 cell-level side-aware median_PostDCA_positive
795,SMP_R,SMP,673,SMP,R,0,SMP_R_795,412,SMP_R,0.24016153350678218,0.24003439686535608,718,698,superior protocerebrum,2223,1858,0.0024713036258836,0.0001367879316448,0.0050300269951813,0.0001367879316448,0.0035258651882899,4.210163494943856e-06,-0.0024943567079249,0.0249790898738309,0.0032412514781929,0.0184596703110142,0.6658621599437181,0.7463207599463434,0.7388781520321219,"Branson999 full FCV matrix, w20_step10_hp030",FlyWire783 cell-level side-aware median_PostDCA_positive
796,SMP_R,SMP,689,SMP,R,0,SMP_R_796,413,SMP_R,0.23703977964912473,0.2369326771592175,718,698,superior protocerebrum,2223,1858,0.0024713036258836,0.0001367879316448,0.0050300269951813,0.0001367879316448,0.0035258651882899,4.210163494943856e-06,-0.0024943567079249,0.0249790898738309,0.0032412514781929,0.0184596703110142,0.6658621599437181,-0.0354837580176054,-0.044607605278202005,"Branson999 full FCV matrix, w20_step10_hp030",FlyWire783 cell-level side-aware median_PostDCA_positive
797,SMP_R,SMP,671,SMP,R,0,SMP_R_797,414,SMP_R,0.23650770840085414,0.23642266162232886,718,698,superior protocerebrum,2223,1858,0.0024713036258836,0.0001367879316448,0.0050300269951813,0.0001367879316448,0.0035258651882899,4.210163494943856e-06,-0.0024943567079249,0.0249790898738309,0.0032412514781929,0.0184596703110142,0.6658621599437181,-0.16873440004253887,-0.1734361091460437,"Branson999 full FCV matrix, w20_step10_hp030",FlyWire783 cell-level side-aware median_PostDCA_positive
798,SMP_R,SMP,682,SMP,R,0,SMP_R_798,415,SMP_R,0.23781399008155094,0.2377831710256537,718,698,superior protocerebrum,2223,1858,0.0024713036258836,0.0001367879316448,0.0050300269951813,0.0001367879316448,0.0035258651882899,4.210163494943856e-06,-0.0024943567079249,0.0249790898738309,0.0032412514781929,0.0184596703110142,0.6658621599437181,0.15840763814129244,0.17022477616289772,"Branson999 full FCV matrix, w20_step10_hp030",FlyWire783 cell-level side-aware median_PostDCA_positive
799,SMP_R,SMP,672,SMP,R,0,SMP_R_799,416,SMP_R,0.23515721894002017,0.23508856091123634,718,698,superior protocerebrum,2223,1858,0.0024713036258836,0.0001367879316448,0.0050300269951813,0.0001367879316448,0.0035258651882899,4.210163494943856e-06,-0.0024943567079249,0.0249790898738309,0.0032412514781929,0.0184596703110142,0.6658621599437181,-0.5069477282179294,-0.5104262323637963,"Branson999 full FCV matrix, w20_step10_hp030",FlyWire783 cell-level side-aware median_PostDCA_positive
800,SMP_R,SMP,674,SMP,R,0,SMP_R_800,417,SMP_R,0.23698357636668843,0.23687398363367798,718,698,superior protocerebrum,2223,1858,0.0024713036258836,0.0001367879316448,0.0050300269951813,0.0001367879316448,0.0035258651882899,4.210163494943856e-06,-0.0024943567079249,0.0249790898738309,0.0032412514781929,0.0184596703110142,0.6658621599437181,-0.04955917271608407,-0.05943342632693827,"Branson999 full FCV matrix, w20_step10_hp030",FlyWire783 cell-level side-aware median_PostDCA_positive
801,SMP_R,SMP,679,SMP,R,0,SMP_R_801,418,SMP_R,0.24071511774306056,0.24065691603328432,718,698,superior protocerebrum,2223,1858,0.0024713036258836,0.0001367879316448,0.0050300269951813,0.0001367879316448,0.0035258651882899,4.210163494943856e-06,-0.0024943567079249,0.0249790898738309,0.0032412514781929,0.0184596703110142,0.6658621599437181,0.8849590628780255,0.8961247596992116,"Branson999 full FCV matrix, w20_step10_hp030",FlyWire783 cell-level side-aware median_PostDCA_positive
947,SPS_R,SPS,862,SPS,R,0,SPS_R_947,419,SPS_R,0.23576729290570922,0.2357441498093732,718,707,superior protocerebrum,1338,1191,0.0025924904185208,0.0003348663559337,0.0058226063415563,0.0003348663559337,-0.0038048179207285,0.0018635815662679,-0.0045132256882255,0.0185531881136671,0.0084667384292398,0.0186635510680645,0.6784913277173099,-0.3541622734973622,-0.34482630296835526,"Branson999 full FCV matrix, w20_step10_hp030",FlyWire783 cell-level side-aware median_PostDCA_positive
948,SPS_R,SPS,856,SPS,R,0,SPS_R_948,420,SPS_R,0.23606139647031568,0.2360519651542904,718,707,superior protocerebrum,1338,1191,0.0025924904185208,0.0003348663559337,0.0058226063415563,0.0003348663559337,-0.0038048179207285,0.0018635815662679,-0.0045132256882255,0.0185531881136671,0.0084667384292398,0.0186635510680645,0.6784913277173099,-0.28050768506956913,-0.26707300432344766,"Branson999 full FCV matrix, w20_step10_hp030",FlyWire783 cell-level side-aware median_PostDCA_positive
949,SPS_R,SPS,864,SPS,R,0,SPS_R_949,421,SPS_R,0.23481086665991127,0.23480918610000714,718,707,superior protocerebrum,1338,1191,0.0025924904185208,0.0003348663559337,0.0058226063415563,0.0003348663559337,-0.0038048179207285,0.0018635815662679,-0.0045132256882255,0.0185531881136671,0.0084667384292398,0.0186635510680645,0.6784913277173099,-0.5936873591251038,-0.5809955314259067,"Branson999 full FCV matrix, w20_step10_hp030",FlyWire783 cell-level side-aware median_PostDCA_positive
950,SPS_R,SPS,857,SPS,R,0,SPS_R_950,422,SPS_R,0.2337547300933987,0.2337494732259598,718,707,superior protocerebrum,1338,1191,0.0025924904185208,0.0003348663559337,0.0058226063415563,0.0003348663559337,-0.0038048179207285,0.0018635815662679,-0.0045132256882255,0.0185531881136671,0.0084667384292398,0.0186635510680645,0.6784913277173099,-0.8581836573393574,-0.8486760513682197,"Branson999 full FCV matrix, w20_step10_hp030",FlyWire783 cell-level side-aware median_PostDCA_positive
951,SPS_R,SPS,848,SPS,R,0,SPS_R_951,423,SPS_R,0.23909911447100254,0.23909704483437969,718,707,superior protocerebrum,1338,1191,0.0025924904185208,0.0003348663559337,0.0058226063415563,0.0003348663559337,-0.0038048179207285,0.0018635815662679,-0.0045132256882255,0.0185531881136671,0.0084667384292398,0.0186635510680645,0.6784913277173099,0.4802510952589728,0.5021056401889455,"Branson999 full FCV matrix, w20_step10_hp030",FlyWire783 cell-level side-aware median_PostDCA_positive
952,SPS_R,SPS,859,SPS,R,0,SPS_R_952,424,SPS_R,0.23486226396339147,0.23484573120810198,718,707,superior protocerebrum,1338,1191,0.0025924904185208,0.0003348663559337,0.0058226063415563,0.0003348663559337,-0.0038048179207285,0.0018635815662679,-0.0045132256882255,0.0185531881136671,0.0084667384292398,0.0186635510680645,0.6784913277173099,-0.5808155422221105,-0.5717643389248547,"Branson999 full FCV matrix, w20_step10_hp030",FlyWire783 cell-level side-aware median_PostDCA_positive
953,SPS_R,SPS,854,SPS,R,0,SPS_R_953,425,SPS_R,0.23503842206165257,0.23502737700153853,718,707,superior protocerebrum,1338,1191,0.0025924904185208,0.0003348663559337,0.0058226063415563,0.0003348663559337,-0.0038048179207285,0.0018635815662679,-0.0045132256882255,0.0185531881136671,0.0084667384292398,0.0186635510680645,0.6784913277173099,-0.536698932336726,-0.5258811175134518,"Branson999 full FCV matrix, w20_step10_hp030",FlyWire783 cell-level side-aware median_PostDCA_positive
954,SPS_R,SPS,863,SPS,R,0,SPS_R_954,426,SPS_R,0.2340796678849683,0.23406017903027335,718,707,superior protocerebrum,1338,1191,0.0025924904185208,0.0003348663559337,0.0058226063415563,0.0003348663559337,-0.0038048179207285,0.0018635815662679,-0.0045132256882255,0.0185531881136671,0.0084667384292398,0.0186635510680645,0.6784913277173099,-0.7768070193692581,-0.7701926307317442,"Branson999 full FCV matrix, w20_step10_hp030",FlyWire783 cell-level side-aware median_PostDCA_positive
955,SPS_R,SPS,858,SPS,R,0,SPS_R_955,427,SPS_R,0.23582377352352552,0.23583471340312293,718,707,superior protocerebrum,1338,1191,0.0025924904185208,0.0003348663559337,0.0058226063415563,0.0003348663559337,-0.0038048179207285,0.0018635815662679,-0.0045132256882255,0.0185531881136671,0.0084667384292398,0.0186635510680645,0.6784913277173099,-0.34001740359422694,-0.3219501914701671,"Branson999 full FCV matrix, w20_step10_hp030",FlyWire783 cell-level side-aware median_PostDCA_positive
956,SPS_R,SPS,849,SPS,R,0,SPS_R_956,428,SPS_R,0.24001807365961808,0.24002570270267434,718,707,superior protocerebrum,1338,1191,0.0025924904185208,0.0003348663559337,0.0058226063415563,0.0003348663559337,-0.0038048179207285,0.0018635815662679,-0.0045132256882255,0.0185531881136671,0.0084667384292398,0.0186635510680645,0.6784913277173099,0.710393021318201,0.7366820307580444,"Branson999 full FCV matrix, w20_step10_hp030",FlyWire783 cell-level side-aware median_PostDCA_positive
957,SPS_R,SPS,860,SPS,R,0,SPS_R_957,429,SPS_R,0.24063459564772016,0.2406617848731836,718,707,superior protocerebrum,1338,1191,0.0025924904185208,0.0003348663559337,0.0058226063415563,0.0003348663559337,-0.0038048179207285,0.0018635815662679,-0.0045132256882255,0.0185531881136671,0.0084667384292398,0.0186635510680645,0.6784913277173099,0.8647933032430589,0.897354615094643,"Branson999 full FCV matrix, w20_step10_hp030",FlyWire783 cell-level side-aware median_PostDCA_positive
958,SPS_R,SPS,855,SPS,R,0,SPS_R_958,430,SPS_R,0.23666425323475068,0.2366655174312754,718,707,superior protocerebrum,1338,1191,0.0025924904185208,0.0003348663559337,0.0058226063415563,0.0003348663559337,-0.0038048179207285,0.0018635815662679,-0.0045132256882255,0.0185531881136671,0.0084667384292398,0.0186635510680645,0.6784913277173099,-0.12952968884981442,-0.1120914083295519,"Branson999 full FCV matrix, w20_step10_hp030",FlyWire783 cell-level side-aware median_PostDCA_positive
146,VES_R,VES,206,VES,R,0,VES_R_146,431,VES_R,0.23962970693133817,0.2395697625039799,718,713,inferior/ventrolateral protocerebrum,515,496,0.0059196704632409,0.0006108835195216,0.014554933943319,0.0006108835195216,-0.0027180829781906,0.0049627396953197,-0.012812201102631,0.0197899974539006,0.015161606618654,0.0185620406550057,0.704125823162281,0.6131313931948514,0.6215128066803957,"Branson999 full FCV matrix, w20_step10_hp030",FlyWire783 cell-level side-aware median_PostDCA_positive
147,VES_R,VES,201,VES,R,0,VES_R_147,432,VES_R,0.24203192770124363,0.24197811101455155,718,713,inferior/ventrolateral protocerebrum,515,496,0.0059196704632409,0.0006108835195216,0.014554933943319,0.0006108835195216,-0.0027180829781906,0.0049627396953197,-0.012812201102631,0.0197899974539006,0.015161606618654,0.0185620406550057,0.704125823162281,1.2147377775201722,1.229854931514586,"Branson999 full FCV matrix, w20_step10_hp030",FlyWire783 cell-level side-aware median_PostDCA_positive
148,VES_R,VES,200,VES,R,0,VES_R_148,433,VES_R,0.24163149073790877,0.24158129779191526,718,713,inferior/ventrolateral protocerebrum,515,496,0.0059196704632409,0.0006108835195216,0.014554933943319,0.0006108835195216,-0.0027180829781906,0.0049627396953197,-0.012812201102631,0.0197899974539006,0.015161606618654,0.0185620406550057,0.704125823162281,1.114453308798516,1.1296210168792131,"Branson999 full FCV matrix, w20_step10_hp030",FlyWire783 cell-level side-aware median_PostDCA_positive
149,VES_R,VES,203,VES,R,0,VES_R_149,434,VES_R,0.24016851163043199,0.24012389445176738,718,713,inferior/ventrolateral protocerebrum,515,496,0.0059196704632409,0.0006108835195216,0.014554933943319,0.0006108835195216,-0.0027180829781906,0.0049627396953197,-0.012812201102631,0.0197899974539006,0.015161606618654,0.0185620406550057,0.704125823162281,0.7480683444277224,0.7614849930461993,"Branson999 full FCV matrix, w20_step10_hp030",FlyWire783 cell-level side-aware median_PostDCA_positive
150,VES_R,VES,207,VES,R,0,VES_R_150,435,VES_R,0.23876890970776368,0.2387137424921396,718,713,inferior/ventrolateral protocerebrum,515,496,0.0059196704632409,0.0006108835195216,0.014554933943319,0.0006108835195216,-0.0027180829781906,0.0049627396953197,-0.012812201102631,0.0197899974539006,0.015161606618654,0.0185620406550057,0.704125823162281,0.39755540958852187,0.4052845363044002,"Branson999 full FCV matrix, w20_step10_hp030",FlyWire783 cell-level side-aware median_PostDCA_positive
151,VES_R,VES,202,VES,R,0,VES_R_151,436,VES_R,0.2452883272840077,0.24524088403890715,718,713,inferior/ventrolateral protocerebrum,515,496,0.0059196704632409,0.0006108835195216,0.014554933943319,0.0006108835195216,-0.0027180829781906,0.0049627396953197,-0.012812201102631,0.0197899974539006,0.015161606618654,0.0185620406550057,0.704125823162281,2.0302626466113196,2.0540223083603193,"Branson999 full FCV matrix, w20_step10_hp030",FlyWire783 cell-level side-aware median_PostDCA_positive
779,WED_R,WED,802,WED,R,0,WED_R_779,437,WED_R,0.23827180625007,0.23827180625007,718,718,optic/lateral protocerebrum,789,756,0.0011441118771768,0.0,0.0061784847771976,0.0,0.0018852715074512,0.0011466239774962,0.0007532254037463,0.012935449669569,0.0050387277225694,0.0125623993673423,0.7920838311249557,0.27306201682242554,0.2936526726593604,"Branson999 full FCV matrix, w20_step10_hp030",FlyWire783 cell-level side-aware median_PostDCA_positive
989,AME_L,AME,2,AME,L,1,AME_L_989,460,AME_L,0.2327244625072277,0.2327244625072277,716,716,optic/lateral protocerebrum,24,23,0.0093828486833883,0.0,0.061750714383074,0.0,0.0009690628463992,0.0005392387849957,0.0031286628908945,0.003772548406603,0.0022133410811218,0.0064291281421904,0.7044327766271429,-1.1162013904173653,-1.1075909035476892,"Branson999 full FCV matrix, w20_step10_hp030",FlyWire783 cell-level side-aware median_PostDCA_positive
159,ATL_L,ATL,219,ATL,L,1,ATL_L_159,465,ATL_L,0.2397416843739464,0.2397416843739464,718,718,inferior/ventrolateral protocerebrum,42,38,-0.0063601240994187,0.0,0.0251573640891863,0.0,-0.0252259685261034,-1.2115351549307065e-06,-0.0242936470322321,0.0081194081525082,0.000644299733036,0.0060415390024605,0.4375515151095835,0.6411747542453811,0.6649397921111992,"Branson999 full FCV matrix, w20_step10_hp030",FlyWire783 cell-level side-aware median_PostDCA_positive
216,AVLP_L,AVLP,757,AVLP,L,1,AVLP_L_216,466,AVLP_L,0.24010481704118503,0.24005934266421153,718,685,optic/lateral protocerebrum,2005,1788,0.0025588138708559,0.0006125545526105,0.0051518339019697,0.0006125545526105,-0.0056654989765472,0.0001578790018266,-0.0067736467252359,0.017506590080857,0.0058189537551086,0.0197041968931228,0.7483254036878222,0.7321168248929637,0.7451793913314998,"Branson999 full FCV matrix, w20_step10_hp030",FlyWire783 cell-level side-aware median_PostDCA_positive
217,AVLP_L,AVLP,728,AVLP,L,1,AVLP_L_217,467,AVLP_L,0.24372561630614337,0.24369754391515186,718,685,optic/lateral protocerebrum,2005,1788,0.0025588138708559,0.0006125545526105,0.0051518339019697,0.0006125545526105,-0.0056654989765472,0.0001578790018266,-0.0067736467252359,0.017506590080857,0.0058189537551086,0.0197041968931228,0.7483254036878222,1.6389010728058224,1.6641788923821632,"Branson999 full FCV matrix, w20_step10_hp030",FlyWire783 cell-level side-aware median_PostDCA_positive
218,AVLP_L,AVLP,758,AVLP,L,1,AVLP_L_218,468,AVLP_L,0.24053473390577274,0.24032560769202274,718,685,optic/lateral protocerebrum,2005,1788,0.0025588138708559,0.0006125545526105,0.0051518339019697,0.0006125545526105,-0.0056654989765472,0.0001578790018266,-0.0067736467252359,0.017506590080857,0.0058189537551086,0.0197041968931228,0.7483254036878222,0.8397841690876731,0.8124371956221507,"Branson999 full FCV matrix, w20_step10_hp030",FlyWire783 cell-level side-aware median_PostDCA_positive
219,AVLP_L,AVLP,727,AVLP,L,1,AVLP_L_219,469,AVLP_L,0.23660192045171913,0.23639631353829052,718,685,optic/lateral protocerebrum,2005,1788,0.0025588138708559,0.0006125545526105,0.0051518339019697,0.0006125545526105,-0.0056654989765472,0.0001578790018266,-0.0067736467252359,0.017506590080857,0.0058189537551086,0.0197041968931228,0.7483254036878222,-0.14514016091563714,-0.1800915617762736,"Branson999 full FCV matrix, w20_step10_hp030",FlyWire783 cell-level side-aware median_PostDCA_positive
220,AVLP_L,AVLP,759,AVLP,L,1,AVLP_L_220,470,AVLP_L,0.23826675759166233,0.23819131865460613,718,685,optic/lateral protocerebrum,2005,1788,0.0025588138708559,0.0006125545526105,0.0051518339019697,0.0006125545526105,-0.0056654989765472,0.0001578790018266,-0.0067736467252359,0.017506590080857,0.0058189537551086,0.0197041968931228,0.7483254036878222,0.2717976429695381,0.27332173025947537,"Branson999 full FCV matrix, w20_step10_hp030",FlyWire783 cell-level side-aware median_PostDCA_positive
221,AVLP_L,AVLP,726,AVLP,L,1,AVLP_L_221,471,AVLP_L,0.2360478074182511,0.2360323919670722,718,685,optic/lateral protocerebrum,2005,1788,0.0025588138708559,0.0006125545526105,0.0051518339019697,0.0006125545526105,-0.0056654989765472,0.0001578790018266,-0.0067736467252359,0.017506590080857,0.0058189537551086,0.0197041968931228,0.7483254036878222,-0.28391089454198754,-0.2720171368897343,"Branson999 full FCV matrix, w20_step10_hp030",FlyWire783 cell-level side-aware median_PostDCA_positive
222,AVLP_L,AVLP,760,AVLP,L,1,AVLP_L_222,472,AVLP_L,0.23584636911789134,0.23568869651200217,718,685,optic/lateral protocerebrum,2005,1788,0.0025588138708559,0.0006125545526105,0.0051518339019697,0.0006125545526105,-0.0056654989765472,0.0001578790018266,-0.0067736467252359,0.017506590080857,0.0058189537551086,0.0197041968931228,0.7483254036878222,-0.33435861735842315,-0.3588336514080318,"Branson999 full FCV matrix, w20_step10_hp030",FlyWire783 cell-level side-aware median_PostDCA_positive
223,AVLP_L,AVLP,725,AVLP,L,1,AVLP_L_223,473,AVLP_L,0.2340964640792314,0.23400858597075666,718,685,optic/lateral protocerebrum,2005,1788,0.0025588138708559,0.0006125545526105,0.0051518339019697,0.0006125545526105,-0.0056654989765472,0.0001578790018266,-0.0067736467252359,0.017506590080857,0.0058189537551086,0.0197041968931228,0.7483254036878222,-0.7726006209284347,-0.7832248938428782,"Branson999 full FCV matrix, w20_step10_hp030",FlyWire783 cell-level side-aware median_PostDCA_positive
224,AVLP_L,AVLP,761,AVLP,L,1,AVLP_L_224,474,AVLP_L,0.23724545038185332,0.23715572221112158,718,685,optic/lateral protocerebrum,2005,1788,0.0025588138708559,0.0006125545526105,0.0051518339019697,0.0006125545526105,-0.0056654989765472,0.0001578790018266,-0.0067736467252359,0.017506590080857,0.0058189537551086,0.0197041968931228,0.7483254036878222,0.016023924968274747,0.01173295349618694,"Branson999 full FCV matrix, w20_step10_hp030",FlyWire783 cell-level side-aware median_PostDCA_positive
225,AVLP_L,AVLP,724,AVLP,L,1,AVLP_L_225,475,AVLP_L,0.2374141964775214,0.23728420803861214,718,685,optic/lateral protocerebrum,2005,1788,0.0025588138708559,0.0006125545526105,0.0051518339019697,0.0006125545526105,-0.0056654989765472,0.0001578790018266,-0.0067736467252359,0.017506590080857,0.0058189537551086,0.0197041968931228,0.7483254036878222,0.05828429077465521,0.04418811559734544,"Branson999 full FCV matrix, w20_step10_hp030",FlyWire783 cell-level side-aware median_PostDCA_positive
226,AVLP_L,AVLP,762,AVLP,L,1,AVLP_L_226,476,AVLP_L,0.2353620740252713,0.235300539177176,718,685,optic/lateral protocerebrum,2005,1788,0.0025588138708559,0.0006125545526105,0.0051518339019697,0.0006125545526105,-0.0056654989765472,0.0001578790018266,-0.0067736467252359,0.017506590080857,0.0058189537551086,0.0197041968931228,0.7483254036878222,-0.4556443140219772,-0.4568811128952724,"Branson999 full FCV matrix, w20_step10_hp030",FlyWire783 cell-level side-aware median_PostDCA_positive
227,AVLP_L,AVLP,723,AVLP,L,1,AVLP_L_227,477,AVLP_L,0.23722215862816678,0.23708119037875022,718,685,optic/lateral protocerebrum,2005,1788,0.0025588138708559,0.0006125545526105,0.0051518339019697,0.0006125545526105,-0.0056654989765472,0.0001578790018266,-0.0067736467252359,0.017506590080857,0.0058189537551086,0.0197041968931228,0.7483254036878222,0.010190794268757125,-0.0070935797374993,"Branson999 full FCV matrix, w20_step10_hp030",FlyWire783 cell-level side-aware median_PostDCA_positive
228,AVLP_L,AVLP,763,AVLP,L,1,AVLP_L_228,478,AVLP_L,0.24008979738215763,0.2401433754411664,718,685,optic/lateral protocerebrum,2005,1788,0.0025588138708559,0.0006125545526105,0.0051518339019697,0.0006125545526105,-0.0056654989765472,0.0001578790018266,-0.0067736467252359,0.017506590080857,0.0058189537551086,0.0197041968931228,0.7483254036878222,0.7283553376581228,0.7664058367002023,"Branson999 full FCV matrix, w20_step10_hp030",FlyWire783 cell-level side-aware median_PostDCA_positive
229,AVLP_L,AVLP,722,AVLP,L,1,AVLP_L_229,479,AVLP_L,0.23677545617224757,0.23665685253950697,718,685,optic/lateral protocerebrum,2005,1788,0.0025588138708559,0.0006125545526105,0.0051518339019697,0.0006125545526105,-0.0056654989765472,0.0001578790018266,-0.0067736467252359,0.017506590080857,0.0058189537551086,0.0197041968931228,0.7483254036878222,-0.10168029299412383,-0.1142801358524688,"Branson999 full FCV matrix, w20_step10_hp030",FlyWire783 cell-level side-aware median_PostDCA_positive
230,AVLP_L,AVLP,764,AVLP,L,1,AVLP_L_230,480,AVLP_L,0.23496856927783202,0.234878997250933,718,685,optic/lateral protocerebrum,2005,1788,0.0025588138708559,0.0006125545526105,0.0051518339019697,0.0006125545526105,-0.0056654989765472,0.0001578790018266,-0.0067736467252359,0.017506590080857,0.0058189537551086,0.0197041968931228,0.7483254036878222,-0.5541926952896583,-0.5633614291749511,"Branson999 full FCV matrix, w20_step10_hp030",FlyWire783 cell-level side-aware median_PostDCA_positive
231,AVLP_L,AVLP,721,AVLP,L,1,AVLP_L_231,481,AVLP_L,0.23589967474992024,0.23580604998842886,718,685,optic/lateral protocerebrum,2005,1788,0.0025588138708559,0.0006125545526105,0.0051518339019697,0.0006125545526105,-0.0056654989765472,0.0001578790018266,-0.0067736467252359,0.017506590080857,0.0058189537551086,0.0197041968931228,0.7483254036878222,-0.32100888324953536,-0.3291904901742175,"Branson999 full FCV matrix, w20_step10_hp030",FlyWire783 cell-level side-aware median_PostDCA_positive
232,AVLP_L,AVLP,765,AVLP,L,1,AVLP_L_232,482,AVLP_L,0.2354828774970194,0.23543722570062856,718,685,optic/lateral protocerebrum,2005,1788,0.0025588138708559,0.0006125545526105,0.0051518339019697,0.0006125545526105,-0.0056654989765472,0.0001578790018266,-0.0067736467252359,0.017506590080857,0.0058189537551086,0.0197041968931228,0.7483254036878222,-0.42539058348946246,-0.4223544778387916,"Branson999 full FCV matrix, w20_step10_hp030",FlyWire783 cell-level side-aware median_PostDCA_positive
233,AVLP_L,AVLP,720,AVLP,L,1,AVLP_L_233,483,AVLP_L,0.23574616066872886,0.23564880478389116,718,685,optic/lateral protocerebrum,2005,1788,0.0025588138708559,0.0006125545526105,0.0051518339019697,0.0006125545526105,-0.0056654989765472,0.0001578790018266,-0.0067736467252359,0.017506590080857,0.0058189537551086,0.0197041968931228,0.7483254036878222,-0.3594545800337676,-0.36891019080248794,"Branson999 full FCV matrix, w20_step10_hp030",FlyWire783 cell-level side-aware median_PostDCA_positive
234,AVLP_L,AVLP,766,AVLP,L,1,AVLP_L_234,484,AVLP_L,0.2383726717573185,0.2383896922006429,718,685,optic/lateral protocerebrum,2005,1788,0.0025588138708559,0.0006125545526105,0.0051518339019697,0.0006125545526105,-0.0056654989765472,0.0001578790018266,-0.0067736467252359,0.017506590080857,0.0058189537551086,0.0197041968931228,0.7483254036878222,0.2983225315424348,0.3234303353791967,"Branson999 full FCV matrix, w20_step10_hp030",FlyWire783 cell-level side-aware median_PostDCA_positive
235,AVLP_L,AVLP,719,AVLP,L,1,AVLP_L_235,485,AVLP_L,0.2367484980594282,0.2366206956095991,718,685,optic/lateral protocerebrum,2005,1788,0.0025588138708559,0.0006125545526105,0.0051518339019697,0.0006125545526105,-0.0056654989765472,0.0001578790018266,-0.0067736467252359,0.017506590080857,0.0058189537551086,0.0197041968931228,0.7483254036878222,-0.10843161784514632,-0.1234132756248368,"Branson999 full FCV matrix, w20_step10_hp030",FlyWire783 cell-level side-aware median_PostDCA_positive
236,AVLP_L,AVLP,767,AVLP,L,1,AVLP_L_236,486,AVLP_L,0.23530070735100428,0.2352223065927423,718,685,optic/lateral protocerebrum,2005,1788,0.0025588138708559,0.0006125545526105,0.0051518339019697,0.0006125545526105,-0.0056654989765472,0.0001578790018266,-0.0067736467252359,0.017506590080857,0.0058189537551086,0.0197041968931228,0.7483254036878222,-0.4710128361354959,-0.4766424457907242,"Branson999 full FCV matrix, w20_step10_hp030",FlyWire783 cell-level side-aware median_PostDCA_positive
237,AVLP_L,AVLP,718,AVLP,L,1,AVLP_L_237,487,AVLP_L,0.24222060519946853,0.24216334299669107,718,685,optic/lateral protocerebrum,2005,1788,0.0025588138708559,0.0006125545526105,0.0051518339019697,0.0006125545526105,-0.0056654989765472,0.0001578790018266,-0.0067736467252359,0.017506590080857,0.0058189537551086,0.0197041968931228,0.7483254036878222,1.2619897157819078,1.2766440142023134,"Branson999 full FCV matrix, w20_step10_hp030",FlyWire783 cell-level side-aware median_PostDCA_positive
238,AVLP_L,AVLP,768,AVLP,L,1,AVLP_L_238,488,AVLP_L,0.23884855327962895,0.23881791256154566,718,685,optic/lateral protocerebrum,2005,1788,0.0025588138708559,0.0006125545526105,0.0051518339019697,0.0006125545526105,-0.0056654989765472,0.0001578790018266,-0.0067736467252359,0.017506590080857,0.0058189537551086,0.0197041968931228,0.7483254036878222,0.4175011539201319,0.4315976056498167,"Branson999 full FCV matrix, w20_step10_hp030",FlyWire783 cell-level side-aware median_PostDCA_positive
239,AVLP_L,AVLP,717,AVLP,L,1,AVLP_L_239,489,AVLP_L,0.23660517597706243,0.23654279217350896,718,685,optic/lateral protocerebrum,2005,1788,0.0025588138708559,0.0006125545526105,0.0051518339019697,0.0006125545526105,-0.0056654989765472,0.0001578790018266,-0.0067736467252359,0.017506590080857,0.0058189537551086,0.0197041968931228,0.7483254036878222,-0.14432485498897088,-0.14309146656561555,"Branson999 full FCV matrix, w20_step10_hp030",FlyWire783 cell-level side-aware median_PostDCA_positive
240,AVLP_L,AVLP,769,AVLP,L,1,AVLP_L_240,490,AVLP_L,0.24166781280141336,0.24174153176614646,718,685,optic/lateral protocerebrum,2005,1788,0.0025588138708559,0.0006125545526105,0.0051518339019697,0.0006125545526105,-0.0056654989765472,0.0001578790018266,-0.0067736467252359,0.017506590080857,0.0058189537551086,0.0197041968931228,0.7483254036878222,1.123549718907856,1.1700956724062495,"Branson999 full FCV matrix, w20_step10_hp030",FlyWire783 cell-level side-aware median_PostDCA_positive
241,AVLP_L,AVLP,716,AVLP,L,1,AVLP_L_241,491,AVLP_L,0.24545177176408536,0.24551327055542144,718,685,optic/lateral protocerebrum,2005,1788,0.0025588138708559,0.0006125545526105,0.0051518339019697,0.0006125545526105,-0.0056654989765472,0.0001578790018266,-0.0067736467252359,0.017506590080857,0.0058189537551086,0.0197041968931228,0.7483254036878222,2.071195288577162,2.1228263836447367,"Branson999 full FCV matrix, w20_step10_hp030",FlyWire783 cell-level side-aware median_PostDCA_positive
242,AVLP_L,AVLP,770,AVLP,L,1,AVLP_L_242,492,AVLP_L,0.2377229534877903,0.23760799155932613,718,685,optic/lateral protocerebrum,2005,1788,0.0025588138708559,0.0006125545526105,0.0051518339019697,0.0006125545526105,-0.0056654989765472,0.0001578790018266,-0.0067736467252359,0.017506590080857,0.0058189537551086,0.0197041968931228,0.7483254036878222,0.13560865284412196,0.1259749309659787,"Branson999 full FCV matrix, w20_step10_hp030",FlyWire783 cell-level side-aware median_PostDCA_positive
243,AVLP_L,AVLP,715,AVLP,L,1,AVLP_L_243,493,AVLP_L,0.23550751616844617,0.23542428881940364,718,685,optic/lateral protocerebrum,2005,1788,0.0025588138708559,0.0006125545526105,0.0051518339019697,0.0006125545526105,-0.0056654989765472,0.0001578790018266,-0.0067736467252359,0.017506590080857,0.0058189537551086,0.0197041968931228,0.7483254036878222,-0.4192201339548756,-0.425622297997937,"Branson999 full FCV matrix, w20_step10_hp030",FlyWire783 cell-level side-aware median_PostDCA_positive
244,AVLP_L,AVLP,771,AVLP,L,1,AVLP_L_244,494,AVLP_L,0.2357218642739833,0.23562229384118644,718,685,optic/lateral protocerebrum,2005,1788,0.0025588138708559,0.0006125545526105,0.0051518339019697,0.0006125545526105,-0.0056654989765472,0.0001578790018266,-0.0067736467252359,0.017506590080857,0.0058189537551086,0.0197041968931228,0.7483254036878222,-0.36553931062061773,-0.3756067810781716,"Branson999 full FCV matrix, w20_step10_hp030",FlyWire783 cell-level side-aware median_PostDCA_positive
245,AVLP_L,AVLP,714,AVLP,L,1,AVLP_L_245,495,AVLP_L,0.23646885837351583,0.23637484012107546,718,685,optic/lateral protocerebrum,2005,1788,0.0025588138708559,0.0006125545526105,0.0051518339019697,0.0006125545526105,-0.0056654989765472,0.0001578790018266,-0.0067736467252359,0.017506590080857,0.0058189537551086,0.0197041968931228,0.7483254036878222,-0.17846390732627512,-0.1855156871463021,"Branson999 full FCV matrix, w20_step10_hp030",FlyWire783 cell-level side-aware median_PostDCA_positive
246,AVLP_L,AVLP,772,AVLP,L,1,AVLP_L_246,496,AVLP_L,0.24323033170070574,0.24325290566862778,718,685,optic/lateral protocerebrum,2005,1788,0.0025588138708559,0.0006125545526105,0.0051518339019697,0.0006125545526105,-0.0056654989765472,0.0001578790018266,-0.0067736467252359,0.017506590080857,0.0058189537551086,0.0197041968931228,0.7483254036878222,1.514863189018375,1.551864509938901,"Branson999 full FCV matrix, w20_step10_hp030",FlyWire783 cell-level side-aware median_PostDCA_positive
247,AVLP_L,AVLP,713,AVLP,L,1,AVLP_L_247,497,AVLP_L,0.23559721649919133,0.23556631834837344,718,685,optic/lateral protocerebrum,2005,1788,0.0025588138708559,0.0006125545526105,0.0051518339019697,0.0006125545526105,-0.0056654989765472,0.0001578790018266,-0.0067736467252359,0.017506590080857,0.0058189537551086,0.0197041968931228,0.7483254036878222,-0.39675579914917,-0.38974603463181023,"Branson999 full FCV matrix, w20_step10_hp030",FlyWire783 cell-level side-aware median_PostDCA_positive
248,AVLP_L,AVLP,773,AVLP,L,1,AVLP_L_248,498,AVLP_L,0.24590537283570962,0.24601879352854927,718,685,optic/lateral protocerebrum,2005,1788,0.0025588138708559,0.0006125545526105,0.0051518339019697,0.0006125545526105,-0.0056654989765472,0.0001578790018266,-0.0067736467252359,0.017506590080857,0.0058189537551086,0.0197041968931228,0.7483254036878222,2.184794048543217,2.250520078421532,"Branson999 full FCV matrix, w20_step10_hp030",FlyWire783 cell-level side-aware median_PostDCA_positive
249,AVLP_L,AVLP,712,AVLP,L,1,AVLP_L_249,499,AVLP_L,0.23790251817110675,0.2377136993354215,718,685,optic/lateral protocerebrum,2005,1788,0.0025588138708559,0.0006125545526105,0.0051518339019697,0.0006125545526105,-0.0056654989765472,0.0001578790018266,-0.0067736467252359,0.017506590080857,0.0058189537551086,0.0197041968931228,0.7483254036878222,0.1805783996866587,0.15267642073752652,"Branson999 full FCV matrix, w20_step10_hp030",FlyWire783 cell-level side-aware median_PostDCA_positive
134,CRE_L,CRE,223,CRE,L,1,CRE_L_134,500,CRE_L,0.24016100143661398,0.24014054217078384,718,709,inferior/ventrolateral protocerebrum,704,675,0.0003089837026198,7.844447145871609e-20,0.0024485271722526,7.844447145871609e-20,-0.0049864930875445,-2.3454246205980272e-05,0.0115219428982972,0.0207756652701866,0.0041261662364546,0.0235397050582183,0.6330252132147755,0.7461875095748082,0.7656901604942093,"Branson999 full FCV matrix, w20_step10_hp030",FlyWire783 cell-level side-aware median_PostDCA_positive
135,CRE_L,CRE,236,CRE,L,1,CRE_L_135,501,CRE_L,0.23434600640410155,0.2343062667716373,718,709,inferior/ventrolateral protocerebrum,704,675,0.0003089837026198,7.844447145871609e-20,0.0024485271722526,7.844447145871609e-20,-0.0049864930875445,-2.3454246205980272e-05,0.0115219428982972,0.0207756652701866,0.0041261662364546,0.0235397050582183,0.6330252132147755,-0.710105842062971,-0.7080315527898075,"Branson999 full FCV matrix, w20_step10_hp030",FlyWire783 cell-level side-aware median_PostDCA_positive
136,CRE_L,CRE,221,CRE,L,1,CRE_L_136,502,CRE_L,0.2383297541191415,0.23831916328170333,718,709,inferior/ventrolateral protocerebrum,704,675,0.0003089837026198,7.844447145871609e-20,0.0024485271722526,7.844447145871609e-20,-0.0049864930875445,-2.3454246205980272e-05,0.0115219428982972,0.0207756652701866,0.0041261662364546,0.0235397050582183,0.6330252132147755,0.2875743415963227,0.3056149269274619,"Branson999 full FCV matrix, w20_step10_hp030",FlyWire783 cell-level side-aware median_PostDCA_positive
137,CRE_L,CRE,235,CRE,L,1,CRE_L_137,503,CRE_L,0.240084655720201,0.24002486702457104,718,709,inferior/ventrolateral protocerebrum,704,675,0.0003089837026198,7.844447145871609e-20,0.0024485271722526,7.844447145871609e-20,-0.0049864930875445,-2.3454246205980272e-05,0.0115219428982972,0.0207756652701866,0.0041261662364546,0.0235397050582183,0.6330252132147755,0.7270676722204118,0.7364709407970991,"Branson999 full FCV matrix, w20_step10_hp030",FlyWire783 cell-level side-aware median_PostDCA_positive
138,CRE_L,CRE,234,CRE,L,1,CRE_L_138,504,CRE_L,0.23884751861155917,0.23876605265168904,718,709,inferior/ventrolateral protocerebrum,704,675,0.0003089837026198,7.844447145871609e-20,0.0024485271722526,7.844447145871609e-20,-0.0049864930875445,-2.3454246205980272e-05,0.0115219428982972,0.0207756652701866,0.0041261662364546,0.0235397050582183,0.6330252132147755,0.41724203414053734,0.41849793688617976,"Branson999 full FCV matrix, w20_step10_hp030",FlyWire783 cell-level side-aware median_PostDCA_positive
139,CRE_L,CRE,225,CRE,L,1,CRE_L_139,505,CRE_L,0.23891036893347714,0.23879150097196394,718,709,inferior/ventrolateral protocerebrum,704,675,0.0003089837026198,7.844447145871609e-20,0.0024485271722526,7.844447145871609e-20,-0.0049864930875445,-2.3454246205980272e-05,0.0115219428982972,0.0207756652701866,0.0041261662364546,0.0235397050582183,0.6330252132147755,0.4329821173986798,0.4249261116962365,"Branson999 full FCV matrix, w20_step10_hp030",FlyWire783 cell-level side-aware median_PostDCA_positive
140,CRE_L,CRE,224,CRE,L,1,CRE_L_140,506,CRE_L,0.23925099670210534,0.2392120548559835,718,709,inferior/ventrolateral protocerebrum,704,675,0.0003089837026198,7.844447145871609e-20,0.0024485271722526,7.844447145871609e-20,-0.0049864930875445,-2.3454246205980272e-05,0.0115219428982972,0.0207756652701866,0.0041261662364546,0.0235397050582183,0.6330252132147755,0.518288115437019,0.5311568512626669,"Branson999 full FCV matrix, w20_step10_hp030",FlyWire783 cell-level side-aware median_PostDCA_positive
141,CRE_L,CRE,220,CRE,L,1,CRE_L_141,507,CRE_L,0.23781284377623582,0.23779750185920717,718,709,inferior/ventrolateral protocerebrum,704,675,0.0003089837026198,7.844447145871609e-20,0.0024485271722526,7.844447145871609e-20,-0.0049864930875445,-2.3454246205980272e-05,0.0115219428982972,0.0207756652701866,0.0041261662364546,0.0235397050582183,0.6330252132147755,0.15812056019883267,0.17384470479710593,"Branson999 full FCV matrix, w20_step10_hp030",FlyWire783 cell-level side-aware median_PostDCA_positive
142,CRE_L,CRE,237,CRE,L,1,CRE_L_142,508,CRE_L,0.2394143965150884,0.23937925803256782,718,709,inferior/ventrolateral protocerebrum,704,675,0.0003089837026198,7.844447145871609e-20,0.0024485271722526,7.844447145871609e-20,-0.0049864930875445,-2.3454246205980272e-05,0.0115219428982972,0.0207756652701866,0.0041261662364546,0.0235397050582183,0.6330252132147755,0.5592095710832607,0.5733919078899904,"Branson999 full FCV matrix, w20_step10_hp030",FlyWire783 cell-level side-aware median_PostDCA_positive
143,CRE_L,CRE,222,CRE,L,1,CRE_L_143,509,CRE_L,0.24226406514639656,0.2422410333419148,718,709,inferior/ventrolateral protocerebrum,704,675,0.0003089837026198,7.844447145871609e-20,0.0024485271722526,7.844447145871609e-20,-0.0049864930875445,-2.3454246205980272e-05,0.0115219428982972,0.0207756652701866,0.0041261662364546,0.0235397050582183,0.6330252132147755,1.2728737202255846,1.2962683789838407,"Branson999 full FCV matrix, w20_step10_hp030",FlyWire783 cell-level side-aware median_PostDCA_positive
145,EPA_L,EPA,902,EPA,L,1,EPA_L_145,510,EPA_L,0.23577263944146626,0.23577263944146626,718,718,inferior/ventrolateral protocerebrum,11,11,-0.0369581721868362,0.0,0.1202046099669913,0.0,0.0446293887503689,0.0006428902440458,0.0295073207550427,0.0641271040364944,0.0121188405916985,0.0360269818767459,0.4958012371726421,-0.3528232999584792,-0.3376299012652123,"Branson999 full FCV matrix, w20_step10_hp030",FlyWire783 cell-level side-aware median_PostDCA_positive
913,IB_L,IB,216,IB,L,1,IB_L_913,513,IB_L,0.2374508486197759,0.2374573709632634,718,716,inferior/ventrolateral protocerebrum,128,116,0.0065261756838551,0.0,0.0186496216725279,0.0,0.028330329238535,0.0056384974087127,0.0149129229143107,0.0356146528386148,0.0115467902827769,0.0235209619970511,0.5125734054859159,0.06746336501118565,0.08792858798430887,"Branson999 full FCV matrix, w20_step10_hp030",FlyWire783 cell-level side-aware median_PostDCA_positive
914,IB_L,IB,214,IB,L,1,IB_L_914,514,IB_L,0.23614497608210616,0.23614461131855286,718,716,inferior/ventrolateral protocerebrum,128,116,0.0065261756838551,0.0,0.0186496216725279,0.0,0.028330329238535,0.0056384974087127,0.0149129229143107,0.0356146528386148,0.0115467902827769,0.0235209619970511,0.5125734054859159,-0.25957620837828926,-0.2436708413151592,"Branson999 full FCV matrix, w20_step10_hp030",FlyWire783 cell-level side-aware median_PostDCA_positive
915,IB_L,IB,215,IB,L,1,IB_L_915,515,IB_L,0.2384569330667499,0.2384594478888706,718,716,inferior/ventrolateral protocerebrum,128,116,0.0065261756838551,0.0,0.0186496216725279,0.0,0.028330329238535,0.0056384974087127,0.0149129229143107,0.0356146528386148,0.0115467902827769,0.0235209619970511,0.5125734054859159,0.31942473094916807,0.34105042790710033,"Branson999 full FCV matrix, w20_step10_hp030",FlyWire783 cell-level side-aware median_PostDCA_positive
319,ICL_L,ICL,197,ICL,L,1,ICL_L_319,516,ICL_L,0.23638459372943413,0.2363884248615,718,711,optic/lateral protocerebrum,566,525,0.0018436013109097,5.873659349928741e-26,0.0057364791814904,5.873659349928741e-26,0.0042850023490588,0.001576847129987,0.0025058751708901,0.0141316259929802,0.0051010546740766,0.0121847313385815,0.5842391617747914,-0.19956694185480012,-0.1820842195580738,"Branson999 full FCV matrix, w20_step10_hp030",FlyWire783 cell-level side-aware median_PostDCA_positive
320,ICL_L,ICL,187,ICL,L,1,ICL_L_320,517,ICL_L,0.23756189687596735,0.23755433471582482,718,711,optic/lateral protocerebrum,566,525,0.0018436013109097,5.873659349928741e-26,0.0057364791814904,5.873659349928741e-26,0.0042850023490588,0.001576847129987,0.0025058751708901,0.0141316259929802,0.0051010546740766,0.0121847313385815,0.5842391617747914,0.09527402285326449,0.11242136176941153,"Branson999 full FCV matrix, w20_step10_hp030",FlyWire783 cell-level side-aware median_PostDCA_positive
321,ICL_L,ICL,183,ICL,L,1,ICL_L_321,518,ICL_L,0.23547375431614748,0.23545819231302578,718,711,optic/lateral protocerebrum,566,525,0.0018436013109097,5.873659349928741e-26,0.0057364791814904,5.873659349928741e-26,0.0042850023490588,0.001576847129987,0.0025058751708901,0.0141316259929802,0.0051010546740766,0.0121847313385815,0.5842391617747914,-0.42767537093558994,-0.417058369953942,"Branson999 full FCV matrix, w20_step10_hp030",FlyWire783 cell-level side-aware median_PostDCA_positive
322,ICL_L,ICL,198,ICL,L,1,ICL_L_322,519,ICL_L,0.2345961136307967,0.23457890602302228,718,711,optic/lateral protocerebrum,566,525,0.0018436013109097,5.873659349928741e-26,0.0057364791814904,5.873659349928741e-26,0.0042850023490588,0.001576847129987,0.0025058751708901,0.0141316259929802,0.0051010546740766,0.0121847313385815,0.5842391617747914,-0.6474695905449163,-0.6391636373810953,"Branson999 full FCV matrix, w20_step10_hp030",FlyWire783 cell-level side-aware median_PostDCA_positive
323,ICL_L,ICL,184,ICL,L,1,ICL_L_323,520,ICL_L,0.24041071861397426,0.24041777062033864,718,711,optic/lateral protocerebrum,566,525,0.0018436013109097,5.873659349928741e-26,0.0057364791814904,5.873659349928741e-26,0.0042850023490588,0.001576847129987,0.0025058751708901,0.0141316259929802,0.0051010546740766,0.0121847313385815,0.5842391617747914,0.8087260780768002,0.8357172945764876,"Branson999 full FCV matrix, w20_step10_hp030",FlyWire783 cell-level side-aware median_PostDCA_positive
324,ICL_L,ICL,188,ICL,L,1,ICL_L_324,521,ICL_L,0.23630568910711933,0.23630054905883505,718,711,optic/lateral protocerebrum,566,525,0.0018436013109097,5.873659349928741e-26,0.0057364791814904,5.873659349928741e-26,0.0042850023490588,0.001576847129987,0.0025058751708901,0.0141316259929802,0.0051010546740766,0.0121847313385815,0.5842391617747914,-0.21932762544061019,-0.20428140251562527,"Branson999 full FCV matrix, w20_step10_hp030",FlyWire783 cell-level side-aware median_PostDCA_positive
325,ICL_L,ICL,185,ICL,L,1,ICL_L_325,522,ICL_L,0.23858382930206484,0.2385689504009638,718,711,optic/lateral protocerebrum,566,525,0.0018436013109097,5.873659349928741e-26,0.0057364791814904,5.873659349928741e-26,0.0042850023490588,0.001576847129987,0.0025058751708901,0.0141316259929802,0.0051010546740766,0.0121847313385815,0.5842391617747914,0.3512043185161036,0.36871045742070174,"Branson999 full FCV matrix, w20_step10_hp030",FlyWire783 cell-level side-aware median_PostDCA_positive
326,ICL_L,ICL,186,ICL,L,1,ICL_L_326,523,ICL_L,0.23904543238997641,0.23906187007449636,718,711,optic/lateral protocerebrum,566,525,0.0018436013109097,5.873659349928741e-26,0.0057364791814904,5.873659349928741e-26,0.0042850023490588,0.001576847129987,0.0025058751708901,0.0141316259929802,0.0051010546740766,0.0121847313385815,0.5842391617747914,0.4668070841698256,0.49322059382874356,"Branson999 full FCV matrix, w20_step10_hp030",FlyWire783 cell-level side-aware median_PostDCA_positive
983,LAL_L,LAL,142,LAL,L,1,LAL_L_983,539,LAL_L,0.2398286145923967,0.239805173232844,718,714,inferior/ventrolateral protocerebrum,678,673,0.0044447178720078,0.0001443163092578,0.0090573680580631,0.0001443163092578,0.0158525861949458,0.006198014247349,0.0101176505025235,0.0372312491272941,0.0186091877155498,0.0361901253693291,0.6596443212903678,0.6629453487992499,0.6809769010078232,"Branson999 full FCV matrix, w20_step10_hp030",FlyWire783 cell-level side-aware median_PostDCA_positive
984,LAL_L,LAL,144,LAL,L,1,LAL_L_984,540,LAL_L,0.23917021246539918,0.23913583442728592,718,714,inferior/ventrolateral protocerebrum,678,673,0.0044447178720078,0.0001443163092578,0.0090573680580631,0.0001443163092578,0.0158525861949458,0.006198014247349,0.0101176505025235,0.0372312491272941,0.0186091877155498,0.0361901253693291,0.6596443212903678,0.4980567057497306,0.5119037833008955,"Branson999 full FCV matrix, w20_step10_hp030",FlyWire783 cell-level side-aware median_PostDCA_positive
985,LAL_L,LAL,141,LAL,L,1,LAL_L_985,541,LAL_L,0.24384265317613837,0.2437869146156689,718,714,inferior/ventrolateral protocerebrum,678,673,0.0044447178720078,0.0001443163092578,0.0090573680580631,0.0001443163092578,0.0158525861949458,0.006198014247349,0.0101176505025235,0.0372312491272941,0.0186091877155498,0.0361901253693291,0.6596443212903678,1.6682115046664294,1.6867536823728155,"Branson999 full FCV matrix, w20_step10_hp030",FlyWire783 cell-level side-aware median_PostDCA_positive
986,LAL_L,LAL,148,LAL,L,1,LAL_L_986,542,LAL_L,0.24106754824471635,0.24103616826747337,718,714,inferior/ventrolateral protocerebrum,678,673,0.0044447178720078,0.0001443163092578,0.0090573680580631,0.0001443163092578,0.0158525861949458,0.006198014247349,0.0101176505025235,0.0372312491272941,0.0186091877155498,0.0361901253693291,0.6596443212903678,0.9732209089511663,0.9919228175724554,"Branson999 full FCV matrix, w20_step10_hp030",FlyWire783 cell-level side-aware median_PostDCA_positive
987,LAL_L,LAL,145,LAL,L,1,LAL_L_987,543,LAL_L,0.24408532932260113,0.24404224023275067,718,714,inferior/ventrolateral protocerebrum,678,673,0.0044447178720078,0.0001443163092578,0.0090573680580631,0.0001443163092578,0.0158525861949458,0.006198014247349,0.0101176505025235,0.0372312491272941,0.0186091877155498,0.0361901253693291,0.6596443212903678,1.7289867343474243,1.751248221987126,"Branson999 full FCV matrix, w20_step10_hp030",FlyWire783 cell-level side-aware median_PostDCA_positive
838,LH_L,LH,89,LH,L,1,LH_L_838,545,LH_L,0.23510008237761762,0.23495691152975692,718,708,olfactory system,1973,1600,-0.0033701125672052,-0.0008003869546784,0.0032467657147912,0.0,0.0073878421151655,0.0023355524990645,0.0029102837144043,0.0154207396394683,0.0058420913357281,0.01256191601924,0.8518090925584685,-0.52125687130353,-0.5436804993898275,"Branson999 full FCV matrix, w20_step10_hp030",FlyWire783 cell-level side-aware median_PostDCA_positive
839,LH_L,LH,104,LH,L,1,LH_L_839,546,LH_L,0.24313922601747698,0.2429928021597753,718,708,olfactory system,1973,1600,-0.0033701125672052,-0.0008003869546784,0.0032467657147912,0.0,0.0073878421151655,0.0023355524990645,0.0029102837144043,0.0154207396394683,0.0058420913357281,0.01256191601924,0.8518090925584685,1.4920469011211976,1.4861630881730854,"Branson999 full FCV matrix, w20_step10_hp030",FlyWire783 cell-level side-aware median_PostDCA_positive
840,LH_L,LH,88,LH,L,1,LH_L_840,547,LH_L,0.2384488322234882,0.23831767929736328,718,708,olfactory system,1973,1600,-0.0033701125672052,-0.0008003869546784,0.0032467657147912,0.0,0.0073878421151655,0.0023355524990645,0.0029102837144043,0.0154207396394683,0.0058420913357281,0.01256191601924,0.8518090925584685,0.31739597527204294,0.3052400766171002,"Branson999 full FCV matrix, w20_step10_hp030",FlyWire783 cell-level side-aware median_PostDCA_positive
841,LH_L,LH,105,LH,L,1,LH_L_841,548,LH_L,0.23181281822647165,0.2316781728729411,718,708,olfactory system,1973,1600,-0.0033701125672052,-0.0008003869546784,0.0032467657147912,0.0,0.0073878421151655,0.0023355524990645,0.0029102837144043,0.0154207396394683,0.0058420913357281,0.01256191601924,0.8518090925584685,-1.344511388568821,-1.371880750519554,"Branson999 full FCV matrix, w20_step10_hp030",FlyWire783 cell-level side-aware median_PostDCA_positive
842,LH_L,LH,87,LH,L,1,LH_L_842,549,LH_L,0.24284985884286542,0.24277172614952666,718,708,olfactory system,1973,1600,-0.0033701125672052,-0.0008003869546784,0.0032467657147912,0.0,0.0073878421151655,0.0023355524990645,0.0029102837144043,0.0154207396394683,0.0058420913357281,0.01256191601924,0.8518090925584685,1.4195784827970375,1.4303199038356964,"Branson999 full FCV matrix, w20_step10_hp030",FlyWire783 cell-level side-aware median_PostDCA_positive
843,LH_L,LH,106,LH,L,1,LH_L_843,550,LH_L,0.23815002067213567,0.2380627836654665,718,708,olfactory system,1973,1600,-0.0033701125672052,-0.0008003869546784,0.0032467657147912,0.0,0.0073878421151655,0.0023355524990645,0.0029102837144043,0.0154207396394683,0.0058420913357281,0.01256191601924,0.8518090925584685,0.24256232998185168,0.2408541500627076,"Branson999 full FCV matrix, w20_step10_hp030",FlyWire783 cell-level side-aware median_PostDCA_positive
844,LH_L,LH,86,LH,L,1,LH_L_844,551,LH_L,0.2356649965468155,0.23552844238582107,718,708,olfactory system,1973,1600,-0.0033701125672052,-0.0008003869546784,0.0032467657147912,0.0,0.0073878421151655,0.0023355524990645,0.0029102837144043,0.0154207396394683,0.0058420913357281,0.01256191601924,0.8518090925584685,-0.3797811272574683,-0.3993133972614722,"Branson999 full FCV matrix, w20_step10_hp030",FlyWire783 cell-level side-aware median_PostDCA_positive
845,LH_L,LH,107,LH,L,1,LH_L_845,552,LH_L,0.23479604268497864,0.23467297741357995,718,708,olfactory system,1973,1600,-0.0033701125672052,-0.0008003869546784,0.0032467657147912,0.0,0.0073878421151655,0.0023355524990645,0.0029102837144043,0.0154207396394683,0.0058420913357281,0.01256191601924,0.8518090925584685,-0.5973998397065206,-0.615401466180891,"Branson999 full FCV matrix, w20_step10_hp030",FlyWire783 cell-level side-aware median_PostDCA_positive
846,LH_L,LH,85,LH,L,1,LH_L_846,553,LH_L,0.23894305909066343,0.23884324993480743,718,708,olfactory system,1973,1600,-0.0033701125672052,-0.0008003869546784,0.0032467657147912,0.0,0.0073878421151655,0.0023355524990645,0.0029102837144043,0.0154207396394683,0.0058420913357281,0.01256191601924,0.8518090925584685,0.4411689616364168,0.43799775555342135,"Branson999 full FCV matrix, w20_step10_hp030",FlyWire783 cell-level side-aware median_PostDCA_positive
847,LH_L,LH,108,LH,L,1,LH_L_847,554,LH_L,0.2422853423015663,0.24222049153693423,718,708,olfactory system,1973,1600,-0.0033701125672052,-0.0008003869546784,0.0032467657147912,0.0,0.0073878421151655,0.0023355524990645,0.0029102837144043,0.0154207396394683,0.0058420913357281,0.01256191601924,0.8518090925584685,1.2782023197243269,1.2910795762690535,"Branson999 full FCV matrix, w20_step10_hp030",FlyWire783 cell-level side-aware median_PostDCA_positive
848,LH_L,LH,84,LH,L,1,LH_L_848,555,LH_L,0.23923649091800556,0.23908630175451423,718,708,olfactory system,1973,1600,-0.0033701125672052,-0.0008003869546784,0.0032467657147912,0.0,0.0073878421151655,0.0023355524990645,0.0029102837144043,0.0154207396394683,0.0058420913357281,0.01256191601924,0.8518090925584685,0.5146553218014792,0.4993919681419281,"Branson999 full FCV matrix, w20_step10_hp030",FlyWire783 cell-level side-aware median_PostDCA_positive
728,MB_L,MB,138,MB,L,1,MB_L_728,617,MB_L,0.24230894352294816,0.24195607682443832,718,703,mushroom body,2472,2145,0.0043636591433225,0.0028228930298063,0.0062076513879774,0.0028228930298063,-0.0569564167101986,3.324955995114724e-17,-0.0135387948897974,0.1238445491944881,0.0270413933980255,0.0591930742633097,0.4136311737999303,1.2841129527681694,1.2242891564726242,"Branson999 full FCV matrix, w20_step10_hp030",FlyWire783 cell-level side-aware median_PostDCA_positive
729,MB_L,MB,115,MB,L,1,MB_L_729,618,MB_L,0.2446524209590432,0.24458578329641018,718,703,mushroom body,2472,2145,0.0043636591433225,0.0028228930298063,0.0062076513879774,0.0028228930298063,-0.0569564167101986,3.324955995114724e-17,-0.0135387948897974,0.1238445491944881,0.0270413933980255,0.0591930742633097,0.4136311737999303,1.8710077980461046,1.8885456857196574,"Branson999 full FCV matrix, w20_step10_hp030",FlyWire783 cell-level side-aware median_PostDCA_positive
730,MB_L,MB,109,MB,L,1,MB_L_730,619,MB_L,0.2393738574633993,0.23917130618474128,718,703,mushroom body,2472,2145,0.0043636591433225,0.0028228930298063,0.0062076513879774,0.0028228930298063,-0.0569564167101986,3.324955995114724e-17,-0.0135387948897974,0.1238445491944881,0.0270413933980255,0.0591930742633097,0.4136311737999303,0.549057068608803,0.5208638504204476,"Branson999 full FCV matrix, w20_step10_hp030",FlyWire783 cell-level side-aware median_PostDCA_positive
731,MB_L,MB,117,MB,L,1,MB_L_731,620,MB_L,0.24067915422685693,0.24055177788280038,718,703,mushroom body,2472,2145,0.0043636591433225,0.0028228930298063,0.0062076513879774,0.0028228930298063,-0.0569564167101986,3.324955995114724e-17,-0.0135387948897974,0.1238445491944881,0.0270413933980255,0.0591930742633097,0.4136311737999303,0.8759524464912454,0.8695671557703049,"Branson999 full FCV matrix, w20_step10_hp030",FlyWire783 cell-level side-aware median_PostDCA_positive
732,MB_L,MB,139,MB,L,1,MB_L_732,621,MB_L,0.2396449822402634,0.23942896181053847,718,703,mushroom body,2472,2145,0.0043636591433225,0.0028228930298063,0.0062076513879774,0.0028228930298063,-0.0569564167101986,3.324955995114724e-17,-0.0135387948897974,0.1238445491944881,0.0270413933980255,0.0591930742633097,0.4136311737999303,0.6169569047744222,0.5859469437455658,"Branson999 full FCV matrix, w20_step10_hp030",FlyWire783 cell-level side-aware median_PostDCA_positive
733,MB_L,MB,120,MB,L,1,MB_L_733,622,MB_L,0.24616146935498567,0.2461320910700963,718,703,mushroom body,2472,2145,0.0043636591433225,0.0028228930298063,0.0062076513879774,0.0028228930298063,-0.0569564167101986,3.324955995114724e-17,-0.0135387948897974,0.1238445491944881,0.0270413933980255,0.0591930742633097,0.4136311737999303,2.2489302440711696,2.279138721803357,"Branson999 full FCV matrix, w20_step10_hp030",FlyWire783 cell-level side-aware median_PostDCA_positive
734,MB_L,MB,121,MB,L,1,MB_L_734,623,MB_L,0.24486915265347733,0.24471176995023003,718,703,mushroom body,2472,2145,0.0043636591433225,0.0028228930298063,0.0062076513879774,0.0028228930298063,-0.0569564167101986,3.324955995114724e-17,-0.0135387948897974,0.1238445491944881,0.0270413933980255,0.0591930742633097,0.4136311737999303,1.925285561643311,1.9203695635135434,"Branson999 full FCV matrix, w20_step10_hp030",FlyWire783 cell-level side-aware median_PostDCA_positive
735,MB_L,MB,110,MB,L,1,MB_L_735,624,MB_L,0.2394686164106019,0.23916510960245752,718,703,mushroom body,2472,2145,0.0043636591433225,0.0028228930298063,0.0062076513879774,0.0028228930298063,-0.0569564167101986,3.324955995114724e-17,-0.0135387948897974,0.1238445491944881,0.0270413933980255,0.0591930742633097,0.4136311737999303,0.5727882711374063,0.5192986109973877,"Branson999 full FCV matrix, w20_step10_hp030",FlyWire783 cell-level side-aware median_PostDCA_positive
736,MB_L,MB,119,MB,L,1,MB_L_736,625,MB_L,0.24530651013075586,0.24504823017207666,718,703,mushroom body,2472,2145,0.0043636591433225,0.0028228930298063,0.0062076513879774,0.0028228930298063,-0.0569564167101986,3.324955995114724e-17,-0.0135387948897974,0.1238445491944881,0.0270413933980255,0.0591930742633097,0.4136311737999303,2.034816314961013,2.005358478274797,"Branson999 full FCV matrix, w20_step10_hp030",FlyWire783 cell-level side-aware median_PostDCA_positive
737,MB_L,MB,113,MB,L,1,MB_L_737,626,MB_L,0.24131921281179733,0.2411387441519363,718,703,mushroom body,2472,2145,0.0043636591433225,0.0028228930298063,0.0062076513879774,0.0028228930298063,-0.0569564167101986,3.324955995114724e-17,-0.0135387948897974,0.1238445491944881,0.0270413933980255,0.0591930742633097,0.4136311737999303,1.0362471770448949,1.017833200242163,"Branson999 full FCV matrix, w20_step10_hp030",FlyWire783 cell-level side-aware median_PostDCA_positive
738,MB_L,MB,116,MB,L,1,MB_L_738,627,MB_L,0.24523506551361465,0.2452697881015935,718,703,mushroom body,2472,2145,0.0043636591433225,0.0028228930298063,0.0062076513879774,0.0028228930298063,-0.0569564167101986,3.324955995114724e-17,-0.0135387948897974,0.1238445491944881,0.0270413933980255,0.0591930742633097,0.4136311737999303,2.0169238971048817,2.0613233940768474,"Branson999 full FCV matrix, w20_step10_hp030",FlyWire783 cell-level side-aware median_PostDCA_positive
739,MB_L,MB,111,MB,L,1,MB_L_739,628,MB_L,0.24038976237765433,0.24018714663467344,718,703,mushroom body,2472,2145,0.0043636591433225,0.0028228930298063,0.0062076513879774,0.0028228930298063,-0.0569564167101986,3.324955995114724e-17,-0.0135387948897974,0.1238445491944881,0.0270413933980255,0.0591930742633097,0.4136311737999303,0.80347784872193,0.7774623182466717,"Branson999 full FCV matrix, w20_step10_hp030",FlyWire783 cell-level side-aware median_PostDCA_positive
740,MB_L,MB,114,MB,L,1,MB_L_740,629,MB_L,0.24021936839190858,0.2400848890723066,718,703,mushroom body,2472,2145,0.0043636591433225,0.0028228930298063,0.0062076513879774,0.0028228930298063,-0.0569564167101986,3.324955995114724e-17,-0.0135387948897974,0.1238445491944881,0.0270413933980255,0.0591930742633097,0.4136311737999303,0.7608047892931259,0.7516323428516888,"Branson999 full FCV matrix, w20_step10_hp030",FlyWire783 cell-level side-aware median_PostDCA_positive
741,MB_L,MB,118,MB,L,1,MB_L_741,630,MB_L,0.23842434594042042,0.23829242988536958,718,703,mushroom body,2472,2145,0.0043636591433225,0.0028228930298063,0.0062076513879774,0.0028228930298063,-0.0569564167101986,3.324955995114724e-17,-0.0135387948897974,0.1238445491944881,0.0270413933980255,0.0591930742633097,0.4136311737999303,0.3112636895110826,0.2988621454847776,"Branson999 full FCV matrix, w20_step10_hp030",FlyWire783 cell-level side-aware median_PostDCA_positive
742,MB_L,MB,112,MB,L,1,MB_L_742,631,MB_L,0.23820625286032168,0.23797857981621823,718,703,mushroom body,2472,2145,0.0043636591433225,0.0028228930298063,0.0062076513879774,0.0028228930298063,-0.0569564167101986,3.324955995114724e-17,-0.0135387948897974,0.1238445491944881,0.0270413933980255,0.0591930742633097,0.4136311737999303,0.2566449837666739,0.21958449230925164,"Branson999 full FCV matrix, w20_step10_hp030",FlyWire783 cell-level side-aware median_PostDCA_positive
743,MB_L,MB,140,MB,L,1,MB_L_743,632,MB_L,0.24522114986067484,0.24493615756805753,718,703,mushroom body,2472,2145,0.0043636591433225,0.0028228930298063,0.0062076513879774,0.0028228930298063,-0.0569564167101986,3.324955995114724e-17,-0.0135387948897974,0.1238445491944881,0.0270413933980255,0.0591930742633097,0.4136311737999303,2.0134388944958257,1.9770492507002062,"Branson999 full FCV matrix, w20_step10_hp030",FlyWire783 cell-level side-aware median_PostDCA_positive
456,ME_L,ME,403,ME,L,1,ME_L_456,633,ME_L,,,0,0,optic/lateral protocerebrum,36515,17370,0.0005390230409539,-1.558948327760365e-07,0.0006102240924676,0.0,-0.0075254645606196,0.0039061802667059,-0.00522885531547,0.0137407167826744,0.0054805535017452,0.0198540710079499,0.994461520538547,,,"Branson999 full FCV matrix, w20_step10_hp030",FlyWire783 cell-level side-aware median_PostDCA_positive
457,ME_L,ME,533,ME,L,1,ME_L_457,634,ME_L,,,0,0,optic/lateral protocerebrum,36515,17370,0.0005390230409539,-1.558948327760365e-07,0.0006102240924676,0.0,-0.0075254645606196,0.0039061802667059,-0.00522885531547,0.0137407167826744,0.0054805535017452,0.0198540710079499,0.994461520538547,,,"Branson999 full FCV matrix, w20_step10_hp030",FlyWire783 cell-level side-aware median_PostDCA_positive
458,ME_L,ME,402,ME,L,1,ME_L_458,635,ME_L,,,0,0,optic/lateral protocerebrum,36515,17370,0.0005390230409539,-1.558948327760365e-07,0.0006102240924676,0.0,-0.0075254645606196,0.0039061802667059,-0.00522885531547,0.0137407167826744,0.0054805535017452,0.0198540710079499,0.994461520538547,,,"Branson999 full FCV matrix, w20_step10_hp030",FlyWire783 cell-level side-aware median_PostDCA_positive
459,ME_L,ME,534,ME,L,1,ME_L_459,636,ME_L,,,0,0,optic/lateral protocerebrum,36515,17370,0.0005390230409539,-1.558948327760365e-07,0.0006102240924676,0.0,-0.0075254645606196,0.0039061802667059,-0.00522885531547,0.0137407167826744,0.0054805535017452,0.0198540710079499,0.994461520538547,,,"Branson999 full FCV matrix, w20_step10_hp030",FlyWire783 cell-level side-aware median_PostDCA_positive
460,ME_L,ME,401,ME,L,1,ME_L_460,637,ME_L,,,0,0,optic/lateral protocerebrum,36515,17370,0.0005390230409539,-1.558948327760365e-07,0.0006102240924676,0.0,-0.0075254645606196,0.0039061802667059,-0.00522885531547,0.0137407167826744,0.0054805535017452,0.0198540710079499,0.994461520538547,,,"Branson999 full FCV matrix, w20_step10_hp030",FlyWire783 cell-level side-aware median_PostDCA_positive
461,ME_L,ME,535,ME,L,1,ME_L_461,638,ME_L,,,0,0,optic/lateral protocerebrum,36515,17370,0.0005390230409539,-1.558948327760365e-07,0.0006102240924676,0.0,-0.0075254645606196,0.0039061802667059,-0.00522885531547,0.0137407167826744,0.0054805535017452,0.0198540710079499,0.994461520538547,,,"Branson999 full FCV matrix, w20_step10_hp030",FlyWire783 cell-level side-aware median_PostDCA_positive
462,ME_L,ME,400,ME,L,1,ME_L_462,639,ME_L,,,0,0,optic/lateral protocerebrum,36515,17370,0.0005390230409539,-1.558948327760365e-07,0.0006102240924676,0.0,-0.0075254645606196,0.0039061802667059,-0.00522885531547,0.0137407167826744,0.0054805535017452,0.0198540710079499,0.994461520538547,,,"Branson999 full FCV matrix, w20_step10_hp030",FlyWire783 cell-level side-aware median_PostDCA_positive
463,ME_L,ME,536,ME,L,1,ME_L_463,640,ME_L,,,0,0,optic/lateral protocerebrum,36515,17370,0.0005390230409539,-1.558948327760365e-07,0.0006102240924676,0.0,-0.0075254645606196,0.0039061802667059,-0.00522885531547,0.0137407167826744,0.0054805535017452,0.0198540710079499,0.994461520538547,,,"Branson999 full FCV matrix, w20_step10_hp030",FlyWire783 cell-level side-aware median_PostDCA_positive
464,ME_L,ME,399,ME,L,1,ME_L_464,641,ME_L,,,0,0,optic/lateral protocerebrum,36515,17370,0.0005390230409539,-1.558948327760365e-07,0.0006102240924676,0.0,-0.0075254645606196,0.0039061802667059,-0.00522885531547,0.0137407167826744,0.0054805535017452,0.0198540710079499,0.994461520538547,,,"Branson999 full FCV matrix, w20_step10_hp030",FlyWire783 cell-level side-aware median_PostDCA_positive
465,ME_L,ME,537,ME,L,1,ME_L_465,642,ME_L,,,0,0,optic/lateral protocerebrum,36515,17370,0.0005390230409539,-1.558948327760365e-07,0.0006102240924676,0.0,-0.0075254645606196,0.0039061802667059,-0.00522885531547,0.0137407167826744,0.0054805535017452,0.0198540710079499,0.994461520538547,,,"Branson999 full FCV matrix, w20_step10_hp030",FlyWire783 cell-level side-aware median_PostDCA_positive
466,ME_L,ME,398,ME,L,1,ME_L_466,643,ME_L,,,0,0,optic/lateral protocerebrum,36515,17370,0.0005390230409539,-1.558948327760365e-07,0.0006102240924676,0.0,-0.0075254645606196,0.0039061802667059,-0.00522885531547,0.0137407167826744,0.0054805535017452,0.0198540710079499,0.994461520538547,,,"Branson999 full FCV matrix, w20_step10_hp030",FlyWire783 cell-level side-aware median_PostDCA_positive
467,ME_L,ME,538,ME,L,1,ME_L_467,644,ME_L,,,0,0,optic/lateral protocerebrum,36515,17370,0.0005390230409539,-1.558948327760365e-07,0.0006102240924676,0.0,-0.0075254645606196,0.0039061802667059,-0.00522885531547,0.0137407167826744,0.0054805535017452,0.0198540710079499,0.994461520538547,,,"Branson999 full FCV matrix, w20_step10_hp030",FlyWire783 cell-level side-aware median_PostDCA_positive
468,ME_L,ME,397,ME,L,1,ME_L_468,645,ME_L,,,0,0,optic/lateral protocerebrum,36515,17370,0.0005390230409539,-1.558948327760365e-07,0.0006102240924676,0.0,-0.0075254645606196,0.0039061802667059,-0.00522885531547,0.0137407167826744,0.0054805535017452,0.0198540710079499,0.994461520538547,,,"Branson999 full FCV matrix, w20_step10_hp030",FlyWire783 cell-level side-aware median_PostDCA_positive
469,ME_L,ME,539,ME,L,1,ME_L_469,646,ME_L,,,0,0,optic/lateral protocerebrum,36515,17370,0.0005390230409539,-1.558948327760365e-07,0.0006102240924676,0.0,-0.0075254645606196,0.0039061802667059,-0.00522885531547,0.0137407167826744,0.0054805535017452,0.0198540710079499,0.994461520538547,,,"Branson999 full FCV matrix, w20_step10_hp030",FlyWire783 cell-level side-aware median_PostDCA_positive
470,ME_L,ME,396,ME,L,1,ME_L_470,647,ME_L,,,0,0,optic/lateral protocerebrum,36515,17370,0.0005390230409539,-1.558948327760365e-07,0.0006102240924676,0.0,-0.0075254645606196,0.0039061802667059,-0.00522885531547,0.0137407167826744,0.0054805535017452,0.0198540710079499,0.994461520538547,,,"Branson999 full FCV matrix, w20_step10_hp030",FlyWire783 cell-level side-aware median_PostDCA_positive
471,ME_L,ME,540,ME,L,1,ME_L_471,648,ME_L,,,0,0,optic/lateral protocerebrum,36515,17370,0.0005390230409539,-1.558948327760365e-07,0.0006102240924676,0.0,-0.0075254645606196,0.0039061802667059,-0.00522885531547,0.0137407167826744,0.0054805535017452,0.0198540710079499,0.994461520538547,,,"Branson999 full FCV matrix, w20_step10_hp030",FlyWire783 cell-level side-aware median_PostDCA_positive
472,ME_L,ME,395,ME,L,1,ME_L_472,649,ME_L,,,0,0,optic/lateral protocerebrum,36515,17370,0.0005390230409539,-1.558948327760365e-07,0.0006102240924676,0.0,-0.0075254645606196,0.0039061802667059,-0.00522885531547,0.0137407167826744,0.0054805535017452,0.0198540710079499,0.994461520538547,,,"Branson999 full FCV matrix, w20_step10_hp030",FlyWire783 cell-level side-aware median_PostDCA_positive
473,ME_L,ME,541,ME,L,1,ME_L_473,650,ME_L,,,0,0,optic/lateral protocerebrum,36515,17370,0.0005390230409539,-1.558948327760365e-07,0.0006102240924676,0.0,-0.0075254645606196,0.0039061802667059,-0.00522885531547,0.0137407167826744,0.0054805535017452,0.0198540710079499,0.994461520538547,,,"Branson999 full FCV matrix, w20_step10_hp030",FlyWire783 cell-level side-aware median_PostDCA_positive
474,ME_L,ME,394,ME,L,1,ME_L_474,651,ME_L,,,0,0,optic/lateral protocerebrum,36515,17370,0.0005390230409539,-1.558948327760365e-07,0.0006102240924676,0.0,-0.0075254645606196,0.0039061802667059,-0.00522885531547,0.0137407167826744,0.0054805535017452,0.0198540710079499,0.994461520538547,,,"Branson999 full FCV matrix, w20_step10_hp030",FlyWire783 cell-level side-aware median_PostDCA_positive
475,ME_L,ME,542,ME,L,1,ME_L_475,652,ME_L,,,0,0,optic/lateral protocerebrum,36515,17370,0.0005390230409539,-1.558948327760365e-07,0.0006102240924676,0.0,-0.0075254645606196,0.0039061802667059,-0.00522885531547,0.0137407167826744,0.0054805535017452,0.0198540710079499,0.994461520538547,,,"Branson999 full FCV matrix, w20_step10_hp030",FlyWire783 cell-level side-aware median_PostDCA_positive
476,ME_L,ME,393,ME,L,1,ME_L_476,653,ME_L,,,0,0,optic/lateral protocerebrum,36515,17370,0.0005390230409539,-1.558948327760365e-07,0.0006102240924676,0.0,-0.0075254645606196,0.0039061802667059,-0.00522885531547,0.0137407167826744,0.0054805535017452,0.0198540710079499,0.994461520538547,,,"Branson999 full FCV matrix, w20_step10_hp030",FlyWire783 cell-level side-aware median_PostDCA_positive
477,ME_L,ME,543,ME,L,1,ME_L_477,654,ME_L,,,0,0,optic/lateral protocerebrum,36515,17370,0.0005390230409539,-1.558948327760365e-07,0.0006102240924676,0.0,-0.0075254645606196,0.0039061802667059,-0.00522885531547,0.0137407167826744,0.0054805535017452,0.0198540710079499,0.994461520538547,,,"Branson999 full FCV matrix, w20_step10_hp030",FlyWire783 cell-level side-aware median_PostDCA_positive
478,ME_L,ME,392,ME,L,1,ME_L_478,655,ME_L,,,0,0,optic/lateral protocerebrum,36515,17370,0.0005390230409539,-1.558948327760365e-07,0.0006102240924676,0.0,-0.0075254645606196,0.0039061802667059,-0.00522885531547,0.0137407167826744,0.0054805535017452,0.0198540710079499,0.994461520538547,,,"Branson999 full FCV matrix, w20_step10_hp030",FlyWire783 cell-level side-aware median_PostDCA_positive
479,ME_L,ME,544,ME,L,1,ME_L_479,656,ME_L,,,0,0,optic/lateral protocerebrum,36515,17370,0.0005390230409539,-1.558948327760365e-07,0.0006102240924676,0.0,-0.0075254645606196,0.0039061802667059,-0.00522885531547,0.0137407167826744,0.0054805535017452,0.0198540710079499,0.994461520538547,,,"Branson999 full FCV matrix, w20_step10_hp030",FlyWire783 cell-level side-aware median_PostDCA_positive
480,ME_L,ME,391,ME,L,1,ME_L_480,657,ME_L,0.22781054542971016,0.22776205568905378,712,692,optic/lateral protocerebrum,36515,17370,0.0005390230409539,-1.558948327760365e-07,0.0006102240924676,0.0,-0.0075254645606196,0.0039061802667059,-0.00522885531547,0.0137407167826744,0.0054805535017452,0.0198540710079499,0.994461520538547,-2.3468309490803363,-2.3610810420422395,"Branson999 full FCV matrix, w20_step10_hp030",FlyWire783 cell-level side-aware median_PostDCA_positive
481,ME_L,ME,545,ME,L,1,ME_L_481,658,ME_L,0.22908485290813047,0.2290550755298126,716,695,optic/lateral protocerebrum,36515,17370,0.0005390230409539,-1.558948327760365e-07,0.0006102240924676,0.0,-0.0075254645606196,0.0039061802667059,-0.00522885531547,0.0137407167826744,0.0054805535017452,0.0198540710079499,0.994461520538547,-2.0276964531108717,-2.0344678322318015,"Branson999 full FCV matrix, w20_step10_hp030",FlyWire783 cell-level side-aware median_PostDCA_positive
482,ME_L,ME,390,ME,L,1,ME_L_482,659,ME_L,,,0,0,optic/lateral protocerebrum,36515,17370,0.0005390230409539,-1.558948327760365e-07,0.0006102240924676,0.0,-0.0075254645606196,0.0039061802667059,-0.00522885531547,0.0137407167826744,0.0054805535017452,0.0198540710079499,0.994461520538547,,,"Branson999 full FCV matrix, w20_step10_hp030",FlyWire783 cell-level side-aware median_PostDCA_positive
483,ME_L,ME,546,ME,L,1,ME_L_483,660,ME_L,0.22834392455525013,0.2283209888317203,713,694,optic/lateral protocerebrum,36515,17370,0.0005390230409539,-1.558948327760365e-07,0.0006102240924676,0.0,-0.0075254645606196,0.0039061802667059,-0.00522885531547,0.0137407167826744,0.0054805535017452,0.0198540710079499,0.994461520538547,-2.2132527654218332,-2.2198960872246745,"Branson999 full FCV matrix, w20_step10_hp030",FlyWire783 cell-level side-aware median_PostDCA_positive
484,ME_L,ME,389,ME,L,1,ME_L_484,661,ME_L,,,0,0,optic/lateral protocerebrum,36515,17370,0.0005390230409539,-1.558948327760365e-07,0.0006102240924676,0.0,-0.0075254645606196,0.0039061802667059,-0.00522885531547,0.0137407167826744,0.0054805535017452,0.0198540710079499,0.994461520538547,,,"Branson999 full FCV matrix, w20_step10_hp030",FlyWire783 cell-level side-aware median_PostDCA_positive
485,ME_L,ME,547,ME,L,1,ME_L_485,662,ME_L,,,0,0,optic/lateral protocerebrum,36515,17370,0.0005390230409539,-1.558948327760365e-07,0.0006102240924676,0.0,-0.0075254645606196,0.0039061802667059,-0.00522885531547,0.0137407167826744,0.0054805535017452,0.0198540710079499,0.994461520538547,,,"Branson999 full FCV matrix, w20_step10_hp030",FlyWire783 cell-level side-aware median_PostDCA_positive
486,ME_L,ME,388,ME,L,1,ME_L_486,663,ME_L,,,0,0,optic/lateral protocerebrum,36515,17370,0.0005390230409539,-1.558948327760365e-07,0.0006102240924676,0.0,-0.0075254645606196,0.0039061802667059,-0.00522885531547,0.0137407167826744,0.0054805535017452,0.0198540710079499,0.994461520538547,,,"Branson999 full FCV matrix, w20_step10_hp030",FlyWire783 cell-level side-aware median_PostDCA_positive
487,ME_L,ME,548,ME,L,1,ME_L_487,664,ME_L,,,0,0,optic/lateral protocerebrum,36515,17370,0.0005390230409539,-1.558948327760365e-07,0.0006102240924676,0.0,-0.0075254645606196,0.0039061802667059,-0.00522885531547,0.0137407167826744,0.0054805535017452,0.0198540710079499,0.994461520538547,,,"Branson999 full FCV matrix, w20_step10_hp030",FlyWire783 cell-level side-aware median_PostDCA_positive
488,ME_L,ME,387,ME,L,1,ME_L_488,665,ME_L,,,0,0,optic/lateral protocerebrum,36515,17370,0.0005390230409539,-1.558948327760365e-07,0.0006102240924676,0.0,-0.0075254645606196,0.0039061802667059,-0.00522885531547,0.0137407167826744,0.0054805535017452,0.0198540710079499,0.994461520538547,,,"Branson999 full FCV matrix, w20_step10_hp030",FlyWire783 cell-level side-aware median_PostDCA_positive
489,ME_L,ME,549,ME,L,1,ME_L_489,666,ME_L,,,0,0,optic/lateral protocerebrum,36515,17370,0.0005390230409539,-1.558948327760365e-07,0.0006102240924676,0.0,-0.0075254645606196,0.0039061802667059,-0.00522885531547,0.0137407167826744,0.0054805535017452,0.0198540710079499,0.994461520538547,,,"Branson999 full FCV matrix, w20_step10_hp030",FlyWire783 cell-level side-aware median_PostDCA_positive
490,ME_L,ME,386,ME,L,1,ME_L_490,667,ME_L,,,0,0,optic/lateral protocerebrum,36515,17370,0.0005390230409539,-1.558948327760365e-07,0.0006102240924676,0.0,-0.0075254645606196,0.0039061802667059,-0.00522885531547,0.0137407167826744,0.0054805535017452,0.0198540710079499,0.994461520538547,,,"Branson999 full FCV matrix, w20_step10_hp030",FlyWire783 cell-level side-aware median_PostDCA_positive
491,ME_L,ME,550,ME,L,1,ME_L_491,668,ME_L,0.23410515501044188,0.2342295344219274,716,695,optic/lateral protocerebrum,36515,17370,0.0005390230409539,-1.558948327760365e-07,0.0006102240924676,0.0,-0.0075254645606196,0.0039061802667059,-0.00522885531547,0.0137407167826744,0.0054805535017452,0.0198540710079499,0.994461520538547,-0.7704240850465307,-0.7274139305732282,"Branson999 full FCV matrix, w20_step10_hp030",FlyWire783 cell-level side-aware median_PostDCA_positive
492,ME_L,ME,385,ME,L,1,ME_L_492,669,ME_L,0.23273270272313137,0.23275926467514274,716,695,optic/lateral protocerebrum,36515,17370,0.0005390230409539,-1.558948327760365e-07,0.0006102240924676,0.0,-0.0075254645606196,0.0039061802667059,-0.00522885531547,0.0137407167826744,0.0054805535017452,0.0198540710079499,0.994461520538547,-1.1141377305914344,-1.098799972880745,"Branson999 full FCV matrix, w20_step10_hp030",FlyWire783 cell-level side-aware median_PostDCA_positive
493,ME_L,ME,551,ME,L,1,ME_L_493,670,ME_L,0.22945280432954884,0.22946623976633823,716,695,optic/lateral protocerebrum,36515,17370,0.0005390230409539,-1.558948327760365e-07,0.0006102240924676,0.0,-0.0075254645606196,0.0039061802667059,-0.00522885531547,0.0137407167826744,0.0054805535017452,0.0198540710079499,0.994461520538547,-1.9355475852715578,-1.9306088914656017,"Branson999 full FCV matrix, w20_step10_hp030",FlyWire783 cell-level side-aware median_PostDCA_positive
494,ME_L,ME,384,ME,L,1,ME_L_494,671,ME_L,0.22944600427985853,0.22948505369484953,716,695,optic/lateral protocerebrum,36515,17370,0.0005390230409539,-1.558948327760365e-07,0.0006102240924676,0.0,-0.0075254645606196,0.0039061802667059,-0.00522885531547,0.0137407167826744,0.0054805535017452,0.0198540710079499,0.994461520538547,-1.9372505733393781,-1.9258565455336056,"Branson999 full FCV matrix, w20_step10_hp030",FlyWire783 cell-level side-aware median_PostDCA_positive
495,ME_L,ME,552,ME,L,1,ME_L_495,672,ME_L,0.22832563760722668,0.22835541110069763,716,695,optic/lateral protocerebrum,36515,17370,0.0005390230409539,-1.558948327760365e-07,0.0006102240924676,0.0,-0.0075254645606196,0.0039061802667059,-0.00522885531547,0.0137407167826744,0.0054805535017452,0.0198540710079499,0.994461520538547,-2.217832504644204,-2.211201117971115,"Branson999 full FCV matrix, w20_step10_hp030",FlyWire783 cell-level side-aware median_PostDCA_positive
496,ME_L,ME,383,ME,L,1,ME_L_496,673,ME_L,0.23120501713838534,0.23125054079692817,716,695,optic/lateral protocerebrum,36515,17370,0.0005390230409539,-1.558948327760365e-07,0.0006102240924676,0.0,-0.0075254645606196,0.0039061802667059,-0.00522885531547,0.0137407167826744,0.0054805535017452,0.0198540710079499,0.994461520538547,-1.49672762929635,-1.4798994216657881,"Branson999 full FCV matrix, w20_step10_hp030",FlyWire783 cell-level side-aware median_PostDCA_positive
497,ME_L,ME,553,ME,L,1,ME_L_497,674,ME_L,0.23069790791585645,0.2307613244683962,716,695,optic/lateral protocerebrum,36515,17370,0.0005390230409539,-1.558948327760365e-07,0.0006102240924676,0.0,-0.0075254645606196,0.0039061802667059,-0.00522885531547,0.0137407167826744,0.0054805535017452,0.0198540710079499,0.994461520538547,-1.6237268417108013,-1.603474103443085,"Branson999 full FCV matrix, w20_step10_hp030",FlyWire783 cell-level side-aware median_PostDCA_positive
498,ME_L,ME,382,ME,L,1,ME_L_498,675,ME_L,0.23419039087314708,0.23428268799328925,716,695,optic/lateral protocerebrum,36515,17370,0.0005390230409539,-1.558948327760365e-07,0.0006102240924676,0.0,-0.0075254645606196,0.0039061802667059,-0.00522885531547,0.0137407167826744,0.0054805535017452,0.0198540710079499,0.994461520538547,-0.7490778208649318,-0.7139874865171242,"Branson999 full FCV matrix, w20_step10_hp030",FlyWire783 cell-level side-aware median_PostDCA_positive
499,ME_L,ME,554,ME,L,1,ME_L_499,676,ME_L,,,0,0,optic/lateral protocerebrum,36515,17370,0.0005390230409539,-1.558948327760365e-07,0.0006102240924676,0.0,-0.0075254645606196,0.0039061802667059,-0.00522885531547,0.0137407167826744,0.0054805535017452,0.0198540710079499,0.994461520538547,,,"Branson999 full FCV matrix, w20_step10_hp030",FlyWire783 cell-level side-aware median_PostDCA_positive
500,ME_L,ME,381,ME,L,1,ME_L_500,677,ME_L,,,0,0,optic/lateral protocerebrum,36515,17370,0.0005390230409539,-1.558948327760365e-07,0.0006102240924676,0.0,-0.0075254645606196,0.0039061802667059,-0.00522885531547,0.0137407167826744,0.0054805535017452,0.0198540710079499,0.994461520538547,,,"Branson999 full FCV matrix, w20_step10_hp030",FlyWire783 cell-level side-aware median_PostDCA_positive
501,ME_L,ME,555,ME,L,1,ME_L_501,678,ME_L,,,0,0,optic/lateral protocerebrum,36515,17370,0.0005390230409539,-1.558948327760365e-07,0.0006102240924676,0.0,-0.0075254645606196,0.0039061802667059,-0.00522885531547,0.0137407167826744,0.0054805535017452,0.0198540710079499,0.994461520538547,,,"Branson999 full FCV matrix, w20_step10_hp030",FlyWire783 cell-level side-aware median_PostDCA_positive
502,ME_L,ME,380,ME,L,1,ME_L_502,679,ME_L,,,0,0,optic/lateral protocerebrum,36515,17370,0.0005390230409539,-1.558948327760365e-07,0.0006102240924676,0.0,-0.0075254645606196,0.0039061802667059,-0.00522885531547,0.0137407167826744,0.0054805535017452,0.0198540710079499,0.994461520538547,,,"Branson999 full FCV matrix, w20_step10_hp030",FlyWire783 cell-level side-aware median_PostDCA_positive
503,ME_L,ME,556,ME,L,1,ME_L_503,680,ME_L,,,0,0,optic/lateral protocerebrum,36515,17370,0.0005390230409539,-1.558948327760365e-07,0.0006102240924676,0.0,-0.0075254645606196,0.0039061802667059,-0.00522885531547,0.0137407167826744,0.0054805535017452,0.0198540710079499,0.994461520538547,,,"Branson999 full FCV matrix, w20_step10_hp030",FlyWire783 cell-level side-aware median_PostDCA_positive
504,ME_L,ME,379,ME,L,1,ME_L_504,681,ME_L,,,0,0,optic/lateral protocerebrum,36515,17370,0.0005390230409539,-1.558948327760365e-07,0.0006102240924676,0.0,-0.0075254645606196,0.0039061802667059,-0.00522885531547,0.0137407167826744,0.0054805535017452,0.0198540710079499,0.994461520538547,,,"Branson999 full FCV matrix, w20_step10_hp030",FlyWire783 cell-level side-aware median_PostDCA_positive
505,ME_L,ME,557,ME,L,1,ME_L_505,682,ME_L,,,0,0,optic/lateral protocerebrum,36515,17370,0.0005390230409539,-1.558948327760365e-07,0.0006102240924676,0.0,-0.0075254645606196,0.0039061802667059,-0.00522885531547,0.0137407167826744,0.0054805535017452,0.0198540710079499,0.994461520538547,,,"Branson999 full FCV matrix, w20_step10_hp030",FlyWire783 cell-level side-aware median_PostDCA_positive
506,ME_L,ME,378,ME,L,1,ME_L_506,683,ME_L,,,0,0,optic/lateral protocerebrum,36515,17370,0.0005390230409539,-1.558948327760365e-07,0.0006102240924676,0.0,-0.0075254645606196,0.0039061802667059,-0.00522885531547,0.0137407167826744,0.0054805535017452,0.0198540710079499,0.994461520538547,,,"Branson999 full FCV matrix, w20_step10_hp030",FlyWire783 cell-level side-aware median_PostDCA_positive
507,ME_L,ME,558,ME,L,1,ME_L_507,684,ME_L,,,0,0,optic/lateral protocerebrum,36515,17370,0.0005390230409539,-1.558948327760365e-07,0.0006102240924676,0.0,-0.0075254645606196,0.0039061802667059,-0.00522885531547,0.0137407167826744,0.0054805535017452,0.0198540710079499,0.994461520538547,,,"Branson999 full FCV matrix, w20_step10_hp030",FlyWire783 cell-level side-aware median_PostDCA_positive
508,ME_L,ME,377,ME,L,1,ME_L_508,685,ME_L,,,0,0,optic/lateral protocerebrum,36515,17370,0.0005390230409539,-1.558948327760365e-07,0.0006102240924676,0.0,-0.0075254645606196,0.0039061802667059,-0.00522885531547,0.0137407167826744,0.0054805535017452,0.0198540710079499,0.994461520538547,,,"Branson999 full FCV matrix, w20_step10_hp030",FlyWire783 cell-level side-aware median_PostDCA_positive
509,ME_L,ME,559,ME,L,1,ME_L_509,686,ME_L,,,0,0,optic/lateral protocerebrum,36515,17370,0.0005390230409539,-1.558948327760365e-07,0.0006102240924676,0.0,-0.0075254645606196,0.0039061802667059,-0.00522885531547,0.0137407167826744,0.0054805535017452,0.0198540710079499,0.994461520538547,,,"Branson999 full FCV matrix, w20_step10_hp030",FlyWire783 cell-level side-aware median_PostDCA_positive
510,ME_L,ME,376,ME,L,1,ME_L_510,687,ME_L,,,0,0,optic/lateral protocerebrum,36515,17370,0.0005390230409539,-1.558948327760365e-07,0.0006102240924676,0.0,-0.0075254645606196,0.0039061802667059,-0.00522885531547,0.0137407167826744,0.0054805535017452,0.0198540710079499,0.994461520538547,,,"Branson999 full FCV matrix, w20_step10_hp030",FlyWire783 cell-level side-aware median_PostDCA_positive
511,ME_L,ME,560,ME,L,1,ME_L_511,688,ME_L,,,0,0,optic/lateral protocerebrum,36515,17370,0.0005390230409539,-1.558948327760365e-07,0.0006102240924676,0.0,-0.0075254645606196,0.0039061802667059,-0.00522885531547,0.0137407167826744,0.0054805535017452,0.0198540710079499,0.994461520538547,,,"Branson999 full FCV matrix, w20_step10_hp030",FlyWire783 cell-level side-aware median_PostDCA_positive
512,ME_L,ME,375,ME,L,1,ME_L_512,689,ME_L,,,0,0,optic/lateral protocerebrum,36515,17370,0.0005390230409539,-1.558948327760365e-07,0.0006102240924676,0.0,-0.0075254645606196,0.0039061802667059,-0.00522885531547,0.0137407167826744,0.0054805535017452,0.0198540710079499,0.994461520538547,,,"Branson999 full FCV matrix, w20_step10_hp030",FlyWire783 cell-level side-aware median_PostDCA_positive
513,ME_L,ME,561,ME,L,1,ME_L_513,690,ME_L,,,0,0,optic/lateral protocerebrum,36515,17370,0.0005390230409539,-1.558948327760365e-07,0.0006102240924676,0.0,-0.0075254645606196,0.0039061802667059,-0.00522885531547,0.0137407167826744,0.0054805535017452,0.0198540710079499,0.994461520538547,,,"Branson999 full FCV matrix, w20_step10_hp030",FlyWire783 cell-level side-aware median_PostDCA_positive
514,ME_L,ME,374,ME,L,1,ME_L_514,691,ME_L,,,0,0,optic/lateral protocerebrum,36515,17370,0.0005390230409539,-1.558948327760365e-07,0.0006102240924676,0.0,-0.0075254645606196,0.0039061802667059,-0.00522885531547,0.0137407167826744,0.0054805535017452,0.0198540710079499,0.994461520538547,,,"Branson999 full FCV matrix, w20_step10_hp030",FlyWire783 cell-level side-aware median_PostDCA_positive
515,ME_L,ME,562,ME,L,1,ME_L_515,692,ME_L,,,0,0,optic/lateral protocerebrum,36515,17370,0.0005390230409539,-1.558948327760365e-07,0.0006102240924676,0.0,-0.0075254645606196,0.0039061802667059,-0.00522885531547,0.0137407167826744,0.0054805535017452,0.0198540710079499,0.994461520538547,,,"Branson999 full FCV matrix, w20_step10_hp030",FlyWire783 cell-level side-aware median_PostDCA_positive
516,ME_L,ME,373,ME,L,1,ME_L_516,693,ME_L,,,0,0,optic/lateral protocerebrum,36515,17370,0.0005390230409539,-1.558948327760365e-07,0.0006102240924676,0.0,-0.0075254645606196,0.0039061802667059,-0.00522885531547,0.0137407167826744,0.0054805535017452,0.0198540710079499,0.994461520538547,,,"Branson999 full FCV matrix, w20_step10_hp030",FlyWire783 cell-level side-aware median_PostDCA_positive
517,ME_L,ME,563,ME,L,1,ME_L_517,694,ME_L,,,0,0,optic/lateral protocerebrum,36515,17370,0.0005390230409539,-1.558948327760365e-07,0.0006102240924676,0.0,-0.0075254645606196,0.0039061802667059,-0.00522885531547,0.0137407167826744,0.0054805535017452,0.0198540710079499,0.994461520538547,,,"Branson999 full FCV matrix, w20_step10_hp030",FlyWire783 cell-level side-aware median_PostDCA_positive
518,ME_L,ME,372,ME,L,1,ME_L_518,695,ME_L,,,0,0,optic/lateral protocerebrum,36515,17370,0.0005390230409539,-1.558948327760365e-07,0.0006102240924676,0.0,-0.0075254645606196,0.0039061802667059,-0.00522885531547,0.0137407167826744,0.0054805535017452,0.0198540710079499,0.994461520538547,,,"Branson999 full FCV matrix, w20_step10_hp030",FlyWire783 cell-level side-aware median_PostDCA_positive
519,ME_L,ME,564,ME,L,1,ME_L_519,696,ME_L,0.22825965131043333,0.22824554615039114,707,690,optic/lateral protocerebrum,36515,17370,0.0005390230409539,-1.558948327760365e-07,0.0006102240924676,0.0,-0.0075254645606196,0.0039061802667059,-0.00522885531547,0.0137407167826744,0.0054805535017452,0.0198540710079499,0.994461520538547,-2.2343579538977427,-2.238952698367753,"Branson999 full FCV matrix, w20_step10_hp030",FlyWire783 cell-level side-aware median_PostDCA_positive
520,ME_L,ME,371,ME,L,1,ME_L_520,697,ME_L,,,0,0,optic/lateral protocerebrum,36515,17370,0.0005390230409539,-1.558948327760365e-07,0.0006102240924676,0.0,-0.0075254645606196,0.0039061802667059,-0.00522885531547,0.0137407167826744,0.0054805535017452,0.0198540710079499,0.994461520538547,,,"Branson999 full FCV matrix, w20_step10_hp030",FlyWire783 cell-level side-aware median_PostDCA_positive
521,ME_L,ME,565,ME,L,1,ME_L_521,698,ME_L,,,0,0,optic/lateral protocerebrum,36515,17370,0.0005390230409539,-1.558948327760365e-07,0.0006102240924676,0.0,-0.0075254645606196,0.0039061802667059,-0.00522885531547,0.0137407167826744,0.0054805535017452,0.0198540710079499,0.994461520538547,,,"Branson999 full FCV matrix, w20_step10_hp030",FlyWire783 cell-level side-aware median_PostDCA_positive
522,ME_L,ME,370,ME,L,1,ME_L_522,699,ME_L,,,0,0,optic/lateral protocerebrum,36515,17370,0.0005390230409539,-1.558948327760365e-07,0.0006102240924676,0.0,-0.0075254645606196,0.0039061802667059,-0.00522885531547,0.0137407167826744,0.0054805535017452,0.0198540710079499,0.994461520538547,,,"Branson999 full FCV matrix, w20_step10_hp030",FlyWire783 cell-level side-aware median_PostDCA_positive
523,ME_L,ME,566,ME,L,1,ME_L_523,700,ME_L,,,0,0,optic/lateral protocerebrum,36515,17370,0.0005390230409539,-1.558948327760365e-07,0.0006102240924676,0.0,-0.0075254645606196,0.0039061802667059,-0.00522885531547,0.0137407167826744,0.0054805535017452,0.0198540710079499,0.994461520538547,,,"Branson999 full FCV matrix, w20_step10_hp030",FlyWire783 cell-level side-aware median_PostDCA_positive
524,ME_L,ME,369,ME,L,1,ME_L_524,701,ME_L,,,0,0,optic/lateral protocerebrum,36515,17370,0.0005390230409539,-1.558948327760365e-07,0.0006102240924676,0.0,-0.0075254645606196,0.0039061802667059,-0.00522885531547,0.0137407167826744,0.0054805535017452,0.0198540710079499,0.994461520538547,,,"Branson999 full FCV matrix, w20_step10_hp030",FlyWire783 cell-level side-aware median_PostDCA_positive
525,ME_L,ME,567,ME,L,1,ME_L_525,702,ME_L,0.22450567335921828,0.22450556899644425,678,662,optic/lateral protocerebrum,36515,17370,0.0005390230409539,-1.558948327760365e-07,0.0006102240924676,0.0,-0.0075254645606196,0.0039061802667059,-0.00522885531547,0.0137407167826744,0.0054805535017452,0.0198540710079499,0.994461520538547,-3.1744951512613064,-3.1836605090007493,"Branson999 full FCV matrix, w20_step10_hp030",FlyWire783 cell-level side-aware median_PostDCA_positive
526,ME_L,ME,368,ME,L,1,ME_L_526,703,ME_L,,,0,0,optic/lateral protocerebrum,36515,17370,0.0005390230409539,-1.558948327760365e-07,0.0006102240924676,0.0,-0.0075254645606196,0.0039061802667059,-0.00522885531547,0.0137407167826744,0.0054805535017452,0.0198540710079499,0.994461520538547,,,"Branson999 full FCV matrix, w20_step10_hp030",FlyWire783 cell-level side-aware median_PostDCA_positive
527,ME_L,ME,568,ME,L,1,ME_L_527,704,ME_L,,,0,0,optic/lateral protocerebrum,36515,17370,0.0005390230409539,-1.558948327760365e-07,0.0006102240924676,0.0,-0.0075254645606196,0.0039061802667059,-0.00522885531547,0.0137407167826744,0.0054805535017452,0.0198540710079499,0.994461520538547,,,"Branson999 full FCV matrix, w20_step10_hp030",FlyWire783 cell-level side-aware median_PostDCA_positive
528,ME_L,ME,367,ME,L,1,ME_L_528,705,ME_L,,,0,0,optic/lateral protocerebrum,36515,17370,0.0005390230409539,-1.558948327760365e-07,0.0006102240924676,0.0,-0.0075254645606196,0.0039061802667059,-0.00522885531547,0.0137407167826744,0.0054805535017452,0.0198540710079499,0.994461520538547,,,"Branson999 full FCV matrix, w20_step10_hp030",FlyWire783 cell-level side-aware median_PostDCA_positive
529,ME_L,ME,569,ME,L,1,ME_L_529,706,ME_L,,,0,0,optic/lateral protocerebrum,36515,17370,0.0005390230409539,-1.558948327760365e-07,0.0006102240924676,0.0,-0.0075254645606196,0.0039061802667059,-0.00522885531547,0.0137407167826744,0.0054805535017452,0.0198540710079499,0.994461520538547,,,"Branson999 full FCV matrix, w20_step10_hp030",FlyWire783 cell-level side-aware median_PostDCA_positive
530,ME_L,ME,366,ME,L,1,ME_L_530,707,ME_L,,,0,0,optic/lateral protocerebrum,36515,17370,0.0005390230409539,-1.558948327760365e-07,0.0006102240924676,0.0,-0.0075254645606196,0.0039061802667059,-0.00522885531547,0.0137407167826744,0.0054805535017452,0.0198540710079499,0.994461520538547,,,"Branson999 full FCV matrix, w20_step10_hp030",FlyWire783 cell-level side-aware median_PostDCA_positive
531,ME_L,ME,570,ME,L,1,ME_L_531,708,ME_L,0.22942454589845968,0.22941057193141318,715,694,optic/lateral protocerebrum,36515,17370,0.0005390230409539,-1.558948327760365e-07,0.0006102240924676,0.0,-0.0075254645606196,0.0039061802667059,-0.00522885531547,0.0137407167826744,0.0054805535017452,0.0198540710079499,0.994461520538547,-1.942624558698496,-1.9446704314937884,"Branson999 full FCV matrix, w20_step10_hp030",FlyWire783 cell-level side-aware median_PostDCA_positive
532,ME_L,ME,365,ME,L,1,ME_L_532,709,ME_L,,,0,0,optic/lateral protocerebrum,36515,17370,0.0005390230409539,-1.558948327760365e-07,0.0006102240924676,0.0,-0.0075254645606196,0.0039061802667059,-0.00522885531547,0.0137407167826744,0.0054805535017452,0.0198540710079499,0.994461520538547,,,"Branson999 full FCV matrix, w20_step10_hp030",FlyWire783 cell-level side-aware median_PostDCA_positive
533,ME_L,ME,571,ME,L,1,ME_L_533,710,ME_L,,,0,0,optic/lateral protocerebrum,36515,17370,0.0005390230409539,-1.558948327760365e-07,0.0006102240924676,0.0,-0.0075254645606196,0.0039061802667059,-0.00522885531547,0.0137407167826744,0.0054805535017452,0.0198540710079499,0.994461520538547,,,"Branson999 full FCV matrix, w20_step10_hp030",FlyWire783 cell-level side-aware median_PostDCA_positive
534,ME_L,ME,364,ME,L,1,ME_L_534,711,ME_L,,,0,0,optic/lateral protocerebrum,36515,17370,0.0005390230409539,-1.558948327760365e-07,0.0006102240924676,0.0,-0.0075254645606196,0.0039061802667059,-0.00522885531547,0.0137407167826744,0.0054805535017452,0.0198540710079499,0.994461520538547,,,"Branson999 full FCV matrix, w20_step10_hp030",FlyWire783 cell-level side-aware median_PostDCA_positive
535,ME_L,ME,572,ME,L,1,ME_L_535,712,ME_L,,,0,0,optic/lateral protocerebrum,36515,17370,0.0005390230409539,-1.558948327760365e-07,0.0006102240924676,0.0,-0.0075254645606196,0.0039061802667059,-0.00522885531547,0.0137407167826744,0.0054805535017452,0.0198540710079499,0.994461520538547,,,"Branson999 full FCV matrix, w20_step10_hp030",FlyWire783 cell-level side-aware median_PostDCA_positive
536,ME_L,ME,363,ME,L,1,ME_L_536,713,ME_L,,,0,0,optic/lateral protocerebrum,36515,17370,0.0005390230409539,-1.558948327760365e-07,0.0006102240924676,0.0,-0.0075254645606196,0.0039061802667059,-0.00522885531547,0.0137407167826744,0.0054805535017452,0.0198540710079499,0.994461520538547,,,"Branson999 full FCV matrix, w20_step10_hp030",FlyWire783 cell-level side-aware median_PostDCA_positive
537,ME_L,ME,573,ME,L,1,ME_L_537,714,ME_L,,,0,0,optic/lateral protocerebrum,36515,17370,0.0005390230409539,-1.558948327760365e-07,0.0006102240924676,0.0,-0.0075254645606196,0.0039061802667059,-0.00522885531547,0.0137407167826744,0.0054805535017452,0.0198540710079499,0.994461520538547,,,"Branson999 full FCV matrix, w20_step10_hp030",FlyWire783 cell-level side-aware median_PostDCA_positive
538,ME_L,ME,362,ME,L,1,ME_L_538,715,ME_L,,,0,0,optic/lateral protocerebrum,36515,17370,0.0005390230409539,-1.558948327760365e-07,0.0006102240924676,0.0,-0.0075254645606196,0.0039061802667059,-0.00522885531547,0.0137407167826744,0.0054805535017452,0.0198540710079499,0.994461520538547,,,"Branson999 full FCV matrix, w20_step10_hp030",FlyWire783 cell-level side-aware median_PostDCA_positive
539,ME_L,ME,574,ME,L,1,ME_L_539,716,ME_L,,,0,0,optic/lateral protocerebrum,36515,17370,0.0005390230409539,-1.558948327760365e-07,0.0006102240924676,0.0,-0.0075254645606196,0.0039061802667059,-0.00522885531547,0.0137407167826744,0.0054805535017452,0.0198540710079499,0.994461520538547,,,"Branson999 full FCV matrix, w20_step10_hp030",FlyWire783 cell-level side-aware median_PostDCA_positive
540,ME_L,ME,361,ME,L,1,ME_L_540,717,ME_L,,,0,0,optic/lateral protocerebrum,36515,17370,0.0005390230409539,-1.558948327760365e-07,0.0006102240924676,0.0,-0.0075254645606196,0.0039061802667059,-0.00522885531547,0.0137407167826744,0.0054805535017452,0.0198540710079499,0.994461520538547,,,"Branson999 full FCV matrix, w20_step10_hp030",FlyWire783 cell-level side-aware median_PostDCA_positive
541,ME_L,ME,575,ME,L,1,ME_L_541,718,ME_L,,,0,0,optic/lateral protocerebrum,36515,17370,0.0005390230409539,-1.558948327760365e-07,0.0006102240924676,0.0,-0.0075254645606196,0.0039061802667059,-0.00522885531547,0.0137407167826744,0.0054805535017452,0.0198540710079499,0.994461520538547,,,"Branson999 full FCV matrix, w20_step10_hp030",FlyWire783 cell-level side-aware median_PostDCA_positive
542,ME_L,ME,360,ME,L,1,ME_L_542,719,ME_L,,,0,0,optic/lateral protocerebrum,36515,17370,0.0005390230409539,-1.558948327760365e-07,0.0006102240924676,0.0,-0.0075254645606196,0.0039061802667059,-0.00522885531547,0.0137407167826744,0.0054805535017452,0.0198540710079499,0.994461520538547,,,"Branson999 full FCV matrix, w20_step10_hp030",FlyWire783 cell-level side-aware median_PostDCA_positive
543,ME_L,ME,576,ME,L,1,ME_L_543,720,ME_L,,,0,0,optic/lateral protocerebrum,36515,17370,0.0005390230409539,-1.558948327760365e-07,0.0006102240924676,0.0,-0.0075254645606196,0.0039061802667059,-0.00522885531547,0.0137407167826744,0.0054805535017452,0.0198540710079499,0.994461520538547,,,"Branson999 full FCV matrix, w20_step10_hp030",FlyWire783 cell-level side-aware median_PostDCA_positive
544,ME_L,ME,359,ME,L,1,ME_L_544,721,ME_L,,,0,0,optic/lateral protocerebrum,36515,17370,0.0005390230409539,-1.558948327760365e-07,0.0006102240924676,0.0,-0.0075254645606196,0.0039061802667059,-0.00522885531547,0.0137407167826744,0.0054805535017452,0.0198540710079499,0.994461520538547,,,"Branson999 full FCV matrix, w20_step10_hp030",FlyWire783 cell-level side-aware median_PostDCA_positive
545,ME_L,ME,577,ME,L,1,ME_L_545,722,ME_L,0.2309138668499444,0.23095311386448283,716,695,optic/lateral protocerebrum,36515,17370,0.0005390230409539,-1.558948327760365e-07,0.0006102240924676,0.0,-0.0075254645606196,0.0039061802667059,-0.00522885531547,0.0137407167826744,0.0054805535017452,0.0198540710079499,0.994461520538547,-1.5696426063536548,-1.555028636259303,"Branson999 full FCV matrix, w20_step10_hp030",FlyWire783 cell-level side-aware median_PostDCA_positive
546,ME_L,ME,358,ME,L,1,ME_L_546,723,ME_L,0.23315014891593663,0.23320019229504135,716,695,optic/lateral protocerebrum,36515,17370,0.0005390230409539,-1.558948327760365e-07,0.0006102240924676,0.0,-0.0075254645606196,0.0039061802667059,-0.00522885531547,0.0137407167826744,0.0054805535017452,0.0198540710079499,0.994461520538547,-1.009593511404691,-0.9874228843863825,"Branson999 full FCV matrix, w20_step10_hp030",FlyWire783 cell-level side-aware median_PostDCA_positive
547,ME_L,ME,578,ME,L,1,ME_L_547,724,ME_L,,,0,0,optic/lateral protocerebrum,36515,17370,0.0005390230409539,-1.558948327760365e-07,0.0006102240924676,0.0,-0.0075254645606196,0.0039061802667059,-0.00522885531547,0.0137407167826744,0.0054805535017452,0.0198540710079499,0.994461520538547,,,"Branson999 full FCV matrix, w20_step10_hp030",FlyWire783 cell-level side-aware median_PostDCA_positive
548,ME_L,ME,357,ME,L,1,ME_L_548,725,ME_L,,,0,0,optic/lateral protocerebrum,36515,17370,0.0005390230409539,-1.558948327760365e-07,0.0006102240924676,0.0,-0.0075254645606196,0.0039061802667059,-0.00522885531547,0.0137407167826744,0.0054805535017452,0.0198540710079499,0.994461520538547,,,"Branson999 full FCV matrix, w20_step10_hp030",FlyWire783 cell-level side-aware median_PostDCA_positive
549,ME_L,ME,579,ME,L,1,ME_L_549,726,ME_L,0.22857976601708446,0.22857688958879538,716,695,optic/lateral protocerebrum,36515,17370,0.0005390230409539,-1.558948327760365e-07,0.0006102240924676,0.0,-0.0075254645606196,0.0039061802667059,-0.00522885531547,0.0137407167826744,0.0054805535017452,0.0198540710079499,0.994461520538547,-2.154189197699148,-2.155256268850225,"Branson999 full FCV matrix, w20_step10_hp030",FlyWire783 cell-level side-aware median_PostDCA_positive
550,ME_L,ME,356,ME,L,1,ME_L_550,727,ME_L,0.2312928582654092,0.23132347807376213,716,695,optic/lateral protocerebrum,36515,17370,0.0005390230409539,-1.558948327760365e-07,0.0006102240924676,0.0,-0.0075254645606196,0.0039061802667059,-0.00522885531547,0.0137407167826744,0.0054805535017452,0.0198540710079499,0.994461520538547,-1.4747289089930655,-1.4614756687188928,"Branson999 full FCV matrix, w20_step10_hp030",FlyWire783 cell-level side-aware median_PostDCA_positive
551,ME_L,ME,580,ME,L,1,ME_L_551,728,ME_L,0.22636133852534213,0.22635853336905218,709,690,optic/lateral protocerebrum,36515,17370,0.0005390230409539,-1.558948327760365e-07,0.0006102240924676,0.0,-0.0075254645606196,0.0039061802667059,-0.00522885531547,0.0137407167826744,0.0054805535017452,0.0198540710079499,0.994461520538547,-2.7097668360722955,-2.715606870282656,"Branson999 full FCV matrix, w20_step10_hp030",FlyWire783 cell-level side-aware median_PostDCA_positive
552,ME_L,ME,355,ME,L,1,ME_L_552,729,ME_L,,,0,0,optic/lateral protocerebrum,36515,17370,0.0005390230409539,-1.558948327760365e-07,0.0006102240924676,0.0,-0.0075254645606196,0.0039061802667059,-0.00522885531547,0.0137407167826744,0.0054805535017452,0.0198540710079499,0.994461520538547,,,"Branson999 full FCV matrix, w20_step10_hp030",FlyWire783 cell-level side-aware median_PostDCA_positive
553,ME_L,ME,581,ME,L,1,ME_L_553,730,ME_L,,,0,0,optic/lateral protocerebrum,36515,17370,0.0005390230409539,-1.558948327760365e-07,0.0006102240924676,0.0,-0.0075254645606196,0.0039061802667059,-0.00522885531547,0.0137407167826744,0.0054805535017452,0.0198540710079499,0.994461520538547,,,"Branson999 full FCV matrix, w20_step10_hp030",FlyWire783 cell-level side-aware median_PostDCA_positive
554,ME_L,ME,354,ME,L,1,ME_L_554,731,ME_L,,,0,0,optic/lateral protocerebrum,36515,17370,0.0005390230409539,-1.558948327760365e-07,0.0006102240924676,0.0,-0.0075254645606196,0.0039061802667059,-0.00522885531547,0.0137407167826744,0.0054805535017452,0.0198540710079499,0.994461520538547,,,"Branson999 full FCV matrix, w20_step10_hp030",FlyWire783 cell-level side-aware median_PostDCA_positive
555,ME_L,ME,582,ME,L,1,ME_L_555,732,ME_L,,,0,0,optic/lateral protocerebrum,36515,17370,0.0005390230409539,-1.558948327760365e-07,0.0006102240924676,0.0,-0.0075254645606196,0.0039061802667059,-0.00522885531547,0.0137407167826744,0.0054805535017452,0.0198540710079499,0.994461520538547,,,"Branson999 full FCV matrix, w20_step10_hp030",FlyWire783 cell-level side-aware median_PostDCA_positive
556,ME_L,ME,353,ME,L,1,ME_L_556,733,ME_L,,,0,0,optic/lateral protocerebrum,36515,17370,0.0005390230409539,-1.558948327760365e-07,0.0006102240924676,0.0,-0.0075254645606196,0.0039061802667059,-0.00522885531547,0.0137407167826744,0.0054805535017452,0.0198540710079499,0.994461520538547,,,"Branson999 full FCV matrix, w20_step10_hp030",FlyWire783 cell-level side-aware median_PostDCA_positive
557,ME_L,ME,583,ME,L,1,ME_L_557,734,ME_L,,,0,0,optic/lateral protocerebrum,36515,17370,0.0005390230409539,-1.558948327760365e-07,0.0006102240924676,0.0,-0.0075254645606196,0.0039061802667059,-0.00522885531547,0.0137407167826744,0.0054805535017452,0.0198540710079499,0.994461520538547,,,"Branson999 full FCV matrix, w20_step10_hp030",FlyWire783 cell-level side-aware median_PostDCA_positive
558,ME_L,ME,352,ME,L,1,ME_L_558,735,ME_L,,,0,0,optic/lateral protocerebrum,36515,17370,0.0005390230409539,-1.558948327760365e-07,0.0006102240924676,0.0,-0.0075254645606196,0.0039061802667059,-0.00522885531547,0.0137407167826744,0.0054805535017452,0.0198540710079499,0.994461520538547,,,"Branson999 full FCV matrix, w20_step10_hp030",FlyWire783 cell-level side-aware median_PostDCA_positive
559,ME_L,ME,584,ME,L,1,ME_L_559,736,ME_L,,,0,0,optic/lateral protocerebrum,36515,17370,0.0005390230409539,-1.558948327760365e-07,0.0006102240924676,0.0,-0.0075254645606196,0.0039061802667059,-0.00522885531547,0.0137407167826744,0.0054805535017452,0.0198540710079499,0.994461520538547,,,"Branson999 full FCV matrix, w20_step10_hp030",FlyWire783 cell-level side-aware median_PostDCA_positive
560,ME_L,ME,351,ME,L,1,ME_L_560,737,ME_L,,,0,0,optic/lateral protocerebrum,36515,17370,0.0005390230409539,-1.558948327760365e-07,0.0006102240924676,0.0,-0.0075254645606196,0.0039061802667059,-0.00522885531547,0.0137407167826744,0.0054805535017452,0.0198540710079499,0.994461520538547,,,"Branson999 full FCV matrix, w20_step10_hp030",FlyWire783 cell-level side-aware median_PostDCA_positive
561,ME_L,ME,585,ME,L,1,ME_L_561,738,ME_L,0.23045958207519376,0.23042210291251403,716,695,optic/lateral protocerebrum,36515,17370,0.0005390230409539,-1.558948327760365e-07,0.0006102240924676,0.0,-0.0075254645606196,0.0039061802667059,-0.00522885531547,0.0137407167826744,0.0054805535017452,0.0198540710079499,0.994461520538547,-1.6834125912841083,-1.6891605234894675,"Branson999 full FCV matrix, w20_step10_hp030",FlyWire783 cell-level side-aware median_PostDCA_positive
562,ME_L,ME,350,ME,L,1,ME_L_562,739,ME_L,,,0,0,optic/lateral protocerebrum,36515,17370,0.0005390230409539,-1.558948327760365e-07,0.0006102240924676,0.0,-0.0075254645606196,0.0039061802667059,-0.00522885531547,0.0137407167826744,0.0054805535017452,0.0198540710079499,0.994461520538547,,,"Branson999 full FCV matrix, w20_step10_hp030",FlyWire783 cell-level side-aware median_PostDCA_positive
563,ME_L,ME,586,ME,L,1,ME_L_563,740,ME_L,,,0,0,optic/lateral protocerebrum,36515,17370,0.0005390230409539,-1.558948327760365e-07,0.0006102240924676,0.0,-0.0075254645606196,0.0039061802667059,-0.00522885531547,0.0137407167826744,0.0054805535017452,0.0198540710079499,0.994461520538547,,,"Branson999 full FCV matrix, w20_step10_hp030",FlyWire783 cell-level side-aware median_PostDCA_positive
564,ME_L,ME,349,ME,L,1,ME_L_564,741,ME_L,,,0,0,optic/lateral protocerebrum,36515,17370,0.0005390230409539,-1.558948327760365e-07,0.0006102240924676,0.0,-0.0075254645606196,0.0039061802667059,-0.00522885531547,0.0137407167826744,0.0054805535017452,0.0198540710079499,0.994461520538547,,,"Branson999 full FCV matrix, w20_step10_hp030",FlyWire783 cell-level side-aware median_PostDCA_positive
565,ME_L,ME,587,ME,L,1,ME_L_565,742,ME_L,,,0,0,optic/lateral protocerebrum,36515,17370,0.0005390230409539,-1.558948327760365e-07,0.0006102240924676,0.0,-0.0075254645606196,0.0039061802667059,-0.00522885531547,0.0137407167826744,0.0054805535017452,0.0198540710079499,0.994461520538547,,,"Branson999 full FCV matrix, w20_step10_hp030",FlyWire783 cell-level side-aware median_PostDCA_positive
566,ME_L,ME,348,ME,L,1,ME_L_566,743,ME_L,,,0,0,optic/lateral protocerebrum,36515,17370,0.0005390230409539,-1.558948327760365e-07,0.0006102240924676,0.0,-0.0075254645606196,0.0039061802667059,-0.00522885531547,0.0137407167826744,0.0054805535017452,0.0198540710079499,0.994461520538547,,,"Branson999 full FCV matrix, w20_step10_hp030",FlyWire783 cell-level side-aware median_PostDCA_positive
567,ME_L,ME,588,ME,L,1,ME_L_567,744,ME_L,,,0,0,optic/lateral protocerebrum,36515,17370,0.0005390230409539,-1.558948327760365e-07,0.0006102240924676,0.0,-0.0075254645606196,0.0039061802667059,-0.00522885531547,0.0137407167826744,0.0054805535017452,0.0198540710079499,0.994461520538547,,,"Branson999 full FCV matrix, w20_step10_hp030",FlyWire783 cell-level side-aware median_PostDCA_positive
568,ME_L,ME,347,ME,L,1,ME_L_568,745,ME_L,,,0,0,optic/lateral protocerebrum,36515,17370,0.0005390230409539,-1.558948327760365e-07,0.0006102240924676,0.0,-0.0075254645606196,0.0039061802667059,-0.00522885531547,0.0137407167826744,0.0054805535017452,0.0198540710079499,0.994461520538547,,,"Branson999 full FCV matrix, w20_step10_hp030",FlyWire783 cell-level side-aware median_PostDCA_positive
569,ME_L,ME,589,ME,L,1,ME_L_569,746,ME_L,0.22791380935988903,0.22782610556210098,709,690,optic/lateral protocerebrum,36515,17370,0.0005390230409539,-1.558948327760365e-07,0.0006102240924676,0.0,-0.0075254645606196,0.0039061802667059,-0.00522885531547,0.0137407167826744,0.0054805535017452,0.0198540710079499,0.994461520538547,-2.320969779097788,-2.3449022225342415,"Branson999 full FCV matrix, w20_step10_hp030",FlyWire783 cell-level side-aware median_PostDCA_positive
570,ME_L,ME,346,ME,L,1,ME_L_570,747,ME_L,,,0,0,optic/lateral protocerebrum,36515,17370,0.0005390230409539,-1.558948327760365e-07,0.0006102240924676,0.0,-0.0075254645606196,0.0039061802667059,-0.00522885531547,0.0137407167826744,0.0054805535017452,0.0198540710079499,0.994461520538547,,,"Branson999 full FCV matrix, w20_step10_hp030",FlyWire783 cell-level side-aware median_PostDCA_positive
571,ME_L,ME,590,ME,L,1,ME_L_571,748,ME_L,,,0,0,optic/lateral protocerebrum,36515,17370,0.0005390230409539,-1.558948327760365e-07,0.0006102240924676,0.0,-0.0075254645606196,0.0039061802667059,-0.00522885531547,0.0137407167826744,0.0054805535017452,0.0198540710079499,0.994461520538547,,,"Branson999 full FCV matrix, w20_step10_hp030",FlyWire783 cell-level side-aware median_PostDCA_positive
572,ME_L,ME,345,ME,L,1,ME_L_572,749,ME_L,,,0,0,optic/lateral protocerebrum,36515,17370,0.0005390230409539,-1.558948327760365e-07,0.0006102240924676,0.0,-0.0075254645606196,0.0039061802667059,-0.00522885531547,0.0137407167826744,0.0054805535017452,0.0198540710079499,0.994461520538547,,,"Branson999 full FCV matrix, w20_step10_hp030",FlyWire783 cell-level side-aware median_PostDCA_positive
573,ME_L,ME,591,ME,L,1,ME_L_573,750,ME_L,,,0,0,optic/lateral protocerebrum,36515,17370,0.0005390230409539,-1.558948327760365e-07,0.0006102240924676,0.0,-0.0075254645606196,0.0039061802667059,-0.00522885531547,0.0137407167826744,0.0054805535017452,0.0198540710079499,0.994461520538547,,,"Branson999 full FCV matrix, w20_step10_hp030",FlyWire783 cell-level side-aware median_PostDCA_positive
574,ME_L,ME,344,ME,L,1,ME_L_574,751,ME_L,,,0,0,optic/lateral protocerebrum,36515,17370,0.0005390230409539,-1.558948327760365e-07,0.0006102240924676,0.0,-0.0075254645606196,0.0039061802667059,-0.00522885531547,0.0137407167826744,0.0054805535017452,0.0198540710079499,0.994461520538547,,,"Branson999 full FCV matrix, w20_step10_hp030",FlyWire783 cell-level side-aware median_PostDCA_positive
575,ME_L,ME,592,ME,L,1,ME_L_575,752,ME_L,,,0,0,optic/lateral protocerebrum,36515,17370,0.0005390230409539,-1.558948327760365e-07,0.0006102240924676,0.0,-0.0075254645606196,0.0039061802667059,-0.00522885531547,0.0137407167826744,0.0054805535017452,0.0198540710079499,0.994461520538547,,,"Branson999 full FCV matrix, w20_step10_hp030",FlyWire783 cell-level side-aware median_PostDCA_positive
576,ME_L,ME,343,ME,L,1,ME_L_576,753,ME_L,,,0,0,optic/lateral protocerebrum,36515,17370,0.0005390230409539,-1.558948327760365e-07,0.0006102240924676,0.0,-0.0075254645606196,0.0039061802667059,-0.00522885531547,0.0137407167826744,0.0054805535017452,0.0198540710079499,0.994461520538547,,,"Branson999 full FCV matrix, w20_step10_hp030",FlyWire783 cell-level side-aware median_PostDCA_positive
577,ME_L,ME,593,ME,L,1,ME_L_577,754,ME_L,,,0,0,optic/lateral protocerebrum,36515,17370,0.0005390230409539,-1.558948327760365e-07,0.0006102240924676,0.0,-0.0075254645606196,0.0039061802667059,-0.00522885531547,0.0137407167826744,0.0054805535017452,0.0198540710079499,0.994461520538547,,,"Branson999 full FCV matrix, w20_step10_hp030",FlyWire783 cell-level side-aware median_PostDCA_positive
578,ME_L,ME,342,ME,L,1,ME_L_578,755,ME_L,,,0,0,optic/lateral protocerebrum,36515,17370,0.0005390230409539,-1.558948327760365e-07,0.0006102240924676,0.0,-0.0075254645606196,0.0039061802667059,-0.00522885531547,0.0137407167826744,0.0054805535017452,0.0198540710079499,0.994461520538547,,,"Branson999 full FCV matrix, w20_step10_hp030",FlyWire783 cell-level side-aware median_PostDCA_positive
579,ME_L,ME,594,ME,L,1,ME_L_579,756,ME_L,,,0,0,optic/lateral protocerebrum,36515,17370,0.0005390230409539,-1.558948327760365e-07,0.0006102240924676,0.0,-0.0075254645606196,0.0039061802667059,-0.00522885531547,0.0137407167826744,0.0054805535017452,0.0198540710079499,0.994461520538547,,,"Branson999 full FCV matrix, w20_step10_hp030",FlyWire783 cell-level side-aware median_PostDCA_positive
580,ME_L,ME,341,ME,L,1,ME_L_580,757,ME_L,0.22771910902137996,0.22778600951195102,706,687,optic/lateral protocerebrum,36515,17370,0.0005390230409539,-1.558948327760365e-07,0.0006102240924676,0.0,-0.0075254645606196,0.0039061802667059,-0.00522885531547,0.0137407167826744,0.0054805535017452,0.0198540710079499,0.994461520538547,-2.3697300629754308,-2.355030373106558,"Branson999 full FCV matrix, w20_step10_hp030",FlyWire783 cell-level side-aware median_PostDCA_positive
581,ME_L,ME,595,ME,L,1,ME_L_581,758,ME_L,,,0,0,optic/lateral protocerebrum,36515,17370,0.0005390230409539,-1.558948327760365e-07,0.0006102240924676,0.0,-0.0075254645606196,0.0039061802667059,-0.00522885531547,0.0137407167826744,0.0054805535017452,0.0198540710079499,0.994461520538547,,,"Branson999 full FCV matrix, w20_step10_hp030",FlyWire783 cell-level side-aware median_PostDCA_positive
582,ME_L,ME,340,ME,L,1,ME_L_582,759,ME_L,,,0,0,optic/lateral protocerebrum,36515,17370,0.0005390230409539,-1.558948327760365e-07,0.0006102240924676,0.0,-0.0075254645606196,0.0039061802667059,-0.00522885531547,0.0137407167826744,0.0054805535017452,0.0198540710079499,0.994461520538547,,,"Branson999 full FCV matrix, w20_step10_hp030",FlyWire783 cell-level side-aware median_PostDCA_positive
583,ME_L,ME,596,ME,L,1,ME_L_583,760,ME_L,,,0,0,optic/lateral protocerebrum,36515,17370,0.0005390230409539,-1.558948327760365e-07,0.0006102240924676,0.0,-0.0075254645606196,0.0039061802667059,-0.00522885531547,0.0137407167826744,0.0054805535017452,0.0198540710079499,0.994461520538547,,,"Branson999 full FCV matrix, w20_step10_hp030",FlyWire783 cell-level side-aware median_PostDCA_positive
584,ME_L,ME,339,ME,L,1,ME_L_584,761,ME_L,,,0,0,optic/lateral protocerebrum,36515,17370,0.0005390230409539,-1.558948327760365e-07,0.0006102240924676,0.0,-0.0075254645606196,0.0039061802667059,-0.00522885531547,0.0137407167826744,0.0054805535017452,0.0198540710079499,0.994461520538547,,,"Branson999 full FCV matrix, w20_step10_hp030",FlyWire783 cell-level side-aware median_PostDCA_positive
585,ME_L,ME,597,ME,L,1,ME_L_585,762,ME_L,,,0,0,optic/lateral protocerebrum,36515,17370,0.0005390230409539,-1.558948327760365e-07,0.0006102240924676,0.0,-0.0075254645606196,0.0039061802667059,-0.00522885531547,0.0137407167826744,0.0054805535017452,0.0198540710079499,0.994461520538547,,,"Branson999 full FCV matrix, w20_step10_hp030",FlyWire783 cell-level side-aware median_PostDCA_positive
586,ME_L,ME,338,ME,L,1,ME_L_586,763,ME_L,,,0,0,optic/lateral protocerebrum,36515,17370,0.0005390230409539,-1.558948327760365e-07,0.0006102240924676,0.0,-0.0075254645606196,0.0039061802667059,-0.00522885531547,0.0137407167826744,0.0054805535017452,0.0198540710079499,0.994461520538547,,,"Branson999 full FCV matrix, w20_step10_hp030",FlyWire783 cell-level side-aware median_PostDCA_positive
775,OTU_L,AOTU,837,OTU,L,1,OTU_L_775,764,AOTU_L,0.23732920782895034,0.2373273129865705,718,715,optic/lateral protocerebrum,601,519,0.016734430591547,0.0134054593417428,0.0222132588276408,0.0134054593417428,-0.001533358932205,0.003645242915596,-0.0124262202928263,0.0275586782600697,0.0112126316815079,0.0232563439673152,0.8918257234286342,0.036999938305441196,0.05507630537417961,"Branson999 full FCV matrix, w20_step10_hp030",FlyWire783 cell-level side-aware median_PostDCA_positive
776,OTU_L,AOTU,833,OTU,L,1,OTU_L_776,765,AOTU_L,0.23876592128739038,0.23874963301969734,718,715,optic/lateral protocerebrum,601,519,0.016734430591547,0.0134054593417428,0.0222132588276408,0.0134054593417428,-0.001533358932205,0.003645242915596,-0.0124262202928263,0.0275586782600697,0.0112126316815079,0.0232563439673152,0.8918257234286342,0.39680699678727194,0.41435038358524384,"Branson999 full FCV matrix, w20_step10_hp030",FlyWire783 cell-level side-aware median_PostDCA_positive
777,OTU_L,AOTU,838,OTU,L,1,OTU_L_777,766,AOTU_L,0.2400079242061738,0.24001577893268566,718,715,optic/lateral protocerebrum,601,519,0.016734430591547,0.0134054593417428,0.0222132588276408,0.0134054593417428,-0.001533358932205,0.003645242915596,-0.0124262202928263,0.0275586782600697,0.0112126316815079,0.0232563439673152,0.8918257234286342,0.7078512166406379,0.7341753141035492,"Branson999 full FCV matrix, w20_step10_hp030",FlyWire783 cell-level side-aware median_PostDCA_positive
778,OTU_L,AOTU,832,OTU,L,1,OTU_L_778,767,AOTU_L,0.24032747284415937,0.24031615560373798,718,715,optic/lateral protocerebrum,601,519,0.016734430591547,0.0134054593417428,0.0222132588276408,0.0134054593417428,-0.001533358932205,0.003645242915596,-0.0124262202928263,0.0275586782600697,0.0112126316815079,0.0232563439673152,0.8918257234286342,0.7878782079658929,0.8100496244521014,"Branson999 full FCV matrix, w20_step10_hp030",FlyWire783 cell-level side-aware median_PostDCA_positive
175,PLP_L,PLP,810,PLP,L,1,PLP_L_175,768,PLP_L,0.23786737425581805,0.2378083558677729,718,706,optic/lateral protocerebrum,2059,1985,0.0003905629049024,2.3779304353054772e-08,0.0011216464363277,2.3779304353054772e-08,-0.0039640878380056,0.003758809545063,7.856235532037163e-05,0.0247627492367811,0.012292789528335,0.017064697658908,0.7700866608891361,0.17177704217916437,0.1765863971248003,"Branson999 full FCV matrix, w20_step10_hp030",FlyWire783 cell-level side-aware median_PostDCA_positive
176,PLP_L,PLP,826,PLP,L,1,PLP_L_176,769,PLP_L,0.23852068124458767,0.2384571564385938,718,706,optic/lateral protocerebrum,2059,1985,0.0003905629049024,2.3779304353054772e-08,0.0011216464363277,2.3779304353054772e-08,-0.0039640878380056,0.003758809545063,7.856235532037163e-05,0.0247627492367811,0.012292789528335,0.017064697658908,0.7700866608891361,0.33538967108155254,0.3404716139504726,"Branson999 full FCV matrix, w20_step10_hp030",FlyWire783 cell-level side-aware median_PostDCA_positive
177,PLP_L,PLP,809,PLP,L,1,PLP_L_177,770,PLP_L,0.23821594264877835,0.23816074870528425,718,706,optic/lateral protocerebrum,2059,1985,0.0003905629049024,2.3779304353054772e-08,0.0011216464363277,2.3779304353054772e-08,-0.0039640878380056,0.003758809545063,7.856235532037163e-05,0.0247627492367811,0.012292789528335,0.017064697658908,0.7700866608891361,0.2590716710517575,0.26559984621947347,"Branson999 full FCV matrix, w20_step10_hp030",FlyWire783 cell-level side-aware median_PostDCA_positive
178,PLP_L,PLP,827,PLP,L,1,PLP_L_178,771,PLP_L,0.24072284517428064,0.24065131073121468,718,706,optic/lateral protocerebrum,2059,1985,0.0003905629049024,2.3779304353054772e-08,0.0011216464363277,2.3779304353054772e-08,-0.0039640878380056,0.003758809545063,7.856235532037163e-05,0.0247627492367811,0.012292789528335,0.017064697658908,0.7700866608891361,0.8868943021427387,0.8947088760111103,"Branson999 full FCV matrix, w20_step10_hp030",FlyWire783 cell-level side-aware median_PostDCA_positive
179,PLP_L,PLP,808,PLP,L,1,PLP_L_179,772,PLP_L,0.24010496361887868,0.2400637679992474,718,706,optic/lateral protocerebrum,2059,1985,0.0003905629049024,2.3779304353054772e-08,0.0011216464363277,2.3779304353054772e-08,-0.0039640878380056,0.003758809545063,7.856235532037163e-05,0.0247627492367811,0.012292789528335,0.017064697658908,0.7700866608891361,0.732153533457557,0.7462972186339033,"Branson999 full FCV matrix, w20_step10_hp030",FlyWire783 cell-level side-aware median_PostDCA_positive
180,PLP_L,PLP,828,PLP,L,1,PLP_L_180,773,PLP_L,0.23579981130841682,0.23576267700334785,718,706,optic/lateral protocerebrum,2059,1985,0.0003905629049024,2.3779304353054772e-08,0.0011216464363277,2.3779304353054772e-08,-0.0039640878380056,0.003758809545063,7.856235532037163e-05,0.0247627492367811,0.012292789528335,0.017064697658908,0.7700866608891361,-0.34601844303763174,-0.34014638538155856,"Branson999 full FCV matrix, w20_step10_hp030",FlyWire783 cell-level side-aware median_PostDCA_positive
181,PLP_L,PLP,807,PLP,L,1,PLP_L_181,774,PLP_L,0.23649433936144656,0.23645266319520655,718,706,optic/lateral protocerebrum,2059,1985,0.0003905629049024,2.3779304353054772e-08,0.0011216464363277,2.3779304353054772e-08,-0.0039640878380056,0.003758809545063,7.856235532037163e-05,0.0247627492367811,0.012292789528335,0.017064697658908,0.7700866608891361,-0.17208251007499423,-0.16585779541251744,"Branson999 full FCV matrix, w20_step10_hp030",FlyWire783 cell-level side-aware median_PostDCA_positive
182,PLP_L,PLP,829,PLP,L,1,PLP_L_182,775,PLP_L,0.23537973845626975,0.23534261985424548,718,706,optic/lateral protocerebrum,2059,1985,0.0003905629049024,2.3779304353054772e-08,0.0011216464363277,2.3779304353054772e-08,-0.0039640878380056,0.003758809545063,7.856235532037163e-05,0.0247627492367811,0.012292789528335,0.017064697658908,0.7700866608891361,-0.4512204764641304,-0.44625165109165876,"Branson999 full FCV matrix, w20_step10_hp030",FlyWire783 cell-level side-aware median_PostDCA_positive
183,PLP_L,PLP,806,PLP,L,1,PLP_L_183,776,PLP_L,0.24070193509414295,0.24063858390281015,718,706,optic/lateral protocerebrum,2059,1985,0.0003905629049024,2.3779304353054772e-08,0.0011216464363277,2.3779304353054772e-08,-0.0039640878380056,0.003758809545063,7.856235532037163e-05,0.0247627492367811,0.012292789528335,0.017064697658908,0.7700866608891361,0.8816576320309896,0.8914941146092505,"Branson999 full FCV matrix, w20_step10_hp030",FlyWire783 cell-level side-aware median_PostDCA_positive
184,PLP_L,PLP,830,PLP,L,1,PLP_L_184,777,PLP_L,0.23766423767904263,0.23763377146206507,718,706,optic/lateral protocerebrum,2059,1985,0.0003905629049024,2.3779304353054772e-08,0.0011216464363277,2.3779304353054772e-08,-0.0039640878380056,0.003758809545063,7.856235532037163e-05,0.0247627492367811,0.012292789528335,0.017064697658908,0.7700866608891361,0.12090400710716451,0.13248686258276313,"Branson999 full FCV matrix, w20_step10_hp030",FlyWire783 cell-level side-aware median_PostDCA_positive
185,PLP_L,PLP,805,PLP,L,1,PLP_L_185,778,PLP_L,0.23648928545163203,0.2364416111316417,718,706,optic/lateral protocerebrum,2059,1985,0.0003905629049024,2.3779304353054772e-08,0.0011216464363277,2.3779304353054772e-08,-0.0039640878380056,0.003758809545063,7.856235532037163e-05,0.0247627492367811,0.012292789528335,0.017064697658908,0.7700866608891361,-0.17334819907756985,-0.1686495158812685,"Branson999 full FCV matrix, w20_step10_hp030",FlyWire783 cell-level side-aware median_PostDCA_positive
186,PLP_L,PLP,831,PLP,L,1,PLP_L_186,779,PLP_L,0.23927089819830194,0.23922747687742082,718,706,optic/lateral protocerebrum,2059,1985,0.0003905629049024,2.3779304353054772e-08,0.0011216464363277,2.3779304353054772e-08,-0.0039640878380056,0.003758809545063,7.856235532037163e-05,0.0247627492367811,0.012292789528335,0.017064697658908,0.7700866608891361,0.523272198215544,0.535052410916608,"Branson999 full FCV matrix, w20_step10_hp030",FlyWire783 cell-level side-aware median_PostDCA_positive
187,PLP_L,PLP,804,PLP,L,1,PLP_L_187,780,PLP_L,0.24031599081088703,0.2402679898719286,718,706,optic/lateral protocerebrum,2059,1985,0.0003905629049024,2.3779304353054772e-08,0.0011216464363277,2.3779304353054772e-08,-0.0039640878380056,0.003758809545063,7.856235532037163e-05,0.0247627492367811,0.012292789528335,0.017064697658908,0.7700866608891361,0.7850026752054525,0.7978830947723263,"Branson999 full FCV matrix, w20_step10_hp030",FlyWire783 cell-level side-aware median_PostDCA_positive
761,PVLP_L,PVLP,779,PVLP,L,1,PVLP_L_761,781,PVLP_L,0.2371267286406224,0.23709086354202663,718,708,optic/lateral protocerebrum,1481,1466,0.0093060127443957,0.001303396213092,0.0111884210202887,0.001303396213092,0.0093178293041694,0.0084354011342987,0.0028310506011056,0.0210877228173999,0.0140835636308867,0.0175706991955489,0.8244799690086044,-0.013708461986965346,-0.004650165640408622,"Branson999 full FCV matrix, w20_step10_hp030",FlyWire783 cell-level side-aware median_PostDCA_positive
762,PVLP_L,PVLP,797,PVLP,L,1,PVLP_L_762,782,PVLP_L,0.23954720607890706,0.2395550172462813,718,708,optic/lateral protocerebrum,1481,1466,0.0093060127443957,0.001303396213092,0.0111884210202887,0.001303396213092,0.0093178293041694,0.0084354011342987,0.0028310506011056,0.0210877228173999,0.0140835636308867,0.0175706991955489,0.8244799690086044,0.592470078399546,0.6177881956615935,"Branson999 full FCV matrix, w20_step10_hp030",FlyWire783 cell-level side-aware median_PostDCA_positive
763,PVLP_L,PVLP,778,PVLP,L,1,PVLP_L_763,783,PVLP_L,0.23598477581675606,0.2359773436554848,718,708,optic/lateral protocerebrum,1481,1466,0.0093060127443957,0.001303396213092,0.0111884210202887,0.001303396213092,0.0093178293041694,0.0084354011342987,0.0028310506011056,0.0210877228173999,0.0140835636308867,0.0175706991955489,0.8244799690086044,-0.2996963770208346,-0.2859221870486346,"Branson999 full FCV matrix, w20_step10_hp030",FlyWire783 cell-level side-aware median_PostDCA_positive
764,PVLP_L,PVLP,798,PVLP,L,1,PVLP_L_764,784,PVLP_L,0.2365295272273773,0.23653595372877428,718,708,optic/lateral protocerebrum,1481,1466,0.0093060127443957,0.001303396213092,0.0111884210202887,0.001303396213092,0.0093178293041694,0.0084354011342987,0.0028310506011056,0.0210877228173999,0.0140835636308867,0.0175706991955489,0.8244799690086044,-0.1632701456745535,-0.14481883865573958,"Branson999 full FCV matrix, w20_step10_hp030",FlyWire783 cell-level side-aware median_PostDCA_positive
765,PVLP_L,PVLP,777,PVLP,L,1,PVLP_L_765,785,PVLP_L,0.23663571465422295,0.23664849141540895,718,708,optic/lateral protocerebrum,1481,1466,0.0093060127443957,0.001303396213092,0.0111884210202887,0.001303396213092,0.0093178293041694,0.0084354011342987,0.0028310506011056,0.0210877228173999,0.0140835636308867,0.0175706991955489,0.8244799690086044,-0.13667682222746036,-0.11639213250804656,"Branson999 full FCV matrix, w20_step10_hp030",FlyWire783 cell-level side-aware median_PostDCA_positive
766,PVLP_L,PVLP,799,PVLP,L,1,PVLP_L_766,786,PVLP_L,0.23604393484351419,0.2360027632680423,718,708,optic/lateral protocerebrum,1481,1466,0.0093060127443957,0.001303396213092,0.0111884210202887,0.001303396213092,0.0093178293041694,0.0084354011342987,0.0028310506011056,0.0210877228173999,0.0140835636308867,0.0175706991955489,0.8244799690086044,-0.2848807328327435,-0.2795012637280284,"Branson999 full FCV matrix, w20_step10_hp030",FlyWire783 cell-level side-aware median_PostDCA_positive
767,PVLP_L,PVLP,776,PVLP,L,1,PVLP_L_767,787,PVLP_L,0.23550621584525547,0.2354891728799482,718,708,optic/lateral protocerebrum,1481,1466,0.0093060127443957,0.001303396213092,0.0111884210202887,0.001303396213092,0.0093178293041694,0.0084354011342987,0.0028310506011056,0.0210877228173999,0.0140835636308867,0.0175706991955489,0.8244799690086044,-0.41954578376317603,-0.40923276505190304,"Branson999 full FCV matrix, w20_step10_hp030",FlyWire783 cell-level side-aware median_PostDCA_positive
768,PVLP_L,PVLP,800,PVLP,L,1,PVLP_L_768,788,PVLP_L,0.23706282222676153,0.23708481615309937,718,708,optic/lateral protocerebrum,1481,1466,0.0093060127443957,0.001303396213092,0.0111884210202887,0.001303396213092,0.0093178293041694,0.0084354011342987,0.0028310506011056,0.0210877228173999,0.0140835636308867,0.0175706991955489,0.8244799690086044,-0.029713030367891267,-0.0061777192372238976,"Branson999 full FCV matrix, w20_step10_hp030",FlyWire783 cell-level side-aware median_PostDCA_positive
769,PVLP_L,PVLP,775,PVLP,L,1,PVLP_L_769,789,PVLP_L,0.2380781123472772,0.23805650261651534,718,708,optic/lateral protocerebrum,1481,1466,0.0093060127443957,0.001303396213092,0.0111884210202887,0.001303396213092,0.0093178293041694,0.0084354011342987,0.0028310506011056,0.0210877228173999,0.0140835636308867,0.0175706991955489,0.8244799690086044,0.2245537822817562,0.23926757459476566,"Branson999 full FCV matrix, w20_step10_hp030",FlyWire783 cell-level side-aware median_PostDCA_positive
770,PVLP_L,PVLP,801,PVLP,L,1,PVLP_L_770,790,PVLP_L,0.23645110405143982,0.23644423240902748,718,708,optic/lateral protocerebrum,1481,1466,0.0093060127443957,0.001303396213092,0.0111884210202887,0.001303396213092,0.0093178293041694,0.0084354011342987,0.0028310506011056,0.0210877228173999,0.0140835636308867,0.0175706991955489,0.8244799690086044,-0.18291025698909902,-0.1679873885157103,"Branson999 full FCV matrix, w20_step10_hp030",FlyWire783 cell-level side-aware median_PostDCA_positive
771,PVLP_L,PVLP,774,PVLP,L,1,PVLP_L_771,791,PVLP_L,0.23900968147211568,0.239033285705091,718,708,optic/lateral protocerebrum,1481,1466,0.0093060127443957,0.001303396213092,0.0111884210202887,0.001303396213092,0.0093178293041694,0.0084354011342987,0.0028310506011056,0.0210877228173999,0.0140835636308867,0.0175706991955489,0.8244799690086044,0.4578537104000394,0.48600026174442323,"Branson999 full FCV matrix, w20_step10_hp030",FlyWire783 cell-level side-aware median_PostDCA_positive
902,SIP_L,SIP,667,SIP,L,1,SIP_L_902,800,SIP_L,0.23847574217959175,0.23842069176701453,718,712,superior protocerebrum,390,367,0.0046230046970777,0.0,0.0074466167197942,0.0,0.010544627094206,0.0030578338707518,-0.0056487958581966,0.026564468898378,0.0097612859736094,0.0208450050021335,0.6560311035244404,0.3241352398711274,0.33126073948917895,"Branson999 full FCV matrix, w20_step10_hp030",FlyWire783 cell-level side-aware median_PostDCA_positive
903,SIP_L,SIP,665,SIP,L,1,SIP_L_903,801,SIP_L,0.237658738820745,0.23763829742086712,718,712,superior protocerebrum,390,367,0.0046230046970777,0.0,0.0074466167197942,0.0,0.010544627094206,0.0030578338707518,-0.0056487958581966,0.026564468898378,0.0097612859736094,0.0208450050021335,0.6560311035244404,0.11952688627805824,0.1336301071681962,"Branson999 full FCV matrix, w20_step10_hp030",FlyWire783 cell-level side-aware median_PostDCA_positive
904,SIP_L,SIP,658,SIP,L,1,SIP_L_904,802,SIP_L,0.23893193859878292,0.23885756504991246,718,712,superior protocerebrum,390,367,0.0046230046970777,0.0,0.0074466167197942,0.0,0.010544627094206,0.0030578338707518,-0.0056487958581966,0.026564468898378,0.0097612859736094,0.0208450050021335,0.6560311035244404,0.43838397243144156,0.44161371375133557,"Branson999 full FCV matrix, w20_step10_hp030",FlyWire783 cell-level side-aware median_PostDCA_positive
905,SIP_L,SIP,668,SIP,L,1,SIP_L_905,803,SIP_L,0.23884257496691685,0.2388321355344104,718,712,superior protocerebrum,390,367,0.0046230046970777,0.0,0.0074466167197942,0.0,0.010544627094206,0.0030578338707518,-0.0056487958581966,0.026564468898378,0.0097612859736094,0.0208450050021335,0.6560311035244404,0.4160039596821386,0.4351902889745162,"Branson999 full FCV matrix, w20_step10_hp030",FlyWire783 cell-level side-aware median_PostDCA_positive
906,SIP_L,SIP,656,SIP,L,1,SIP_L_906,804,SIP_L,0.23931332821608786,0.23925500935682092,718,712,superior protocerebrum,390,367,0.0046230046970777,0.0,0.0074466167197942,0.0,0.010544627094206,0.0030578338707518,-0.0056487958581966,0.026564468898378,0.0097612859736094,0.0208450050021335,0.6560311035244404,0.5338982696852583,0.5420070385158481,"Branson999 full FCV matrix, w20_step10_hp030",FlyWire783 cell-level side-aware median_PostDCA_positive
907,SIP_L,SIP,657,SIP,L,1,SIP_L_907,805,SIP_L,0.23709920090440054,0.2370445583491109,718,712,superior protocerebrum,390,367,0.0046230046970777,0.0,0.0074466167197942,0.0,0.010544627094206,0.0030578338707518,-0.0056487958581966,0.026564468898378,0.0097612859736094,0.0208450050021335,0.6560311035244404,-0.020602441951074368,-0.016346728378552073,"Branson999 full FCV matrix, w20_step10_hp030",FlyWire783 cell-level side-aware median_PostDCA_positive
908,SIP_L,SIP,666,SIP,L,1,SIP_L_908,806,SIP_L,0.2414398192623708,0.2413891374969405,718,712,superior protocerebrum,390,367,0.0046230046970777,0.0,0.0074466167197942,0.0,0.010544627094206,0.0030578338707518,-0.0056487958581966,0.026564468898378,0.0097612859736094,0.0208450050021335,0.6560311035244404,1.0664515660689176,1.0810818616695024,"Branson999 full FCV matrix, w20_step10_hp030",FlyWire783 cell-level side-aware median_PostDCA_positive
802,SMP_L,SMP,709,SMP,L,1,SMP_L_802,830,SMP_L,0.23750470939865687,0.23740796977656464,718,697,superior protocerebrum,2354,1918,0.0031532077074873,8.516569169664468e-05,0.0051423371816926,8.516569169664468e-05,0.0110350037003574,0.0001992654458099,0.0026817782830321,0.0283202025188532,0.0032393342661994,0.02042918375709,0.7231721053743017,0.08095212876074107,0.07544998584108696,"Branson999 full FCV matrix, w20_step10_hp030",FlyWire783 cell-level side-aware median_PostDCA_positive
803,SMP_L,SMP,694,SMP,L,1,SMP_L_803,831,SMP_L,0.23916387685399434,0.2390950015267538,718,697,superior protocerebrum,2354,1918,0.0031532077074873,8.516569169664468e-05,0.0051423371816926,8.516569169664468e-05,0.0110350037003574,0.0001992654458099,0.0026817782830321,0.0283202025188532,0.0032393342661994,0.02042918375709,0.7231721053743017,0.4964700304876123,0.501589506374691,"Branson999 full FCV matrix, w20_step10_hp030",FlyWire783 cell-level side-aware median_PostDCA_positive
804,SMP_L,SMP,695,SMP,L,1,SMP_L_804,832,SMP_L,0.23808701148801809,0.2379994544568026,718,697,superior protocerebrum,2354,1918,0.0031532077074873,8.516569169664468e-05,0.0051423371816926,8.516569169664468e-05,0.0110350037003574,0.0001992654458099,0.0026817782830321,0.0283202025188532,0.0032393342661994,0.02042918375709,0.7231721053743017,0.22678246165702629,0.22485736837037862,"Branson999 full FCV matrix, w20_step10_hp030",FlyWire783 cell-level side-aware median_PostDCA_positive
805,SMP_L,SMP,698,SMP,L,1,SMP_L_805,833,SMP_L,0.23879460624087878,0.23872187922199087,718,697,superior protocerebrum,2354,1918,0.0031532077074873,8.516569169664468e-05,0.0051423371816926,8.516569169664468e-05,0.0110350037003574,0.0001992654458099,0.0026817782830321,0.0283202025188532,0.0032393342661994,0.02042918375709,0.7231721053743017,0.40399078745667644,0.40733985159833963,"Branson999 full FCV matrix, w20_step10_hp030",FlyWire783 cell-level side-aware median_PostDCA_positive
806,SMP_L,SMP,691,SMP,L,1,SMP_L_806,834,SMP_L,0.23762616547846643,0.2375622838638317,718,697,superior protocerebrum,2354,1918,0.0031532077074873,8.516569169664468e-05,0.0051423371816926,8.516569169664468e-05,0.0110350037003574,0.0001992654458099,0.0026817782830321,0.0283202025188532,0.0032393342661994,0.02042918375709,0.7231721053743017,0.11136929688448406,0.11442929441201154,"Branson999 full FCV matrix, w20_step10_hp030",FlyWire783 cell-level side-aware median_PostDCA_positive
807,SMP_L,SMP,697,SMP,L,1,SMP_L_807,835,SMP_L,0.23911371820021365,0.23899544046368243,718,697,superior protocerebrum,2354,1918,0.0031532077074873,8.516569169664468e-05,0.0051423371816926,8.516569169664468e-05,0.0110350037003574,0.0001992654458099,0.0026817782830321,0.0283202025188532,0.0032393342661994,0.02042918375709,0.7231721053743017,0.4839084180323113,0.4764406591901041,"Branson999 full FCV matrix, w20_step10_hp030",FlyWire783 cell-level side-aware median_PostDCA_positive
808,SMP_L,SMP,707,SMP,L,1,SMP_L_808,836,SMP_L,0.23615472716469502,0.23604302580685746,718,697,superior protocerebrum,2354,1918,0.0031532077074873,8.516569169664468e-05,0.0051423371816926,8.516569169664468e-05,0.0110350037003574,0.0001992654458099,0.0026817782830321,0.0283202025188532,0.0032393342661994,0.02042918375709,0.7231721053743017,-0.25713417073835604,-0.26933105858266626,"Branson999 full FCV matrix, w20_step10_hp030",FlyWire783 cell-level side-aware median_PostDCA_positive
809,SMP_L,SMP,704,SMP,L,1,SMP_L_809,837,SMP_L,0.23793683376953015,0.23781371159470907,718,697,superior protocerebrum,2354,1918,0.0031532077074873,8.516569169664468e-05,0.0051423371816926,8.516569169664468e-05,0.0110350037003574,0.0001992654458099,0.0026817782830321,0.0283202025188532,0.0032393342661994,0.02042918375709,0.7231721053743017,0.18917231551325217,0.17793923882942694,"Branson999 full FCV matrix, w20_step10_hp030",FlyWire783 cell-level side-aware median_PostDCA_positive
810,SMP_L,SMP,708,SMP,L,1,SMP_L_810,838,SMP_L,0.23731002656547318,0.2371557377166658,718,697,superior protocerebrum,2354,1918,0.0031532077074873,8.516569169664468e-05,0.0051423371816926,8.516569169664468e-05,0.0110350037003574,0.0001992654458099,0.0026817782830321,0.0283202025188532,0.0032393342661994,0.02042918375709,0.7231721053743017,0.03219622887462898,0.011736870153460517,"Branson999 full FCV matrix, w20_step10_hp030",FlyWire783 cell-level side-aware median_PostDCA_positive
811,SMP_L,SMP,692,SMP,L,1,SMP_L_811,839,SMP_L,0.23527724799031363,0.23523018651393834,718,697,superior protocerebrum,2354,1918,0.0031532077074873,8.516569169664468e-05,0.0051423371816926,8.516569169664468e-05,0.0110350037003574,0.0001992654458099,0.0026817782830321,0.0283202025188532,0.0032393342661994,0.02042918375709,0.7231721053743017,-0.4768879419294731,-0.47465199964769705,"Branson999 full FCV matrix, w20_step10_hp030",FlyWire783 cell-level side-aware median_PostDCA_positive
812,SMP_L,SMP,711,SMP,L,1,SMP_L_812,840,SMP_L,0.23908308773894943,0.23906095211552233,718,697,superior protocerebrum,2354,1918,0.0031532077074873,8.516569169664468e-05,0.0051423371816926,8.516569169664468e-05,0.0110350037003574,0.0001992654458099,0.0026817782830321,0.0283202025188532,0.0032393342661994,0.02042918375709,0.7231721053743017,0.4762373990809131,0.49298871994906224,"Branson999 full FCV matrix, w20_step10_hp030",FlyWire783 cell-level side-aware median_PostDCA_positive
813,SMP_L,SMP,706,SMP,L,1,SMP_L_813,841,SMP_L,0.2371000246593944,0.23697961096339046,718,697,superior protocerebrum,2354,1918,0.0031532077074873,8.516569169664468e-05,0.0051423371816926,8.516569169664468e-05,0.0110350037003574,0.0001992654458099,0.0026817782830321,0.0283202025188532,0.0032393342661994,0.02042918375709,0.7231721053743017,-0.020396142734269575,-0.03275225708760861,"Branson999 full FCV matrix, w20_step10_hp030",FlyWire783 cell-level side-aware median_PostDCA_positive
814,SMP_L,SMP,705,SMP,L,1,SMP_L_814,842,SMP_L,0.23873181779973987,0.23869221060727921,718,697,superior protocerebrum,2354,1918,0.0031532077074873,8.516569169664468e-05,0.0051423371816926,8.516569169664468e-05,0.0110350037003574,0.0001992654458099,0.0026817782830321,0.0283202025188532,0.0032393342661994,0.02042918375709,0.7231721053743017,0.38826620147181284,0.3998456421700331,"Branson999 full FCV matrix, w20_step10_hp030",FlyWire783 cell-level side-aware median_PostDCA_positive
815,SMP_L,SMP,700,SMP,L,1,SMP_L_815,843,SMP_L,0.2403302704772468,0.24023438613469786,718,697,superior protocerebrum,2354,1918,0.0031532077074873,8.516569169664468e-05,0.0051423371816926,8.516569169664468e-05,0.0110350037003574,0.0001992654458099,0.0026817782830321,0.0283202025188532,0.0032393342661994,0.02042918375709,0.7231721053743017,0.7885788404587472,0.7893948843577684,"Branson999 full FCV matrix, w20_step10_hp030",FlyWire783 cell-level side-aware median_PostDCA_positive
816,SMP_L,SMP,693,SMP,L,1,SMP_L_816,844,SMP_L,0.23703256780326346,0.23695940395580364,718,697,superior protocerebrum,2354,1918,0.0031532077074873,8.516569169664468e-05,0.0051423371816926,8.516569169664468e-05,0.0110350037003574,0.0001992654458099,0.0026817782830321,0.0283202025188532,0.0032393342661994,0.02042918375709,0.7231721053743017,-0.037289875326750585,-0.037856490913378886,"Branson999 full FCV matrix, w20_step10_hp030",FlyWire783 cell-level side-aware median_PostDCA_positive
817,SMP_L,SMP,699,SMP,L,1,SMP_L_817,845,SMP_L,0.23902503300520792,0.23890238675431108,718,697,superior protocerebrum,2354,1918,0.0031532077074873,8.516569169664468e-05,0.0051423371816926,8.516569169664468e-05,0.0110350037003574,0.0001992654458099,0.0026817782830321,0.0283202025188532,0.0032393342661994,0.02042918375709,0.7231721053743017,0.46169831137642375,0.45293555142261027,"Branson999 full FCV matrix, w20_step10_hp030",FlyWire783 cell-level side-aware median_PostDCA_positive
818,SMP_L,SMP,703,SMP,L,1,SMP_L_818,846,SMP_L,0.2353665520395723,0.23527955247498994,718,697,superior protocerebrum,2354,1918,0.0031532077074873,8.516569169664468e-05,0.0051423371816926,8.516569169664468e-05,0.0110350037003574,0.0001992654458099,0.0026817782830321,0.0283202025188532,0.0032393342661994,0.02042918375709,0.7231721053743017,-0.45452285090487493,-0.4621822954048169,"Branson999 full FCV matrix, w20_step10_hp030",FlyWire783 cell-level side-aware median_PostDCA_positive
819,SMP_L,SMP,710,SMP,L,1,SMP_L_819,847,SMP_L,0.2381567846954442,0.23810048066583267,718,697,superior protocerebrum,2354,1918,0.0031532077074873,8.516569169664468e-05,0.0051423371816926,8.516569169664468e-05,0.0110350037003574,0.0001992654458099,0.0026817782830321,0.0283202025188532,0.0032393342661994,0.02042918375709,0.7231721053743017,0.244256295689385,0.25037630734267513,"Branson999 full FCV matrix, w20_step10_hp030",FlyWire783 cell-level side-aware median_PostDCA_positive
820,SMP_L,SMP,690,SMP,L,1,SMP_L_820,848,SMP_L,0.23542604570673983,0.23538389488937325,718,697,superior protocerebrum,2354,1918,0.0031532077074873,8.516569169664468e-05,0.0051423371816926,8.516569169664468e-05,0.0110350037003574,0.0001992654458099,0.0026817782830321,0.0283202025188532,0.0032393342661994,0.02042918375709,0.7231721053743017,-0.43962340017856855,-0.4358256921982456,"Branson999 full FCV matrix, w20_step10_hp030",FlyWire783 cell-level side-aware median_PostDCA_positive
821,SMP_L,SMP,701,SMP,L,1,SMP_L_821,849,SMP_L,0.23706270512915575,0.23695272308745652,718,697,superior protocerebrum,2354,1918,0.0031532077074873,8.516569169664468e-05,0.0051423371816926,8.516569169664468e-05,0.0110350037003574,0.0001992654458099,0.0026817782830321,0.0283202025188532,0.0032393342661994,0.02042918375709,0.7231721053743017,-0.029742356010275223,-0.03954405964696845,"Branson999 full FCV matrix, w20_step10_hp030",FlyWire783 cell-level side-aware median_PostDCA_positive
822,SMP_L,SMP,702,SMP,L,1,SMP_L_822,850,SMP_L,0.23645773958104804,0.23644052479789707,718,697,superior protocerebrum,2354,1918,0.0031532077074873,8.516569169664468e-05,0.0051423371816926,8.516569169664468e-05,0.0110350037003574,0.0001992654458099,0.0026817782830321,0.0283202025188532,0.0032393342661994,0.02042918375709,0.7231721053743017,-0.181248470934421,-0.16892392075896134,"Branson999 full FCV matrix, w20_step10_hp030",FlyWire783 cell-level side-aware median_PostDCA_positive
823,SMP_L,SMP,696,SMP,L,1,SMP_L_823,851,SMP_L,0.2411859856535771,0.24105571666725367,718,697,superior protocerebrum,2354,1918,0.0031532077074873,8.516569169664468e-05,0.0051423371816926,8.516569169664468e-05,0.0110350037003574,0.0001992654458099,0.0026817782830321,0.0283202025188532,0.0032393342661994,0.02042918375709,0.7231721053743017,1.0028820883923797,0.9968606889009839,"Branson999 full FCV matrix, w20_step10_hp030",FlyWire783 cell-level side-aware median_PostDCA_positive
959,SPS_L,SPS,842,SPS,L,1,SPS_L_959,852,SPS_L,0.23781871549991002,0.2377954693176723,718,704,superior protocerebrum,1212,1090,0.0031251663458868,0.0004622783069738,0.0071940301181283,0.0004622783069738,-0.0036950516419438,0.0014269340241451,-0.001024839690834,0.0174081044878027,0.0067800394743139,0.0178051107393167,0.6950357408655378,0.1595910605348732,0.17333129046744464,"Branson999 full FCV matrix, w20_step10_hp030",FlyWire783 cell-level side-aware median_PostDCA_positive
960,SPS_L,SPS,866,SPS,L,1,SPS_L_960,853,SPS_L,0.23493211860317303,0.2349089108951983,718,704,superior protocerebrum,1212,1090,0.0031251663458868,0.0004622783069738,0.0071940301181283,0.0004622783069738,-0.0036950516419438,0.0014269340241451,-0.001024839690834,0.0174081044878027,0.0067800394743139,0.0178051107393167,0.6950357408655378,-0.5633213144667691,-0.5558053259639721,"Branson999 full FCV matrix, w20_step10_hp030",FlyWire783 cell-level side-aware median_PostDCA_positive
961,SPS_L,SPS,846,SPS,L,1,SPS_L_961,854,SPS_L,0.23687963684701294,0.23685952530841597,718,704,superior protocerebrum,1212,1090,0.0031251663458868,0.0004622783069738,0.0071940301181283,0.0004622783069738,-0.0036950516419438,0.0014269340241451,-0.001024839690834,0.0174081044878027,0.0067800394743139,0.0178051107393167,0.6950357408655378,-0.07558953570513847,-0.06308555901156593,"Branson999 full FCV matrix, w20_step10_hp030",FlyWire783 cell-level side-aware median_PostDCA_positive
962,SPS_L,SPS,852,SPS,L,1,SPS_L_962,855,SPS_L,0.2352519727519644,0.23525055004899606,718,704,superior protocerebrum,1212,1090,0.0031251663458868,0.0004622783069738,0.0071940301181283,0.0004622783069738,-0.0036950516419438,0.0014269340241451,-0.001024839690834,0.0174081044878027,0.0067800394743139,0.0178051107393167,0.6950357408655378,-0.4832178117510689,-0.4695082274188156,"Branson999 full FCV matrix, w20_step10_hp030",FlyWire783 cell-level side-aware median_PostDCA_positive
963,SPS_L,SPS,865,SPS,L,1,SPS_L_963,856,SPS_L,0.23353339685124788,0.23350284859548623,718,704,superior protocerebrum,1212,1090,0.0031251663458868,0.0004622783069738,0.0071940301181283,0.0004622783069738,-0.0036950516419438,0.0014269340241451,-0.001024839690834,0.0174081044878027,0.0067800394743139,0.0178051107393167,0.6950357408655378,-0.9136138214647782,-0.9109727460036331,"Branson999 full FCV matrix, w20_step10_hp030",FlyWire783 cell-level side-aware median_PostDCA_positive
964,SPS_L,SPS,844,SPS,L,1,SPS_L_964,857,SPS_L,0.23412666117879444,0.23412348185760576,718,704,superior protocerebrum,1212,1090,0.0031251663458868,0.0004622783069738,0.0071940301181283,0.0004622783069738,-0.0036950516419438,0.0014269340241451,-0.001024839690834,0.0174081044878027,0.0067800394743139,0.0178051107393167,0.6950357408655378,-0.7650381320378139,-0.7542025128902566,"Branson999 full FCV matrix, w20_step10_hp030",FlyWire783 cell-level side-aware median_PostDCA_positive
965,SPS_L,SPS,841,SPS,L,1,SPS_L_965,858,SPS_L,0.23767133956252562,0.2376858152449308,718,704,superior protocerebrum,1212,1090,0.0031251663458868,0.0004622783069738,0.0071940301181283,0.0004622783069738,-0.0036950516419438,0.0014269340241451,-0.001024839690834,0.0174081044878027,0.0067800394743139,0.0178051107393167,0.6950357408655378,0.12268258570311505,0.1456329771562828,"Branson999 full FCV matrix, w20_step10_hp030",FlyWire783 cell-level side-aware median_PostDCA_positive
966,SPS_L,SPS,851,SPS,L,1,SPS_L_966,859,SPS_L,0.23658849441743407,0.23657265336991928,718,704,superior protocerebrum,1212,1090,0.0031251663458868,0.0004622783069738,0.0071940301181283,0.0004622783069738,-0.0036950516419438,0.0014269340241451,-0.001024839690834,0.0174081044878027,0.0067800394743139,0.0178051107393167,0.6950357408655378,-0.14850254460794837,-0.13554861153669945,"Branson999 full FCV matrix, w20_step10_hp030",FlyWire783 cell-level side-aware median_PostDCA_positive
967,SPS_L,SPS,847,SPS,L,1,SPS_L_967,860,SPS_L,0.23819933960252745,0.23818664002708848,718,704,superior protocerebrum,1212,1090,0.0031251663458868,0.0004622783069738,0.0071940301181283,0.0004622783069738,-0.0036950516419438,0.0014269340241451,-0.001024839690834,0.0174081044878027,0.0067800394743139,0.0178051107393167,0.6950357408655378,0.2549136441339482,0.27213992198176745,"Branson999 full FCV matrix, w20_step10_hp030",FlyWire783 cell-level side-aware median_PostDCA_positive
968,SPS_L,SPS,843,SPS,L,1,SPS_L_968,861,SPS_L,0.23438551445094408,0.2343606960899435,718,704,superior protocerebrum,1212,1090,0.0031251663458868,0.0004622783069738,0.0071940301181283,0.0004622783069738,-0.0036950516419438,0.0014269340241451,-0.001024839690834,0.0174081044878027,0.0067800394743139,0.0178051107393167,0.6950357408655378,-0.7002115419593126,-0.6942828586094055,"Branson999 full FCV matrix, w20_step10_hp030",FlyWire783 cell-level side-aware median_PostDCA_positive
969,SPS_L,SPS,850,SPS,L,1,SPS_L_969,862,SPS_L,0.23997563130628036,0.23998540589240605,718,704,superior protocerebrum,1212,1090,0.0031251663458868,0.0004622783069738,0.0071940301181283,0.0004622783069738,-0.0036950516419438,0.0014269340241451,-0.001024839690834,0.0174081044878027,0.0067800394743139,0.0178051107393167,0.6950357408655378,0.6997638605626012,0.7265031687390942,"Branson999 full FCV matrix, w20_step10_hp030",FlyWire783 cell-level side-aware median_PostDCA_positive
970,SPS_L,SPS,861,SPS,L,1,SPS_L_970,863,SPS_L,0.23496233972642624,0.23493763120057914,718,704,superior protocerebrum,1212,1090,0.0031251663458868,0.0004622783069738,0.0071940301181283,0.0004622783069738,-0.0036950516419438,0.0014269340241451,-0.001024839690834,0.0174081044878027,0.0067800394743139,0.0178051107393167,0.6950357408655378,-0.5557528091410371,-0.5485506568309234,"Branson999 full FCV matrix, w20_step10_hp030",FlyWire783 cell-level side-aware median_PostDCA_positive
971,SPS_L,SPS,867,SPS,L,1,SPS_L_971,864,SPS_L,0.24154650957850685,0.24155197273286222,718,704,superior protocerebrum,1212,1090,0.0031251663458868,0.0004622783069738,0.0071940301181283,0.0004622783069738,-0.0036950516419438,0.0014269340241451,-0.001024839690834,0.0174081044878027,0.0067800394743139,0.0178051107393167,0.6950357408655378,1.0931708318987867,1.12221358865323,"Branson999 full FCV matrix, w20_step10_hp030",FlyWire783 cell-level side-aware median_PostDCA_positive
972,SPS_L,SPS,845,SPS,L,1,SPS_L_972,865,SPS_L,0.2337254643835531,0.23373767185014097,718,704,superior protocerebrum,1212,1090,0.0031251663458868,0.0004622783069738,0.0071940301181283,0.0004622783069738,-0.0036950516419438,0.0014269340241451,-0.001024839690834,0.0174081044878027,0.0067800394743139,0.0178051107393167,0.6950357408655378,-0.8655128912322182,-0.8516570460249637,"Branson999 full FCV matrix, w20_step10_hp030",FlyWire783 cell-level side-aware median_PostDCA_positive
973,SPS_L,SPS,853,SPS,L,1,SPS_L_973,866,SPS_L,0.23675968398457312,0.23675094888368503,718,704,superior protocerebrum,1212,1090,0.0031251663458868,0.0004622783069738,0.0071940301181283,0.0004622783069738,-0.0036950516419438,0.0014269340241451,-0.001024839690834,0.0174081044878027,0.0067800394743139,0.0178051107393167,0.6950357408655378,-0.10563024169101386,-0.09051166143726676,"Branson999 full FCV matrix, w20_step10_hp030",FlyWire783 cell-level side-aware median_PostDCA_positive
152,VES_L,VES,209,VES,L,1,VES_L_152,867,VES_L,0.2406717455997838,0.24064145303484566,718,713,inferior/ventrolateral protocerebrum,590,570,0.0049032765355056,0.0006381048412725,0.0134213668344893,0.0006381048412725,0.0055564777536826,0.0051319586938426,-0.0033078106008641,0.0256192691445413,0.0155367085463874,0.0197374135613081,0.7839261241043048,0.8740970477693136,0.8922188493688796,"Branson999 full FCV matrix, w20_step10_hp030",FlyWire783 cell-level side-aware median_PostDCA_positive
153,VES_L,VES,199,VES,L,1,VES_L_153,868,VES_L,0.2429252518472169,0.24287073427806627,718,713,inferior/ventrolateral protocerebrum,590,570,0.0049032765355056,0.0006381048412725,0.0134213668344893,0.0006381048412725,0.0055564777536826,0.0051319586938426,-0.0033078106008641,0.0256192691445413,0.0155367085463874,0.0197374135613081,0.7839261241043048,1.438459725237172,1.4553290812978672,"Branson999 full FCV matrix, w20_step10_hp030",FlyWire783 cell-level side-aware median_PostDCA_positive
154,VES_L,VES,208,VES,L,1,VES_L_154,869,VES_L,0.24085538208115007,0.24081180205239472,718,713,inferior/ventrolateral protocerebrum,590,570,0.0049032765355056,0.0006381048412725,0.0134213668344893,0.0006381048412725,0.0055564777536826,0.0051319586938426,-0.0033078106008641,0.0256192691445413,0.0155367085463874,0.0197374135613081,0.7839261241043048,0.9200865259092983,0.9352485366605308,"Branson999 full FCV matrix, w20_step10_hp030",FlyWire783 cell-level side-aware median_PostDCA_positive
155,VES_L,VES,205,VES,L,1,VES_L_155,870,VES_L,0.23893096510391887,0.23889596288216183,718,713,inferior/ventrolateral protocerebrum,590,570,0.0049032765355056,0.0006381048412725,0.0134213668344893,0.0006381048412725,0.0055564777536826,0.0051319586938426,-0.0033078106008641,0.0256192691445413,0.0155367085463874,0.0197374135613081,0.7839261241043048,0.4381401727221643,0.45131289921269047,"Branson999 full FCV matrix, w20_step10_hp030",FlyWire783 cell-level side-aware median_PostDCA_positive
156,VES_L,VES,210,VES,L,1,VES_L_156,871,VES_L,0.24159141381047558,0.24153722559051083,718,713,inferior/ventrolateral protocerebrum,590,570,0.0049032765355056,0.0006381048412725,0.0134213668344893,0.0006381048412725,0.0055564777536826,0.0051319586938426,-0.0033078106008641,0.0256192691445413,0.0155367085463874,0.0197374135613081,0.7839261241043048,1.1044165396097725,1.118488501576382,"Branson999 full FCV matrix, w20_step10_hp030",FlyWire783 cell-level side-aware median_PostDCA_positive
157,VES_L,VES,204,VES,L,1,VES_L_157,872,VES_L,0.24517165634363666,0.2451062314907065,718,713,inferior/ventrolateral protocerebrum,590,570,0.0049032765355056,0.0006381048412725,0.0134213668344893,0.0006381048412725,0.0055564777536826,0.0051319586938426,-0.0033078106008641,0.0256192691445413,0.0155367085463874,0.0197374135613081,0.7839261241043048,2.001043857284466,2.0200094497864285,"Branson999 full FCV matrix, w20_step10_hp030",FlyWire783 cell-level side-aware median_PostDCA_positive
37,NO,NO,82,NO,midline,2,NO_37,896,NO,0.23812341106514828,0.23812341106514828,718,718,central complex,551,423,-0.0058963466903091,-2.19007819851588e-06,0.0025188485557653,0.0,0.00066002832743,-1.7986142879411363e-18,-0.0048895072400738,0.0034522715914941,2.9773609147982616e-06,0.001674153428407,0.8673370857574221,0.2358982840920852,0.2561684623325878,"Branson999 full FCV matrix, w20_step10_hp030",FlyWire783 cell-level side-aware median_PostDCA_positive
112,PB,PB,83,PB,midline,2,PB_112,897,PB,0.24509048844852388,0.24509048844852388,718,718,central complex,225,209,-0.0106307745281123,-0.0012108423767231,0.0094496697569344,0.0,-0.0094040445693847,-0.0029372491285815,-0.0069552875543245,0.0033217601035986,0.0003807412547167,0.0021112975170187,0.9048306619428226,1.9807163651097897,2.016032801186487,"Branson999 full FCV matrix, w20_step10_hp030",FlyWire783 cell-level side-aware median_PostDCA_positive
