uid,neuron,phase,n_neurons_recording,n_time,n_windows,NetTE,NetTE_z,NeighborNetTE,NeighborNetTE_z
2023-01-05-01,AVER,spontaneous,68,802,50,0.0219905706931959,1.6863528642670944,-2.900973053017401e-05,-0.7284226696410601
2023-01-05-01,RIH,spontaneous,68,802,50,-0.009414888656697576,-0.7219832843124068,0.001959034386991896,0.0657168813769459
2023-01-05-01,URYVL,spontaneous,68,802,50,0.017415193426367038,1.3354888204609592,0.001570102421189123,-0.08964499111718194
2023-01-05-01,RMDDR,spontaneous,68,802,50,-0.015037824555515633,-1.1531796452825203,0.0021717245646071266,0.1506776127151547
2023-01-05-01,RMDL,spontaneous,68,802,50,0.012113179934303196,0.9289024810945554,0.0009247160173678085,-0.34744956620005574
2023-01-05-01,RIBL,spontaneous,68,802,50,0.024916805654500985,1.9107519841154108,0.0011726166816700763,-0.24842373447382252
2023-01-05-01,SMDVL,spontaneous,68,802,50,0.007734262233053451,0.5931039922369109,0.0006735592268254408,-0.4477760826583732
2023-01-05-01,IL2VR,spontaneous,68,802,50,-0.0004734203638692114,-0.03630436871109639,0.003712265311645835,0.7660584920404758
2023-01-05-01,RMED,spontaneous,68,802,50,0.011896439716645286,0.9122816988534479,0.0004644323883258875,-0.5313134107126671
2023-01-05-01,URXL,spontaneous,68,802,50,0.006527223821015518,0.5005419249845874,0.0015685255678329544,-0.09027487734820269
2023-01-05-01,ADEL,spontaneous,68,802,50,-0.010234454309647166,-0.7848318981837193,0.004743412529068593,1.1779581984203493
2023-01-05-01,RMDDL,spontaneous,68,802,50,-0.012977503216604585,-0.9951833458841475,0.0013229681289291463,-0.1883646896222186
2023-01-05-01,ASKR,spontaneous,68,802,50,-0.01447938936613217,-1.1103558916718095,0.004050291133114497,0.9010855126823534
2023-01-05-01,AUAL,spontaneous,68,802,50,0.004105273459173659,0.31481400610577187,0.0017667109907852797,-0.011108182095059739
2023-01-05-01,AVAR,spontaneous,68,802,50,0.013218526859880196,1.0136663091898555,-0.00035875278517427705,-0.8601410752128452
2023-01-05-01,AIZL,spontaneous,68,802,50,-0.006127227032228238,-0.4698680629971048,0.0014563867040753014,-0.13506961109242668
2023-01-05-01,RIVR,spontaneous,68,802,50,0.011882284361573294,0.9111961916193061,0.003319389860848018,0.6091213640599085
2023-01-05-01,RID,spontaneous,68,802,50,0.019467095112509946,1.4928394565084449,0.0017289433406250893,-0.02619476114874906
2023-01-05-01,RMDVL,spontaneous,68,802,50,-0.00252520934100263,-0.19364636163769025,0.0016630436013248355,-0.052518920114263644
2023-01-05-01,IL2DR,spontaneous,68,802,50,-0.00801011180198082,-0.6142575910751368,0.0060237989107923265,1.68941841067108
2023-01-05-01,SMDVR,spontaneous,68,802,50,-0.0005704519518050842,-0.04374526228875474,0.0009402128874369465,-0.34125922196653397
2023-01-05-01,AIBR,spontaneous,68,802,50,0.023506594534986918,1.8026095628116443,-0.0008702797929394181,-1.0644744824545904
2023-01-05-01,IL1DL,spontaneous,68,802,50,-0.016524588170464337,-1.2671925154138353,0.0014677567859489888,-0.13052774422205635
2023-01-05-01,RICL,spontaneous,68,802,50,-0.01886611090090823,-1.4467528196151405,0.004299059688334709,1.0004580301273962
2023-01-05-01,RICR,spontaneous,68,802,50,-0.014106172974425117,-1.0817356916812129,-0.001549101419878156,-1.3356350152049192
2023-01-05-01,IL1VL,spontaneous,68,802,50,-0.01661647840372885,-1.2742391428172672,0.0008238411148110552,-0.3877448237948691
2023-01-05-01,ALA,spontaneous,68,802,50,-0.0038708265359733754,-0.2968353803587041,0.004341180779481426,1.017283624749177
2023-01-05-01,AVJL,spontaneous,68,802,50,-0.015898927712936356,-1.219213573924271,0.006062159548094255,1.704741863010603
2023-01-05-01,URXR,spontaneous,68,802,50,-0.0011531548557181053,-0.08842999215502038,0.004078906145549658,0.912516000027854
2023-01-05-01,URYDR,spontaneous,68,802,50,-0.014750100582810078,-1.1311154545773447,-0.00017153874510159967,-0.7853569834428432
2023-01-05-01,CEPDL,spontaneous,68,802,50,0.012314341199216922,0.9443285871288029,0.0015082526881815728,-0.11435134384260336
2023-01-05-01,RIMR,spontaneous,68,802,50,0.010445693753295383,0.8010308520813814,0.00039092635836370426,-0.5606759611293262
2023-01-05-01,AVJR,spontaneous,68,802,50,-0.01949365512516052,-1.4948762182657067,-0.007847678805411389,-3.8516503153251382
2023-01-05-01,RIML,spontaneous,68,802,50,0.011080794947446751,0.8497337590135781,-0.00019307450703606486,-0.7939596095932043
2023-01-05-01,OLLR,spontaneous,68,802,50,0.023712002971270917,1.8183613643317078,0.00035403163351488664,-0.5754138434369342
2023-01-05-01,OLQDR,spontaneous,68,802,50,0.005836782027591081,0.4475952092219417,-0.0013855109149394143,-1.2702875266870146
2023-01-05-01,AWCL,spontaneous,68,802,50,0.001019715202910355,0.07819713627062166,-0.0024418877732112153,-1.6922654076303265
2023-01-05-01,AVEL,spontaneous,68,802,50,0.02125742623273738,1.6301314829275773,-0.0009808474000902144,-1.1086415656324586
2023-01-05-01,AVHL,spontaneous,68,802,50,-0.019114291811554572,-1.4657846399059333,0.005212492235071376,1.3653357036947376
2023-01-05-01,URYDL,spontaneous,68,802,50,-0.012506350635670386,-0.9590528827210857,0.002719136296281985,0.3693454496020468
2023-01-05-01,RIVL,spontaneous,68,802,50,0.017374135162965685,1.3323402564216398,0.002323337770496037,0.2112406767798954
2023-01-05-01,RIR,spontaneous,68,802,50,0.008083496354385019,0.6198851053341491,0.0033465911423744416,0.6199871256937262
2023-01-05-01,OLQVL,spontaneous,68,802,50,-0.002829071628695698,-0.2169481233947194,0.0024517494415531894,0.2625357088669621
2023-01-05-01,OLQDL,spontaneous,68,802,50,0.007890395262146412,0.60507709582258,0.001956685330059589,0.06477853247357086
2023-01-05-01,IL2VR,spontaneous,68,802,50,-0.017439109810111778,-1.3373228548202098,0.001282170602548493,-0.2046615760932089
2023-01-05-01,RMEL,spontaneous,68,802,50,0.017665768467838776,1.3547042353219503,0.0009769504671975654,-0.3265841124760313
2023-01-05-01,RIAR,spontaneous,68,802,50,0.00941478165111195,0.7219750785601172,0.003833035836076831,0.8143012091927401
2023-01-05-01,AIZR,spontaneous,68,802,50,-0.0018499671874472423,-0.14186523437143278,0.0027007102102390903,0.36198500746288426
2023-01-05-01,AWAL,spontaneous,68,802,50,-0.02058845275596391,-1.578831070836648,0.00339435411244616,0.6390664123522729
2023-01-05-01,AIBL,spontaneous,68,802,50,0.012622001920943891,0.9679216328275798,-0.00021136278107425642,-0.8012650016645263
2023-01-05-01,ADER,spontaneous,68,802,50,-0.000979389188401006,-0.07510472493573261,0.011010140020489207,3.681250812767331
2023-01-05-01,OLLL,spontaneous,68,802,50,0.01685641530896509,1.2926387693223542,-0.00018097857902586525,-0.7891277978871648
2023-01-05-01,AVDL,spontaneous,68,802,50,-0.0054521616615744615,-0.4181004923754949,0.003830519742577795,0.8132961362448952
2023-01-05-01,FLPL,spontaneous,68,802,50,-0.001710250377458601,-0.13115101299001555,0.002962582431070923,0.4665918851687413
2023-01-05-01,ASGL,spontaneous,68,802,50,0.00452727045258342,0.3471749597379957,0.00249399318537607,0.2794102980459165
2023-01-05-01,IL1DR,spontaneous,68,802,50,-0.015873409270933905,-1.21725668529401,0.0009629835893360178,-0.33216328952564206
2023-01-05-01,IL1L,spontaneous,68,802,50,-0.014179448683343787,-1.0873548592480844,0.002580440508677414,0.31394234786722813
2023-01-05-01,RIAL,spontaneous,68,802,50,0.011624809704595103,0.8914516778761632,0.0047706799304429535,1.1888503721372243
2023-01-05-01,ADAL,spontaneous,68,802,50,0.009401222042116526,0.7209352562750663,0.002237378550118112,0.1769036034347283
2023-01-05-01,AVDR,spontaneous,68,802,50,-0.014708784341156375,-1.1279471074059348,0.0014108866387908803,-0.15324496298617507
2023-01-05-01,IL1VR,spontaneous,68,802,50,-0.0026073052577123574,-0.1999419092257716,8.10582062379152e-05,-0.684455183650137
2023-01-05-01,ASKL,spontaneous,68,802,50,-0.009759712398749435,-0.7484261862811296,0.0067450682188134195,1.977534996911063
2023-01-05-01,CEPVL,spontaneous,68,802,50,-0.017131173191746896,-1.3137086519130967,0.0032612295444044994,0.5858887772272331
2023-01-05-01,AVAL,spontaneous,68,802,50,0.007325817898015017,0.5617823278792483,0.00043891484553018297,-0.5415065899284892
2023-01-05-01,AWBL,spontaneous,68,802,50,-0.0023955653625891203,-0.18370457807132523,0.0007576575336260297,-0.4141823655897414
2023-01-05-01,IL1R,spontaneous,68,802,50,-0.0029011081333901187,-0.22247226225032501,0.0004696322644769084,-0.52923628009191
2023-01-05-01,OLQVR,spontaneous,68,802,50,-0.005325700128988381,-0.4084027555285777,-0.00139390382656194,-1.2736401399458963
2023-01-05-01,CEPDR,spontaneous,68,802,50,-0.014744572684244962,-1.1306915461800267,0.0008726009537885525,-0.3682673301658223
2023-01-05-18,AVAL,spontaneous,69,802,50,0.017369065607991764,1.3524099949665949,0.0002124767489374194,-0.9022239373325939
2023-01-05-18,URAVL,spontaneous,69,802,50,-0.008198002605360515,-0.6383222282924894,0.002583664925672485,0.2636922863268119
2023-01-05-18,AVDR,spontaneous,69,802,50,-0.025937632842377906,-2.0195855490156958,0.0015209022388554209,-0.2588694701028297
2023-01-05-18,IL2DR,spontaneous,69,802,50,-0.009610642861312746,-0.7483148349507849,0.003116395154280638,0.5256364130992639
2023-01-05-18,RMDL,spontaneous,69,802,50,0.014416457962940521,1.122510691198361,0.001942253958248722,-0.05169029709267166
2023-01-05-18,OLQVL,spontaneous,69,802,50,0.010765721909037998,0.8382529170777453,0.002696842230276581,0.3193417100556571
2023-01-05-18,CEPVL,spontaneous,69,802,50,-0.003422708742179739,-0.2665028515209012,0.0018086240833724884,-0.11739627547617681
2023-01-05-18,AWAL,spontaneous,69,802,50,0.019929660636405503,1.5517859653063664,0.001914936276717557,-0.06512243563082906
2023-01-05-18,URBL,spontaneous,69,802,50,0.0012821369966700658,0.09983121305127789,0.00148998989580813,-0.27406910825208325
2023-01-05-18,URBR,spontaneous,69,802,50,-0.022715880931455778,-1.7687298274719283,0.004376793502189908,1.1453758738974948
2023-01-05-18,FLPL,spontaneous,69,802,50,-0.008662585141635948,-0.6744960835663583,0.0005431101284073333,-0.739651086729864
2023-01-05-18,ADLL,spontaneous,69,802,50,-0.015939569106879162,-1.2411049081238728,0.0042161585116837685,1.0663914460245618
2023-01-05-18,RIAL,spontaneous,69,802,50,-0.009733863155659998,-0.7579091540361635,0.002212794585083195,0.0813348710825576
2023-01-05-18,RIVL,spontaneous,69,802,50,-0.0014959945926659363,-0.11648283708517332,0.006065549610373307,1.9757393868625548
2023-01-05-18,IL2VR,spontaneous,69,802,50,-0.010578851053376618,-0.8237025653968738,0.00646158615842626,2.1704710581265334
2023-01-05-18,AVAR,spontaneous,69,802,50,0.02215630636370882,1.7251595943097082,-0.0001873530932865548,-1.0988207761351505
2023-01-05-18,AIZR,spontaneous,69,802,50,-0.0038542021772986655,-0.3001002854639685,-0.007953058170519164,-4.917227778386049
2023-01-05-18,URADR,spontaneous,69,802,50,-0.01497147419129187,-1.1657259977399899,0.00043701529291510316,-0.7918180514442328
2023-01-05-18,CEPDL,spontaneous,69,802,50,-0.028247093392642825,-2.1994074002108595,0.002463678762661882,0.20469493831315624
2023-01-05-18,AINR,spontaneous,69,802,50,0.003234108784796555,0.251817866549808,0.002396157311854676,0.17149455560479654
2023-01-05-18,RMER,spontaneous,69,802,50,0.021296690519350712,1.6582272050851177,0.0008057192829389452,-0.6105258335112553
2023-01-05-18,OLLL,spontaneous,69,802,50,0.01382099770247219,1.0761462853035355,0.0014418108617329601,-0.2977588002046744
2023-01-05-18,AVJR,spontaneous,69,802,50,-0.023691561137450197,-1.8446993523881556,0.002116102270817579,0.03379113794001024
2023-01-05-18,OLLR,spontaneous,69,802,50,0.007370459558949059,0.573887127839129,0.003772443181061397,0.8482160571056829
2023-01-05-18,URYDL,spontaneous,69,802,50,0.007994472896241778,0.6224747659650873,0.0007324586194871461,-0.6465481943312704
2023-01-05-18,IL2VL,spontaneous,69,802,50,-0.01628158028338743,-1.2677349723967168,0.0029568995520828454,0.4472122238977207
2023-01-05-18,ASEL,spontaneous,69,802,50,-0.0012778828457327728,-0.09949997149934055,0.003611684848331175,0.769170981705265
2023-01-05-18,ADER,spontaneous,69,802,50,-0.005282242060279,-0.41129195544447184,-0.0005409749630834299,-1.2726970964888753
2023-01-05-18,CEPDR,spontaneous,69,802,50,0.0019393912666770688,0.15100709458994616,0.002387341941390113,0.16716002680482836
2023-01-05-18,IL1L,spontaneous,69,802,50,0.009757888129771467,0.7597798139697765,0.0011048646606289304,-0.46343567318424417
2023-01-05-18,URXL,spontaneous,69,802,50,-0.003101722412611549,-0.24150984785834817,0.0025146690147778753,0.22976690972977248
2023-01-05-18,OLQDL,spontaneous,69,802,50,0.015155201160065667,1.1800315565145663,0.0025170195116464415,0.23092265201105164
2023-01-05-18,IL2R,spontaneous,69,802,50,0.011144878948127775,0.8677752748660087,0.0016914670746867664,-0.17500252473226485
2023-01-05-18,AVER,spontaneous,69,802,50,0.017337245157659352,1.3499323547730953,0.00108224665647568,-0.4745569744153344
2023-01-05-18,IL1DR,spontaneous,69,802,50,-0.005246944245266479,-0.40854355671647974,0.0019458474952832171,-0.049923350390614595
2023-01-05-18,OLQDR,spontaneous,69,802,50,0.009488874239167418,0.7388335476219559,0.0031527804224255954,0.5435270954367643
2023-01-05-18,AVJL,spontaneous,69,802,50,-0.013188459089985697,-1.0268948424777666,0.002538432867558975,0.24145162617951776
2023-01-05-18,AVEL,spontaneous,69,802,50,0.01627751941960193,1.2674187807894273,0.0005712479571418668,-0.7258156807751522
2023-01-05-18,URYDR,spontaneous,69,802,50,-0.00897968948794955,-0.6991868238215243,0.001503585218342684,-0.26738427097748774
2023-01-05-18,URADL,spontaneous,69,802,50,-0.012434811627440253,-0.9682134842497971,0.003062950269230713,0.4993574955664013
2023-01-05-18,AVBL,spontaneous,69,802,50,0.025935669428937488,2.019432671479218,0.00042125940332788834,-0.7995652422695575
2023-01-05-18,IL1DL,spontaneous,69,802,50,-0.00023044090506930224,-0.01794285255745,0.0027049920185051616,0.32334897122890327
2023-01-05-18,AWCL,spontaneous,69,802,50,-0.008198448997760526,-0.6383569858066285,0.001480268674105224,-0.2788490452509318
2023-01-05-18,AIBR,spontaneous,69,802,50,0.019850756559491933,1.5456422460833572,0.0002664372935012291,-0.8756914693649656
2023-01-05-18,IL2DL,spontaneous,69,802,50,-0.009169103392413214,-0.7139351852684661,0.005433263249795028,1.6648433841624097
2023-01-05-18,IL2L,spontaneous,69,802,50,0.0069576740139372165,0.5417463489710426,0.0020813609443893913,0.016708783822571825
2023-01-05-18,RICL,spontaneous,69,802,50,0.0010384009328270327,0.08085315767888837,0.0009533787056077681,-0.5379215087449222
2023-01-05-18,RIAR,spontaneous,69,802,50,0.0018069857014058838,0.14069758146452155,0.0017766175193338093,-0.1331339434699807
2023-01-05-18,ASGL,spontaneous,69,802,50,0.0073153334611744895,0.5695948367455004,0.0022532785283472714,0.1012408771568141
2023-01-05-18,ADLR,spontaneous,69,802,50,0.006925958482888931,0.5392768781224991,0.002831777963077783,0.385689780431461
2023-01-05-18,URXR,spontaneous,69,802,50,0.002250088517763126,0.1751989582895164,0.0011740262163742994,-0.42942884880471294
2023-01-05-18,SMDVL,spontaneous,69,802,50,0.0008773355511461078,0.06831210124300463,0.0038152117228169914,0.8692454031459291
2023-01-05-18,RMDVL,spontaneous,69,802,50,0.012139281470690048,0.9452025781467581,0.002031367058794607,-0.00787327291616845
2023-01-05-18,RID,spontaneous,69,802,50,0.016313099844743703,1.2701891844296067,0.001456279491556251,-0.290644556632355
2023-01-05-18,AWBL,spontaneous,69,802,50,0.0040341158479236805,0.31410892886919844,0.0024361532416163423,0.19116060482307373
2023-01-05-18,AUAL,spontaneous,69,802,50,-0.008235244131485112,-0.6412219704718004,0.000713601822039927,-0.6558201054708765
2023-01-05-18,URYVL,spontaneous,69,802,50,0.007040092977750741,0.548163748326418,0.0021117682157438832,0.031660077582070505
2023-01-05-18,SAAVL,spontaneous,69,802,50,0.010141775228874925,0.7896704690852346,0.0013313499761620838,-0.3520725572613584
2023-01-05-18,AWBR,spontaneous,69,802,50,-0.0068286492994758695,-0.5317000795070738,0.001803184569784245,-0.12007089118300834
2023-01-05-18,ASER,spontaneous,69,802,50,0.005105443585449026,0.397525870966969,0.0027140404027173677,0.32779807318311455
2023-01-05-18,ASIL,spontaneous,69,802,50,0.008263555710834865,0.6434263989511471,0.0019197329113435876,-0.06276392432231034
2023-01-05-18,AVHL,spontaneous,69,802,50,-0.021493560216183233,-1.6735560979404616,0.0023939024458220653,0.1703858351264331
2023-01-05-18,AIZL,spontaneous,69,802,50,0.012672731189221168,0.9867386485051808,0.0023734104632377895,0.1603099013880782
2023-01-05-18,RMDDL,spontaneous,69,802,50,0.0034050201279685055,0.265125560468159,0.0014698418324355278,-0.28397593647934777
2023-01-05-18,RIVR,spontaneous,69,802,50,-0.008858186821938103,-0.689726244672502,0.006018990833144723,1.952846377249418
2023-01-05-18,OLQVR,spontaneous,69,802,50,-0.009782849501631004,-0.7617233847727668,0.001559762940150598,-0.23976161415644295
2023-01-05-18,RMEV,spontaneous,69,802,50,-0.013055919427878197,-1.016574888151542,0.003395612134449888,0.6629277551760292
2023-01-05-18,FLPR,spontaneous,69,802,50,-0.020017783388118406,-1.5586474795000633,0.007700896905076112,2.7798417187309856
2023-01-05-18,RMDVR,spontaneous,69,802,50,-0.014086815826470919,-1.0968437192273122,-0.002639705912427993,-2.3046457570570875
2023-01-06-01,URADL,spontaneous,65,802,50,-0.006132968126404854,-0.5470996991144689,0.007610081429563087,3.153687326603732
2023-01-06-01,IL2L,spontaneous,65,802,50,-0.012729390805798803,-1.1355424871326458,0.001131664235387957,-0.18502769107389758
2023-01-06-01,RMED,spontaneous,65,802,50,0.015051876794526874,1.342722984314773,0.0007457686518819152,-0.38390271583542657
2023-01-06-01,ADEL,spontaneous,65,802,50,-0.025582996749456834,-2.2821657532857564,0.0006507710460195997,-0.4328606516752343
2023-01-06-01,URYDR,spontaneous,65,802,50,-0.008004160665538204,-0.7140219550344917,0.0004474178532463353,-0.5376606882050272
2023-01-06-01,OLLR,spontaneous,65,802,50,0.0021042960577249206,0.18771656990559568,0.0005751660662937031,-0.47182440989831115
2023-01-06-01,AIZL,spontaneous,65,802,50,-0.009574844462760516,-0.8541369230488506,0.001399858157984692,-0.04681135671545532
2023-01-06-01,ASKL,spontaneous,65,802,50,-0.00579026231434257,-0.516528164614425,-0.0032920221946344344,-2.4648173178815043
2023-01-06-01,URADR,spontaneous,65,802,50,-0.012876767227377017,-1.148689399727033,0.001286942258373525,-0.10500365870325351
2023-01-06-01,IL2DL,spontaneous,65,802,50,-0.007793698145527002,-0.6952473618848451,-0.00600639930046552,-3.8636978368803243
2023-01-06-01,URBL,spontaneous,65,802,50,-0.021653546643038417,-1.9316338531359594,0.003464889507722458,1.0174225406543544
2023-01-06-01,FLPL,spontaneous,65,802,50,-0.01685274203802614,-1.5033715989100864,0.0024127167794878524,0.4751751392202136
2023-01-06-01,CEPDR,spontaneous,65,802,50,-0.007371007929811359,-0.6575407107054563,0.0023472981320642973,0.4414610059616204
2023-01-06-01,ASKR,spontaneous,65,802,50,-0.006863784142486833,-0.6122931281794369,0.0023554974960756504,0.4456866275817785
2023-01-06-01,IL1VR,spontaneous,65,802,50,0.0029888498543369155,0.26662438517589426,0.0007821456197118617,-0.3651554933038769
2023-01-06-01,RIVL,spontaneous,65,802,50,0.012911663740485059,1.1518023902771317,0.0009761333572791603,-0.2651820347801531
2023-01-06-01,AVAR,spontaneous,65,802,50,0.0005580511916404296,0.04978170972754141,0.0017638555097370266,0.14077820231805227
2023-01-06-01,RMDL,spontaneous,65,802,50,-8.069335325856797e-05,-0.00719835948571595,0.0022874970805313163,0.41064195512840235
2023-01-06-01,SMDVL,spontaneous,65,802,50,0.01409434864763729,1.257305393637677,0.0027410940199967576,0.644407529091057
2023-01-06-01,SAAVL,spontaneous,65,802,50,-0.021834898473970535,-1.947811587976884,-0.0021697667715998587,-1.8864521212213383
2023-01-06-01,CEPDL,spontaneous,65,802,50,-0.002635842589749471,-0.23513389569992407,0.001716740291027939,0.11649691824041795
2023-01-06-01,RID,spontaneous,65,802,50,0.0124120231546693,1.1072312774764168,0.0026178989516789522,0.5809177579990844
2023-01-06-01,RIH,spontaneous,65,802,50,-0.000488752679014319,-0.043599842379561195,0.0009108934294574431,-0.2988040631617794
2023-01-06-01,AINL,spontaneous,65,802,50,0.013784681783869185,1.2296811431114372,0.002245346028382807,0.3889190023451709
2023-01-06-01,OLQDL,spontaneous,65,802,50,-0.0012908498999234033,-0.1151520075262521,0.002476677938827635,0.5081381418850943
2023-01-06-01,IL1L,spontaneous,65,802,50,0.007760597322367696,0.6922945582801877,1.7770796652777066e-05,-0.7590834581741583
2023-01-06-01,RICL,spontaneous,65,802,50,-0.011348385491321833,-1.0123480441723276,0.004723336495326104,1.665975378566862
2023-01-06-01,AUAL,spontaneous,65,802,50,-0.005819558168301729,-0.519141540806183,0.00016295129834019764,-0.6842632811572195
2023-01-06-01,AVDL,spontaneous,65,802,50,-0.01222129832843305,-1.090217411939066,0.003167864901855381,0.8643480345666902
2023-01-06-01,AIBL,spontaneous,65,802,50,0.020116267196085523,1.7944987652717728,0.0013292915079061163,-0.08317856297941399
2023-01-06-01,SMDVR,spontaneous,65,802,50,0.0037850106255629054,0.33764698131643855,0.0014856100359307244,-0.002618296263915395
2023-01-06-01,IL1R,spontaneous,65,802,50,0.008272268715028105,0.7379388954429327,0.0005270286021526988,-0.4966325180555001
2023-01-06-01,URXR,spontaneous,65,802,50,-0.00034559821340798824,-0.030829555065834815,0.00315198248795285,0.8561628788065717
2023-01-06-01,URAVL,spontaneous,65,802,50,0.015493727069406611,1.3821388344313879,0.0022506509283170785,0.39165293388229916
2023-01-06-01,ASEL,spontaneous,65,802,50,-0.01082391963571367,-0.9655623596742019,0.005026116372430736,1.822015919402784
2023-01-06-01,AVAL,spontaneous,65,802,50,0.017009592270131386,1.5173636355589246,0.0011791122043705762,-0.1605749209214895
2023-01-06-01,AVER,spontaneous,65,802,50,0.00515561756186439,0.4599138229173769,0.0010818325813150053,-0.21070891641373377
2023-01-06-01,CEPVL,spontaneous,65,802,50,-0.013565518431370438,-1.2101303804566066,-5.136747699672106e-05,-0.7947145368174774
2023-01-06-01,RMGL,spontaneous,65,802,50,-0.01209356922711076,-1.078823165065236,-0.000857351620297167,-1.21008626768821
2023-01-06-01,RMDVR,spontaneous,65,802,50,-0.005810738997304769,-0.5183548147545503,7.678376990451524e-05,-0.7286705511124553
2023-01-06-01,RMDVL,spontaneous,65,802,50,0.013026075534408585,1.162008648770668,0.001353026333587199,-0.07094659079110825
2023-01-06-01,RMEL,spontaneous,65,802,50,0.019481929294371828,1.7379117966113138,0.0018665402127949495,0.1936977581153394
2023-01-06-01,RMER,spontaneous,65,802,50,0.02283352314497454,2.036895249553786,0.0016158338667584776,0.06449381563203507
2023-01-06-01,AVEL,spontaneous,65,802,50,0.021407026743253267,1.9096427127585112,0.0008787768471855458,-0.31535565475178584
2023-01-06-01,RMDDR,spontaneous,65,802,50,-0.01037155023993637,-0.9252081371807231,0.002662361729266003,0.6038320808665618
2023-01-06-01,SMBVR,spontaneous,65,802,50,0.016979112875563626,1.5146446800298035,0.0037048898599273436,1.1411090455733075
2023-01-06-01,RMDDL,spontaneous,65,802,50,0.010637341115163582,0.9489183709316722,0.0012329912484646418,-0.13280783395205017
2023-01-06-01,IL1VL,spontaneous,65,802,50,-0.009947552342110859,-0.8873848324538022,0.0004990065261368607,-0.5110739662080986
2023-01-06-01,ADAL,spontaneous,65,802,50,0.010199875486561448,0.9098936591040161,-0.002694068020052738,-2.1566558452992908
2023-01-06-01,IL2DR,spontaneous,65,802,50,-0.007338908040141999,-0.6546771967236855,-0.0014981535391587293,-1.5403297400881297
2023-01-06-01,URYVR,spontaneous,65,802,50,0.0026483187010018436,0.23624684404265303,0.0025384230293219305,0.5399590720169978
2023-01-06-01,AWBL,spontaneous,65,802,50,-0.005072781252418869,-0.4525242981327497,0.003593165833407636,1.083530986921551
2023-01-06-01,OLQDR,spontaneous,65,802,50,-0.00021643588397514402,-0.019307455144037797,0.0011609526800870995,-0.16993360756081838
2023-01-06-01,IL1DL,spontaneous,65,802,50,0.005479515778512294,0.488807600484693,0.0009984770194029803,-0.25366701219874443
2023-01-06-01,OLQVL,spontaneous,65,802,50,-0.00026568853027092443,-0.02370110393099287,0.0014535704421873377,-0.01913021107043868
2023-01-06-01,RMDR,spontaneous,65,802,50,-0.006131733038558934,-0.5469895214362296,0.0027093448267208986,0.6280452749768007
2023-01-06-01,ASHL,spontaneous,65,802,50,0.008316922243556589,0.7419222737222282,0.0012715897892540489,-0.11291570228910244
2023-01-06-01,RIAR,spontaneous,65,802,50,-0.005460560777004915,-0.4871166939924918,0.0036933396452379034,1.1351565306170757
2023-01-06-01,OLLL,spontaneous,65,802,50,0.0021874848047288634,0.19513753435829148,0.0009425773719733611,-0.28247543665834235
2023-01-06-01,IL1DR,spontaneous,65,802,50,-0.002770774394091201,-0.2471706694177759,0.0013872751059220824,-0.05329615441070526
2023-01-06-01,AWCL,spontaneous,65,802,50,0.009357035607827094,0.8347069901774408,0.0017458186283930222,0.13148272090486973
2023-01-06-01,URXL,spontaneous,65,802,50,-0.0004941655862079411,-0.044082708071332063,0.0022786849954233423,0.40610056175943265
2023-01-06-01,AVJL,spontaneous,65,802,50,-0.0038509064577955665,-0.3435253079674723,0.003695227563337558,1.1361294874864067
2023-01-06-01,AWAR,spontaneous,65,802,50,0.005764524326522517,0.5142321726735021,0.0021767166089496966,0.3535501666484144
2023-01-06-01,CEPVR,spontaneous,65,802,50,-0.00831070835982086,-0.7413679558369757,0.002878739210274651,0.71534431042479
2023-01-06-08,ASIL,spontaneous,71,802,50,0.013430735926176255,1.1885588005365924,0.004396908548151166,1.7387013603899
2023-01-06-08,RMER,spontaneous,71,802,50,0.018460721351024213,1.6336895421530644,0.0009753425238038087,-0.25294630805219337
2023-01-06-08,URAVL,spontaneous,71,802,50,-0.007081147532629397,-0.6266492219090777,0.004359988155868386,1.717210495480464
2023-01-06-08,IL2R,spontaneous,71,802,50,-0.013927597980180258,-1.23252882348881,0.0015371161336982656,0.07405457177212857
2023-01-06-08,RMDDL,spontaneous,71,802,50,0.0017476320058939494,0.1546574522886954,-0.0007416528983293938,-1.2523863027457396
2023-01-06-08,RIVL,spontaneous,71,802,50,-0.02716961280168212,-2.404386668021155,0.002788530092358052,0.8024858442611812
2023-01-06-08,URYDR,spontaneous,71,802,50,-0.008306435732777156,-0.7350816325739994,0.0020165195909166047,0.35310889105685045
2023-01-06-08,IL2VL,spontaneous,71,802,50,-0.009685420583070682,-0.8571154949499706,-0.0013968632858694394,-1.6337754770002633
2023-01-06-08,IL2DL,spontaneous,71,802,50,-0.014549778818128883,-1.2875889865754657,0.0022162772367522745,0.4693851361303267
2023-01-06-08,IL2VR,spontaneous,71,802,50,-0.00662731833932317,-0.586487410627147,0.0037021576221389586,1.3342961692891
2023-01-06-08,ADEL,spontaneous,71,802,50,0.011175405400946683,0.9889723475965121,0.0011538801213387983,-0.14902196834063094
2023-01-06-08,URXL,spontaneous,71,802,50,-0.013330674219309557,-1.1797037963918577,0.00036567630658750045,-0.6078248319229639
2023-01-06-08,SMDVR,spontaneous,71,802,50,0.0028025881386809725,0.2480162527815472,0.0016827044955241143,0.1587996035264299
2023-01-06-08,IL2DR,spontaneous,71,802,50,-0.006230711618190263,-0.5513895268368963,0.002626327425960365,0.7080698487645973
2023-01-06-08,URBL,spontaneous,71,802,50,0.0061605429066718355,0.5451799162797416,0.0007010464867410742,-0.41261035042095195
2023-01-06-08,AWCR,spontaneous,71,802,50,-0.0017462372686799605,-0.15453402441406264,0.0010238813432348578,-0.22469251260856454
2023-01-06-08,SAAVR,spontaneous,71,802,50,-0.013287296926521521,-1.1758651040543673,0.0017673622069347594,0.20807772130842303
2023-01-06-08,AIZL,spontaneous,71,802,50,-0.013617139287942275,-1.205054646876986,0.0026459257728504468,0.7194777834971723
2023-01-06-08,AUAL,spontaneous,71,802,50,-0.006324576383797144,-0.5596961299773041,0.002777752719374543,0.796212480070107
2023-01-06-08,ASGR,spontaneous,71,802,50,-0.0033234949496313655,-0.2941141269276594,0.003182711137067057,1.0319333408321425
2023-01-06-08,URYDL,spontaneous,71,802,50,-0.0043500408351417694,-0.38495875026658216,0.002774400061604186,0.794260942971626
2023-01-06-08,RIBL,spontaneous,71,802,50,0.013623503225275708,1.2056178262712718,0.0010052261618712685,-0.23555144334459907
2023-01-06-08,CEPDR,spontaneous,71,802,50,-0.010351466506703202,-0.916057517817986,0.003681164963520368,1.3220766244097657
2023-01-06-08,IL2L,spontaneous,71,802,50,-0.013716960340541469,-1.213888354217949,-0.0015741451441391317,-1.7369688677363848
2023-01-06-08,AIZR,spontaneous,71,802,50,-0.0065101384908693915,-0.5761175291187303,0.00033490049249162236,-0.6257390203245029
2023-01-06-08,IL1DL,spontaneous,71,802,50,0.0112885310501203,0.9989834509813731,0.002039837992384909,0.3666822196396311
2023-01-06-08,FLPL,spontaneous,71,802,50,-0.004698254478998847,-0.4157740676958092,-0.000730561168986751,-1.2459299559363923
2023-01-06-08,AIBR,spontaneous,71,802,50,0.019626833269621946,1.7368851221181707,0.0004804800401390032,-0.5409991191852094
2023-01-06-08,AVKL,spontaneous,71,802,50,0.012729062463410446,1.126463903141739,0.0013780468044911033,-0.018537550192410258
2023-01-06-08,AVER,spontaneous,71,802,50,-0.0027594074074671847,-0.2441949552458161,0.0010175399811554982,-0.22838373437959922
2023-01-06-08,AVDL,spontaneous,71,802,50,-0.014986619440751074,-1.3262473869269729,-0.0027621880888872128,-2.428512723409293
2023-01-06-08,RICL,spontaneous,71,802,50,0.008266449731705596,0.731543054067721,0.0007413727410426321,-0.3891369789339819
2023-01-06-08,AVKR,spontaneous,71,802,50,-0.003589614322530434,-0.31766447624515337,0.0030881286795198816,0.9768781615052182
2023-01-06-08,CEPDL,spontaneous,71,802,50,-0.017433112226286823,-1.5427508269976355,-0.00010873512773085651,-0.8839733616660518
2023-01-06-08,RIVR,spontaneous,71,802,50,0.002334930237248356,0.20663066397662622,0.0011152806848853032,-0.17149018233058197
2023-01-06-08,AWBL,spontaneous,71,802,50,-0.0035504882747124204,-0.31420199967499907,0.002367263917167123,0.5572724566947177
2023-01-06-08,AINL,spontaneous,71,802,50,0.00853121047614175,0.7549731709701685,0.0018211881719848847,0.23940909326818985
2023-01-06-08,IL1R,spontaneous,71,802,50,0.008990202358132932,0.7955918566262707,0.0018324673868676687,0.2459745728945662
2023-01-06-08,AIML,spontaneous,71,802,50,0.0028479084073261608,0.2520268896101619,0.001259411054202339,-0.08759382845071591
2023-01-06-08,AWCL,spontaneous,71,802,50,0.005545486646533357,0.49075024579623916,0.0019795325843814473,0.3315792508850084
2023-01-06-08,IL1VL,spontaneous,71,802,50,0.01696648278932177,1.501456252601804,0.0022517715755539314,0.49004591444475304
2023-01-06-08,OLQDL,spontaneous,71,802,50,0.007369379145751573,0.6521564035149299,0.0016057439661053992,0.11400191209269821
2023-01-06-08,IL1VR,spontaneous,71,802,50,0.024848322557386858,2.1989630811364145,0.00215511443647542,0.43378309083879335
2023-01-06-08,OLLL,spontaneous,71,802,50,-0.00040038704158142606,-0.03543242488782216,0.0029185225867466966,0.8781527308627627
2023-01-06-08,OLLR,spontaneous,71,802,50,0.012009376068540994,1.0627749435083802,0.0008173026268388594,-0.34493921132259237
2023-01-06-08,ASHL,spontaneous,71,802,50,-0.001978357272078097,-0.1750755847824515,0.0057839779049721155,2.5460958197754553
2023-01-06-08,AIBL,spontaneous,71,802,50,0.026792103958716083,2.370978859241803,0.0006866821280440787,-0.420971650861733
2023-01-06-08,ASEL,spontaneous,71,802,50,0.0011468248835662363,0.1014887654354373,0.0014375836611246649,0.016118055123059843
2023-01-06-08,RIAL,spontaneous,71,802,50,0.0004740139812579512,0.04194807284561984,0.0015646349429439864,0.09007290135645883
2023-01-06-08,AVAL,spontaneous,71,802,50,-0.000222107456879485,-0.01965549572189909,7.076422091005382e-05,-0.7794891995415655
2023-01-06-08,IL1DR,spontaneous,71,802,50,0.01996164542027807,1.7665144685945118,0.0008304885832569564,-0.3372638430352622
2023-01-06-08,RIML,spontaneous,71,802,50,-0.010581208363204983,-0.9363886230454079,0.0009517747854177157,-0.2666647723089422
2023-01-06-08,AVAR,spontaneous,71,802,50,-0.0019457948188484357,-0.1721939563619459,0.0002931458889781629,-0.6500438147205625
2023-01-06-08,RMDL,spontaneous,71,802,50,0.0033650870290309587,0.2977948360321141,-0.00017912162307060032,-0.9249443960800232
2023-01-06-08,SMDVL,spontaneous,71,802,50,0.008826137325072222,0.7810728503725195,0.00016484508617312354,-0.7247259903523029
2023-01-06-08,RMGL,spontaneous,71,802,50,-0.011157196953335242,-0.9873609831283515,0.0004617377847543077,-0.551908734540475
2023-01-06-08,URYVL,spontaneous,71,802,50,0.008886532357969795,0.7864175350013941,0.0006417497606996983,-0.4471261789410468
2023-01-06-08,OLQDR,spontaneous,71,802,50,0.0006351087183097435,0.056204221465879986,0.0024060627483972366,0.5798567357084401
2023-01-06-08,AIMR,spontaneous,71,802,50,0.0032408193732477134,0.2867977159401789,0.0020539815261890397,0.3749149808735464
2023-01-06-08,OLQVL,spontaneous,71,802,50,0.007794639851563234,0.6897900341062175,0.0019304611904258661,0.30301545095731924
2023-01-06-08,ADAL,spontaneous,71,802,50,0.004873297293226164,0.4312645574548317,0.003767108107086648,1.3721029750002136
2023-01-06-08,ADLL,spontaneous,71,802,50,-0.015231906676223605,-1.3479541872082563,0.0040881909367769306,1.559000981520903
2023-01-06-08,AVJL,spontaneous,71,802,50,-0.003999997750689666,-0.35398153569849183,-0.0006375386272477177,-1.1917827826687244
2023-01-06-08,RMEV,spontaneous,71,802,50,0.009157146643987169,0.8103656636046825,0.0013438647332062875,-0.03843447519473
2023-01-06-08,AVL,spontaneous,71,802,50,-0.009404393592869629,-0.8322458895740821,0.002911305196122433,0.8739515846312523
2023-01-06-08,RIMR,spontaneous,71,802,50,0.018095023831872944,1.6013269815971303,0.000320768987665803,-0.6339647796515612
2023-01-06-08,URXR,spontaneous,71,802,50,-0.006023686866987811,-0.5330687816950754,-0.0007865846761261686,-1.2785404876573032
2023-01-06-08,URYVR,spontaneous,71,802,50,-0.014701325123293646,-1.3010001425748425,0.0014161822621793837,0.0036605879844858716
2023-01-06-08,RIAR,spontaneous,71,802,50,-0.006108413766416516,-0.5405667254050622,-0.0055725069200110045,-4.064361603062063
2023-01-06-08,AWAR,spontaneous,71,802,50,-0.021006163872373414,-1.858949582007856,0.003576967371949675,1.2614246045941795
2023-01-06-08,ASGL,spontaneous,71,802,50,0.007910799496638386,0.7000696322741926,0.001305255387046121,-0.06090845749195507
2023-01-06-15,OLQVR,spontaneous,62,803,50,-0.002398449781662649,-0.19620542410411357,0.0021663104658622727,0.17109992651282485
2023-01-06-15,BAGL,spontaneous,62,803,50,-0.001956502190430886,-0.16005185723255339,0.0022896862121612165,0.21707155643601547
2023-01-06-15,RMER,spontaneous,62,803,50,-0.0017211079343974268,-0.14079540659104756,0.0016787128878035364,-0.01058615103799574
2023-01-06-15,CEPVL,spontaneous,62,803,50,-0.019433989651921797,-1.589799465822875,0.004305398254365667,0.9681557104593661
2023-01-06-15,CEPDR,spontaneous,62,803,50,-0.007439819462725479,-0.6086151747276433,0.0014213741961153837,-0.10647435803242897
2023-01-06-15,IL1VR,spontaneous,62,803,50,-0.021603922644485917,-1.7673110511554693,-0.0037757139181779998,-2.0429863438614726
2023-01-06-15,RMDVL,spontaneous,62,803,50,-0.007306448931843388,-0.5977047851189973,0.00428308734440434,0.9598423350451537
2023-01-06-15,IL1VL,spontaneous,62,803,50,-0.01206448943956878,-0.986936764400071,-0.0005396022844568294,-0.8371632313099341
2023-01-06-15,AIBR,spontaneous,62,803,50,0.02558118293681727,2.0926712268804595,0.0032240858945295214,0.5652427139510343
2023-01-06-15,RMDVR,spontaneous,62,803,50,-0.011198260310398594,-0.9160748039122618,-0.001039164513247554,-1.0233075148867465
2023-01-06-15,IL1L,spontaneous,62,803,50,0.0006808991914816955,0.05570102641223652,0.0026223567400781764,0.34102952106461004
2023-01-06-15,RMDDL,spontaneous,62,803,50,-0.004148049255403924,-0.3393315839187969,-0.003268268148136071,-1.853904536081107
2023-01-06-15,IL2L,spontaneous,62,803,50,0.0034220218038663987,0.2799388356823091,0.0024291299991690495,0.2690303762504022
2023-01-06-15,RIBL,spontaneous,62,803,50,0.015219987860840873,1.245072628131336,0.0029908077265611887,0.47831981436414933
2023-01-06-15,RIH,spontaneous,62,803,50,-0.0014175692652665629,-0.1159643954253545,0.0022385879355191407,0.19803158193559428
2023-01-06-15,SAAVL,spontaneous,62,803,50,0.0021925735792382483,0.17936370078830496,0.0032474992277172375,0.573966868583226
2023-01-06-15,IL2DL,spontaneous,62,803,50,-0.011297096554172074,-0.9241601127124278,0.0029441690558320954,0.46094155506128526
2023-01-06-15,RIVL,spontaneous,62,803,50,0.001865049711606771,0.15257057806204719,0.00033429474128664,-0.5115362595296653
2023-01-06-15,RIR,spontaneous,62,803,50,-0.0005256323234440092,-0.04299940475412808,0.0021553748401306394,0.167025150438968
2023-01-06-15,ASGL,spontaneous,62,803,50,0.005198431691830071,0.42525822411204645,0.004118958648363029,0.8986855526099371
2023-01-06-15,URXR,spontaneous,62,803,50,-0.0074624341657103304,-0.6104651727655657,0.0015522288048689646,-0.05771599321745547
2023-01-06-15,URYDR,spontaneous,62,803,50,0.009478937349748607,0.7754254172770243,0.003450422518149321,0.6495790913286599
2023-01-06-15,AVAR,spontaneous,62,803,50,0.01670572331310985,1.3666133652973533,0.0025018615797850253,0.2961312401406575
2023-01-06-15,URYVL,spontaneous,62,803,50,-0.008479561793488419,-0.6936714000136792,0.002377614658247935,0.24983499742404736
2023-01-06-15,URAVL,spontaneous,62,803,50,-0.0029167436130612314,-0.2386045027830134,0.0014945484433695835,-0.07920854999810772
2023-01-06-15,RID,spontaneous,62,803,50,0.009375848778659632,0.7669922464158118,0.0018968859829884886,0.0707083747656186
2023-01-06-15,OLQVL,spontaneous,62,803,50,-0.0005178547442901175,-0.042363159114106895,0.0022294642902843864,0.19463197662527407
2023-01-06-15,RIAL,spontaneous,62,803,50,-0.0049124810561329444,-0.4018660037792519,0.003577455080774932,0.696913305162462
2023-01-06-15,AVDL,spontaneous,62,803,50,-0.019177902685178255,-1.5688502459135794,-0.0038999581462716127,-2.089281582961161
2023-01-06-15,AWCR,spontaneous,62,803,50,0.016301123559583665,1.333515042022061,0.0013065836579599802,-0.14924701227824388
2023-01-06-15,ASGR,spontaneous,62,803,50,-0.00013682417348413495,-0.01119291518688358,0.0031176275186834404,0.5255747467578594
2023-01-06-15,ADLL,spontaneous,62,803,50,-0.011298453104065541,-0.9242710854120445,0.00849399175611415,2.5288876706494277
2023-01-06-15,OLLL,spontaneous,62,803,50,-0.0031580445872015023,-0.2583441530895991,0.0031054050545946347,0.5210204756576174
2023-01-06-15,RICL,spontaneous,62,803,50,-0.01242775278194919,-1.016653558430179,0.002653725484443176,0.352717979699006
2023-01-06-15,AINR,spontaneous,62,803,50,-0.015782679559508697,-1.2911036787795807,0.001753779304334724,0.017384707286703875
2023-01-06-15,AWCL,spontaneous,62,803,50,0.02529533828025071,2.069287676181033,0.003092785583824046,0.5163182739891767
2023-01-06-15,AIZR,spontaneous,62,803,50,-0.007281691778234217,-0.5956795236936232,-0.0008959562086262451,-0.9699459800675264
2023-01-06-15,AVL,spontaneous,62,803,50,0.012271439495306914,1.0038663343935368,0.0013419237620702494,-0.1360787661979506
2023-01-06-15,URYDL,spontaneous,62,803,50,0.005681410542133268,0.46476835723285104,0.004113578502687263,0.8966808306661292
2023-01-06-15,RMEL,spontaneous,62,803,50,0.010666121913579485,0.8725431691754284,0.001138614278371893,-0.21183489027284752
2023-01-06-15,AVER,spontaneous,62,803,50,0.0183790532254236,1.5035002860166287,0.0025294259106934214,0.306402117988324
2023-01-06-15,IL2VL,spontaneous,62,803,50,-0.0228309505663231,-1.867688192937759,-0.004075717835590519,-2.154772245714322
2023-01-06-15,IL2VR,spontaneous,62,803,50,-0.010273644325271107,-0.8404365008373393,-0.00795002323404481,-3.5983958048828955
2023-01-06-15,AVAL,spontaneous,62,803,50,0.021966919149679773,1.7970060165428619,0.0019486552252134914,0.08999836097737547
2023-01-06-15,AWBL,spontaneous,62,803,50,-0.008268353816012769,-0.6763935103069142,-0.00018442779457046644,-0.7048199572303537
2023-01-06-15,IL1DL,spontaneous,62,803,50,-0.010852964233323714,-0.8878278238162273,0.0030218898475747004,0.4899014728936849
2023-01-06-15,ASHL,spontaneous,62,803,50,0.014499160164035338,1.1861052463503927,0.004572188257292465,1.067565615968993
2023-01-06-15,IL1DR,spontaneous,62,803,50,-0.006781798058545552,-0.5547856679921688,0.0021622840001662355,0.16959960577370542
2023-01-06-15,ADEL,spontaneous,62,803,50,-0.021794046183055,-1.7828641262301794,-0.007439842803302228,-3.408295022032735
2023-01-06-15,AUAL,spontaneous,62,803,50,-0.003628968406728062,-0.2968681232128701,0.0019839588012422076,0.10315299615360266
2023-01-06-15,AVKL,spontaneous,62,803,50,0.015171268211909245,1.2410871123811555,0.002181613134145033,0.17680192730500507
2023-01-06-15,AIBL,spontaneous,62,803,50,0.02516115152975846,2.0583105156456,0.003646864493276779,0.7227762800213082
2023-01-06-15,OLQDL,spontaneous,62,803,50,0.004087110608493103,0.33434649181768983,0.002769096196757703,0.3957068154272785
2023-01-06-15,OLQDR,spontaneous,62,803,50,0.008086123975251953,0.6614861799703518,0.001775265252487496,0.025390689715655126
2023-01-06-15,CEPDL,spontaneous,62,803,50,-0.0036308731207955365,-0.2970239385375282,0.002506291428985322,0.2977818675464536
2023-01-06-15,RMDR,spontaneous,62,803,50,0.01097591865528486,0.897886122593548,0.002652013920466813,0.35208022561790336
2023-01-06-15,OLLR,spontaneous,62,803,50,-0.002022460098302147,-0.16544755047818377,0.0017855137502382362,0.029209431729373847
2023-01-06-15,RMDL,spontaneous,62,803,50,0.01518645487097412,1.2423294585438018,0.0029869586722082804,0.47688559971844907
2023-01-06-15,AVJL,spontaneous,62,803,50,-0.019494847591246887,-1.5947779556318649,0.0019436092162901726,0.08811814333516686
2023-01-06-15,AVEL,spontaneous,62,803,50,0.009155653243264478,0.7489791286351721,0.002069032490225099,0.13485271237372312
2023-01-06-15,AWAL,spontaneous,62,803,50,-0.00021211610129167257,-0.01735217886629801,0.004669919541014286,1.1039817394126683
2023-01-06-15,URXL,spontaneous,62,803,50,0.0032498806467932254,0.26585681112313686,0.0020574107094458276,0.13052226476906545
2023-01-09-08,IL2DR,spontaneous,42,802,50,-0.010384405311528034,-0.7836118557582624,-0.0048681447871371086,-2.9640029571254654
2023-01-09-08,RMDVR,spontaneous,42,802,50,-0.0021774794422694498,-0.16431356976581196,0.0016593574148769236,0.027284134361650843
2023-01-09-08,IL1DL,spontaneous,42,802,50,-0.016802968076255406,-1.267959464357989,0.000891368380483321,-0.32465380665910043
2023-01-09-08,SMDVL,spontaneous,42,802,50,0.01654380441265284,1.2484028587278844,0.0006981989716941354,-0.41317544037115084
2023-01-09-08,RIAL,spontaneous,42,802,50,0.006148022554058533,0.4639325236546025,0.0016039630524752092,0.001899165339000592
2023-01-09-08,OLLR,spontaneous,42,802,50,0.020606721773215524,1.5549924146236478,0.0007387514339851954,-0.39459190669699323
2023-01-09-08,URYVL,spontaneous,42,802,50,-0.016932967687852706,-1.2777692930227584,0.005189211189475576,1.6448716439508702
2023-01-09-08,RIVL,spontaneous,42,802,50,0.016651580326626877,1.2565356772592915,0.0015145535481442712,-0.039073551005526425
2023-01-09-08,RIBR,spontaneous,42,802,50,0.02632145653315889,1.9862288481085928,0.000875032240776118,-0.3321399908561443
2023-01-09-08,OLQDL,spontaneous,42,802,50,0.014524147020701107,1.0959986112601676,0.00038957872126140625,-0.5546034694580049
2023-01-09-08,IL2R,spontaneous,42,802,50,-0.008401815548638015,-0.6340047481099405,0.003407232421407762,0.8282637101257858
2023-01-09-08,OLQDR,spontaneous,42,802,50,-0.016843957262609312,-1.2710525266394803,0.0036945602122991244,0.9599342764955149
2023-01-09-08,AVDR,spontaneous,42,802,50,-0.013372784193861322,-1.0091162588938343,-0.0024334438334217452,-1.8482791612402594
2023-01-09-08,AVL,spontaneous,42,802,50,0.0030387066298582462,0.22930215740758433,0.0019149985554981672,0.14443400583276658
2023-01-09-08,URYDR,spontaneous,42,802,50,0.006798567173121748,0.5130229107210398,0.00043833204959940416,-0.5322618145322524
2023-01-09-08,AWBR,spontaneous,42,802,50,-0.006542072033042137,-0.49366767306601184,0.0007000806271125285,-0.4123131547082017
2023-01-09-08,SAAVL,spontaneous,42,802,50,-0.011196074727270631,-0.844860791836114,0.0027434311765354696,0.5240707686838185
2023-01-09-08,RMER,spontaneous,42,802,50,0.01723468155496441,1.3005367559850274,0.0008263652509372235,-0.35444208038155306
2023-01-09-08,AWCL,spontaneous,42,802,50,-0.00015576946344835358,-0.011754433177577104,0.006927167629238573,2.4413059465277294
2023-01-09-08,CEPVR,spontaneous,42,802,50,0.005326340248317414,0.40192801043219045,0.0009862472517831046,-0.28117470329145366
2023-01-09-08,AVJR,spontaneous,42,802,50,-0.017307324119190143,-1.3060183962766263,0.002977300892497506,0.6312436873281276
2023-01-09-08,RIMR,spontaneous,42,802,50,0.008505219256469377,0.6418076380160256,0.0010417075355736766,-0.2557595251944224
2023-01-09-08,CEPVL,spontaneous,42,802,50,0.00948706988808733,0.7158985245365511,0.0012963345426390649,-0.13907438962393007
2023-01-09-08,RMEL,spontaneous,42,802,50,-0.001971606452988656,-0.14877830218513186,0.0024812972807315764,0.40394553325801075
2023-01-09-08,AVAL,spontaneous,42,802,50,0.022588222002886786,1.7045173056094025,0.00021980696268943567,-0.632402917730686
2023-01-09-08,CEPDR,spontaneous,42,802,50,-0.01575569673839075,-1.188931902169567,0.004282762277156829,1.229483207976846
2023-01-09-08,AVJL,spontaneous,42,802,50,-0.01699644984836314,-1.282559685164897,0.0011401308317468652,-0.2106561569789919
2023-01-09-08,IL2DL,spontaneous,42,802,50,-0.003906540639532354,-0.2947892987902424,0.0025056875303564427,0.4151225863792644
2023-01-09-08,URXL,spontaneous,42,802,50,-0.009027364904694503,-0.6812089814831929,-0.0026421182512354363,-1.9439061059752742
2023-01-09-08,URBL,spontaneous,42,802,50,-0.01011427662458983,-0.7632278245773724,0.0022379339067192874,0.29242205970037655
2023-01-09-08,AWBL,spontaneous,42,802,50,0.0036546458656570024,0.27578120682053214,0.0012413294059620595,-0.164280992427778
2023-01-09-08,RIH,spontaneous,42,802,50,-0.0034797491915850073,-0.26258342579946975,0.0008512090415999939,-0.3430571879658563
2023-01-09-08,AVDL,spontaneous,42,802,50,-0.0018525620122189718,-0.13979515559649872,0.00011184709966733764,-0.6818765042056285
2023-01-09-08,AWAR,spontaneous,42,802,50,-0.008971985093231867,-0.677029996213463,0.006997448003602522,2.4735125655549735
2023-01-09-08,AVER,spontaneous,42,802,50,0.031233287615857228,2.356877812051815,-0.0006821194487244038,-1.0457188766438956
2023-01-09-08,CEPDL,spontaneous,42,802,50,-0.012550764421206666,-0.9470862802676324,0.0024404584851038763,0.3852307847351642
2023-01-09-08,RIVR,spontaneous,42,802,50,0.011983345300242813,0.9042685803577876,0.0007313187194592501,-0.3979980155466094
2023-01-09-08,IL1DR,spontaneous,42,802,50,0.009984974016004478,0.7534705920707144,0.0008643236486886913,-0.3370473003120089
2023-01-09-08,AVBR,spontaneous,42,802,50,-0.013232668461413017,-0.9985430632383395,0.0023358030506482404,0.3372714826234731
2023-01-09-08,IL2L,spontaneous,42,802,50,-0.008866720263944326,-0.6690866652523232,0.0031848352857222102,0.7263482054546976
2023-01-09-08,URXR,spontaneous,42,802,50,-0.01275681836717029,-0.962635202920297,0.004761914368721909,1.4490590000639703
2023-01-09-08,OLLL,spontaneous,42,802,50,0.008970028713414284,0.676882366919976,0.0009163347192551535,-0.3132127554608589
2023-01-09-15,ASEL,spontaneous,83,803,50,0.010552588125406758,0.8047506249105806,-0.00033253330016563994,-1.0383270691776987
2023-01-09-15,AIBL,spontaneous,83,803,50,0.0236203852818738,1.8013135346817037,0.0004043764509265858,-0.6457435629299249
2023-01-09-15,AINL,spontaneous,83,803,50,-0.0005527130131542312,-0.04215043148146488,0.0035744262362213367,1.0430782471308615
2023-01-09-15,AIZR,spontaneous,83,803,50,-0.004614174887536446,-0.35188146074340715,0.005014008797476442,1.8100057692501197
2023-01-09-15,AWBL,spontaneous,83,803,50,-0.008968945792679171,-0.6839805217139062,0.0035700052574810337,1.040723001685483
2023-01-09-15,AVJR,spontaneous,83,803,50,-0.007649863432988701,-0.5833860191469341,0.0003420416824883503,-0.678951974025523
2023-01-09-15,RMDVL,spontaneous,83,803,50,0.0009716013646770915,0.07409526422293901,0.002181750076379931,0.3011397816839599
2023-01-09-15,URBR,spontaneous,83,803,50,-0.012174055995571923,-0.9284053403491733,0.0033046938862816857,0.8993802277590062
2023-01-09-15,CEPVR,spontaneous,83,803,50,-0.012879591993613115,-0.982210201163702,0.00259562161127833,0.5216269418358502
2023-01-09-15,RIBR,spontaneous,83,803,50,0.03568272259836719,2.721199100001832,-0.0005291845534350887,-1.1430916463896472
2023-01-09-15,OLLR,spontaneous,83,803,50,0.025485342688250038,1.9435369987624684,-0.00029876653782447956,-1.0203380631496473
2023-01-09-15,AWCL,spontaneous,83,803,50,0.014619202319524691,1.1148745750823303,0.0018783479239154138,0.13950441094677046
2023-01-09-15,SAAVL,spontaneous,83,803,50,0.008164990836839926,0.6226701355391732,0.0018451818147387973,0.12183539868325506
2023-01-09-15,ADEL,spontaneous,83,803,50,0.005423754874621185,0.41362081726704014,0.00486405441381215,1.73011862210775
2023-01-09-15,RMDVR,spontaneous,83,803,50,-0.005427979884714448,-0.41394302064240174,0.004167935128769938,1.3592659508226836
2023-01-09-15,URYVR,spontaneous,83,803,50,-0.0089978760444633,-0.6861867708279074,0.00304060228514253,0.7586872777849696
2023-01-09-15,IL1L,spontaneous,83,803,50,-0.006142589484093879,-0.46843984311224773,0.002440077208957227,0.43876175142423557
2023-01-09-15,ADAL,spontaneous,83,803,50,-0.01063420320175978,-0.8109746699426318,0.005365829462391445,1.9974357632189053
2023-01-09-15,AWAR,spontaneous,83,803,50,0.002144608783502893,0.1635499498513923,-0.002793783524679303,-2.34954087990629
2023-01-09-15,OLLL,spontaneous,83,803,50,0.025085457460278404,1.9130413626892775,0.0014417867120482797,-0.0930705156199529
2023-01-09-15,OLQVR,spontaneous,83,803,50,0.0025670816778804993,0.19576814331424533,0.0011422774137594919,-0.2526319955728855
2023-01-09-15,RIVR,spontaneous,83,803,50,-0.000420162430360723,-0.03204199523173437,-0.0003011673951255024,-1.021617103053569
2023-01-09-15,URYVL,spontaneous,83,803,50,0.004744235658939864,0.36180002155705765,0.0019338609631588692,0.1690785936148167
2023-01-09-15,IL2DR,spontaneous,83,803,50,-0.013339425109352777,-1.0172775214123835,-0.002356705959616768,-2.1166908697928872
2023-01-09-15,URYDR,spontaneous,83,803,50,-0.012480134557234387,-0.951747188893092,0.0023843955592568367,0.4090977427167381
2023-01-09-15,ASGR,spontaneous,83,803,50,-0.003108166619074827,-0.23703180672848054,0.0021555279997170222,0.2871701540841558
2023-01-09-15,ASER,spontaneous,83,803,50,0.0094261549390098,0.7188477355056151,0.0010263858201196496,-0.31437243001324544
2023-01-09-15,FLPR,spontaneous,83,803,50,-0.018239040952435157,-1.3909269868026894,0.000611100935669462,-0.535612542235281
2023-01-09-15,CEPDR,spontaneous,83,803,50,0.0029908428203319314,0.22808457982706207,0.0006538518324985451,-0.5128373015120816
2023-01-09-15,AWBR,spontaneous,83,803,50,-0.008015088061576256,-0.6112384042296922,0.003156663481142163,0.8205180666940767
2023-01-09-15,AQR,spontaneous,83,803,50,-0.01022493909140771,-0.7797637911851889,0.003126292164666115,0.8043379606582216
2023-01-09-15,AVER,spontaneous,83,803,50,-0.009680844588864177,-0.738270615697925,0.001430823785711155,-0.09891093780704634
2023-01-09-15,IL2VR,spontaneous,83,803,50,-0.010223298449612315,-0.7796386742475799,0.0031117846242340744,0.79660917014975
2023-01-09-15,RICL,spontaneous,83,803,50,0.009984781262158444,0.7614491217535071,0.002274858096321501,0.35074242688477564
2023-01-09-15,CEPDL,spontaneous,83,803,50,9.842725087826652e-05,0.007506157798560184,-0.0022412477764144722,-2.055181331726153
2023-01-09-15,RMDDL,spontaneous,83,803,50,-0.021541193372518135,-1.6427523392215617,0.0021058711834217848,0.2607158331562649
2023-01-09-15,RMER,spontaneous,83,803,50,0.0235218555763176,1.793799563589844,0.0007845440911048941,-0.44321191652148456
2023-01-09-15,AINR,spontaneous,83,803,50,-0.011520228143935014,-0.8785437930267752,0.0037654163034187495,1.1448268671317854
2023-01-09-15,AVAR,spontaneous,83,803,50,0.016477081293922526,1.256558231061963,0.0012191809934202678,-0.21166215238451128
2023-01-09-15,RIBL,spontaneous,83,803,50,0.03132544428718195,2.388908821809962,-0.00019391318787483853,-0.9644781756884712
2023-01-09-15,OLQDR,spontaneous,83,803,50,-0.020348810528139007,-1.551820064812361,0.0020933714268355054,0.25405667542275423
2023-01-09-15,AVDL,spontaneous,83,803,50,0.008122016476572281,0.6193928690648705,0.0008995898250175387,-0.38192210792371245
2023-01-09-15,ASIL,spontaneous,83,803,50,0.010237657968356545,0.7807337451008631,0.004884848812026086,1.7411966920464903
2023-01-09-15,AWCR,spontaneous,83,803,50,-0.008056545155505484,-0.614399962498625,0.004004217782063443,1.2720466815589033
2023-01-09-15,AUAR,spontaneous,83,803,50,0.006479018648930767,0.4940962581474166,0.0010118128274606974,-0.3221360897369699
2023-01-09-15,CEPVL,spontaneous,83,803,50,-0.011280990114617464,-0.8602992684317008,0.0015337886482343999,-0.04405712878934399
2023-01-09-15,SMDVL,spontaneous,83,803,50,0.002123578502022188,0.16194616014951851,0.0032902792946515615,0.8917009550734482
2023-01-09-15,AUAL,spontaneous,83,803,50,-0.012786248645991094,-0.975091746767741,0.0050203722716876615,1.813395865546247
2023-01-09-15,ASIR,spontaneous,83,803,50,0.00022035296346864316,0.01680433112189278,0.0027769822805992104,0.6182455675928104
2023-01-09-15,AIBR,spontaneous,83,803,50,0.019755180279893383,1.5065492452215439,0.00011970260904776035,-0.7974015574349085
2023-01-09-15,OLQVL,spontaneous,83,803,50,-0.004999276194546023,-0.38124966063777127,0.002413647763712679,0.4246816496656287
2023-01-09-15,RIVL,spontaneous,83,803,50,0.0044867325124872855,0.3421625813801564,-0.0005782646128930864,-1.1692387041539276
2023-01-09-15,IL2DL,spontaneous,83,803,50,-0.012301855876420012,-0.9381514834520561,-0.00023896352801158334,-0.9884784287212536
2023-01-09-15,OLQDL,spontaneous,83,803,50,0.010530113341178409,0.8030366760254773,-0.0030978631178005867,-2.5115371524064343
2023-01-09-15,URBL,spontaneous,83,803,50,-0.0014238380777922548,-0.1085832754256795,-0.0018783488372387657,-1.861849464772249
2023-01-09-15,SAAVR,spontaneous,83,803,50,-0.006527905114068852,-0.49782438748422103,0.0018453689203186188,0.12193507786982576
2023-01-09-15,AVAL,spontaneous,83,803,50,0.009822491446365393,0.7490727426961612,0.0009620404512890039,-0.3486519743792958
2023-01-09-15,IL1R,spontaneous,83,803,50,0.01665998221463072,1.2705064330089584,0.0005219945379533875,-0.5830833512354825
2023-01-09-15,AVDR,spontaneous,83,803,50,-0.017707780929504882,-1.3504125812026255,-0.001552615090298644,-1.6883170935593
2023-01-09-15,ASGL,spontaneous,83,803,50,0.001802040593744783,0.13742536681013967,0.0013128785286490117,-0.1617454470452831
2023-01-09-15,SMDVR,spontaneous,83,803,50,-0.011414858974769376,-0.8705082377938179,0.002021417843705961,0.21572390820096196
2023-01-09-15,ADLL,spontaneous,83,803,50,-0.006037409949048859,-0.4604187495616055,0.0013779782690861875,-0.12706401649185842
2023-01-09-15,RMEL,spontaneous,83,803,50,0.02083178277213262,1.5886519974671138,0.0005218830225405779,-0.5831427602902503
2023-01-09-15,AVHL,spontaneous,83,803,50,-0.010181247372960773,-0.7764318182790413,0.0009037435610562646,-0.3797092341549859
2023-01-09-15,RID,spontaneous,83,803,50,0.02981173757667987,2.273472077124076,-0.00014543043386602153,-0.9386493282168252
2023-01-09-15,RIH,spontaneous,83,803,50,-0.004842922892515869,-0.3693260058887853,0.002201979095189189,0.31191664970656363
2023-01-09-15,RIML,spontaneous,83,803,50,0.008336711009697842,0.6357656827902257,0.00069890403294542,-0.488836057412113
2023-01-09-15,RMDDR,spontaneous,83,803,50,-0.01460862713235332,-1.114068101032214,0.003922514738909704,1.228519957825275
2023-01-09-15,URXL,spontaneous,83,803,50,-0.005404945709352593,-0.4121864120458696,-0.0009281157134396557,-1.3556194265064883
2023-01-09-15,ADER,spontaneous,83,803,50,-0.021185110298497446,-1.6155970979733694,0.003847773216981044,1.1887019357437951
2023-01-09-15,URYDL,spontaneous,83,803,50,0.000438023245902675,0.033404078381193456,0.0018959895600761964,0.14890286899361038
2023-01-09-15,RIAL,spontaneous,83,803,50,-0.007552626331273066,-0.5759706232800424,0.0007851652892507833,-0.4428809775620987
2023-01-09-15,RIMR,spontaneous,83,803,50,0.013815391587166706,1.0535751875304271,0.00037231211210382126,-0.6628256147577097
2023-01-09-15,URADR,spontaneous,83,803,50,-0.019327837339587126,-1.4739596573237097,0.0019628560966618662,0.18452554781491695
2023-01-09-15,AVL,spontaneous,83,803,50,-0.010377413466757043,-0.7913916352161523,0.005417411721620581,2.0249158503779383
2023-01-09-15,RICR,spontaneous,83,803,50,0.0035757054476409835,0.2726867721253293,0.0020643563432799976,0.23859909297197213
2023-01-09-15,ADLR,spontaneous,83,803,50,-0.0012767648082492745,-0.09736732497202778,0.0006460550724624923,-0.5169909707881218
2023-01-09-15,IL1DL,spontaneous,83,803,50,-0.02224930211505631,-1.6967534000314923,0.0012421242262932912,-0.19943930583837635
2023-01-09-15,URXR,spontaneous,83,803,50,-0.006133376273875844,-0.4677372347480925,0.0037590741978986986,1.1414481548561441
2023-01-09-15,RMEV,spontaneous,83,803,50,0.007210636754201001,0.549890165804494,0.0010447071194051591,-0.30461188619921736
2023-01-09-15,IL1DR,spontaneous,83,803,50,-0.008814155670024304,-0.6721760765430976,0.0036444680522128158,1.0803925338059133
2023-01-09-15,FLPL,spontaneous,83,803,50,0.004334820740551592,0.3305776420322265,0.0034999698359993586,1.0034121216407221
2023-01-09-15,SMBVR,spontaneous,83,803,50,0.010193830896266213,0.7773914499943405,0.00020019612610122075,-0.7545192002558574
2023-01-09-22,AVDR,spontaneous,81,802,50,-0.010303526886573844,-1.0240538811346342,-0.0005786313234218729,-0.962843344813714
2023-01-09-22,URYVL,spontaneous,81,802,50,0.012562665432611858,1.2485866670009667,0.00230725304330207,0.6244676057852822
2023-01-09-22,AIYR,spontaneous,81,802,50,-0.012308684540056587,-1.2233438427119185,0.0017980134759077383,0.3443726889120448
2023-01-09-22,OLQDL,spontaneous,81,802,50,0.011903947554214107,1.1831175701206558,0.0014292018519478083,0.14151676849817052
2023-01-09-22,AIZL,spontaneous,81,802,50,0.0014235193517884881,0.14148170166555443,0.001707699683076482,0.29469776984592844
2023-01-09-22,RMDL,spontaneous,81,802,50,0.007854718396309574,0.7806700508970211,0.00034837709648992285,-0.452964767144347
2023-01-09-22,URYDL,spontaneous,81,802,50,0.008897904005153579,0.8843508859392953,0.001409610626646047,0.13074108849667435
2023-01-09-22,CEPVL,spontaneous,81,802,50,-0.013149147083650998,-1.3068763009847906,0.002705081260100763,0.8432834018245013
2023-01-09-22,OLLR,spontaneous,81,802,50,0.004696030563100068,0.466732253626271,0.0012705669579167105,0.0542634788840341
2023-01-09-22,IL2DR,spontaneous,81,802,50,-0.004959712005670874,-0.49293920272441644,-0.00454726149365656,-3.1456924571093037
2023-01-09-22,BAGL,spontaneous,81,802,50,0.013165257418853476,1.3084774858481965,0.001118972496707854,-0.02911739080761366
2023-01-09-22,URBL,spontaneous,81,802,50,-0.009706481600238598,-0.9647143414395954,0.002543664146949272,0.7544998198231547
2023-01-09-22,RMDVL,spontaneous,81,802,50,-0.003636744707389222,-0.3614512363868991,0.002611475172213316,0.7917976354300746
2023-01-09-22,SMDVR,spontaneous,81,802,50,-0.0037079374364223814,-0.3685269873678543,-0.0007235844968695683,-1.0425713346772845
2023-01-09-22,AUAR,spontaneous,81,802,50,-0.007108720977788058,-0.7065263562026499,0.0008299342034813472,-0.18809591859308444
2023-01-09-22,AWCL,spontaneous,81,802,50,-0.0003829146640469849,-0.038057380950948384,0.0011327418594075237,-0.02154388562910708
2023-01-09-22,CEPVR,spontaneous,81,802,50,-0.008972348918352979,-0.8917498671941427,-0.0009506742625548783,-1.1674765720449374
2023-01-09-22,AVAL,spontaneous,81,802,50,0.013727955927690428,1.3644033448503232,0.0008139055651884178,-0.19691208371006708
2023-01-09-22,IL1DR,spontaneous,81,802,50,-0.0022313121750938193,-0.2217671597387948,0.0019165977713422762,0.4095971147007979
2023-01-09-22,RIVL,spontaneous,81,802,50,0.005920650165161629,0.5884455727848628,-0.0006869242422659868,-1.0224072476282697
2023-01-09-22,RIAR,spontaneous,81,802,50,-0.008990703486570013,-0.8935741034023965,-0.00013871193196890336,-0.7208763154046866
2023-01-09-22,RMDDR,spontaneous,81,802,50,-0.009180601025659135,-0.912447768125447,0.001464518511402042,0.16094184350695143
2023-01-09-22,RMER,spontaneous,81,802,50,0.003747227672369885,0.372431991844056,0.002735247027696375,0.8598753532518882
2023-01-09-22,IL1VR,spontaneous,81,802,50,0.013678563145651818,1.3594942617078718,0.0008084041592022823,-0.19993799911616383
2023-01-09-22,ASEL,spontaneous,81,802,50,-0.0023552464449990928,-0.23408482256427462,-0.001873295797858102,-1.674942249856468
2023-01-09-22,OLQVL,spontaneous,81,802,50,-0.0005416303286257141,-0.053831920494345105,0.0014601011059592046,0.1585121564018471
2023-01-09-22,FLPL,spontaneous,81,802,50,-0.00950137898095027,-0.9443294639481045,0.0035297019102132256,1.2968460611972579
2023-01-09-22,IL1VL,spontaneous,81,802,50,-0.006703480058939265,-0.6662499983777941,0.002411371485986476,0.6817354388758661
2023-01-09-22,ASGR,spontaneous,81,802,50,-0.0011616506769667912,-0.11545492115138108,0.001861566652393293,0.37932857770096023
2023-01-09-22,URYDR,spontaneous,81,802,50,-0.0033992205265629015,-0.33784402286514154,0.0013788441481517426,0.1138187305572893
2023-01-09-22,AVDL,spontaneous,81,802,50,-0.012565441185371468,-1.248862545388808,0.0013047374945765213,0.07305815674894613
2023-01-09-22,SMDDL,spontaneous,81,802,50,-0.007775866733674719,-0.7728330886564158,0.0009889978446120772,-0.10060680699864585
2023-01-09-22,IL2DL,spontaneous,81,802,50,-0.008499734531132497,-0.8447773496434912,-0.002295440788293852,-1.9071328995531651
2023-01-09-22,RIH,spontaneous,81,802,50,-0.006163100903214586,-0.6125424302997993,0.0018526731886806616,0.37443694292079055
2023-01-09-22,RMEV,spontaneous,81,802,50,0.01231254248886129,1.2237272791303573,0.0016425635274880707,0.2588712016585221
2023-01-09-22,AVER,spontaneous,81,802,50,0.01968086253709848,1.9560548428766873,0.0009072108613617738,-0.1455917605285188
2023-01-09-22,CEPDR,spontaneous,81,802,50,-0.01011139036435178,-1.0049576868455112,0.0009245519930120807,-0.13605369016031543
2023-01-09-22,ADLL,spontaneous,81,802,50,0.0030552343519084533,0.30365569287974964,0.006410722046260402,2.881481559269986
2023-01-09-22,RIBL,spontaneous,81,802,50,0.024675352093668074,2.452450540291344,0.0005677558491978715,-0.3323007861070963
2023-01-09-22,CEPDL,spontaneous,81,802,50,0.0004209095943941865,0.04183364672031244,0.0022666247020804594,0.6021209685917263
2023-01-09-22,ADEL,spontaneous,81,802,50,0.00037755642735304296,0.037524832907654564,0.004464263414035748,1.810879030130714
2023-01-09-22,SMDVL,spontaneous,81,802,50,0.006095573416972056,0.6058309629419533,0.0018900198604143432,0.3949785771230626
2023-01-09-22,AVJL,spontaneous,81,802,50,-0.013090661738520804,-1.3010635200477974,0.001121275433834426,-0.027850715897940036
2023-01-09-22,IL2VL,spontaneous,81,802,50,-0.011795091230246574,-1.172298484357871,-0.0015791588704096688,-1.5131593415397182
2023-01-09-22,AVJR,spontaneous,81,802,50,-0.00978940607576515,-0.9729560951554687,-0.0020412186002053416,-1.7673041289720983
2023-01-09-22,RID,spontaneous,81,802,50,0.0077546305923360094,0.7707224567147875,0.003009794106725883,1.0108833388882694
2023-01-09-22,AVKR,spontaneous,81,802,50,-0.00372202455911238,-0.36992708782117684,4.3364210394151726e-05,-0.6207297336676695
2023-01-09-22,RMDR,spontaneous,81,802,50,-0.012265692869262834,-1.2190709575321679,0.0015708659864849912,0.21943570199766718
2023-01-09-22,IL2R,spontaneous,81,802,50,-0.007388494255920042,-0.7343326515093715,-0.0032101915494701567,-2.410269448275046
2023-01-09-22,URXL,spontaneous,81,802,50,-0.010124546007756691,-1.0062652088072561,-0.0024589227792251355,-1.997052217673847
2023-01-09-22,AINR,spontaneous,81,802,50,0.0036255058857403598,0.36033422479896454,0.0007076038246557584,-0.2553807870166969
2023-01-09-22,ASHL,spontaneous,81,802,50,0.004073748622777878,0.4048844763397084,0.002839559695012738,0.9172500149073086
2023-01-09-22,AIZR,spontaneous,81,802,50,-0.0022392754001910207,-0.2225586141268805,0.0018430327582733047,0.3691344571626878
2023-01-09-22,ADLR,spontaneous,81,802,50,-0.00040597174873959754,-0.040348994039073334,0.004687070236672276,1.9334285381834602
2023-01-09-22,OLQVR,spontaneous,81,802,50,0.0043159578365113025,0.42895732907263884,0.0005936374804867465,-0.3180652203173161
2023-01-09-22,OLLL,spontaneous,81,802,50,-0.006031066904378402,-0.5994197461511213,0.0013903783891945042,0.12016286108626391
2023-01-09-22,AINL,spontaneous,81,802,50,0.012619462876144205,1.2542316896352663,0.002629259989257143,0.8015797442261082
2023-01-09-22,RMEL,spontaneous,81,802,50,0.02400322346693265,2.385648566908133,0.001907240683882371,0.40445047488318087
2023-01-09-22,RMDVR,spontaneous,81,802,50,-0.0041634263258410135,-0.413797424389828,-0.0005861387016181287,-0.9669725967541626
2023-01-09-22,URXR,spontaneous,81,802,50,-0.011470139062104302,-1.140001919052371,-0.0028224155026141495,-2.196982605374522
2023-01-09-22,RIVR,spontaneous,81,802,50,0.003064743084520022,0.30460075321129854,0.0018715155676479267,0.38480073809392445
2023-01-09-22,FLPR,spontaneous,81,802,50,-0.008774640602234879,-0.8720998996944551,0.002983688113182724,0.99652436806285
2023-01-09-22,URYVR,spontaneous,81,802,50,-0.008475976869733304,-0.8424161071650318,0.001976942831470972,0.4427884566205612
2023-01-09-22,ADAL,spontaneous,81,802,50,-0.009473265838501527,-0.941535335980812,0.005836045344380096,2.5653945280407187
2023-01-09-22,ASGL,spontaneous,81,802,50,-0.0007513443912152307,-0.07467512322361154,0.0017907988257676393,0.3404044449643083
2023-01-09-22,RIMR,spontaneous,81,802,50,0.012197984044147297,1.2123414671440773,0.0012539791128061881,0.04513973557180221
2023-01-09-22,AIBR,spontaneous,81,802,50,0.021942217382185353,2.18080790376804,0.0011399954923572376,-0.017554200129068467
2023-01-09-22,IL1R,spontaneous,81,802,50,0.0040859466367823005,0.4060968207845645,0.002729450018535355,0.8566868484635085
2023-01-09-22,RIAL,spontaneous,81,802,50,-0.004248747149792448,-0.42227734799957023,0.0018419613396870526,0.368545149263091
2023-01-09-22,IL1L,spontaneous,81,802,50,-0.000838292104081878,-0.08331674116638546,0.0013137812517867039,0.07803245683518886
2023-01-09-22,AVEL,spontaneous,81,802,50,0.019686611894101314,1.9566262638490972,0.0012372790019957677,0.03595424322455019
2023-01-09-22,AVAR,spontaneous,81,802,50,0.016037891891745294,1.5939848187673036,0.0006361137779498839,-0.2947021594540435
2023-01-09-22,AIBL,spontaneous,81,802,50,0.025114081801931427,2.4960553045106324,0.0008670080514773799,-0.1677043444941716
2023-01-09-22,RMDDL,spontaneous,81,802,50,-0.01493702522485672,-1.4845711398154877,0.0005364501506028871,-0.34951972903112644
2023-01-09-22,AIMR,spontaneous,81,802,50,0.005533524167566734,0.5499696329742185,0.002645366048768087,0.8104384930129636
2023-01-09-22,ADER,spontaneous,81,802,50,-0.005204288821952852,-0.5172473683366668,-0.0007092299735825875,-1.034675976059739
2023-01-09-22,AWBL,spontaneous,81,802,50,-0.011611614920096668,-1.1540630170685,-0.0004930070599639024,-0.9157477880440236
2023-01-09-22,AUAL,spontaneous,81,802,50,0.0024434515387837972,0.24285140992998253,0.0006682897833548599,-0.27700452530253056
2023-01-09-22,AIYL,spontaneous,81,802,50,-0.010335495088988966,-1.027231158402553,0.001030019527334327,-0.07804382181884031
2023-01-09-22,AWCR,spontaneous,81,802,50,0.00024775808839809786,0.02462434803146676,0.0028010102440783353,0.8960468210741409
2023-01-09-22,IL2L,spontaneous,81,802,50,-0.00038974692216867113,-0.03873643003030231,0.0023038274936851774,0.6225834650063201
2023-01-10-07,ASGR,spontaneous,82,802,50,0.007931032109388472,0.6643488429241529,0.0011545563344456241,-0.44114842559640377
2023-01-10-07,IL2L,spontaneous,82,802,50,-0.015659635931295112,-1.311741128781228,0.008683246796786956,2.2415394532771002
2023-01-10-07,RID,spontaneous,82,802,50,0.015965931624977368,1.3373982168983694,0.0016215193372856086,-0.27475614345021754
2023-01-10-07,FLPL,spontaneous,82,802,50,-0.006712176459931933,-0.5622504868414091,-0.0032169871416852223,-1.9988544774052674
2023-01-10-07,AVER,spontaneous,82,802,50,0.013313831109966487,1.115243031524661,0.001292972645053435,-0.39182673272519947
2023-01-10-07,OLQDR,spontaneous,82,802,50,0.02039405836572866,1.7083235688531544,0.0037874029312815445,0.49701016753408583
2023-01-10-07,AIBL,spontaneous,82,802,50,0.023304235303988258,1.9520967190524408,0.0015334792861202056,-0.3061273333401761
2023-01-10-07,AUAR,spontaneous,82,802,50,0.005602304288494279,0.46928121339520995,0.003157142604819246,0.27243037549818766
2023-01-10-07,OLQVR,spontaneous,82,802,50,-0.0034409677991760392,-0.28823524408831763,0.0023526129393305686,-0.014246569529171476
2023-01-10-07,IL2VL,spontaneous,82,802,50,-0.00858679037699599,-0.7192789252027623,-0.004190034908765874,-2.3455792449288344
2023-01-10-07,ASEL,spontaneous,82,802,50,0.0023187839518123347,0.19423467388992818,0.0016709201196025327,-0.25715323088642134
2023-01-10-07,OLQDL,spontaneous,82,802,50,-0.0014741221061317655,-0.12348094195435882,0.00473556872210579,0.8348687748084875
2023-01-10-07,AIBR,spontaneous,82,802,50,0.022366023310785247,1.8735066889649137,0.0018330544098285936,-0.19938014308119545
2023-01-10-07,RIVL,spontaneous,82,802,50,0.009944012036403915,0.8329676137092544,0.0016584103880969,-0.2616108062437812
2023-01-10-07,RIVR,spontaneous,82,802,50,0.0038676308621271843,0.3239749950161352,0.0010079946277708602,-0.49337255620319315
2023-01-10-07,AVDR,spontaneous,82,802,50,-0.006308234249680448,-0.5284139651519905,0.0028583960144801454,0.16597841539087127
2023-01-10-07,CEPDL,spontaneous,82,802,50,-0.00335145755538305,-0.28073735149709517,0.0033141891165846854,0.3283905422283641
2023-01-10-07,RIML,spontaneous,82,802,50,0.013128088318880534,1.099684147556283,0.0016441035265651238,-0.2667087504623673
2023-01-10-07,RMDVL,spontaneous,82,802,50,-0.010983105167751318,-0.920008027867193,-0.003063727021598057,-1.9442435103945885
2023-01-10-07,URXL,spontaneous,82,802,50,0.001396508776677084,0.1169796033003807,0.003088063384756517,0.24781547237907514
2023-01-10-07,AWAR,spontaneous,82,802,50,0.013041631193173487,1.0924420016875211,0.0042764179019801184,0.6712601969439507
2023-01-10-07,ADLR,spontaneous,82,802,50,0.001344595999644206,0.11263109066304737,0.004198655433231511,0.6435512038080725
2023-01-10-07,URYVL,spontaneous,82,802,50,0.006143543259151888,0.5146185010196282,0.0015066392143632786,-0.3156912190558349
2023-01-10-07,ADAL,spontaneous,82,802,50,0.017407709578525006,1.4581698266941567,0.007223186480951896,1.7212781765906324
2023-01-10-07,CEPDR,spontaneous,82,802,50,-0.007091425839517477,-0.5940185950815845,0.003819101052419649,0.5083051152790635
2023-01-10-07,IL2DR,spontaneous,82,802,50,-0.01182276545556807,-0.9903428005634333,0.004025197775428615,0.5817432760664256
2023-01-10-07,AVAL,spontaneous,82,802,50,0.0262464318670845,2.198552017100543,0.0005971074326718334,-0.6397834231913008
2023-01-10-07,AWAL,spontaneous,82,802,50,-0.007141201312794479,-0.598188074869522,0.0026297625242041956,0.08450975943591671
2023-01-10-07,IL1R,spontaneous,82,802,50,0.025171508760232233,2.108510278217103,0.0006980594697934511,-0.6038113231709303
2023-01-10-07,AVDL,spontaneous,82,802,50,-0.015314400958054397,-1.282822262756475,0.0036424106887583342,0.44534528192172945
2023-01-10-07,IL1L,spontaneous,82,802,50,-0.008755787799676446,-0.7334351208487262,0.002753068767120873,0.12844730274662014
2023-01-10-07,ASGL,spontaneous,82,802,50,0.006433586591132002,0.5389141978899958,0.0012530729296239417,-0.40604414324149213
2023-01-10-07,IL2R,spontaneous,82,802,50,-0.006806261201467612,-0.5701315656611575,0.003810048971044718,0.5050795996193916
2023-01-10-07,AVEL,spontaneous,82,802,50,0.01883835189519553,1.5780086515292358,0.0007947877449796189,-0.5693442704099945
2023-01-10-07,SAADR,spontaneous,82,802,50,-0.007706744093523669,-0.6455611893418217,0.004385730313680513,0.7102113376962405
2023-01-10-07,AINL,spontaneous,82,802,50,-0.007085377135648924,-0.5935119208731284,0.005236368077942575,1.0133179179059704
2023-01-10-07,CEPVL,spontaneous,82,802,50,-0.011398822378714209,-0.954830891307617,-0.005232032819627868,-2.7168729219983607
2023-01-10-07,RMDL,spontaneous,82,802,50,-0.0029596408814146777,-0.24791653443330586,-0.0006322645220687922,-1.0778438346408716
2023-01-10-07,RICL,spontaneous,82,802,50,0.0029044572555549848,0.24329403669497887,0.00167289341523,-0.25645008917967693
2023-01-10-07,AVL,spontaneous,82,802,50,-0.00011971352735523016,-0.010027893253221058,0.0027451429305316564,0.1256231003366288
2023-01-10-07,AVJL,spontaneous,82,802,50,-0.01137477846012904,-0.952816834464686,0.0064372695068103366,1.441233466175639
2023-01-10-07,RMEL,spontaneous,82,802,50,0.0007493193525953734,0.06276729661554674,0.003747931567431511,0.4829453909447505
2023-01-10-07,CEPVR,spontaneous,82,802,50,-0.011759249586251862,-0.9850223462132872,0.004054916944003199,0.5923330663764447
2023-01-10-07,SMDVL,spontaneous,82,802,50,-0.0006959798204027117,-0.05829927076398548,-0.0009641379564614083,-1.1960998373572211
2023-01-10-07,ADER,spontaneous,82,802,50,-0.007091924248106956,-0.5940603446502607,0.0021040335150571484,-0.10282253260951214
2023-01-10-07,ASER,spontaneous,82,802,50,0.015905818876716108,1.3323628275314439,-0.00024404388811492591,-0.9395097120937828
2023-01-10-07,AUAL,spontaneous,82,802,50,-0.009168058733563326,-0.7679693043095125,0.0023589344730840195,-0.01199402613386255
2023-01-10-07,IL1DR,spontaneous,82,802,50,0.008198350600040562,0.6867409764456802,0.001113697180169479,-0.45570771163239104
2023-01-10-07,RMDDL,spontaneous,82,802,50,-0.013329433605389447,-1.116549986235978,0.0023418492517245587,-0.018081979474242286
2023-01-10-07,RICR,spontaneous,82,802,50,-0.014383095931433635,-1.2048107998962323,0.0042554898801416274,0.6638029438139741
2023-01-10-07,RMER,spontaneous,82,802,50,0.027971586310523627,2.343060870747413,0.0007345019207205272,-0.5908258349419314
2023-01-10-07,RMDDR,spontaneous,82,802,50,-0.00596453641199032,-0.49962385843754725,0.0025746890366618457,0.0648854996504764
2023-01-10-07,RMDVR,spontaneous,82,802,50,-0.01520885011725979,-1.2739807175471747,0.003903877814830727,0.5385135019922568
2023-01-10-07,AQR,spontaneous,82,802,50,-0.0076510070615548945,-0.6408923351264103,0.005228528960920459,1.010524616159605
2023-01-10-07,OLQVL,spontaneous,82,802,50,0.0026405532356648877,0.22118791887338085,0.0029930348909298437,0.21395410036337123
2023-01-10-07,AWBL,spontaneous,82,802,50,-0.008763882225317161,-0.7341131564731412,0.0027265597621965116,0.1190013856183622
2023-01-10-07,URBL,spontaneous,82,802,50,-0.009013297894453196,-0.7550056467458169,0.004215157617113284,0.6494314042089274
2023-01-10-07,URYVR,spontaneous,82,802,50,-0.010260803923392887,-0.859503923317653,0.004149310232452345,0.6259680965368937
2023-01-10-07,RIH,spontaneous,82,802,50,-0.01093925073713592,-0.9163345286511265,0.0025661134132206544,0.06182975958857022
2023-01-10-07,RIBL,spontaneous,82,802,50,0.01855974383151189,1.5546708384697656,0.001018466887895178,-0.4896409902103497
2023-01-10-07,AVBR,spontaneous,82,802,50,0.00830229485448213,0.6954479447462024,0.0011055527617987277,-0.4586098009868383
2023-01-10-07,AWBR,spontaneous,82,802,50,-0.009646777884757233,-0.8080695724454623,0.009532890987948635,2.5442919949556266
2023-01-10-07,AVJR,spontaneous,82,802,50,-0.011780413602603783,-0.986795165889352,-0.008042875925818586,-3.718456765577972
2023-01-10-07,OLLR,spontaneous,82,802,50,0.000860759395042545,0.0721021552107549,0.0014182143250714193,-0.34719953778411355
2023-01-10-07,RIR,spontaneous,82,802,50,-0.00628635294109654,-0.5265810609550478,0.0012231958521963994,-0.416690200995088
2023-01-10-07,URYDL,spontaneous,82,802,50,0.005605163194058985,0.4695206917604146,0.00266399206051402,0.09670672285434226
2023-01-10-07,OLLL,spontaneous,82,802,50,-0.0059347240343063795,-0.49712660229913136,-0.0006584003023520352,-1.087156761148007
2023-01-10-07,AIZL,spontaneous,82,802,50,-0.008614512698182334,-0.7216011061937481,0.0013712918847913211,-0.3639193461513497
2023-01-10-07,RMGL,spontaneous,82,802,50,-0.014978105596306775,-1.2546522299818856,0.006708525435201789,1.537889716662795
2023-01-10-07,IL2VR,spontaneous,82,802,50,-0.010013865174173903,-0.8388189140963981,0.0033287394903470614,0.33357525682390426
2023-01-10-07,AWCR,spontaneous,82,802,50,-0.010703150926711787,-0.8965574512535697,0.0031040154620613726,0.25349965406281527
2023-01-10-07,SMDVR,spontaneous,82,802,50,0.0005520408305589843,0.046242113506841896,-0.0008347914390221456,-1.1500099713646568
2023-01-10-07,URXR,spontaneous,82,802,50,-0.006577837485244501,-0.5509974820417484,0.0029952432393387843,0.2147409981032409
2023-01-10-07,AIZR,spontaneous,82,802,50,-0.01236954767012702,-1.036144422163696,0.009027850386727723,2.3643315747455786
2023-01-10-07,IL2DL,spontaneous,82,802,50,-0.011782084477522766,-0.9869351279779917,0.0025786583615021994,0.06629988369107315
2023-01-10-07,ADEL,spontaneous,82,802,50,-0.010863423065217884,-0.9099827669376988,0.0035882378941376842,0.4260419648016461
2023-01-10-07,IL1DL,spontaneous,82,802,50,-0.008299223894388703,-0.6951907034746259,0.002014985917024526,-0.13455274028371964
2023-01-10-07,SAAVR,spontaneous,82,802,50,0.010047488366758431,0.8416353859982714,0.0025996851358829165,0.07379232517809044
2023-01-10-07,AVAR,spontaneous,82,802,50,0.02754719330047249,2.3075112725004443,0.0006233480565056085,-0.6304331379265437
2023-01-10-07,RIBR,spontaneous,82,802,50,0.021640818178841077,1.8127593380974971,0.0007725856463633504,-0.577255513559297
2023-01-10-07,AWCL,spontaneous,82,802,50,-0.004690334234479162,-0.39288935899214716,0.007951736528789591,1.9808814093524532
2023-01-10-07,AINR,spontaneous,82,802,50,0.0052177458853900115,0.43706839082491034,0.003477647233130446,0.38663534723850845
2023-01-10-14,AWAR,spontaneous,75,803,50,0.0008397537493111508,0.0700067872667399,0.003585731005773517,0.9876225610149582
2023-01-10-14,AINR,spontaneous,75,803,50,0.002752078616792713,0.22942938025009538,0.0012360249694773962,-0.02261155250941978
2023-01-10-14,IL1DR,spontaneous,75,803,50,0.003304125277516322,0.2754512207840542,0.0025709293760701256,0.5513181003929313
2023-01-10-14,RIAR,spontaneous,75,803,50,-0.01321316948524424,-1.1015271393925408,4.978304164355399e-06,-0.5518885418131708
2023-01-10-14,AIZL,spontaneous,75,803,50,4.707082785041175e-05,0.003924099695293073,0.0009006588958282702,-0.16679905634420975
2023-01-10-14,IL2L,spontaneous,75,803,50,-0.01941802848783062,-1.6188005002682784,0.0026608083165111946,0.5899607094335588
2023-01-10-14,IL2DL,spontaneous,75,803,50,-0.018439295156916564,-1.5372075616903045,0.0021208368960992405,0.35780505217174824
2023-01-10-14,CEPDR,spontaneous,75,803,50,-0.012399993129447612,-1.0337359991954351,0.0011844895527331628,-0.04476872248962187
2023-01-10-14,AVEL,spontaneous,75,803,50,0.01680060077252058,1.4005964072206574,0.0013333231659501668,0.019220896206647037
2023-01-10-14,RIH,spontaneous,75,803,50,0.0057574758660658976,0.4799768842707711,0.001585220671535073,0.1275218705935127
2023-01-10-14,ADLL,spontaneous,75,803,50,0.003065403339355134,0.2555499628802186,0.0026287090665358037,0.5761599374038785
2023-01-10-14,URYDR,spontaneous,75,803,50,-0.014977243971629613,-1.2485907129608265,-0.0037490200335197235,-2.165884984032093
2023-01-10-14,OLQVL,spontaneous,75,803,50,-0.0002935986563410911,-0.024476102301575667,0.0016359396725548043,0.14932803027584365
2023-01-10-14,IL1L,spontaneous,75,803,50,0.007087331074481445,0.5908413975253797,-9.1791414570625e-05,-0.5934937764732209
2023-01-10-14,IL2VR,spontaneous,75,803,50,-0.017736868039763105,-1.4786491261950303,-0.006010407116182916,-3.138147190240181
2023-01-10-14,RMDL,spontaneous,75,803,50,0.02015173797211799,1.6799668169703232,0.001333894592190609,0.019466575569316465
2023-01-10-14,AIBL,spontaneous,75,803,50,0.013163363056061653,1.0973749839598779,0.002100786641682199,0.349184632985667
2023-01-10-14,ADAR,spontaneous,75,803,50,-0.001900568173614302,-0.15844248617561496,0.0013770187007186407,0.0380073823244534
2023-01-10-14,AVAL,spontaneous,75,803,50,0.016135198376245764,1.3451245691478868,0.0011575428849309377,-0.056354190049865256
2023-01-10-14,RMDVL,spontaneous,75,803,50,0.005519382308582123,0.4601280118578515,0.0002812191643972875,-0.4331213699857847
2023-01-10-14,IL2VL,spontaneous,75,803,50,-0.011881270113322065,-0.9904922127043937,-0.0055216410140460385,-2.9280067802119762
2023-01-10-14,OLQDL,spontaneous,75,803,50,0.014758228911367358,1.2303323357346825,-4.932275908499859e-05,-0.5752347756176402
2023-01-10-14,ASGL,spontaneous,75,803,50,0.0012061493116367586,0.10055166570074174,0.0023805356231353728,0.4694600886904071
2023-01-10-14,RMDVR,spontaneous,75,803,50,-0.015428790328351451,-1.2862342599673484,0.006108174711684021,2.072123618505752
2023-01-10-14,IL1R,spontaneous,75,803,50,0.013644133356981525,1.1374548099901551,0.0022783890310032156,0.42554311764885966
2023-01-10-14,OLQDR,spontaneous,75,803,50,-0.006191364960630063,-0.5161484185633285,0.0008415308148433479,-0.1922206212359436
2023-01-10-14,AIYR,spontaneous,75,803,50,-0.010430785489626495,-0.869571325399003,0.002624758491336381,0.57446142458021
2023-01-10-14,IL2DR,spontaneous,75,803,50,-0.017612837223809887,-1.4683091914771684,-0.004608276404992122,-2.535314217015174
2023-01-10-14,URYVL,spontaneous,75,803,50,0.006897889821054758,0.5750484659200542,0.002975122649057005,0.725097214256925
2023-01-10-14,AWBL,spontaneous,75,803,50,-0.003049339559488558,-0.25421079217601916,0.0018211972406826488,0.2289777874030493
2023-01-10-14,ADEL,spontaneous,75,803,50,0.0021489991451386758,0.17915314592347897,0.0024167012926864712,0.48500917974886204
2023-01-10-14,CEPVR,spontaneous,75,803,50,-0.016214784686293005,-1.3517593497384974,0.0017413694642413047,0.19465658223009707
2023-01-10-14,OLLL,spontaneous,75,803,50,0.005326075192258008,0.444012799296133,0.00023308213798647626,-0.45381743385617473
2023-01-10-14,ASIR,spontaneous,75,803,50,0.0006328942466422152,0.0527617684629215,-0.0019212954997751216,-1.380071930998109
2023-01-10-14,AVER,spontaneous,75,803,50,0.005875211749333169,0.48979203655834924,0.0009856102908044105,-0.1302749993469944
2023-01-10-14,CEPVL,spontaneous,75,803,50,-0.014264549595848459,-1.1891763386964178,0.0010977516016769222,-0.08206089254862542
2023-01-10-14,URADL,spontaneous,75,803,50,0.0056097405031440215,0.46766079978489616,0.0020838336883533337,0.34189586940705224
2023-01-10-14,AWAL,spontaneous,75,803,50,0.008345443347912639,0.6957249998385829,0.0026690075939175065,0.593485911996839
2023-01-10-14,BAGL,spontaneous,75,803,50,0.023159781875546254,1.9307349615711158,0.0013955144885080724,0.045959473136138546
2023-01-10-14,IL2R,spontaneous,75,803,50,-0.008751850422598356,-0.729605472113413,0.003557656571990916,0.9755522210290372
2023-01-10-14,ADER,spontaneous,75,803,50,-0.008994011129322172,-0.7497934058902899,0.0025181819835359185,0.5286398527677455
2023-01-10-14,RIBL,spontaneous,75,803,50,0.022478320192936847,1.873924327401271,0.0026083279979316793,0.5673972877549791
2023-01-10-14,RMDDL,spontaneous,75,803,50,-0.005914228773188188,-0.4930447240170717,0.0019842922936876067,0.29909897862763135
2023-01-10-14,AVJL,spontaneous,75,803,50,-0.011748281979831186,-0.9794055435731945,0.0015864902685511788,0.1280677219452505
2023-01-10-14,RMER,spontaneous,75,803,50,0.014088422159123969,1.1744933247715357,0.0017143384764319565,0.18303486207215316
2023-01-10-14,AVJR,spontaneous,75,803,50,-0.011734417312978956,-0.9782497038003509,-0.00874553527518575,-4.314089937291783
2023-01-10-14,AVAR,spontaneous,75,803,50,0.022758553488032976,1.89728621496765,0.0010603668218625855,-0.09813412865205469
2023-01-10-14,RID,spontaneous,75,803,50,0.020740977225383435,1.7290892496911114,0.0023639039460461877,0.46230945482341423
2023-01-10-14,URYDL,spontaneous,75,803,50,-0.009018245438528924,-0.7518137197389452,0.001752179084383576,0.19930407721597052
2023-01-10-14,RMEL,spontaneous,75,803,50,0.010478987899893127,0.8735897604271864,0.0020607456918900575,0.3319694014660249
2023-01-10-14,FLPL,spontaneous,75,803,50,-0.017880253112562285,-1.490602545035866,0.0038042717033873975,1.0815820880845537
2023-01-10-14,AQR,spontaneous,75,803,50,-0.013659103780194633,-1.1387028320847667,0.0018541294967502231,0.24313670260387446
2023-01-10-14,AIZR,spontaneous,75,803,50,-0.004646742898016569,-0.3873796834030531,0.0020197341089248965,0.31433685530022887
2023-01-10-14,OLLR,spontaneous,75,803,50,0.00455728347301817,0.3799218221669406,-5.884084463132929e-05,-0.5793269873946946
2023-01-10-14,IL1DL,spontaneous,75,803,50,0.0009485955683168106,0.07908047830426683,0.0011090920968146384,-0.07718515282824853
2023-01-10-14,CEPDL,spontaneous,75,803,50,-0.010080258025474811,-0.8403493044980588,0.0027775685515578664,0.6401606794405335
2023-01-10-14,AVBL,spontaneous,75,803,50,0.002500966922404691,0.20849523975517847,0.0022539245224116435,0.4150248312044945
2023-01-10-14,AIML,spontaneous,75,803,50,0.011324206017130373,0.944052089384884,0.001636883760040772,0.14973393185235728
2023-01-10-14,SMDVL,spontaneous,75,803,50,-0.0007353903814404853,-0.061306446126309845,0.0007485482866718424,-0.23219758876702515
2023-01-10-14,AINL,spontaneous,75,803,50,0.020946613683263886,1.746232308323397,0.002255994773210001,0.4159149161545884
2023-01-10-14,AIMR,spontaneous,75,803,50,0.0008630672615480831,0.07195033809095505,0.001982111444743963,0.29816134304033665
2023-01-10-14,URXL,spontaneous,75,803,50,0.012441859338552434,1.0372262114116597,0.002175020664664604,0.38110085622489054
2023-01-10-14,RICR,spontaneous,75,803,50,-0.016977927843752773,-1.4153794296990558,0.001819673726419148,0.22832276670784118
2023-01-10-14,ASER,spontaneous,75,803,50,-0.003337291907968309,-0.2782161852088174,0.00023288696140476655,-0.45390134820033456
2023-01-10-14,AIBR,spontaneous,75,803,50,0.016354620153005758,1.3634168526416226,0.002292833302831503,0.4317532971013315
2023-01-10-14,RIVR,spontaneous,75,803,50,0.0038550157544099167,0.32137667506728723,0.0022026435279879422,0.3929770477192298
2023-01-10-14,RICL,spontaneous,75,803,50,0.0026614214688082025,0.2218716698160936,0.0014386391711753714,0.06450052673707868
2023-01-10-14,AWCL,spontaneous,75,803,50,0.013975629743221502,1.165090288855515,0.0040134471626896975,1.171515118614796
2023-01-10-14,URYVR,spontaneous,75,803,50,-0.011923595335647425,-0.994020690949093,0.0028607188211127715,0.6759103594241305
2023-01-10-14,RIVL,spontaneous,75,803,50,0.009729541422275358,0.8111115158591415,0.0008970580120720614,-0.16834722260550605
2023-01-10-14,RMDDR,spontaneous,75,803,50,-0.013814180468801493,-1.1516309324454217,0.001248397921389019,-0.017291917664449458
2023-01-10-14,SMDVR,spontaneous,75,803,50,-0.006738798328057703,-0.5617856679684774,0.003728968157694635,1.0492060335683526
2023-01-10-14,AWBR,spontaneous,75,803,50,-0.01526257009653446,-1.272377168626243,0.0037709007329879652,1.067234551763772
2023-01-10-14,URXR,spontaneous,75,803,50,0.007104792275755793,0.5922970654566485,0.003394299507850104,0.9053183805694128
2023-01-10-14,FLPR,spontaneous,75,803,50,-0.015367308451942046,-1.2811087709223945,-0.003672497510483226,-2.132984841618413
2023-01-13-07,CEPDL,spontaneous,66,802,50,-0.007897824650043907,-0.7231289137066268,0.001375027921595317,0.07806802496215866
2023-01-13-07,FLPL,spontaneous,66,802,50,-0.011808238570183044,-1.081168436678027,0.0016828009507496812,0.2792471573223999
2023-01-13-07,URAVL,spontaneous,66,802,50,-0.007128471725753098,-0.6526865616601887,0.004387843029873175,2.047426844708405
2023-01-13-07,AIBR,spontaneous,66,802,50,0.023715633554868085,2.1714156860016947,1.1490201602884137e-05,-0.8132229897256676
2023-01-13-07,RMDVL,spontaneous,66,802,50,0.004134426253729858,0.378550208207422,0.003923297209461855,1.7437715005455081
2023-01-13-07,RIVL,spontaneous,66,802,50,0.018951009021499432,1.7351641970533218,0.0020223031334302777,0.5011663902511376
2023-01-13-07,URYDR,spontaneous,66,802,50,-0.012081143737883734,-1.106155775117255,0.0009359488331883905,-0.20894071744108572
2023-01-13-07,RICR,spontaneous,66,802,50,-0.009858930885626276,-0.9026888159123672,0.0010723583108843233,-0.11977520334784957
2023-01-13-07,AWAL,spontaneous,66,802,50,-0.0018165781153900986,-0.16632683269790882,0.0025206014439791914,0.8268844105995851
2023-01-13-07,AIBL,spontaneous,66,802,50,0.02141304118714557,1.9605891367478956,-7.811156787586985e-05,-0.8717921447007032
2023-01-13-07,ASGR,spontaneous,66,802,50,-0.002035280566740417,-0.18635134236704323,-0.0003393997125403213,-1.0425859351249027
2023-01-13-07,AVJR,spontaneous,66,802,50,-0.004383616038264785,-0.4013661538864044,-0.0037933244681638443,-3.3002807938429854
2023-01-13-07,AINR,spontaneous,66,802,50,0.0073664163379445445,0.6744728935377126,0.0012001675261680048,-0.03623134276636193
2023-01-13-07,URADL,spontaneous,66,802,50,-0.021016611908765925,-1.9242918667857698,0.0028660761747258292,1.0527076634523798
2023-01-13-07,SAADR,spontaneous,66,802,50,0.0010662756818636018,0.09762875344839829,0.0031162149667414113,1.2162135602673154
2023-01-13-07,SAAVR,spontaneous,66,802,50,-0.008279970413327363,-0.7581183776318886,0.002072625085171442,0.5340598722361488
2023-01-13-07,AWBR,spontaneous,66,802,50,-0.008724989860922195,-0.798864588642763,0.0012606196534931248,0.0032838368386018833
2023-01-13-07,IL2L,spontaneous,66,802,50,-0.013183668882296289,-1.2071035481231878,0.0010040079917966605,-0.16445312047523034
2023-01-13-07,IL2R,spontaneous,66,802,50,-0.007781711458810617,-0.7124975298048492,0.0020328928579270308,0.5080884769331458
2023-01-13-07,AIZR,spontaneous,66,802,50,0.009223099493694195,0.8444717644935488,0.004787664937625042,2.308774711092741
2023-01-13-07,SAAVL,spontaneous,66,802,50,0.006588374847756903,0.6032350118996407,0.0006103379745527687,-0.4217797378301427
2023-01-13-07,RMDDR,spontaneous,66,802,50,0.009915589441412328,0.9078765026125937,-0.0014289289258478575,-1.7547683587004619
2023-01-13-07,RMDVR,spontaneous,66,802,50,-0.003157245751252686,-0.28907905550872476,0.000605980690392452,-0.4246279232258159
2023-01-13-07,AVEL,spontaneous,66,802,50,-0.0005103737185500006,-0.046730081893806265,0.0005002227966065573,-0.4937577016555615
2023-01-13-07,AUAL,spontaneous,66,802,50,-0.012106234686045573,-1.1084531153206791,0.0005335090310530212,-0.47199979848945744
2023-01-13-07,RIVR,spontaneous,66,802,50,0.014077083165002342,1.2889050223733942,0.0024356922349264795,0.7713825979373344
2023-01-13-07,SMDDR,spontaneous,66,802,50,0.01577736125655275,1.4445833646793593,-0.0002456552431753413,-0.9813088600600864
2023-01-13-07,ASER,spontaneous,66,802,50,0.002757120064722179,0.2524433405026547,0.0058086120302119956,2.976127697924276
2023-01-13-07,CEPVL,spontaneous,66,802,50,-0.001324682868406522,-0.12128864922713385,0.0015715229136723796,0.20650907818833084
2023-01-13-07,RMEL,spontaneous,66,802,50,0.009448423128408745,0.8651025131393363,0.0011536803663432674,-0.06661817199934811
2023-01-13-07,URBR,spontaneous,66,802,50,-0.008075915760019606,-0.7394350279347792,0.0011910729756759136,-0.042176092968263676
2023-01-13-07,ASIR,spontaneous,66,802,50,-0.004578517443677156,-0.4192114274675238,0.0008701573285365071,-0.251946038144162
2023-01-13-07,ADER,spontaneous,66,802,50,-0.00890913097303072,-0.8157246441983175,-0.00012992299528804846,-0.9056592383890842
2023-01-13-07,IL1VR,spontaneous,66,802,50,0.007860845388035512,0.7197430733327644,0.0008521070790237747,-0.26374477679853603
2023-01-13-07,OLLR,spontaneous,66,802,50,0.017418654580295373,1.5948610311080946,0.001369267898178431,0.07430292404812561
2023-01-13-07,ADAL,spontaneous,66,802,50,0.006978684699119775,0.6389719839560486,0.00042718109731120445,-0.541502189633378
2023-01-13-07,ADLR,spontaneous,66,802,50,-0.00573317092925345,-0.5249320983775464,0.0008127789911276007,-0.28945200209400307
2023-01-13-07,RMDL,spontaneous,66,802,50,0.013671763771301249,1.2517937688499736,0.0009684940327525775,-0.18766719965168197
2023-01-13-07,ADEL,spontaneous,66,802,50,-0.00856685759898677,-0.7843859168739868,-0.001977489155444358,-2.113340620021671
2023-01-13-07,RMER,spontaneous,66,802,50,0.023687818450034533,2.168868920603097,8.972911785892061e-06,-0.8148684431387663
2023-01-13-07,SMDDL,spontaneous,66,802,50,-0.0012798530168965363,-0.11718400481421123,0.0012018600944651114,-0.035124977395725204
2023-01-13-07,AVAL,spontaneous,66,802,50,0.014868495171685444,1.3613671154237827,-0.0004771171310096101,-1.1326063986940085
2023-01-13-07,IL1DR,spontaneous,66,802,50,0.013107304643824536,1.2001115989145146,0.0017227438551081554,0.30535626397435295
2023-01-13-07,IL1R,spontaneous,66,802,50,0.0034512988975450845,0.31600271381623807,0.002020652321983437,0.5000873196922966
2023-01-13-07,AIZL,spontaneous,66,802,50,0.007427905622639991,0.680102884277779,0.0009686199349772879,-0.18758490231588537
2023-01-13-07,URYVR,spontaneous,66,802,50,-0.010777568271432955,-0.9867997305406107,0.00022246772059856884,-0.6753152778781162
2023-01-13-07,ASEL,spontaneous,66,802,50,0.0021247305344079593,0.1945414277154389,8.080992813510957e-05,-0.76791140905364
2023-01-13-07,URBL,spontaneous,66,802,50,0.004075587018507963,0.37316285736909954,0.0015651378695270923,0.20233542579013297
2023-01-13-07,AWBL,spontaneous,66,802,50,-0.003735714978944801,-0.3420439974730143,0.002602534187612391,0.8804406248049371
2023-01-13-07,RICL,spontaneous,66,802,50,-0.002942838498023896,-0.269447816403246,0.00267226883438183,0.9260234225278892
2023-01-13-07,RMGL,spontaneous,66,802,50,-0.00984824742029295,-0.9017106322955574,-0.00075348665478814,-1.3132582938823016
2023-01-13-07,AWAR,spontaneous,66,802,50,-0.002990157408878315,-0.2737803603783451,0.002286702431642422,0.6739938194678073
2023-01-13-07,RIAL,spontaneous,66,802,50,0.006552409956821964,0.5999420478664097,0.004129826407173929,1.878771519608038
2023-01-13-07,SAADL,spontaneous,66,802,50,-0.01202419786436215,-1.100941781456417,0.00167096467333947,0.27151024799573137
2023-01-13-07,AVAR,spontaneous,66,802,50,0.0034024145859859528,0.3115268409421987,0.00019240081785899877,-0.6949688304409453
2023-01-13-07,AUAR,spontaneous,66,802,50,-0.012272613740101013,-1.1236868676453748,0.0007041654770296617,-0.36044838728362566
2023-01-13-07,AWCL,spontaneous,66,802,50,0.019199493460709628,1.7579155609492105,0.0009599979220407086,-0.19322077329049833
2023-01-13-07,AVDL,spontaneous,66,802,50,-0.011627634514996335,-1.0646322358853884,0.000563073716862832,-0.45267452539433595
2023-01-13-07,URYVL,spontaneous,66,802,50,0.0033209383007323013,0.30406683008363944,0.0007792743018721717,-0.3113527005825182
2023-01-13-07,IL2VR,spontaneous,66,802,50,-0.008621641353379643,-0.7894019457880584,0.0026561666059125434,0.9154980286640471
2023-01-13-07,ASGL,spontaneous,66,802,50,0.004407392848276783,0.40354317092049224,-0.0002655379722214658,-0.9943054185611463
2023-01-13-07,AVJL,spontaneous,66,802,50,-0.01367744479844555,-1.2523139266364058,0.0023432538980002805,0.7109592903111513
2023-01-13-07,RMEV,spontaneous,66,802,50,0.008893279415752695,0.8142732674075004,0.0019270404205890196,0.4388968990993482
2023-01-13-07,SMDVR,spontaneous,66,802,50,-0.017430350909912663,-1.5959319531031098,0.0005460832344833483,-0.4637805359270917
2023-01-13-07,RMDDL,spontaneous,66,802,50,-0.019170430723827746,-1.7552545617143618,0.0018086990659989656,0.36154180692581706
2023-01-13-07,FLPR,spontaneous,66,802,50,-0.009525010737552487,-0.8721149142823769,0.0027420282562450947,0.9716224147559079
2023-01-16-01,OLLR,spontaneous,67,803,50,0.0039906513853014474,0.4029640991489811,0.0011194346854644722,0.03375779903739208
2023-01-16-01,AVAR,spontaneous,67,803,50,0.004610219591879148,0.4655262525719802,0.0002095121786473473,-0.6295759193431473
2023-01-16-01,IL1VR,spontaneous,67,803,50,0.015139757975978043,1.5287676985752918,9.03537735621172e-05,-0.7164424242699959
2023-01-16-01,AWBR,spontaneous,67,803,50,-0.0058035677620113,-0.5860269989212039,0.0026247561202147394,1.1311374738886557
2023-01-16-01,AVDL,spontaneous,67,803,50,-0.006462292469666971,-0.652543059278,-0.0009243904677884542,-1.4561912114220381
2023-01-16-01,OLQDL,spontaneous,67,803,50,0.012850688437543424,1.2976242697500744,0.001499208555961477,0.31061303865745965
2023-01-16-01,RIVL,spontaneous,67,803,50,0.020373359390731177,2.057241192193057,-0.00026540029462637137,-0.9757872224396071
2023-01-16-01,URYDR,spontaneous,67,803,50,-0.0019711020510632215,-0.19903601834601276,0.0018513113843976734,0.5672960822013294
2023-01-16-01,URBL,spontaneous,67,803,50,-0.007944588170775207,-0.8022208672843659,-0.0005570117543308466,-1.1883720441567636
2023-01-16-01,OLQDR,spontaneous,67,803,50,-0.00965321192967759,-0.9747526089259965,0.0018740848779372483,0.5838979642703456
2023-01-16-01,URBR,spontaneous,67,803,50,-0.008154358903433917,-0.8234028915085273,0.0009493449057897345,-0.09023768977058626
2023-01-16-01,IL1R,spontaneous,67,803,50,0.020115047218868275,2.0311575979163576,0.0008655528305733644,-0.15132213202547756
2023-01-16-01,RMEL,spontaneous,67,803,50,0.01011291011127069,1.0211715630617497,0.001273919105988234,0.1463769774071442
2023-01-16-01,AWCL,spontaneous,67,803,50,-0.0033188689261541603,-0.33512950591153523,0.0015570538933257678,0.3527823030039931
2023-01-16-01,AIBR,spontaneous,67,803,50,0.010998304391802561,1.1105760422303141,5.64852608287856e-05,-0.741132577902974
2023-01-16-01,OLLL,spontaneous,67,803,50,-0.0006949765593156211,-0.07017666443773395,0.0007419567277775771,-0.24142371961193596
2023-01-16-01,IL2R,spontaneous,67,803,50,-0.0043259649423200005,-0.43682306411247046,0.0016735288630586663,0.43769258293699875
2023-01-16-01,SMDDR,spontaneous,67,803,50,-0.008290235893953028,-0.8371233455880992,0.0009160344596891561,-0.1145210126989332
2023-01-16-01,AWBL,spontaneous,67,803,50,-0.0003810983922327637,-0.038482181349850084,0.0026088606866950938,1.1195496991684328
2023-01-16-01,IL2DL,spontaneous,67,803,50,0.0005306266162395699,0.05358109635560121,0.001658323456575309,0.4266078380861715
2023-01-16-01,URXL,spontaneous,67,803,50,0.016057014098333895,1.6213894916979434,0.0007855741809266616,-0.2096265861561679
2023-01-16-01,AIZL,spontaneous,67,803,50,-0.0021827721490297798,-0.220409834825707,-0.003022056667925856,-2.985390357540062
2023-01-16-01,SMDVR,spontaneous,67,803,50,-0.008312358299682143,-0.8393572002736964,0.003321265208127086,1.6388927604205346
2023-01-16-01,SMDDL,spontaneous,67,803,50,-0.009922720372337714,-1.00196676930332,0.0013960611693640379,0.23541856991940308
2023-01-16-01,AUAL,spontaneous,67,803,50,0.002173382508602194,0.2194616968825704,0.0009724195280766827,-0.07341628477493642
2023-01-16-01,URYVL,spontaneous,67,803,50,-0.011280544883523834,-1.1390758470262765,0.0017803410566415718,0.5155586968169256
2023-01-16-01,ADEL,spontaneous,67,803,50,-0.005403110027595082,-0.5455899688186399,-0.000870260823623509,-1.4167306882790875
2023-01-16-01,OLQVL,spontaneous,67,803,50,0.0031091642138469126,0.313954148225962,-0.0015935599873649765,-1.944015946300065
2023-01-16-01,CEPDR,spontaneous,67,803,50,-0.006127832903557956,-0.618770327774745,0.0016953634563435039,0.45361000650268374
2023-01-16-01,RMDVR,spontaneous,67,803,50,0.006759919628715368,0.6825965639439177,0.001611264349124398,0.39230173784663114
2023-01-16-01,CEPDL,spontaneous,67,803,50,-0.012993644605882966,-1.3120595581355525,0.0014230122033461882,0.25506587993936836
2023-01-16-01,OLQVR,spontaneous,67,803,50,0.0038027504618044394,0.38399042316086573,-0.00013821449900779868,-0.8830687479532837
2023-01-16-01,RIAL,spontaneous,67,803,50,0.004840064199257185,0.4887352769175999,0.0009503551818533341,-0.08950119828605037
2023-01-16-01,CEPVR,spontaneous,67,803,50,-0.010291324789551458,-1.039187346242704,0.0022737606140575224,0.8752616685428279
2023-01-16-01,AVDR,spontaneous,67,803,50,-0.008424928224219535,-0.8507241762013752,0.0004806737413780505,-0.4318990772599505
2023-01-16-01,AWCR,spontaneous,67,803,50,-0.006109390296391362,-0.616908048195472,0.00562822587651484,3.3206676224054106
2023-01-16-01,URYVR,spontaneous,67,803,50,0.010803434045792953,1.0908986147006028,0.0003831251772849264,-0.5030120030946109
2023-01-16-01,FLPL,spontaneous,67,803,50,-0.007321084415298003,-0.7392613138472272,0.000415194470051454,-0.47963348123447386
2023-01-16-01,AVAL,spontaneous,67,803,50,0.008894941765508174,0.8981847446566406,-5.746846440106176e-05,-0.8242048700088566
2023-01-16-01,IL1DR,spontaneous,67,803,50,-0.013943332956013788,-1.4079562610879306,0.001772200287629356,0.5096240743200721
2023-01-16-01,RMER,spontaneous,67,803,50,0.018127785342470643,1.8304898085060344,0.0001228810304288154,-0.692730046474683
2023-01-16-01,IL2L,spontaneous,67,803,50,-0.012824628270663623,-1.2949927916637975,0.002542928073919286,1.0714848091723546
2023-01-16-01,RICR,spontaneous,67,803,50,-0.012482376242859188,-1.2604332005719516,0.00158469879686202,0.3729354440897306
2023-01-16-01,AWAL,spontaneous,67,803,50,0.016038909609991756,1.6195613543511898,0.0010198949846227988,-0.03880666594848604
2023-01-16-01,AINL,spontaneous,67,803,50,0.0007961992394845727,0.08039782940292314,0.0006834337089259174,-0.2840870139198411
2023-01-16-01,IL2DR,spontaneous,67,803,50,-0.005132233645590103,-0.5182376779977953,0.003251835122042664,1.5882782115717975
2023-01-16-01,ADAL,spontaneous,67,803,50,0.013243632582982152,1.33730260000107,0.0008352570896528775,-0.17340773417875957
2023-01-16-01,URADL,spontaneous,67,803,50,-0.0009500866553749023,-0.09593692263041317,0.0040847310909272695,2.195459565945556
2023-01-16-01,ALA,spontaneous,67,803,50,-0.0038987208517701514,-0.393681227494201,0.0010415298656410706,-0.023034832671418808
2023-01-16-01,ASER,spontaneous,67,803,50,0.003213426005638097,0.3244821936371799,0.0006819100514477393,-0.2851977605746014
2023-01-16-01,AIZR,spontaneous,67,803,50,-0.007621974490473123,-0.7696442980719072,0.0017231868918308922,0.4738932974221814
2023-01-16-01,IL1L,spontaneous,67,803,50,-0.006065600032405325,-0.6124862376751083,-0.002725606953811279,-2.769278447236483
2023-01-16-01,SAAVL,spontaneous,67,803,50,-0.01203459379979195,-1.2152174622466434,0.0018197678549242444,0.5443008419037279
2023-01-16-01,RICL,spontaneous,67,803,50,-0.013983759923786023,-1.4120384559671089,0.003116018765717424,1.4892680563298368
2023-01-16-01,AINR,spontaneous,67,803,50,-0.005686608869147134,-0.5742168380351733,0.0015534685753610443,0.3501686053766691
2023-01-16-01,RID,spontaneous,67,803,50,0.010584368442692586,1.0687780221244112,-8.802266634973828e-05,-0.8464788903115974
2023-01-16-01,ASGR,spontaneous,67,803,50,0.005878840461323327,0.5936278120567496,0.0001872456982562957,-0.6458081887093693
2023-01-16-01,AVJL,spontaneous,67,803,50,-0.009152213003027387,-0.9241632284815416,0.002562513374797379,1.0857624980521596
2023-01-16-01,RIAR,spontaneous,67,803,50,-0.005313620393229538,-0.5365535718965472,0.0024588345460567072,1.0101806078685036
2023-01-16-01,AIBL,spontaneous,67,803,50,0.023672257348718515,2.3903540891805157,3.4791851113186207e-06,-0.779774019387281
2023-01-16-01,RMDDL,spontaneous,67,803,50,8.864323878201036e-05,0.00895093041527167,0.0005464563517507084,-0.3839435390505377
2023-01-16-01,AVJR,spontaneous,67,803,50,-0.007472573936882044,-0.754558274844739,0.0011700830692334384,0.0706804825447527
2023-01-16-01,SMDVL,spontaneous,67,803,50,0.019936726713645558,2.0131513240505097,0.0011251831509748258,0.03794843172687619
2023-01-16-01,ASEL,spontaneous,67,803,50,0.00011069749347270344,0.011177903411853285,0.00023402968829101914,-0.611702649129999
2023-01-16-01,RIVR,spontaneous,67,803,50,0.009972541758125921,1.0069975845522903,0.000389268797038754,-0.4985333028700415
2023-01-16-01,RMDVL,spontaneous,67,803,50,-0.01296107276760804,-1.3087705508530758,0.0016903826399142844,0.44997899017127974
2023-01-16-01,CEPVL,spontaneous,67,803,50,-0.0019328914725073672,-0.19517762785306367,0.0012539721850845945,0.13183566744489605
2023-01-16-08,SAADR,spontaneous,71,803,50,-0.008834508743035993,-0.7038308802315882,0.0024847241968257014,0.4330586843260266
2023-01-16-08,RIAR,spontaneous,71,803,50,-0.009062589044735692,-0.7220016652948015,-0.005960546294303546,-2.57372579141952
2023-01-16-08,RMER,spontaneous,71,803,50,-0.0022918905008893057,-0.18259117236223257,0.0020650851451892134,0.2836538562388139
2023-01-16-08,CEPDR,spontaneous,71,803,50,-0.02134927069422591,-1.700861521798174,0.002780115946968268,0.5382275275886437
2023-01-16-08,AWCR,spontaneous,71,803,50,-0.0053167916890309265,-0.4235801087919512,0.0003122052512825945,-0.3404270489709116
2023-01-16-08,RMGL,spontaneous,71,803,50,-0.01610249805997808,-1.2828597167234295,0.0032914235617957405,0.7202692751216062
2023-01-16-08,AWCL,spontaneous,71,803,50,-0.0031009685888679504,-0.2470491019881425,0.004804169648712591,1.2588549195558572
2023-01-16-08,RIS,spontaneous,71,803,50,0.00617577587739931,0.49201397591341506,0.003952593911811099,0.955666915296374
2023-01-16-08,ASGR,spontaneous,71,803,50,0.0024571164055964077,0.19575445029081343,0.0030035354071297165,0.6177719501265024
2023-01-16-08,AIBL,spontaneous,71,803,50,0.025184222035882727,2.0063858307272135,0.0009012111594940202,-0.1307222416716355
2023-01-16-08,URYDL,spontaneous,71,803,50,-0.016694612793104475,-1.3300325302817333,-0.0011201058260116264,-0.8503752757530221
2023-01-16-08,OLQVR,spontaneous,71,803,50,-0.00027230533091358666,-0.021694120898317265,0.0023147170606807686,0.3725307452548658
2023-01-16-08,RIH,spontaneous,71,803,50,0.016535455919486422,1.3173527621461474,-0.000711021969256435,-0.704728432225438
2023-01-16-08,AVHL,spontaneous,71,803,50,-0.01763948145120344,-1.4053086728128341,0.006391822204096811,1.824109645431275
2023-01-16-08,IL1VL,spontaneous,71,803,50,-0.003479851351328638,-0.2772340727617002,0.0026892328000560697,0.5058702412791605
2023-01-16-08,AVJR,spontaneous,71,803,50,-0.004252125590178675,-0.3387598998472716,0.0025379265839556133,0.4520004235945144
2023-01-16-08,IL2R,spontaneous,71,803,50,-0.010963194265233702,-0.873419778539677,0.0023191899242713627,0.37412322672960985
2023-01-16-08,SMDDL,spontaneous,71,803,50,0.00609864634734791,0.4858691922466698,0.0021069690703866286,0.2985658636397795
2023-01-16-08,SMDDR,spontaneous,71,803,50,-0.009403104536712479,-0.7491299783025209,-0.0017580664202963454,-1.0775095058582091
2023-01-16-08,AWAL,spontaneous,71,803,50,0.014389346517591012,1.1463757318047583,0.0038602495243469396,0.9227893809484673
2023-01-16-08,BAGL,spontaneous,71,803,50,0.01663057963630695,1.3249311132789672,0.0030800273890276924,0.6450055246971956
2023-01-16-08,ADLL,spontaneous,71,803,50,-0.0010749849322578037,-0.08564229354610328,0.0035435533144000542,0.8100354734690136
2023-01-16-08,ASGL,spontaneous,71,803,50,0.005333484586074861,0.42491000463129924,0.0026425598339194045,0.4892531832270674
2023-01-16-08,AVEL,spontaneous,71,803,50,0.01108607946338962,0.8832098415416171,0.001967795753033436,0.24901574319128295
2023-01-16-08,SAADL,spontaneous,71,803,50,0.0036863206147556417,0.29368314170774057,0.003751247348332557,0.8839811449059644
2023-01-16-08,SMDVR,spontaneous,71,803,50,0.004539972757049819,0.3616922134284639,0.0034365597603235585,0.7719423706205065
2023-01-16-08,RICL,spontaneous,71,803,50,-0.02113563416505872,-1.6838414484984683,0.003979694880824554,0.9653157208607321
2023-01-16-08,AQR,spontaneous,71,803,50,0.01732486164464929,1.3802434267616766,0.0011345984378703265,-0.04762895931963951
2023-01-16-08,SAAVL,spontaneous,71,803,50,-0.01658388995411379,-1.3212114225670586,0.002535139068062309,0.45100797941848886
2023-01-16-08,AWBL,spontaneous,71,803,50,-0.013131801185171658,-1.0461891493934228,-0.00017302806145274996,-0.5131855169654791
2023-01-16-08,URYVL,spontaneous,71,803,50,-0.006227329937920796,-0.4961212037006933,0.002423069981672169,0.4111078258919909
2023-01-16-08,ASEL,spontaneous,71,803,50,0.00926199419042723,0.7378879475202185,0.004882258939723151,1.2866571868934344
2023-01-16-08,AIZR,spontaneous,71,803,50,0.0020167081452610383,0.1606678436045674,0.002716140296195268,0.5154501643565214
2023-01-16-08,CEPDL,spontaneous,71,803,50,-0.007781575789299725,-0.6199454317919993,0.0012790110805941766,0.003786527336418999
2023-01-16-08,RMDL,spontaneous,71,803,50,0.015038697521948353,1.1981084655955714,0.003148667915566364,0.6694437318357667
2023-01-16-08,URBL,spontaneous,71,803,50,0.001245004247946494,0.0991874546974657,0.0013058596218549602,0.013345460604942858
2023-01-16-08,AUAL,spontaneous,71,803,50,0.0029940424510283797,0.23853047125219887,0.002206728772835084,0.33408348559659884
2023-01-16-08,AVAL,spontaneous,71,803,50,0.016814956570240618,1.339620122422484,0.0018748653371553569,0.21592956411859546
2023-01-16-08,OLQVL,spontaneous,71,803,50,0.014320979801374563,1.1409290672020322,0.0030975304199234023,0.6512371595075898
2023-01-16-08,IL2DR,spontaneous,71,803,50,-0.010267733409066818,-0.8180135481764549,-0.005403013544526395,-2.375226427957983
2023-01-16-08,AVDL,spontaneous,71,803,50,-0.0069498077902862415,-0.5536798340183142,-0.006906542352903814,-2.9105304285360543
2023-01-16-08,OLQDR,spontaneous,71,803,50,-0.011831284831778931,-0.9425791359350605,0.003518997340687455,0.8012927670484894
2023-01-16-08,FLPL,spontaneous,71,803,50,-0.015082035058205667,-1.2015610963165606,-0.00638680211277505,-2.725486398616479
2023-01-16-08,AVER,spontaneous,71,803,50,0.02224372486443702,1.7721212244322062,0.0009782167489307328,-0.10330580650746314
2023-01-16-08,ADEL,spontaneous,71,803,50,-0.010526159150110839,-0.838601904822419,-0.004095326740081285,-1.9096483997737004
2023-01-16-08,RMDR,spontaneous,71,803,50,-0.006777681995829284,-0.5399668531444543,-7.159089756642433e-05,-0.47707066546872395
2023-01-16-08,IL2DL,spontaneous,71,803,50,-0.011879897543665382,-0.9464520312813305,-0.0024026969427095816,-1.3070184421817737
2023-01-16-08,RID,spontaneous,71,803,50,0.013112384983366246,1.0446422923122942,0.002244529538214952,0.3475417584411302
2023-01-16-08,AIBR,spontaneous,71,803,50,0.015252993153612523,1.2151810485145562,0.0013592832216508177,0.03236595860715051
2023-01-16-08,AINL,spontaneous,71,803,50,0.01936781498518698,1.5430021822019448,0.002414897974103312,0.40819833169408176
2023-01-16-08,CEPVR,spontaneous,71,803,50,-0.010048053982984508,-0.8005120471507002,0.0013139544875719932,0.016227489853950956
2023-01-16-08,IL1L,spontaneous,71,803,50,0.01645005138970439,1.310548722768221,0.002611587131661232,0.47822591768008677
2023-01-16-08,RIVR,spontaneous,71,803,50,-0.004713245914278203,-0.3754966028200861,0.0038400722960507754,0.9156056469439491
2023-01-16-08,AIZL,spontaneous,71,803,50,0.01107915238865311,0.8826579728128582,0.0012105194713224541,-0.0205986605262267
2023-01-16-08,URXL,spontaneous,71,803,50,0.004796845941064928,0.382156880392064,0.0017590997573540654,0.17471334155499318
2023-01-16-08,IL2L,spontaneous,71,803,50,-0.006574015911010468,-0.5237411088590864,0.003666896408004561,0.8539495315717127
2023-01-16-08,IL1DL,spontaneous,71,803,50,-0.01136410539129477,-0.9053597130575559,0.0012359378431565531,-0.011548912988859494
2023-01-16-08,RMDDR,spontaneous,71,803,50,-0.011265632727903378,-0.8975145568219988,0.002139131005400878,0.31001653381219824
2023-01-16-08,AWBR,spontaneous,71,803,50,-0.014614225452944815,-1.1642914692406825,-0.005688208957812262,-2.476765051513321
2023-01-16-08,IL1DR,spontaneous,71,803,50,-0.014983753510118453,-1.1937311659250973,0.0017954243258628496,0.18764604143655303
2023-01-16-08,RIVL,spontaneous,71,803,50,0.014856472386082427,1.1835908866891116,0.002959809130987864,0.6022040072851708
2023-01-16-08,URYDR,spontaneous,71,803,50,-0.01061394447363557,-0.8455956181487577,-0.0020332415802335347,-1.1754806010266845
2023-01-16-08,AVJL,spontaneous,71,803,50,-0.013515118391111238,-1.076727405035202,-0.00509058374679145,-2.263991498706576
2023-01-16-08,OLQDL,spontaneous,71,803,50,0.007964417040334062,0.6345120955874916,0.00015919202840379226,-0.3949046152749196
2023-01-16-08,AVBL,spontaneous,71,803,50,0.011494246573527813,0.9157278484581424,-0.002432946767045283,-1.3177883402332513
2023-01-16-08,AWAR,spontaneous,71,803,50,-0.014803999361926033,-1.1794104465701833,0.002208606358364504,0.33475196566809856
2023-01-16-08,SMDVL,spontaneous,71,803,50,0.013278115296423022,1.0578457556301335,0.0014840953025376728,0.07680302283028981
2023-01-16-08,ADAL,spontaneous,71,803,50,0.016594123544896266,1.3220267160279473,0.0015023889534680607,0.08331614347929385
2023-01-16-08,AVAR,spontaneous,71,803,50,0.015789977417093277,1.2579617076127878,0.0027731995847022797,0.5357650829917715
2023-01-16-08,RMDDL,spontaneous,71,803,50,-0.014403206415692463,-1.1474799272461125,0.0027685793849922874,0.5341201451798399
2023-01-16-08,RIBL,spontaneous,71,803,50,0.021497745216965698,1.7126902444890972,0.0015235002452708556,0.09083243375350745
2023-01-16-15,URYDL,spontaneous,70,802,50,-0.001065971908151779,-0.07034312693911307,0.005194712506031776,0.3381746094172974
2023-01-16-15,OLQDR,spontaneous,70,802,50,-0.011105934751704164,-0.7328768910722532,0.005802449344871483,0.4864801154637559
2023-01-16-15,AWAL,spontaneous,70,802,50,0.025297290538603058,1.669359676333239,0.004582700891964351,0.18882593359263025
2023-01-16-15,CEPDL,spontaneous,70,802,50,0.01861642718251836,1.2284917552125443,0.003691690028158135,-0.02860669284146655
2023-01-16-15,CEPVR,spontaneous,70,802,50,-0.010859327022971746,-0.7166033301709458,0.00042287119009281054,-0.8262937852991579
2023-01-16-15,IL2DL,spontaneous,70,802,50,-0.01012924238063303,-0.6684252906939272,-0.0006849754211194474,-1.0966406555191197
2023-01-16-15,OLLL,spontaneous,70,802,50,-0.005318185602522438,-0.35094527544597665,0.0018648207017435154,-0.474416067260734
2023-01-16-15,AWCL,spontaneous,70,802,50,-0.004075879789414309,-0.26896593355114273,0.007447988961791707,0.8880397544561462
2023-01-16-15,IL1R,spontaneous,70,802,50,-0.0017162819621436682,-0.1132568682186999,0.0032427975887537926,-0.1381495346303435
2023-01-16-15,AUAR,spontaneous,70,802,50,0.018840376381905062,1.2432700873992577,0.0034935226137161207,-0.07696531914566
2023-01-16-15,AWBL,spontaneous,70,802,50,-0.013855185010538106,-0.9142989890334027,0.005280229572168406,0.35904326663612773
2023-01-16-15,AVDL,spontaneous,70,802,50,-0.007922782856427626,-0.5228217703663576,0.005964596190345336,0.5260486728310331
2023-01-16-15,CEPVL,spontaneous,70,802,50,-0.012216258515582761,-0.8061467820222361,0.00583871365598292,0.4953296645894529
2023-01-16-15,RIVL,spontaneous,70,802,50,0.0065686497699703125,0.433462984393963,0.003253664190468176,-0.13549776701768118
2023-01-16-15,AVJR,spontaneous,70,802,50,-0.017105820951813837,-1.1288073591896677,0.000835479460897503,-0.725605338442008
2023-01-16-15,RIR,spontaneous,70,802,50,0.02096202084772761,1.38327669061058,0.006824667747071535,0.7359312063630953
2023-01-16-15,RIVR,spontaneous,70,802,50,-0.001169234491642633,-0.07715739001960285,0.0029305093333589845,-0.2143569730951824
2023-01-16-15,IL2DR,spontaneous,70,802,50,-0.016836342045729442,-1.1110245370035048,0.005383334771473148,0.38420394109533035
2023-01-16-15,CEPDR,spontaneous,70,802,50,-0.013727667699790932,-0.9058841646761875,0.009894821900035147,1.4851383239786808
2023-01-16-15,URYVL,spontaneous,70,802,50,-0.0020934104827826407,-0.13814345218662366,0.00015673556676024515,-0.8912386360517974
2023-01-16-15,RICL,spontaneous,70,802,50,-0.002081050725078662,-0.13732783594152478,0.005248694678766354,0.35134783330837116
2023-01-16-15,RICR,spontaneous,70,802,50,-0.009047651602187722,-0.5970514797683963,0.005368675454399674,0.38062664036590965
2023-01-16-15,OLQVL,spontaneous,70,802,50,0.012266682786790061,0.8094742626839894,0.002306006019814777,-0.366753987763059
2023-01-16-15,URBR,spontaneous,70,802,50,-0.027793593812169802,-1.8340898879909617,0.0019163219373290008,-0.4618482643608709
2023-01-16-15,URXR,spontaneous,70,802,50,-0.002574611153678736,-0.16989772227308336,0.005801630015942832,0.486280175319245
2023-01-16-15,RIBL,spontaneous,70,802,50,0.022471288948567203,1.482872783894679,0.0036480756597584416,-0.03924987022193014
2023-01-16-15,SMDDR,spontaneous,70,802,50,0.006349491109870174,0.4190007782801459,0.004997279055436513,0.2899950916889805
2023-01-16-15,IL1VL,spontaneous,70,802,50,-0.028130471318638387,-1.856320321100159,-0.0060948927306051,-2.4168181945087874
2023-01-16-15,AIBL,spontaneous,70,802,50,0.022734077063171706,1.5002140830061774,0.0037857079444937824,-0.005663580348545298
2023-01-16-15,AVDR,spontaneous,70,802,50,-0.013930067258602605,-0.9192404433445394,0.0010402115336060928,-0.6756447441410987
2023-01-16-15,AVAL,spontaneous,70,802,50,0.014057095132676469,0.9276229699406447,0.0038159296580061518,0.0017113988029574677
2023-01-16-15,FLPL,spontaneous,70,802,50,-0.01262884016695559,-0.8333729061380092,0.007648998032861511,0.9370918278204178
2023-01-16-15,URXL,spontaneous,70,802,50,0.007570613156072514,0.499582210536736,0.005799671619885153,0.4858022695879947
2023-01-16-15,OLQVR,spontaneous,70,802,50,-0.012051078818058465,-0.7952466294554936,0.004174178282564332,0.08913450722762536
2023-01-16-15,AUAL,spontaneous,70,802,50,0.011166006125951894,0.7368409808121429,0.00385224162184228,0.010572576582700548
2023-01-16-15,AWAR,spontaneous,70,802,50,0.020171011326000545,1.3310782388771114,0.00636599757527621,0.6240023128203046
2023-01-16-15,RMDDL,spontaneous,70,802,50,-0.010168763913826716,-0.6710333033488686,0.005705695856200948,0.46286944357090287
2023-01-16-15,AIZL,spontaneous,70,802,50,0.010372776309490107,0.6844960125774678,0.00337786056206939,-0.10519023164658584
2023-01-16-15,ASGL,spontaneous,70,802,50,0.020563700958321236,1.3569916953601266,0.0031229313847986836,-0.167400382858287
2023-01-16-15,ASIR,spontaneous,70,802,50,0.021432318613272355,1.4143114816476667,0.005526860201819041,0.41922833030073364
2023-01-16-15,ASGR,spontaneous,70,802,50,0.009999562541380024,0.6598677618094801,0.004006610095882914,0.048242984557185946
2023-01-16-15,RIH,spontaneous,70,802,50,-0.00275431331421225,-0.18175620727908973,0.009556901853119987,1.4026759811385197
2023-01-16-15,IL1DR,spontaneous,70,802,50,-0.014609144567621362,-0.964052526087508,0.004452122795022708,0.15696107119184757
2023-01-16-15,AIBR,spontaneous,70,802,50,0.03083770877929266,2.034970008669609,0.004158140996286049,0.0852209418402554
2023-01-16-15,SAAVL,spontaneous,70,802,50,-0.013066647477463117,-0.8622636629979147,0.0007698359265821237,-0.7416242745228075
2023-01-16-15,RMER,spontaneous,70,802,50,0.023666872028246872,1.5617689083582027,0.0037241464634813737,-0.02068637641920238
2023-01-16-15,FLPR,spontaneous,70,802,50,-0.011658029488933783,-0.7693094367016167,-0.011623203861922097,-3.765887277563802
2023-01-16-15,AVER,spontaneous,70,802,50,0.0021385268940275056,0.14112066895844022,0.004384334824627223,0.1404188301906957
2023-01-16-15,URBL,spontaneous,70,802,50,0.009389025611880746,0.6195786356098534,0.004723769689013513,0.22325083265533002
2023-01-16-15,RID,spontaneous,70,802,50,0.020481409562644114,1.3515613138952445,0.005545451810687277,0.423765224866292
2023-01-16-15,AINL,spontaneous,70,802,50,0.0211561189352398,1.396085157985843,0.006173952348543625,0.5771376787975266
2023-01-16-15,AWBR,spontaneous,70,802,50,-0.006008322885567829,-0.396487202147261,0.006263978556852744,0.5991066981615959
2023-01-16-15,SMDVL,spontaneous,70,802,50,-0.006820267368574231,-0.45006714491954236,0.0017344647724648215,-0.5062267142748967
2023-01-16-15,IL1L,spontaneous,70,802,50,-0.009687525998401428,-0.6392765755084805,0.003625751105388195,-0.044697712316646966
2023-01-16-15,AIZR,spontaneous,70,802,50,0.0009264601372515911,0.061136792199065634,0.005205880604491327,0.34089995102532394
2023-01-16-15,RMEL,spontaneous,70,802,50,0.02006369060830905,1.3239961808884926,0.0035644447909717134,-0.059658240299018755
2023-01-16-15,IL1VR,spontaneous,70,802,50,-0.01135202794016514,-0.7491164976344711,0.006923939842419169,0.7601564917101733
2023-01-16-15,AVJL,spontaneous,70,802,50,-0.014290639171598313,-0.9430344623543954,-0.0051547453384034915,-2.1873948226675872
2023-01-16-15,IL2L,spontaneous,70,802,50,-0.013718852011571163,-0.9053024203818428,0.0074678644028618926,0.8928899415065775
2023-01-16-15,ADEL,spontaneous,70,802,50,-0.02991670530431746,-1.974193299775025,-0.003850159137543591,-1.869037757018676
2023-01-16-15,OLQDL,spontaneous,70,802,50,0.02013289243870645,1.32856278635233,0.004981392803031592,0.28611838296980574
2023-01-16-15,RMDVL,spontaneous,70,802,50,-0.017742366903226472,-1.1708128119791628,0.006103180716231141,0.5598673373058449
2023-01-16-15,IL1DL,spontaneous,70,802,50,-0.02323275197466533,-1.5331214723400737,-0.010660175225533903,-3.5308802150835037
2023-01-16-15,IL2VR,spontaneous,70,802,50,-0.010425621440554372,-0.6879832449652451,0.004108363279666322,0.07307372781383542
2023-01-16-15,BAGL,spontaneous,70,802,50,0.01972949207147914,1.3019425320828197,0.0062546806146171,0.5968377291929208
2023-01-16-15,URYVR,spontaneous,70,802,50,-0.01670640753778632,-1.1024502026180316,0.008556365153919332,1.1585158578583452
2023-01-16-15,AINR,spontaneous,70,802,50,-0.000664701211290055,-0.043863408899234346,0.014262381912591835,2.5509502946453764
2023-01-16-15,IL2VL,spontaneous,70,802,50,-0.008666974445567233,-0.5719307225081001,-0.0009229177921532405,-1.1547055307921623
2023-01-16-15,ASEL,spontaneous,70,802,50,0.008347641247645168,0.5508580324066773,0.010220960939939282,1.5647257576561153
2023-01-16-15,OLLR,spontaneous,70,802,50,0.012615726175549864,0.8325075182651421,0.003237039546549171,-0.13955466479264142
2023-01-16-22,URAVR,spontaneous,73,802,50,-0.009098318310558351,-0.6634817823848559,0.0050037779531778934,1.5697236062329298
2023-01-16-22,AIYL,spontaneous,73,802,50,0.0028457970035502423,0.20752565515649943,0.002809228189793911,0.6901395308661626
2023-01-16-22,AVDL,spontaneous,73,802,50,-0.006790064260524926,-0.49515567430222335,0.0023044367298475795,0.48781715159813493
2023-01-16-22,RICR,spontaneous,73,802,50,-0.018188994905571323,-1.3264063036498581,0.002768103410925989,0.6736565596441175
2023-01-16-22,SMDVL,spontaneous,73,802,50,0.014293393815610142,1.0423251947675272,0.0013205129288136079,0.0934566676374924
2023-01-16-22,AVJL,spontaneous,73,802,50,0.0026030812507379744,0.18982595782871017,0.0020644476089833686,0.39162857911940935
2023-01-16-22,RMEV,spontaneous,73,802,50,0.024626888890533702,1.7958804669126127,0.0005078200964181111,-0.2322737785190468
2023-01-16-22,IL1R,spontaneous,73,802,50,0.018280417787812683,1.3330731859010394,0.0004904516660193866,-0.2392351129338459
2023-01-16-22,CEPDL,spontaneous,73,802,50,-0.011185357199660505,-0.8156760928917861,-0.005676016146784063,-2.7107793813308363
2023-01-16-22,IL1VR,spontaneous,73,802,50,-0.00475075430482213,-0.3464419276448108,0.0018126100238016398,0.2906910960873091
2023-01-16-22,IL1DR,spontaneous,73,802,50,-0.010546161269451706,-0.7690636486364637,0.0023551679345944236,0.5081504156525748
2023-01-16-22,RMDVL,spontaneous,73,802,50,-0.021617479182950594,-1.576423590536192,0.0017652974088073698,0.27172801609373987
2023-01-16-22,AVBL,spontaneous,73,802,50,0.02095508000762861,1.5281190829896851,0.0005570168962955205,-0.21255550990049937
2023-01-16-22,IL2DR,spontaneous,73,802,50,-0.0030732979653439094,-0.22411583572316154,0.002457139753490381,0.5490211170299554
2023-01-16-22,RIVR,spontaneous,73,802,50,0.008879712355794088,0.6475402574176957,0.002114562704969566,0.4117149043877708
2023-01-16-22,RMDL,spontaneous,73,802,50,-0.01733178577483164,-1.2638955601776576,0.0019581781458356423,0.3490353652210009
2023-01-16-22,URBL,spontaneous,73,802,50,-0.012850263501976508,-0.9370869913962385,0.00238408479679505,0.5197404064222649
2023-01-16-22,ASEL,spontaneous,73,802,50,0.001034011341398787,0.07540379050063387,0.004903204216374933,1.5294132615927596
2023-01-16-22,IL2VR,spontaneous,73,802,50,-0.0002495793998156248,-0.01820021891782451,0.004243068563581996,1.264828326009817
2023-01-16-22,AWCL,spontaneous,73,802,50,-0.0008017136608498627,-0.058463816114860824,-0.003807002007536632,-1.9616712494731212
2023-01-16-22,FLPL,spontaneous,73,802,50,-0.015452401790721763,-1.1268441850773012,-0.0016259594243001184,-1.087500904411792
2023-01-16-22,RMER,spontaneous,73,802,50,0.0077894743874658,0.5680362209837687,0.0005312269305143596,-0.2228922284310392
2023-01-16-22,AVDR,spontaneous,73,802,50,-0.016471461771233813,-1.2011576690804475,-0.005107450035479977,-2.4828958739069127
2023-01-16-22,AIYR,spontaneous,73,802,50,-0.01595781566354167,-1.163700765132479,-0.0050700824267841385,-2.467918791093938
2023-01-16-22,IL2L,spontaneous,73,802,50,-0.009125295752779353,-0.6654490735740642,0.005100423013562427,1.6084593220938517
2023-01-16-22,CEPDR,spontaneous,73,802,50,-0.007069454418568667,-0.5155297999056913,0.0006387809111100721,-0.17978417494656587
2023-01-16-22,IL1L,spontaneous,73,802,50,-0.011597734527218918,-0.8457481166399603,0.001829419948577411,0.2974285792775203
2023-01-16-22,RICL,spontaneous,73,802,50,0.00011881693417157034,0.008664554104484806,0.0014024894267974024,0.12631316667157932
2023-01-16-22,AIZL,spontaneous,73,802,50,-0.001575887014877332,-0.11491929494867242,-0.003821502834469589,-1.9674832372724822
2023-01-16-22,RIVL,spontaneous,73,802,50,0.014382371047742907,1.0488137315005859,0.0013227984352866995,0.09437270751565821
2023-01-16-22,BAGL,spontaneous,73,802,50,-0.0005053413852656884,-0.036851294004499935,0.0037641647093264964,1.072881799727651
2023-01-16-22,SAADR,spontaneous,73,802,50,0.007444545394992619,0.54288277010299,0.004077875225770878,1.1986181941095548
2023-01-16-22,RMDVR,spontaneous,73,802,50,-0.016849352389367318,-1.2287147991244443,0.0016708796564322422,0.2338850139405215
2023-01-16-22,AINR,spontaneous,73,802,50,0.010879613934381404,0.7933802048303478,0.002409015598945087,0.5297327688298863
2023-01-16-22,IL2VL,spontaneous,73,802,50,-0.009541025907719282,-0.6957655974387639,-0.0008701219108054565,-0.7845582910670091
2023-01-16-22,ASIR,spontaneous,73,802,50,0.009754573169376434,0.7113382244838379,-0.00026744757224670773,-0.5430040735809314
2023-01-16-22,OLLR,spontaneous,73,802,50,0.003032810266091109,0.22116332846324996,0.0022599789257291935,0.46999829090025375
2023-01-16-22,RIBL,spontaneous,73,802,50,0.03222552949143512,2.3500004083678827,0.0007733682391813969,-0.12584105071539903
2023-01-16-22,URYVR,spontaneous,73,802,50,-0.0029320858763648427,-0.2138181471512643,0.002057474393783999,0.38883368736265417
2023-01-16-22,AUAL,spontaneous,73,802,50,-0.0066838886110636275,-0.4874129677111931,0.0022903332333029398,0.48216441536283233
2023-01-16-22,IL1DL,spontaneous,73,802,50,0.020767323146727454,1.5144271838415624,0.00024651315222034117,-0.337006617452121
2023-01-16-22,SAADL,spontaneous,73,802,50,0.003673459398429446,0.26788174539463844,0.0038023867313978312,1.0882013347426247
2023-01-16-22,OLQVL,spontaneous,73,802,50,0.0020473853649149503,0.1493026342644058,0.0011649971145387852,0.031125324787056596
2023-01-16-22,URAVL,spontaneous,73,802,50,-0.006643431897999196,-0.48446272007452024,0.003273664511466367,0.8762874138538276
2023-01-16-22,RIML,spontaneous,73,802,50,0.01265226225120222,0.922648034844707,0.0012753697573668116,0.0753631090503654
2023-01-16-22,OLLL,spontaneous,73,802,50,0.019036089724714697,1.3881794754899772,-0.0019276544260048351,-1.208421433781801
2023-01-16-22,RIS,spontaneous,73,802,50,0.00466666986172352,0.34031019051783395,0.0026613849668456393,0.6308833924427273
2023-01-16-22,OLQDL,spontaneous,73,802,50,0.008848299639148936,0.6452495302175834,0.00306853544070122,0.7940708849556238
2023-01-16-22,CEPVL,spontaneous,73,802,50,-0.011424114522095111,-0.8330871273752154,0.0020995515155395176,0.4056983613157993
2023-01-16-22,AVJR,spontaneous,73,802,50,0.005853984248980568,0.4268933852379301,-0.004278158943430061,-2.1505127807635414
2023-01-16-22,RMDDR,spontaneous,73,802,50,-0.02606429889075165,-1.9007015246520065,0.0030592026865826688,0.7903302808285462
2023-01-16-22,OLQVR,spontaneous,73,802,50,-0.01659414249331673,-1.2101039843635013,0.0004480582259193542,-0.2562265685089997
2023-01-16-22,AIBL,spontaneous,73,802,50,0.028653603835040675,2.08952286513876,0.00043375110364556095,-0.26196091872803917
2023-01-16-22,RIH,spontaneous,73,802,50,-0.010278092148064319,-0.7495150933552042,0.001999873584142264,0.3657470589642269
2023-01-16-22,ASIL,spontaneous,73,802,50,0.011125129914853087,0.8112841047343863,-0.004803169425273054,-2.3609390225989744
2023-01-16-22,IL1VL,spontaneous,73,802,50,-0.00878795531462252,-0.6408490071069406,0.0025896629417839654,0.6021369260149043
2023-01-16-22,URBR,spontaneous,73,802,50,-0.008466660022032243,-0.6174190098125748,0.0007875085726574385,-0.12017355009480561
2023-01-16-22,RMEL,spontaneous,73,802,50,0.01550790640604797,1.1308917793524413,0.001125119540661443,0.015142238173114678
2023-01-16-22,AIZR,spontaneous,73,802,50,-0.019970825441597135,-1.456343733798707,-0.0010024564567074218,-0.8375984914481451
2023-01-16-22,IL2DL,spontaneous,73,802,50,-0.00900946211961655,-0.6570020724066306,0.002850510968514304,0.7066858290432225
2023-01-16-22,AWBL,spontaneous,73,802,50,-0.01733428318405546,-1.2640776801548452,0.001675438397648654,0.23571217513986056
2023-01-16-22,URXR,spontaneous,73,802,50,-0.01222554638907399,-0.8915303940771624,0.0027848717734972822,0.680377384541222
2023-01-16-22,URYDL,spontaneous,73,802,50,-0.0052075523392849194,-0.3797532675815063,0.002690995539104321,0.6427514249001332
2023-01-16-22,AVHL,spontaneous,73,802,50,-0.005794009553444859,-0.42251981679002865,0.0011756021970607277,0.035375883083746694
2023-01-16-22,FLPR,spontaneous,73,802,50,-0.010001818705255135,-0.729368249729397,-0.00614241420784474,-2.8977135370905702
2023-01-16-22,AIBR,spontaneous,73,802,50,0.029577428516614317,2.156891451884104,4.1210845217199954e-05,-0.41929258010788145
2023-01-16-22,RIMR,spontaneous,73,802,50,0.02215666065367071,1.6157426241214565,0.0011030646694506093,0.006302560064653345
2023-01-16-22,ASHL,spontaneous,73,802,50,-0.0018641904696985396,-0.13594340990522505,0.0029789066088979914,0.7581473007821294
2023-01-16-22,OLQDR,spontaneous,73,802,50,-0.007484298658182879,-0.5457817196689202,0.0013956360215240837,0.12356629519888584
2023-01-16-22,URYDR,spontaneous,73,802,50,-0.0030232435245345726,-0.2204656875890919,0.002269749833157278,0.4739145085768917
2023-01-16-22,URYVL,spontaneous,73,802,50,0.01745846998564807,1.2731338241208925,0.0014483367432243665,0.14468894930376514
2023-01-16-22,AUAR,spontaneous,73,802,50,0.028885065263701635,2.1064018570578606,0.000830962450004388,-0.1027570671491738
2023-01-16-22,ASGL,spontaneous,73,802,50,0.0003635852285637169,0.026513930076101734,0.0025470428814191376,0.5850546401567488
2023-01-17-07,ADAL,spontaneous,68,802,50,0.0054761230472619386,0.4558271698723873,0.0045426297980527535,1.2610585408526969
2023-01-17-07,OLQDR,spontaneous,68,802,50,0.00653638460047803,0.5440823129646596,-0.0013615108867237008,-0.9608181037160931
2023-01-17-07,CEPVR,spontaneous,68,802,50,-0.013473062657109158,-1.121484664880587,0.0026202044299917216,0.537601520725289
2023-01-17-07,AVAR,spontaneous,68,802,50,0.02268005513276277,1.887865786523197,0.0009874753996737427,-0.07683548087375401
2023-01-17-07,AVDR,spontaneous,68,802,50,-0.009787732811711445,-0.814721383819213,-0.0036036212364055488,-1.8045806233574557
2023-01-17-07,AUAL,spontaneous,68,802,50,-0.011891169564674049,-0.9898094185170289,0.0014069338897745986,0.081017299451122
2023-01-17-07,ASGL,spontaneous,68,802,50,0.004448328109581761,0.3702745163603063,0.004394649651726795,1.2053698896948242
2023-01-17-07,RMDVR,spontaneous,68,802,50,-0.01078691823537577,-0.8978926091397214,0.003961086690056349,1.0422092419532278
2023-01-17-07,AIZL,spontaneous,68,802,50,-0.010243672622518886,-0.852673371347401,0.005201224539222272,1.5089043073693162
2023-01-17-07,RIH,spontaneous,68,802,50,0.007747030103793791,0.6448552701704108,0.0029341829401595626,0.6557595314985103
2023-01-17-07,IL1DL,spontaneous,68,802,50,-0.014395163822393125,-1.1982394713156945,-0.0011413069681828348,-0.877949830453224
2023-01-17-07,URXL,spontaneous,68,802,50,-0.007870124928343946,-0.6551015639472992,0.0022749387187851614,0.4076693492446335
2023-01-17-07,AIBR,spontaneous,68,802,50,0.020763199636216083,1.7283085946003303,0.001247858932980501,0.021153392050010125
2023-01-17-07,RMEL,spontaneous,68,802,50,0.018625364115499483,1.5503572398461396,0.00040152871058669973,-0.297341958099441
2023-01-17-07,AVJL,spontaneous,68,802,50,-0.015613123914442646,-1.2996212877915012,0.00349941444438671,0.8684703636192619
2023-01-17-07,AIZR,spontaneous,68,802,50,-0.013844344879849412,-1.1523898369073988,-0.0029463960814318573,-1.5572502665750716
2023-01-17-07,AVER,spontaneous,68,802,50,0.0211357097612981,1.7593159760268389,0.0013021096625175914,0.04156930612537797
2023-01-17-07,RIAL,spontaneous,68,802,50,0.0019533842064316156,0.16259780629588758,0.002780191340969988,0.5978086194239839
2023-01-17-07,AWAL,spontaneous,68,802,50,0.010820708989044622,0.9007053186935049,0.004522096249161828,1.2533312499315141
2023-01-17-07,FLPL,spontaneous,68,802,50,0.0068370564728135455,0.5691099479253928,0.0038932648107943566,1.016686162885763
2023-01-17-07,RMER,spontaneous,68,802,50,0.0031098068953381132,0.2588573090336921,0.00026083105395834213,-0.3502900252100646
2023-01-17-07,IL1L,spontaneous,68,802,50,0.007102283979728427,0.5911872282943518,-0.00040528170820536134,-0.6009650121250782
2023-01-17-07,CEPVL,spontaneous,68,802,50,-0.013347589521935021,-1.1110404028346421,0.002540207327626661,0.5074965989648014
2023-01-17-07,ASEL,spontaneous,68,802,50,-0.0009479400570173215,-0.07890561071576425,-0.0016364748555422102,-1.0642939612597755
2023-01-17-07,CEPDR,spontaneous,68,802,50,-0.005082713402549951,-0.42308013270724726,0.003103735392559407,0.7195663840330276
2023-01-17-07,ADEL,spontaneous,68,802,50,0.014356361117978955,1.1950095718441422,-0.006437327901257298,-2.870975716622651
2023-01-17-07,AIBL,spontaneous,68,802,50,0.02642261295555861,2.199392668904295,0.000838909851135173,-0.13274443360865945
2023-01-17-07,RMED,spontaneous,68,802,50,0.0024432103221364494,0.20337045696942513,0.0026799693032850294,0.5600925457915458
2023-01-17-07,RIVL,spontaneous,68,802,50,0.016242454301304353,1.3520061386580828,-0.0012778958686278413,-0.9293516692658745
2023-01-17-07,RICL,spontaneous,68,802,50,-0.004633585403611115,-0.3856951537906211,0.0031701177586719517,0.7445477380947597
2023-01-17-07,IL1R,spontaneous,68,802,50,-0.004078447382952001,-0.33948600351009073,0.0008720047984169482,-0.1202899725203231
2023-01-17-07,URBR,spontaneous,68,802,50,-0.012071193583408222,-1.0047944431887592,0.0015912763717286608,0.150390012115587
2023-01-17-07,IL2DR,spontaneous,68,802,50,-0.009478369570821507,-0.7889702877718153,-0.0057036939577007305,-2.594890810811679
2023-01-17-07,OLLL,spontaneous,68,802,50,0.00203767380204246,0.16961399046220027,0.0007899667305608204,-0.15116296093082565
2023-01-17-07,RIVR,spontaneous,68,802,50,0.010247206825398822,0.8529675549664709,-0.00033816603259979666,-0.575707695256433
2023-01-17-07,RMDL,spontaneous,68,802,50,-0.0038188818188818713,-0.3178800177706769,-0.0004341992353128907,-0.6118474049285854
2023-01-17-07,IL2VR,spontaneous,68,802,50,-0.010894900993697639,-0.9068809891845201,-0.0026486181630409754,-1.4451889459756182
2023-01-17-07,OLQVL,spontaneous,68,802,50,0.007398779652132021,0.6158672404242319,0.0010540452957849575,-0.05178355455664269
2023-01-17-07,AINL,spontaneous,68,802,50,0.0054816769717691395,0.4562894731603071,-0.0014657600258615538,-1.0000496769175993
2023-01-17-07,AVJR,spontaneous,68,802,50,-0.004005123535283382,-0.3333825975642269,-0.0008227430041669432,-0.7580661980605854
2023-01-17-07,URADL,spontaneous,68,802,50,-0.0227504319725204,-1.8937238863895471,-0.0005548822656189995,-0.6572634647329061
2023-01-17-07,SMDDL,spontaneous,68,802,50,0.00324659584020255,0.2702434881003883,0.001815751951119806,0.23486581880008112
2023-01-17-07,IL1VR,spontaneous,68,802,50,0.005615993847614741,0.46746987960011743,0.0020863043029424717,0.33668147390429204
2023-01-17-07,IL2VL,spontaneous,68,802,50,-0.012935771557902955,-1.0767610750278638,-0.00023188502160575975,-0.5357114775684477
2023-01-17-07,SAAVL,spontaneous,68,802,50,-0.0010389392075136371,-0.0864802917215658,0.002007614081737048,0.3070683643957231
2023-01-17-07,RMDDL,spontaneous,68,802,50,-0.014939055257605128,-1.2435124667343198,0.0002570552736707424,-0.3517109463032344
2023-01-17-07,ASGR,spontaneous,68,802,50,-0.004849787807536272,-0.40369163214771103,0.003452042928910969,0.8506432708257637
2023-01-17-07,SMDVR,spontaneous,68,802,50,-0.012816317740296632,-1.0668178551367098,0.006650247850393037,2.0542082261643944
2023-01-17-07,AVDL,spontaneous,68,802,50,-0.007949068096269933,-0.661672716659884,0.004003406654473275,1.05813530902331
2023-01-17-07,OLQDL,spontaneous,68,802,50,0.010372583045366061,0.8634037498846145,0.000910358537546239,-0.105856495787124
2023-01-17-07,OLLR,spontaneous,68,802,50,0.007171254474231318,0.596928265346043,0.0007522106804093039,-0.1653715122682162
2023-01-17-07,URXR,spontaneous,68,802,50,-0.0022827182578274547,-0.19001125323540308,0.002882951381767308,0.636479807465152
2023-01-17-07,CEPDL,spontaneous,68,802,50,-0.007409043822273239,-0.6167216199891504,0.0023430927673881337,0.433317431990054
2023-01-17-07,AWCR,spontaneous,68,802,50,-0.016526773808646093,-1.3756726186207449,0.007611068795241489,2.4157893149206027
2023-01-17-07,AWAR,spontaneous,68,802,50,0.01015190128100451,0.8450344139103859,0.005849405157826148,1.752830977621523
2023-01-17-07,AVEL,spontaneous,68,802,50,0.023948410263082528,1.9934424370945996,0.0012041022057028223,0.004686634977008333
2023-01-17-07,URYVL,spontaneous,68,802,50,0.01995487246809744,1.661024225313064,0.002343835658296802,0.43359700052467387
2023-01-17-07,URYVR,spontaneous,68,802,50,0.010886827669013579,0.9062089734700383,-0.0011607867096876385,-0.8852805471489423
2023-01-17-07,URBL,spontaneous,68,802,50,-0.011570312437983806,-0.9631015825662412,0.0018935281982042378,0.2641349768580337
2023-01-17-07,RMDDR,spontaneous,68,802,50,-0.020487773634582297,-1.7053824014248922,0.0024421994833504143,0.47061378200493204
2023-01-17-07,AWBL,spontaneous,68,802,50,-0.0052547375960069415,-0.43739925968382,-0.0012697514390971193,-0.9262867155793361
2023-01-17-07,RIML,spontaneous,68,802,50,0.018129021800586977,1.509042187072152,0.0009666609152938658,-0.08466849488570609
2023-01-17-07,AWCL,spontaneous,68,802,50,-0.006020401293660007,-0.5011323630788814,0.003178460932294216,0.7476874841818896
2023-01-17-07,RID,spontaneous,68,802,50,0.010893984219009528,0.9068046777488774,0.0021684124118420823,0.36758082052117624
2023-01-17-07,IL2DL,spontaneous,68,802,50,-0.010467364908692796,-0.871293300236676,0.00285125095051934,0.6245501378361354
2023-01-17-07,AUAR,spontaneous,68,802,50,-0.008190787088317043,-0.6817931710576958,-0.0039067337584556515,-1.918649489493386
2023-01-17-07,SMDVL,spontaneous,68,802,50,0.010363853411941917,0.8626771036673166,0.0007019426292204908,-0.18428864430614306
2023-01-17-07,IL1VL,spontaneous,68,802,50,-0.010847366124509136,-0.9029242327885361,-0.0028636233257094213,-1.5261007966411178
2023-01-17-14,SMDDL,spontaneous,87,802,50,0.006040007828073692,0.5039366961292505,0.0029907396885377924,0.27496619964068736
2023-01-17-14,AVEL,spontaneous,87,802,50,0.02382818144071693,1.9880595144580844,0.001979834366688028,-0.04810266533905998
2023-01-17-14,RIVL,spontaneous,87,802,50,0.006644683182471991,0.5543866473544701,0.0035492148933261177,0.4534457729801085
2023-01-17-14,AUAL,spontaneous,87,802,50,-0.0033020849907930893,-0.2755032523076978,0.0016946782599000666,-0.13923390955237455
2023-01-17-14,ADER,spontaneous,87,802,50,-0.00748940205047431,-0.6248641777842427,-0.006863112866854648,-2.874164477526259
2023-01-17-14,URXR,spontaneous,87,802,50,-0.016796864979553083,-1.401414846481192,-0.004640620980749,-2.163892293226137
2023-01-17-14,AWCR,spontaneous,87,802,50,-0.00806987815034739,-0.6732951097099263,0.0048379332946705,0.8652991703279552
2023-01-17-14,ASGL,spontaneous,87,802,50,0.012088184396057902,1.0085549357132813,0.0038460082691609086,0.5482960987148694
2023-01-17-14,IL1VL,spontaneous,87,802,50,-0.00861494860542408,-0.718772038235136,2.633243732472036e-05,-0.6724100435021589
2023-01-17-14,OLQDR,spontaneous,87,802,50,-0.01843711180449997,-1.5382657561701358,0.0024988459172473206,0.11776496729319623
2023-01-17-14,AIBL,spontaneous,87,802,50,0.022530089803222235,1.8797556794809844,0.0018927533875380846,-0.07593232701679145
2023-01-17-14,AVJR,spontaneous,87,802,50,-0.0067571223112643415,-0.5637677946463503,0.003456333236456435,0.4237623092434459
2023-01-17-14,ASIL,spontaneous,87,802,50,0.022142602768648045,1.847426427341834,0.00712043449803434,1.5947493543831266
2023-01-17-14,SMDVL,spontaneous,87,802,50,-0.0003956562650984097,-0.03301083652736267,0.0023971047673248644,0.08525015397018643
2023-01-17-14,ASHL,spontaneous,87,802,50,0.007059920094444132,0.5890311583363191,0.007696516636330081,1.7788558167111292
2023-01-17-14,RIML,spontaneous,87,802,50,0.018535854262026346,1.5465041474487438,0.0017594498759199069,-0.11853395672974643
2023-01-17-14,CEPVR,spontaneous,87,802,50,-0.014177908327274365,-1.1829071226135603,0.003237719175889867,0.35389681849044424
2023-01-17-14,CEPDL,spontaneous,87,802,50,-0.009004360735225083,-0.7512619070747859,0.0031474557989469173,0.3250501143452546
2023-01-17-14,URYVL,spontaneous,87,802,50,0.009385812528815431,0.7830876202304926,0.0029394081998726073,0.25856149247143706
2023-01-17-14,AINL,spontaneous,87,802,50,0.015976305220860004,1.332952985910345,0.004488048945302533,0.753481834736477
2023-01-17-14,AIBR,spontaneous,87,802,50,0.02007331434599815,1.6747792386739893,0.002141782465314105,0.003653307527932728
2023-01-17-14,RICL,spontaneous,87,802,50,-0.0012285618063944978,-0.10250274425595884,0.0020955506200606233,-0.011121636721674617
2023-01-17-14,RIVR,spontaneous,87,802,50,0.0037079385037765253,0.30936487703849724,0.0018708677680560535,-0.08292661430820729
2023-01-17-14,OLQVL,spontaneous,87,802,50,0.007901986919223515,0.659287420526414,0.000897171696667362,-0.39410400928242567
2023-01-17-14,IL2DL,spontaneous,87,802,50,-0.008344628428344793,-0.6962183825426309,-0.0013458582145892714,-1.1109398116890512
2023-01-17-14,IL2R,spontaneous,87,802,50,-0.01467072301280887,-1.2240241892633628,0.004961525667295353,0.9047972782922137
2023-01-17-14,AIML,spontaneous,87,802,50,0.01975042561887489,1.6478396248530305,0.005174493483741784,0.9728583214477355
2023-01-17-14,SAAVL,spontaneous,87,802,50,-0.013043381598662652,-1.0882500182585728,0.002085987838429103,-0.014177745875488673
2023-01-17-14,IL1L,spontaneous,87,802,50,-0.00945649488502258,-0.7889848697168433,0.000202394765142856,-0.6161433930211652
2023-01-17-14,URXL,spontaneous,87,802,50,-0.006597622641669035,-0.5504602396203495,-0.0037449339597282914,-1.8776453193465634
2023-01-17-14,IL1VR,spontaneous,87,802,50,0.008646243893694406,0.7213831017675472,0.0009696148733428178,-0.37095235070648536
2023-01-17-14,URBL,spontaneous,87,802,50,-0.007680117878578601,-0.6407761942998045,0.002485670831302142,0.11355442455460325
2023-01-17-14,RMDDR,spontaneous,87,802,50,-0.01572423454181865,-1.311921942772166,0.003808821451470924,0.5364117978573678
2023-01-17-14,AWBR,spontaneous,87,802,50,-0.00723722040372731,-0.6038238762641954,0.006008043018762087,1.2392471675274541
2023-01-17-14,OLQDL,spontaneous,87,802,50,-0.0009860986808225144,-0.08227328927644684,-0.0007886064207100808,-0.9328512205368586
2023-01-17-14,AVJL,spontaneous,87,802,50,-0.006348037689852329,-0.5296365884592547,0.002833635616155611,0.22475829861259247
2023-01-17-14,FLPL,spontaneous,87,802,50,-0.00401229747182803,-0.33475849525274703,0.001472085365800367,-0.21037097065495164
2023-01-17-14,URBR,spontaneous,87,802,50,-0.011089045422941958,-0.9251936541689492,0.0019118407621552492,-0.06983231317798108
2023-01-17-14,URAVL,spontaneous,87,802,50,-0.012917610133113258,-1.077756512518116,0.003350715412304396,0.39000857401926753
2023-01-17-14,IL1DL,spontaneous,87,802,50,-0.01596634135940174,-1.3321216698645895,0.00016094240079025221,-0.6293908930715337
2023-01-17-14,URYVR,spontaneous,87,802,50,-0.0069468163452715,-0.5795945596926937,0.0027225501937360066,0.18925720809381993
2023-01-17-14,AVER,spontaneous,87,802,50,0.001359648128179045,0.11343968503288968,0.0024299054695034452,0.09573272379579834
2023-01-17-14,RMER,spontaneous,87,802,50,0.016760279734102553,1.398362425318139,0.0013186274379868488,-0.25941362330430157
2023-01-17-14,URADR,spontaneous,87,802,50,-0.006269913695494683,-0.523118459886304,-0.005378902694352948,-2.399835096270137
2023-01-17-14,ADLL,spontaneous,87,802,50,-0.0023172858809852055,-0.1933383902952777,0.00577992220736798,1.1663434741523928
2023-01-17-14,RID,spontaneous,87,802,50,0.016475882392719007,1.374634267891152,0.003678724986996777,0.4948350881427195
2023-01-17-14,OLLL,spontaneous,87,802,50,-0.00363762537343785,-0.30349843321822856,-0.001158651251439907,-1.0511115173931003
2023-01-17-14,AIZR,spontaneous,87,802,50,-0.009653057912288664,-0.8053847363000006,0.007927941278805604,1.8528153606534872
2023-01-17-14,RMDVL,spontaneous,87,802,50,0.0027514374841275287,0.2295610129696817,0.0018005274892596234,-0.10540622099534953
2023-01-17-14,AVAL,spontaneous,87,802,50,0.01846294437465178,1.5404210480878588,0.001852276789695424,-0.08886798799376813
2023-01-17-14,ASKR,spontaneous,87,802,50,0.002859719833452072,0.23859534718264358,0.00419067829683085,0.6584470220754396
2023-01-17-14,RMDDL,spontaneous,87,802,50,0.019227566580883138,1.604215864148251,0.0022030429313504457,0.02323115404107258
2023-01-17-14,BAGL,spontaneous,87,802,50,0.021189441554026682,1.7679012136256749,0.002960164744461968,0.26519494582898395
2023-01-17-14,OLLR,spontaneous,87,802,50,0.00024373077558074448,0.020335218974435014,-0.0007735288352988799,-0.9280326699761408
2023-01-17-14,AIZL,spontaneous,87,802,50,0.01389366362871912,1.159191700653939,0.004998835443313598,0.9167208746274342
2023-01-17-14,URADL,spontaneous,87,802,50,-0.019916680499145332,-1.6617107881799114,-0.00432483459480817,-2.0629721110123547
2023-01-17-14,ASKL,spontaneous,87,802,50,-0.0023553135009683414,-0.19651115326536675,0.004348518930622487,0.7088903161254105
2023-01-17-14,URYDL,spontaneous,87,802,50,-0.010470806530741701,-0.873612054670697,-0.0023310022567500236,-1.4257757915413107
2023-01-17-14,IL2VR,spontaneous,87,802,50,-0.018439288430750635,-1.5384473588886574,0.0012138732996688684,-0.2928913386123934
2023-01-17-14,ADEL,spontaneous,87,802,50,0.013241097255134893,1.104746052292261,-0.0034670319228516312,-1.7888323576490037
2023-01-17-14,RMEL,spontaneous,87,802,50,0.014569030919218986,1.215539700645987,0.001583905079843774,-0.17463521250080452
2023-01-17-14,IL2L,spontaneous,87,802,50,-0.010703772922061806,-0.8930491674845805,4.746553284970488e-05,-0.6656562506026692
2023-01-17-14,CEPDR,spontaneous,87,802,50,-0.013641647555975285,-1.1381652134895173,0.00176671424878998,-0.11621238155628726
2023-01-17-14,AVHL,spontaneous,87,802,50,-0.009385128916739746,-0.7830305843423513,0.005731259715415801,1.1507917348329186
2023-01-17-14,IL2VL,spontaneous,87,802,50,-0.004624736742598863,-0.38585621424204364,-0.0005651642467025587,-0.8614427434174303
2023-01-17-14,RMDVR,spontaneous,87,802,50,-0.008500758473249631,-0.7092447992684762,0.003525271455645313,0.445793840530988
2023-01-17-14,RMDL,spontaneous,87,802,50,0.01657338084902455,1.3827688682669907,0.0023079192612583503,0.05674791978980774
2023-01-17-14,RIAL,spontaneous,87,802,50,0.0025295867175636633,0.21105131140666383,0.003943244137121357,0.5793710973505688
2023-01-17-14,AVDL,spontaneous,87,802,50,-0.012283387268866967,-1.024841320366811,0.0013249224647612912,-0.25740183534446087
2023-01-17-14,FLPR,spontaneous,87,802,50,-0.011136952907291305,-0.9291907250453578,-0.0006032290424856211,-0.8736076317640636
2023-01-17-14,AIYL,spontaneous,87,802,50,-0.011602196040954625,-0.9680074111074827,0.007355511892620311,1.6698762583668934
2023-01-17-14,OLQVR,spontaneous,87,802,50,-0.0086009244026755,-0.7176019552484688,-0.004329243581944624,-2.064381151442846
2023-01-17-14,RIMR,spontaneous,87,802,50,0.01620858715428626,1.3523329922668392,0.0018326674318074863,-0.09513481917855754
2023-01-17-14,AIMR,spontaneous,87,802,50,0.013887311822555919,1.1586617496499916,0.0062570655922173785,1.3188307233972816
2023-01-17-14,SMDVR,spontaneous,87,802,50,-0.0023428572082192125,-0.19547188590136785,0.006164909184968886,1.289379037619327
2023-01-17-14,AIYR,spontaneous,87,802,50,0.0063784216702578115,0.5321716187334915,0.004689584279498425,0.817889242893002
2023-01-17-14,IL1R,spontaneous,87,802,50,0.009235847070771883,0.7705755342181675,0.0017162036858543242,-0.1323547342419481
2023-01-17-14,AWAL,spontaneous,87,802,50,0.012519297983933676,1.0445240872962904,0.0025399359503868787,0.13089667219320275
2023-01-17-14,ASEL,spontaneous,87,802,50,0.01467714046892143,1.2245596176473934,0.0045959061006451895,0.7879512237122281
2023-01-17-14,AVDR,spontaneous,87,802,50,-0.021904576329802295,-1.8275671389770383,0.00363876659883197,0.4820650385329274
2023-01-17-14,ADAL,spontaneous,87,802,50,0.00848407279352407,0.7078526609546005,0.003540614583534253,0.450697254139741
2023-01-17-14,RIH,spontaneous,87,802,50,0.0018260544031041632,0.15235341559914206,0.0033082629327939594,0.3764414534644793
2023-01-17-14,ASGR,spontaneous,87,802,50,-0.002734091461353874,-0.22811378017522918,0.004071045326138948,0.6202142744380382
2023-01-17-14,AWBL,spontaneous,87,802,50,8.392171735095872e-05,0.007001850689458896,0.004296282132526913,0.6921962868170741
2023-01-17-14,RICR,spontaneous,87,802,50,-0.003007780505362266,-0.25094851094549525,0.004609231381008046,0.7922097661388203
2023-01-17-14,IL2DR,spontaneous,87,802,50,-0.009329674533534836,-0.7784038521503368,0.005831884559108771,1.1829497948787076
2023-01-17-14,URAVR,spontaneous,87,802,50,-0.009596588506283065,-0.8006733175891546,-0.0084388601695235,-3.377747633698208
2023-01-18-01,RMDVR,spontaneous,70,802,50,-0.007759521153950095,-0.7472235440821684,0.004393858282167915,1.4377072782608873
2023-01-18-01,RIVR,spontaneous,70,802,50,0.016791558789903998,1.6169874172285617,-0.0007828236320356111,-1.236619206262505
2023-01-18-01,IL2DL,spontaneous,70,802,50,-0.014502340708539209,-1.3965411275675566,-1.4601864772134145e-05,-0.8397480342974838
2023-01-18-01,ASER,spontaneous,70,802,50,-0.009458992898199252,-0.9108786556039543,-0.00043053413213508753,-1.054622870497991
2023-01-18-01,OLLL,spontaneous,70,802,50,0.00021768468577337748,0.02096252064641802,0.0017882973121998182,0.09164800235534001
2023-01-18-01,RIH,spontaneous,70,802,50,-0.008605291553612997,-0.8286692342191412,0.0033284457782585294,0.8873043515657796
2023-01-18-01,URYVL,spontaneous,70,802,50,0.010933256455907188,1.052846751140484,0.0013547958593864726,-0.13230325359438333
2023-01-18-01,ASIR,spontaneous,70,802,50,-0.005590190361454593,-0.5383221169329058,0.0029489012702288504,0.6912278016247463
2023-01-18-01,RMER,spontaneous,70,802,50,0.024847863144129814,2.3927904819195733,0.0018514910507775656,0.1242945299062837
2023-01-18-01,AUAL,spontaneous,70,802,50,-0.0025826071751154198,-0.24869896583494674,0.0026103704616941537,0.5163393456414987
2023-01-18-01,CEPDL,spontaneous,70,802,50,-0.014010089539179914,-1.3491385036105357,0.00235229353925331,0.3830141848209836
2023-01-18-01,AVAR,spontaneous,70,802,50,0.0036179062371337967,0.3483958181223465,0.0012771006286796543,-0.1724413993495428
2023-01-18-01,FLPL,spontaneous,70,802,50,-0.008617913595796566,-0.8298847070436673,0.0018951422714747655,0.14684519412074865
2023-01-18-01,RIS,spontaneous,70,802,50,0.009557849923890178,0.9203983534859032,-0.00010752290450474524,-0.8877519877265224
2023-01-18-01,CEPVL,spontaneous,70,802,50,-0.01011953770387821,-0.9744875589024828,0.002106432923758097,0.2560000923158941
2023-01-18-01,IL1VL,spontaneous,70,802,50,0.009900371324018683,0.9533823546182046,0.0019510309911491045,0.17571787466947902
2023-01-18-01,AVJL,spontaneous,70,802,50,-0.005282789621459856,-0.5087201523483492,0.00037072246563975774,-0.6406855693767832
2023-01-18-01,RICL,spontaneous,70,802,50,-0.0029735473081312492,-0.28634557648531334,0.0029802331163406646,0.7074141517336708
2023-01-18-01,OLQVL,spontaneous,70,802,50,0.002391662091417379,0.230311405657566,9.852920725889066e-05,-0.7813033728001312
2023-01-18-01,IL2VR,spontaneous,70,802,50,-0.011273861030871257,-1.0856461665407102,-0.0017159298689801157,-1.7186713708909336
2023-01-18-01,ASGR,spontaneous,70,802,50,-0.004155573019525928,-0.40017185825464047,0.003151907764871338,0.7961030197954944
2023-01-18-01,AIZR,spontaneous,70,802,50,-0.004560795770725318,-0.43919385127283006,0.0016066200966728728,-0.002208293467102545
2023-01-18-01,RID,spontaneous,70,802,50,0.013563086453856137,1.306093163182375,0.0009387861196240223,-0.3472181128237781
2023-01-18-01,AVEL,spontaneous,70,802,50,0.022307751668600592,2.148183751497489,0.0005289334462476209,-0.5589521689874098
2023-01-18-01,URADL,spontaneous,70,802,50,-0.0026395086421992097,-0.25417844260345585,0.0020596100978029146,0.23181094459395224
2023-01-18-01,URBL,spontaneous,70,802,50,-0.012796532911084183,-1.2322758691000957,0.00012813765001009903,-0.7660073503812542
2023-01-18-01,ASHL,spontaneous,70,802,50,0.01400877982211599,1.3490123809533725,-0.0005456495820414536,-1.114092681771838
2023-01-18-01,RIAL,spontaneous,70,802,50,-0.007387303514870621,-0.7113798653390186,0.005141897511673042,1.824151946116402
2023-01-18-01,RMEL,spontaneous,70,802,50,0.003421530110162851,0.32948526131644595,0.0021127968208736712,0.259287746238432
2023-01-18-01,IL1DL,spontaneous,70,802,50,0.002052293773145939,0.1976310388544031,0.0008475859449979596,-0.3943330498506098
2023-01-18-01,CEPDR,spontaneous,70,802,50,-0.015016918330240488,-1.4460937361067143,0.006665848882661997,2.611440711412029
2023-01-18-01,ADAL,spontaneous,70,802,50,0.012960487084825908,1.2480642684535777,0.004309104768542187,1.3939227518205424
2023-01-18-01,AWCR,spontaneous,70,802,50,0.020017090046118825,1.9275984522393637,7.12088680810715e-05,-0.7954173376603122
2023-01-18-01,AIZL,spontaneous,70,802,50,-0.007543913255143187,-0.7264610131112214,0.002665313912471279,0.5447236906717035
2023-01-18-01,ASGL,spontaneous,70,802,50,0.014774312088579456,1.4227313285413805,0.0018741691430299368,0.13601026282828854
2023-01-18-01,AINL,spontaneous,70,802,50,-0.0002327227089841524,-0.02241064673262954,0.0017569938094663528,0.07547629472370793
2023-01-18-01,ADEL,spontaneous,70,802,50,0.004237246476576538,0.4080368190974539,0.0008810631036036475,-0.37703840950577105
2023-01-18-01,AINR,spontaneous,70,802,50,-0.008676601146258822,-0.8355361794193285,0.002915455749612404,0.6739495057866683
2023-01-18-01,RMDL,spontaneous,70,802,50,0.014656435432594022,1.4113800852233374,0.002149802687683823,0.27840535310193193
2023-01-18-01,RICR,spontaneous,70,802,50,-0.010982411184873538,-1.0575802353411086,-0.0019438122951913783,-1.8363977481099198
2023-01-18-01,IL2DR,spontaneous,70,802,50,-0.009480177328919192,-0.9129186662035591,-0.002605439751440913,-2.1782012157483615
2023-01-18-01,IL1DR,spontaneous,70,802,50,-0.0013830160447611064,-0.13318117574340504,0.0013866155535102321,-0.1158648762447686
2023-01-18-01,IL1L,spontaneous,70,802,50,0.0011359234534664344,0.10938674331381353,0.001348918201002405,-0.13533971164685984
2023-01-18-01,IL1VR,spontaneous,70,802,50,0.01506478123104436,1.4507028203090966,0.00406603528662317,1.2683505872856036
2023-01-18-01,AVDL,spontaneous,70,802,50,-0.008154121562787924,-0.7852226306415208,-0.00251603036110354,-2.1320114160837793
2023-01-18-01,AIBR,spontaneous,70,802,50,0.0070302810236225095,0.6769994434116098,0.001642621742068766,0.016390522408465898
2023-01-18-01,RIVL,spontaneous,70,802,50,0.012072846778436107,1.162586605276756,-2.5410082209139475e-05,-0.8453316692631485
2023-01-18-01,ASEL,spontaneous,70,802,50,0.0016736061969865083,0.16116432046499723,0.002637846923888713,0.5305339652387164
2023-01-18-01,AVDR,spontaneous,70,802,50,-0.0036452668125837094,-0.3510305768594116,0.0025203041185434018,0.4698101574772908
2023-01-18-01,URBR,spontaneous,70,802,50,-0.007098593178383646,-0.6835777424292651,0.002041813550452341,0.22261706737655387
2023-01-18-01,IL2R,spontaneous,70,802,50,0.010749960254371351,1.0351957602338242,0.0020910456932193232,0.24805089264797492
2023-01-18-01,AVAL,spontaneous,70,802,50,0.015381402101260724,1.4811926616381603,0.0008057717701947737,-0.41593467748738455
2023-01-18-01,RMGL,spontaneous,70,802,50,-0.007366931296287977,-0.7094180688482145,0.007506390428985923,3.0456730161840664
2023-01-18-01,RMDDL,spontaneous,70,802,50,-0.009684915034207908,-0.9326344232351906,0.004865422348802034,1.6813220673189107
2023-01-18-01,RMDR,spontaneous,70,802,50,0.0023045103176795472,0.22191889586818567,0.0015734759269578973,-0.019330908367024367
2023-01-18-01,AWCL,spontaneous,70,802,50,-0.01314706446925234,-1.2660312295160818,0.0027400456825382486,0.5833308825443683
2023-01-18-01,AIBL,spontaneous,70,802,50,0.017558435470383042,1.6908358287081555,-0.000175403262554501,-0.9228196705241284
2023-01-18-01,OLQVR,spontaneous,70,802,50,-0.006450849703217458,-0.6212015769975378,0.0020429992861877746,0.22322963050743042
2023-01-18-01,RMDVL,spontaneous,70,802,50,-0.007089969518554097,-0.6827473043734948,0.003221979156529648,0.8323026128214959
2023-01-18-01,OLQDR,spontaneous,70,802,50,-0.024227771076888647,-2.3330770817047535,0.0008895911184593948,-0.3726327503659738
2023-01-18-01,AWBL,spontaneous,70,802,50,0.003965048473365852,0.3818247948480402,0.0009136317172319401,-0.3602131327292757
2023-01-18-01,SMDVL,spontaneous,70,802,50,0.009141222324981338,0.8802781005936703,0.00034982991661161486,-0.6514788725237012
2023-01-18-01,OLQDL,spontaneous,70,802,50,0.0044636822673822935,0.4298420504714018,-0.0005453676216528909,-1.113947018169705
2023-01-18-01,IL2L,spontaneous,70,802,50,-0.007199904527050549,-0.6933337858119281,0.001955721875396633,0.1781412331425153
2023-01-18-01,RMDDR,spontaneous,70,802,50,-0.006737358464050407,-0.6487916933762016,0.000746376006644392,-0.4466191325425517
2023-01-18-01,IL2VL,spontaneous,70,802,50,-0.005209883860436425,-0.5016994999066449,0.003953656717631375,1.2102946765055733
2023-01-18-01,FLPR,spontaneous,70,802,50,-0.008593540579326384,-0.8275376431739397,-0.0020321384900978193,-1.882027958006989
2023-01-18-01,ADLL,spontaneous,70,802,50,-0.0009678902174868838,-0.09320553990948775,-0.0003981674917012029,-1.0379019351262644
2023-01-18-01,URYDL,spontaneous,70,802,50,-0.0033559181256412303,-0.3231669823098153,0.004655645987515061,1.572949467241354
2023-01-18-01,OLLR,spontaneous,70,802,50,0.003763269432199208,0.36239395017725945,0.0015328384331947593,-0.040324650620576614
