uid,neuron,phase,n_neurons_recording,n_time,n_windows,FCS,FCS_z,FCV,FCV_z,Metastability,Metastability_z
2023-01-05-01,AVER,spontaneous,68,802,50,0.46136989480342805,1.8308195446545064,0.2590264314004579,-0.7860975444735748,0.05099378646022257,0.31547501413931195
2023-01-05-01,RIH,spontaneous,68,802,50,0.3412620822864979,0.12954946484224528,0.29636562936373984,0.5077484087281321,0.053881072663306204,0.6919176326896804
2023-01-05-01,URYVL,spontaneous,68,802,50,0.40542354637848455,1.0383661092321281,0.3156596774121441,1.17630926032584,0.04504129328635297,-0.46060742440852176
2023-01-05-01,RMDDR,spontaneous,68,802,50,0.31096038214138344,-0.2996597160098289,0.274104315294016,-0.2636316072643901,0.03852892921030348,-1.3096854905604585
2023-01-05-01,RMDL,spontaneous,68,802,50,0.2854663741556519,-0.6607702224101204,0.2880516127494306,0.21965821563255755,0.045749482661943786,-0.3682741244771766
2023-01-05-01,RIBL,spontaneous,68,802,50,0.44083768997086586,1.5399906216875596,0.27404255437960695,-0.2657716936490198,0.04484866823435365,-0.4857217614962627
2023-01-05-01,SMDVL,spontaneous,68,802,50,0.3933888584839612,0.86790047501749,0.29598228378218805,0.4944650454953098,0.042225682574094175,-0.8277050360720881
2023-01-05-01,IL2VR,spontaneous,68,802,50,0.2550636440881266,-1.0914104440959378,0.2853274430095752,0.12526261567316702,0.038389948440127046,-1.3278057188209917
2023-01-05-01,RMED,spontaneous,68,802,50,0.4485922385828016,1.649830117216432,0.27818591163372264,-0.1221996217159749,0.04548938724957282,-0.40218520610160813
2023-01-05-01,URXL,spontaneous,68,802,50,0.38225153594937944,0.7101455946292387,0.2878560554147543,0.21288193012319406,0.05596950465977042,0.9642061257991358
2023-01-05-01,ADEL,spontaneous,68,802,50,0.2291774598393316,-1.4580759408701351,0.2559582338234274,-0.8924141028144342,0.04730287628468236,-0.16574360901992047
2023-01-05-01,RMDDL,spontaneous,68,802,50,0.27340252064715476,-0.8316489736849499,0.2499385143313923,-1.1010042742433463,0.041666244578060674,-0.9006442216362016
2023-01-05-01,ASKR,spontaneous,68,802,50,0.26513692919218623,-0.9487271481984328,0.27282127597919015,-0.30809038827298557,0.060507929345181274,1.5559231751325386
2023-01-05-01,AUAL,spontaneous,68,802,50,0.4140613796338242,1.1607169119298737,0.28903750721003424,0.25382058728795287,0.040824335630583956,-1.0104117979958422
2023-01-05-01,AVAR,spontaneous,68,802,50,0.4538122493631601,1.7237690889687447,0.28884851330042693,0.24727173197066293,0.05472816750933159,0.8023613433470271
2023-01-05-01,AIZL,spontaneous,68,802,50,0.3338154825734928,0.02407191910567304,0.2640614672207498,-0.6116277894800017,0.042207131741875833,-0.8301236822905
2023-01-05-01,RIVR,spontaneous,68,802,50,0.30312183245916735,-0.4106890467754391,0.310662107966392,1.0031377580994285,0.05439465573959405,0.7588782817152149
2023-01-05-01,RID,spontaneous,68,802,50,0.41395282870116734,1.159179339560559,0.28657344214269803,0.1684379119842752,0.03976198575170145,-1.148920328877224
2023-01-05-01,RMDVL,spontaneous,68,802,50,0.27103454982984154,-0.8651901548699432,0.2834150211208844,0.05899500799905051,0.04031596854543769,-1.0766923892697153
2023-01-05-01,IL2DR,spontaneous,68,802,50,0.26534864929759194,-0.9457282335310738,0.2818404988507286,0.004436008915289819,0.05395001496697759,0.7009062882982704
2023-01-05-01,SMDVR,spontaneous,68,802,50,0.352827887444583,0.29337359794445217,0.33746413517316187,1.9318586822387764,0.04885171351864873,0.03619284724129535
2023-01-05-01,AIBR,spontaneous,68,802,50,0.4523203234738855,1.7026366678253457,0.27229123313497827,-0.32645697958759934,0.049463280589286576,0.11592858983730533
2023-01-05-01,IL1DL,spontaneous,68,802,50,0.28477692714810243,-0.6705359115937001,0.29296426012994553,0.3898870710845868,0.058305738809485266,1.2688029128880582
2023-01-05-01,RICL,spontaneous,68,802,50,0.2504577981547005,-1.1566500626899265,0.24307542893294487,-1.3388180397664031,0.05343336502330546,0.6335457829690366
2023-01-05-01,RICR,spontaneous,68,802,50,0.22928460227142866,-1.4565583192418223,0.25930232510178,-0.7765375118954664,0.058483180633063264,1.2919376698916123
2023-01-05-01,IL1VL,spontaneous,68,802,50,0.24347825809282006,-1.2555119304510636,0.26761352768565055,-0.4885448281759325,0.04616252746115086,-0.31442159485054605
2023-01-05-01,ALA,spontaneous,68,802,50,0.2816198476566758,-0.7152544421022459,0.268684843284431,-0.4514225162974882,0.03886620817486691,-1.2657112643591852
2023-01-05-01,AVJL,spontaneous,68,802,50,0.24914616156807112,-1.1752287715487284,0.22900138907983134,-1.8264996318310536,0.05525550363372683,0.871115106417531
2023-01-05-01,URXR,spontaneous,68,802,50,0.34452725694659014,0.1757991120397836,0.28818919329310677,0.2244255389652593,0.03816007334499201,-1.3577766938700633
2023-01-05-01,URYDR,spontaneous,68,802,50,0.2569720888997971,-1.0643782303786966,0.2736585337903738,-0.27907844667071136,0.049575593585147765,0.13057188990713142
2023-01-05-01,CEPDL,spontaneous,68,802,50,0.3877127266703591,0.7875007656131531,0.26778621030614436,-0.4825611776986544,0.035204085429026095,-1.7431765999483115
2023-01-05-01,RIMR,spontaneous,68,802,50,0.4256645813672231,1.325070749747666,0.28187544770584244,0.005647026752431122,0.05363480875237622,0.6598098938081216
2023-01-05-01,AVJR,spontaneous,68,802,50,0.22363153942922456,-1.5366312676304599,0.2375527353741893,-1.5301856936403742,0.043758100246592734,-0.6279093522454827
2023-01-05-01,RIML,spontaneous,68,802,50,0.4518312856086837,1.6957096788932489,0.27464311934355395,-0.24496143015590266,0.05373216849171528,0.6725035973900646
2023-01-05-01,OLLR,spontaneous,68,802,50,0.4710173888475601,1.9674717125568677,0.26102863201574106,-0.7167190011494912,0.03859718287547759,-1.3007866192201805
2023-01-05-01,OLQDR,spontaneous,68,802,50,0.293699850114165,-0.5441469486401692,0.30161723542308566,0.6897225704221218,0.05902395860474849,1.3624439728338447
2023-01-05-01,AWCL,spontaneous,68,802,50,0.3140943431473846,-0.25526864785964865,0.3283560852730132,1.6162543268250644,0.04698310567713222,-0.2074351062857804
2023-01-05-01,AVEL,spontaneous,68,802,50,0.4593189266142,1.8017685550322569,0.2641114264018772,-0.6098966466635305,0.0482465923045983,-0.04270248849446839
2023-01-05-01,AVHL,spontaneous,68,802,50,0.23480270116150828,-1.3783970710897555,0.21927612427434728,-2.1634911902668885,0.04299482018529533,-0.727425342262409
2023-01-05-01,URYDL,spontaneous,68,802,50,0.3239727539988394,-0.11534565313102603,0.28744598843110486,0.19867263971855875,0.05894573302528185,1.3522449693749599
2023-01-05-01,RIVL,spontaneous,68,802,50,0.3321021136799215,-0.0001971369468052101,0.33289994396159367,1.7737042319334047,0.05518221686318546,0.8615600218615802
2023-01-05-01,RIR,spontaneous,68,802,50,0.31895054693695357,-0.1864828292227465,0.3496353595387065,2.353605539425041,0.042212982469056234,-0.8293608680402668
2023-01-05-01,OLQVL,spontaneous,68,802,50,0.3190112645267475,-0.18562279342099416,0.31094079345515085,1.0127945293081,0.056653554620252754,1.053392143474913
2023-01-05-01,OLQDL,spontaneous,68,802,50,0.3772953036765746,0.6399429200685456,0.2763841578942845,-0.18463245133193212,0.0539839744707832,0.7053339077436864
2023-01-05-01,IL2VR,spontaneous,68,802,50,0.31630627105137166,-0.22393774037830072,0.27139045299958475,-0.35767004244046174,0.05369127104217322,0.6671714128005346
2023-01-05-01,RMEL,spontaneous,68,802,50,0.4451186990931235,1.600629081238837,0.2828012443661889,0.03772694083239766,0.039474568845444424,-1.1863935702522865
2023-01-05-01,RIAR,spontaneous,68,802,50,0.32301321175398023,-0.12893711298102278,0.3164792823988765,1.2047095113529362,0.04532945106109072,-0.4230375890516825
2023-01-05-01,AIZR,spontaneous,68,802,50,0.2596790489049217,-1.0260354284621453,0.28075956771274085,-0.03301949240400595,0.0363333581240953,-1.5959427130079495
2023-01-05-01,AWAL,spontaneous,68,802,50,0.28207302384545296,-0.7088354167724717,0.2550784553866615,-0.9228994327683085,0.049879899562865745,0.17024711814406296
2023-01-05-01,AIBL,spontaneous,68,802,50,0.4286929375456978,1.3679659757074873,0.28060332364103274,-0.038433528347951246,0.05035284155205363,0.23190900695929836
2023-01-05-01,ADER,spontaneous,68,802,50,0.2805382507244309,-0.7305747485892666,0.314198390410703,1.1256739929282904,0.04674304524824509,-0.2387340389527543
2023-01-05-01,OLLL,spontaneous,68,802,50,0.34251348980085095,0.1472750575177506,0.3468038061416616,2.255488972817378,0.04841082776704804,-0.021289568820145828
2023-01-05-01,AVDL,spontaneous,68,802,50,0.28920366883165716,-0.6078332195749954,0.21829665878914353,-2.1974307905651544,0.057689888072996805,1.1885086685446014
2023-01-05-01,FLPL,spontaneous,68,802,50,0.30787113760129886,-0.34341739667301185,0.2775060171601326,-0.14575874353009877,0.04433898988264584,-0.5521733149066627
2023-01-05-01,ASGL,spontaneous,68,802,50,0.2937416843896975,-0.5435543860101235,0.3044627211488153,0.7883219081676426,0.06308219113296408,1.891553860858169
2023-01-05-01,IL1DR,spontaneous,68,802,50,0.2925842271995964,-0.5599492169950352,0.29977231868751525,0.625794093579657,0.053876776864157545,0.6913575490102168
2023-01-05-01,IL1L,spontaneous,68,802,50,0.28627795731131594,-0.6492745327370092,0.2592767034462445,-0.7774253315899741,0.061781025079563644,1.7219086224374731
2023-01-05-01,RIAL,spontaneous,68,802,50,0.3363453143518192,0.05990578387461346,0.3630525940952277,2.8185280760897045,0.03933448065994609,-1.2046581826487444
2023-01-05-01,ADAL,spontaneous,68,802,50,0.2972845358261633,-0.49337157924866004,0.30155746363175023,0.6876514094290279,0.05817032727866253,1.2511480398829564
2023-01-05-01,AVDR,spontaneous,68,802,50,0.23924492247590068,-1.3154751174573487,0.2561142554791888,-0.8870077738376516,0.061451289463771055,1.6789178934596143
2023-01-05-01,IL1VR,spontaneous,68,802,50,0.362830154278694,0.4350509538014902,0.2767294897699727,-0.17266630652319528,0.046199300428703884,-0.3096271577134369
2023-01-05-01,ASKL,spontaneous,68,802,50,0.2384605455428448,-1.3265854439177094,0.26649794506790625,-0.5272010429358214,0.04545777139093772,-0.4063072625155529
2023-01-05-01,CEPVL,spontaneous,68,802,50,0.32744605225396156,-0.06614803412626279,0.26132572508704416,-0.7064243861337166,0.0560740232501364,0.9778331960225658
2023-01-05-01,AVAL,spontaneous,68,802,50,0.4273360866627966,1.348746827831313,0.2921007665689193,0.35996603071708494,0.051770197431466956,0.4167030042063591
2023-01-05-01,AWBL,spontaneous,68,802,50,0.33196624883549225,-0.0021215978946991904,0.23949705404449942,-1.4628128259695403,0.05121374209930989,0.34415269654382075
2023-01-05-01,IL1R,spontaneous,68,802,50,0.4082712789341406,1.0787028874209914,0.27319837782767725,-0.2950233775383223,0.03822737331515309,-1.349002164705361
2023-01-05-01,OLQVR,spontaneous,68,802,50,0.29902022259860894,-0.4687864010491036,0.3103540901399615,0.9924645878124569,0.05459954435389265,0.7855915345944573
2023-01-05-01,CEPDR,spontaneous,68,802,50,0.3420745550439967,0.1410577553025384,0.24503529257570292,-1.2709065210052548,0.02707024714342274,-2.803661487046659
2023-01-05-18,AVAL,spontaneous,69,802,50,0.4953664494286591,1.802317637922708,0.3415821066092792,0.03998215724284029,0.03209186775060805,-0.5368617473255701
2023-01-05-18,URAVL,spontaneous,69,802,50,0.3565901048641299,-0.15475478212260044,0.36402215478090866,0.6826442889048432,0.0395924166935768,0.7724676396632096
2023-01-05-18,AVDR,spontaneous,69,802,50,0.2903836588227808,-1.088421178822461,0.30262871878329894,-1.075606680367188,0.03979044783594033,0.8070368420252042
2023-01-05-18,IL2DR,spontaneous,69,802,50,0.27451656241731875,-1.312184507210827,0.2813750508508326,-1.68429198418859,0.04778622768795026,2.2028159525586366
2023-01-05-18,RMDL,spontaneous,69,802,50,0.3890017364420371,0.3023253524553557,0.3778049269483923,1.077370078868402,0.027243394383178753,-1.3832329543235162
2023-01-05-18,OLQVL,spontaneous,69,802,50,0.4077927938981715,0.5673233995381372,0.3660313309168442,0.7401852268087658,0.03140463304059814,-0.6568285135471557
2023-01-05-18,CEPVL,spontaneous,69,802,50,0.39827249377750673,0.4330648062946504,0.3296494452222547,-0.30175817881764,0.026560105660683713,-1.5025108913069753
2023-01-05-18,AWAL,spontaneous,69,802,50,0.38889123670006726,0.3007670465487552,0.41994267888303766,2.284156146110496,0.041964386050714335,1.1865292247487162
2023-01-05-18,URBL,spontaneous,69,802,50,0.38770855883407396,0.28408851073203123,0.32058228379236503,-0.5614332583044794,0.027790963622539015,-1.2876468176344709
2023-01-05-18,URBR,spontaneous,69,802,50,0.2663350544725681,-1.4275629861821315,0.2832336000599378,-1.631064861528828,0.03155033468068152,-0.6313941832675743
2023-01-05-18,FLPL,spontaneous,69,802,50,0.30280879061908206,-0.9131976360041659,0.32256737277574693,-0.504582154071474,0.04072124830865557,0.9695215376942564
2023-01-05-18,ADLL,spontaneous,69,802,50,0.2884989452290038,-1.1150000673617122,0.2977344292063823,-1.2157745868001606,0.03385385531986102,-0.22928131268358065
2023-01-05-18,RIAL,spontaneous,69,802,50,0.32818664090299804,-0.5553103388099615,0.3468513587068476,0.19088864190756946,0.03957286300541369,0.7690542603584891
2023-01-05-18,RIVL,spontaneous,69,802,50,0.35016393050686756,-0.24537893453463205,0.3802111621566462,1.1462824197149644,0.027951372242328857,-1.2596451711664431
2023-01-05-18,IL2VR,spontaneous,69,802,50,0.23495918253608306,-1.8700364769953735,0.27762959633468837,-1.7915583218086457,0.04492587799379365,1.7035005104356393
2023-01-05-18,AVAR,spontaneous,69,802,50,0.4949018351192398,1.7957654848610591,0.3380050486123291,-0.06246146051663168,0.03321714844108338,-0.3404277145829999
2023-01-05-18,AIZR,spontaneous,69,802,50,0.26739033975468074,-1.4126809850213211,0.3098201085543667,-0.869651958499444,0.04236914161257718,1.2571851668302596
2023-01-05-18,URADR,spontaneous,69,802,50,0.27281346932971395,-1.3362021200178233,0.3208062583301757,-0.5550188356255931,0.03871254393880756,0.6188731143304876
2023-01-05-18,CEPDL,spontaneous,69,802,50,0.3470945071978539,-0.28866501273740264,0.3173786486865964,-0.6531823913898299,0.03740993525913052,0.3914839142844518
2023-01-05-18,AINR,spontaneous,69,802,50,0.3481472012890705,-0.2738195534544863,0.35182740597007256,0.3333980125192648,0.028987367972917785,-1.0787971205545501
2023-01-05-18,RMER,spontaneous,69,802,50,0.48484653488631285,1.6539621334117347,0.3609660191383416,0.5951194034109027,0.03398367259355724,-0.2066198284800065
2023-01-05-18,OLLL,spontaneous,69,802,50,0.41552947820231007,0.6764288203628402,0.39555138175247134,1.585612057076449,0.03556179178013301,0.06886371850644186
2023-01-05-18,AVJR,spontaneous,69,802,50,0.26137341323985575,-1.4975337816024261,0.2968722380827286,-1.2404669395611447,0.03940576041353551,0.739884084168492
2023-01-05-18,OLLR,spontaneous,69,802,50,0.41045876884596083,0.6049199082170648,0.39349269792425307,1.5266532648607736,0.03546209200513464,0.051459679645539325
2023-01-05-18,URYDL,spontaneous,69,802,50,0.444254107840006,1.0815135674525074,0.35306778996754695,0.36892145782559654,0.042796407630079275,1.3317706347781197
2023-01-05-18,IL2VL,spontaneous,69,802,50,0.2709430461364256,-1.3625794803445004,0.2876698465976707,-1.5040148821922383,0.042700348380274616,1.315002102285676
2023-01-05-18,ASEL,spontaneous,69,802,50,0.3168972656109498,-0.7145170472222524,0.3230236550947729,-0.4915146523646092,0.040862546487382065,0.9941871800547433
2023-01-05-18,ADER,spontaneous,69,802,50,0.21816191203728208,-2.1069174449182486,0.25270198242892605,-2.5054620250180895,0.04543013685687307,1.7915261940355536
2023-01-05-18,CEPDR,spontaneous,69,802,50,0.41533293079744676,0.673657040298331,0.35246105191940486,0.3515450438180535,0.033398831445396376,-0.3087123163538591
2023-01-05-18,IL1L,spontaneous,69,802,50,0.45873537719549157,1.2857334793676098,0.3824101967135572,1.209260726407263,0.02220389686153333,-2.26295019247753
2023-01-05-18,URXL,spontaneous,69,802,50,0.42522801258862647,0.8132009353935478,0.3347753675585769,-0.15495652535418902,0.03255395592965612,-0.45619756703581443
2023-01-05-18,OLQDL,spontaneous,69,802,50,0.41863149129681915,0.7201744910888785,0.3751662618862633,1.0018011629462957,0.029317533350047754,-1.0211619748966112
2023-01-05-18,IL2R,spontaneous,69,802,50,0.3935310920430622,0.366199905104508,0.3294171372335383,-0.30841126378825645,0.037533133762609874,0.4129899963412553
2023-01-05-18,AVER,spontaneous,69,802,50,0.4916566014248681,1.750000067276484,0.3247708107453328,-0.44147773773116655,0.03138618765986629,-0.6600484217472141
2023-01-05-18,IL1DR,spontaneous,69,802,50,0.40156852581019875,0.479546599766073,0.33813948395776433,-0.058611357120804376,0.03397120285272653,-0.20879660223909094
2023-01-05-18,OLQDR,spontaneous,69,802,50,0.4099467898380424,0.5976998016550749,0.40291392334441445,1.7964684080851077,0.03849198061065503,0.5803705927899967
2023-01-05-18,AVJL,spontaneous,69,802,50,0.30042342369232883,-0.9468369124866666,0.29110477104793564,-1.4056418371603612,0.036501726380495064,0.23294290837097512
2023-01-05-18,AVEL,spontaneous,69,802,50,0.49278904255878275,1.7659701471734843,0.3290922714149423,-0.3177151190155818,0.031719112491008436,-0.6019315734488874
2023-01-05-18,URYDR,spontaneous,69,802,50,0.34303681035779704,-0.3458880690118653,0.35592895099010435,0.4508624513440367,0.04643485081266107,1.966913558058312
2023-01-05-18,URADL,spontaneous,69,802,50,0.2795689420164174,-1.2409340876957213,0.3217729719543292,-0.5273330555571413,0.04047235246503119,0.9260731654704796
2023-01-05-18,AVBL,spontaneous,69,802,50,0.4744862388237698,1.5078576243822506,0.3390685645461344,-0.03200335223414087,0.03492842410826032,-0.04169977649334511
2023-01-05-18,IL1DL,spontaneous,69,802,50,0.3558254222968703,-0.16553860242835372,0.29758511554793543,-1.2200507912579144,0.03133349563421555,-0.6692465775314188
2023-01-05-18,AWCL,spontaneous,69,802,50,0.390884574144281,0.32887778651784544,0.32506548050381323,-0.43303866961183995,0.0339489038403599,-0.2126892176215715
2023-01-05-18,AIBR,spontaneous,69,802,50,0.5005165869431946,1.8749466736619465,0.34492144734387753,0.13561777346027634,0.03246289540337103,-0.4720934999823622
2023-01-05-18,IL2DL,spontaneous,69,802,50,0.28643481371461704,-1.1441091700032964,0.31398190092658984,-0.75046209148084,0.045198111671173206,1.7510228393520078
2023-01-05-18,IL2L,spontaneous,69,802,50,0.3795519769180959,0.16906154731336012,0.31931471241928716,-0.5977353247896068,0.03025053308585757,-0.8582933660204929
2023-01-05-18,RICL,spontaneous,69,802,50,0.384048174917228,0.2324684998943363,0.35426398561834366,0.4031793899363548,0.03505828882971806,-0.019030009596199576
2023-01-05-18,RIAR,spontaneous,69,802,50,0.35363274362755226,-0.19646052188955293,0.3958189173118343,1.593274026942135,0.036174754318028496,0.17586520201014444
2023-01-05-18,ASGL,spontaneous,69,802,50,0.37572721197658765,0.11512337792526676,0.32775138880581317,-0.3561167511912607,0.037547686296219636,0.41553035172794534
2023-01-05-18,ADLR,spontaneous,69,802,50,0.3089406944831622,-0.826723388736611,0.3369390941071671,-0.09298940721721953,0.04048756247767617,0.9287282933396482
2023-01-05-18,URXR,spontaneous,69,802,50,0.44437367710889875,1.0831997749914741,0.32902703073378475,-0.3195835515119431,0.031164531147817955,-0.6987417743603426
2023-01-05-18,SMDVL,spontaneous,69,802,50,0.3757812720998989,0.11588575264185648,0.3957923568284,1.5925133593726506,0.04050499545641402,0.9317714721173319
2023-01-05-18,RMDVL,spontaneous,69,802,50,0.4592315750321933,1.2927310343481966,0.33341107597908826,-0.19402856869281185,0.03273172570124981,-0.4251652802211139
2023-01-05-18,RID,spontaneous,69,802,50,0.4614780163590396,1.3244111335597493,0.34587895997404916,0.16304004560928964,0.035886876760547304,0.12561200737990086
2023-01-05-18,AWBL,spontaneous,69,802,50,0.35152429914941374,-0.22619454140354148,0.34667892093046015,0.18595018419550874,0.027709040778125544,-1.3019476359441522
2023-01-05-18,AUAL,spontaneous,69,802,50,0.4104239682519868,0.6044291381014409,0.3322102105789049,-0.22842023808756412,0.03182787629010618,-0.5829452779814446
2023-01-05-18,URYVL,spontaneous,69,802,50,0.43015993245853645,0.8827525897879763,0.39711003635144027,1.6302504767196193,0.024789400004387004,-1.811613194235071
2023-01-05-18,SAAVL,spontaneous,69,802,50,0.3951755932365295,0.3893912345819173,0.35719183640184893,0.4870303162500807,0.03357876947115182,-0.2773015293901657
2023-01-05-18,AWBR,spontaneous,69,802,50,0.34804446798466576,-0.27526833434939707,0.3691198526322863,0.8286376193414988,0.025938556135979444,-1.611011357653122
2023-01-05-18,ASER,spontaneous,69,802,50,0.37006949815632867,0.03533632406617455,0.3765673165692794,1.0419260674151072,0.03430457351611736,-0.1506019274684202
2023-01-05-18,ASIL,spontaneous,69,802,50,0.35250635519188256,-0.21234524452455592,0.4037728677005022,1.8210677764394185,0.027750078757741548,-1.2947838625853703
2023-01-05-18,AVHL,spontaneous,69,802,50,0.31168366126652985,-0.7880411143354928,0.2825588292749253,-1.6503896699143834,0.04353492846010843,1.4606901356057205
2023-01-05-18,AIZL,spontaneous,69,802,50,0.32987188225137093,-0.53154447745679,0.3776254213526383,1.0722292053760556,0.037051396102367615,0.32889571468661793
2023-01-05-18,RMDDL,spontaneous,69,802,50,0.4412958949991231,1.0397958180645788,0.35218805115625573,0.34372655559338994,0.026771766818875564,-1.465562372390308
2023-01-05-18,RIVR,spontaneous,69,802,50,0.3262001788020465,-0.5833241202900598,0.3544871444466109,0.40957045145175447,0.028925672509480468,-1.0895669567274207
2023-01-05-18,OLQVR,spontaneous,69,802,50,0.3229381551124688,-0.6293263162438407,0.3498725189291813,0.27741186386001404,0.04090775378834417,1.002078768804607
2023-01-05-18,RMEV,spontaneous,69,802,50,0.30989022382125053,-0.8133327947890058,0.3188743646406731,-0.6103464760630934,0.03151479565618097,-0.6375980344146431
2023-01-05-18,FLPR,spontaneous,69,802,50,0.26807637403340645,-1.4030062903151534,0.29836964652139436,-1.1975825530481847,0.03773159838102134,0.4476348682218982
2023-01-05-18,RMDVR,spontaneous,69,802,50,0.3003912153732875,-0.9472911254369327,0.3464069591708927,0.17816145206813577,0.032845266576339835,-0.40534507699196876
2023-01-06-01,URADL,spontaneous,65,802,50,0.20081838073921798,-1.7675510084328645,0.21705043622337467,-2.0952383852016365,0.03827785204605336,-0.9804528393735262
2023-01-06-01,IL2L,spontaneous,65,802,50,0.19727177450902877,-1.8260456807086203,0.21929670773592133,-2.015226060222616,0.05227623405580764,0.3066760730803782
2023-01-06-01,RMED,spontaneous,65,802,50,0.4157404264611636,1.777188332046313,0.3030476326952128,0.967986871832583,0.04712988901469009,-0.16652215020503197
2023-01-06-01,ADEL,spontaneous,65,802,50,0.22447218674053496,-1.3774254798800287,0.24089215278260465,-1.2459950222601417,0.03979646458481186,-0.8408188370946151
2023-01-06-01,URYDR,spontaneous,65,802,50,0.29395094161094576,-0.2315026645198805,0.26421075797977395,-0.4153849171717745,0.0390633618034622,-0.9082264692779641
2023-01-06-01,OLLR,spontaneous,65,802,50,0.33663197889321894,0.47244164905075725,0.28281105197212075,0.24715866195847155,0.029928110376409897,-1.7481982764554995
2023-01-06-01,AIZL,spontaneous,65,802,50,0.27932744395981485,-0.4726900552561096,0.3010797823047152,0.8978919237930756,0.039479996484090035,-0.8699175745075962
2023-01-06-01,ASKL,spontaneous,65,802,50,0.26981570876409106,-0.6295684333268416,0.3096220301519038,1.2021673005598434,0.06497763143987363,1.4745493165885177
2023-01-06-01,URADR,spontaneous,65,802,50,0.22689125532869,-1.337527443534123,0.25754583423399263,-0.652789897704718,0.06460342918437802,1.4401420156720082
2023-01-06-01,IL2DL,spontaneous,65,802,50,0.21561941736309032,-1.5234354426039836,0.2423623740911811,-1.1936256517384394,0.060084097787746926,1.024596697540869
2023-01-06-01,URBL,spontaneous,65,802,50,0.30351575066665715,-0.07374893185805871,0.2751502263886468,-0.025720401310947643,0.03363202251770526,-1.4076294590787266
2023-01-06-01,FLPL,spontaneous,65,802,50,0.3025644676998902,-0.08943857479300964,0.2750618872642125,-0.028867046181400118,0.04570154049895958,-0.29785651944686914
2023-01-06-01,CEPDR,spontaneous,65,802,50,0.2970760548676172,-0.17995973476986352,0.25846707456867496,-0.6199752621494568,0.05872583112535626,0.8997062430035463
2023-01-06-01,ASKR,spontaneous,65,802,50,0.24570836930697318,-1.027174152558119,0.27676737540440816,0.03188254288608191,0.05750670416012842,0.7876094618324431
2023-01-06-01,IL1VR,spontaneous,65,802,50,0.3441189126408786,0.5959246938251658,0.2787507978384788,0.10253216804453756,0.04852213163417523,-0.038507660570359065
2023-01-06-01,RIVL,spontaneous,65,802,50,0.34383466220621317,0.591236511675576,0.3180545229389281,1.5025331955507408,0.0630838025094971,1.3004147651931692
2023-01-06-01,AVAR,spontaneous,65,802,50,0.40763474419859214,1.643500181530875,0.29866175933879546,0.811761801821951,0.0522796942744859,0.3069942346722749
2023-01-06-01,RMDL,spontaneous,65,802,50,0.3283245939031599,0.3354267872581882,0.3177721438806096,1.4924748366857272,0.04650859245218878,-0.2236493787837652
2023-01-06-01,SMDVL,spontaneous,65,802,50,0.29775396958999034,-0.16877879249931077,0.309855711949552,1.2104910601012324,0.06330553622622995,1.3208028270044438
2023-01-06-01,SAAVL,spontaneous,65,802,50,0.22406169173144455,-1.384195831441244,0.24069596959652484,-1.2529830790254795,0.05198006848048464,0.27944412051570694
2023-01-06-01,CEPDL,spontaneous,65,802,50,0.33186693769586023,0.393851158556665,0.28582076043114824,0.35436465641227505,0.0446278437887424,-0.3965812204847597
2023-01-06-01,RID,spontaneous,65,802,50,0.3545042437305214,0.7672114110797805,0.29754621564132483,0.7720260689188857,0.05632230339583075,0.6787056994834971
2023-01-06-01,RIH,spontaneous,65,802,50,0.3250909673915852,0.2820941332277844,0.3182010609098806,1.5077528867982712,0.06582850620833479,1.5527858952588767
2023-01-06-01,AINL,spontaneous,65,802,50,0.29172588034069163,-0.2682009110545821,0.31197601124354035,1.2860162471571126,0.05277370544385783,0.3524177742449697
2023-01-06-01,OLQDL,spontaneous,65,802,50,0.2938192332748187,-0.23367494851694762,0.25814820308153374,-0.6313334835012295,0.038399102405092395,-0.969304062132284
2023-01-06-01,IL1L,spontaneous,65,802,50,0.323073775297504,0.24882430207028566,0.3182638183685063,1.5099883112099557,0.06352076863047369,1.340593103495402
2023-01-06-01,RICL,spontaneous,65,802,50,0.220155553472764,-1.448620315715925,0.2128588122492736,-2.2445442806520917,0.034708874597206,-1.3086146268648537
2023-01-06-01,AUAL,spontaneous,65,802,50,0.2661192633499219,-0.6905344242075121,0.28478511040728116,0.3174747409183833,0.047403745501734665,-0.14134148274699931
2023-01-06-01,AVDL,spontaneous,65,802,50,0.26051154217606265,-0.7830233533382815,0.23167764242924985,-1.5742164295108194,0.049334715914519045,0.036208168752435155
2023-01-06-01,AIBL,spontaneous,65,802,50,0.3930368351472599,1.4027348271477313,0.2851506643005278,0.33049579235425264,0.05004508204105226,0.10152520176751312
2023-01-06-01,SMDVR,spontaneous,65,802,50,0.31483490329665176,0.11293943458499928,0.2908271317245294,0.532691899870709,0.05640982689701894,0.686753345905778
2023-01-06-01,IL1R,spontaneous,65,802,50,0.3571773051721125,0.8112985870588539,0.28585112904706594,0.3554463883188583,0.03984180001248383,-0.836650316784597
2023-01-06-01,URXR,spontaneous,65,802,50,0.2946209769530545,-0.2204516779693567,0.3054330614387916,1.0529559856638575,0.05737017218314481,0.7750555641800111
2023-01-06-01,URAVL,spontaneous,65,802,50,0.3900301871092994,1.3531457608082007,0.2989045578006932,0.820410297486548,0.05085294067232846,0.17580651519119833
2023-01-06-01,ASEL,spontaneous,65,802,50,0.296696969158627,-0.186212048354341,0.26718133369830255,-0.30957283326379204,0.060799148422954884,1.0903444636615085
2023-01-06-01,AVAL,spontaneous,65,802,50,0.4276158776736132,1.9730518087655509,0.3099267288090797,1.213020684864658,0.055637827459975794,0.6157692282324658
2023-01-06-01,AVER,spontaneous,65,802,50,0.4226686150238861,1.891455914387833,0.2865998508158543,0.38211590228836245,0.050924255797907256,0.18236382731225514
2023-01-06-01,CEPVL,spontaneous,65,802,50,0.2498241639190557,-0.9592917767423957,0.2588500100380251,-0.6063350779381989,0.05465618459281673,0.5255087313304558
2023-01-06-01,RMGL,spontaneous,65,802,50,0.22747727646831684,-1.327862114968085,0.2420986930383509,-1.2030179865350201,0.044244435809280336,-0.4318349730461113
2023-01-06-01,RMDVR,spontaneous,65,802,50,0.2615280386857388,-0.7662581343250096,0.28172011211259623,0.2082993192275114,0.04043290455435442,-0.7822991963769454
2023-01-06-01,RMDVL,spontaneous,65,802,50,0.3674619700967596,0.9809250031837422,0.29302123352483606,0.6108459365945057,0.03438343286314091,-1.3385384755598262
2023-01-06-01,RMEL,spontaneous,65,802,50,0.40097661383644373,1.533686706838379,0.30396933697301687,1.0008180330694558,0.056954171912796,0.7368050024235537
2023-01-06-01,RMER,spontaneous,65,802,50,0.406683441009556,1.6278102050672119,0.2861379749105317,0.3656638550490895,0.043796131345888625,-0.4730558538601599
2023-01-06-01,AVEL,spontaneous,65,802,50,0.4389159085316212,2.1594247971505185,0.2919133476362293,0.5713829752989776,0.051368493691474545,0.2232107935130379
2023-01-06-01,RMDDR,spontaneous,65,802,50,0.25204342966748333,-0.9226891165592385,0.2598109969099357,-0.5721046683610815,0.03543543189202094,-1.2418088417349038
2023-01-06-01,SMBVR,spontaneous,65,802,50,0.36316277499217264,0.9100177774106308,0.30390480468909836,0.9985193892752015,0.05570171844706908,0.6216439026538157
2023-01-06-01,RMDDL,spontaneous,65,802,50,0.3435078856537491,0.5858469403211135,0.2738606428687163,-0.07165544304919462,0.022274798772368848,-2.451908079110979
2023-01-06-01,IL1VL,spontaneous,65,802,50,0.3047761745133968,-0.05296058518004334,0.28885569400031025,0.46246917079051425,0.03887612464427064,-0.9254426276106382
2023-01-06-01,ADAL,spontaneous,65,802,50,0.27252490302127563,-0.5848853137697778,0.30547099117363846,1.0543070450767478,0.0240087260320672,-2.2924762314521154
2023-01-06-01,IL2DR,spontaneous,65,802,50,0.22156672595977242,-1.425345650643305,0.24170891556027133,-1.2169018835044694,0.06902829231046703,1.847001126908701
2023-01-06-01,URYVR,spontaneous,65,802,50,0.329786313571054,0.35953513405030746,0.2739323769265066,-0.06910027164096373,0.03472717604694128,-1.3069318377341037
2023-01-06-01,AWBL,spontaneous,65,802,50,0.22849296653768966,-1.3111101966874548,0.2543577585764432,-0.7663493423866082,0.04852594594264422,-0.038156940986621785
2023-01-06-01,OLQDR,spontaneous,65,802,50,0.36007832701400794,0.8591455457829497,0.28480938487711155,0.31833939897860164,0.04794669787218209,-0.09141787774741503
2023-01-06-01,IL1DL,spontaneous,65,802,50,0.36076487375389193,0.8704688571248351,0.2757992404251673,-0.0026024826996077243,0.0397085714090767,-0.8489004745022304
2023-01-06-01,OLQVL,spontaneous,65,802,50,0.3615136811239178,0.8828190417420309,0.28218017214763863,0.2246866850593199,0.04865507787455965,-0.02628346568257854
2023-01-06-01,RMDR,spontaneous,65,802,50,0.307931818878994,-0.000914101583075727,0.29440513960204806,0.6601407534373687,0.05633869417329981,0.6802128053449691
2023-01-06-01,ASHL,spontaneous,65,802,50,0.2861809428574234,-0.3596543400009431,0.30700274756237034,1.1088682988162644,0.053339591427022846,0.40445008837788576
2023-01-06-01,RIAR,spontaneous,65,802,50,0.26245041990509016,-0.7510451719498799,0.26752960385889424,-0.29716742941385155,0.060495082032367475,1.0623860437271304
2023-01-06-01,OLLL,spontaneous,65,802,50,0.35258573628892087,0.7355691996891363,0.28162903497712644,0.20505514624100282,0.03151160107930985,-1.6025988303992147
2023-01-06-01,IL1DR,spontaneous,65,802,50,0.3453609664365473,0.616410060683223,0.2700534213146569,-0.20726890141744386,0.03698922054248377,-1.0989404520553063
2023-01-06-01,AWCL,spontaneous,65,802,50,0.297718600563847,-0.1693621387911419,0.24082217048239274,-1.2484877959591618,0.03798671610160668,-1.0072223253963235
2023-01-06-01,URXL,spontaneous,65,802,50,0.25951582150028685,-0.7994459136191258,0.21289605414909724,-2.2432177219636693,0.05493891386640327,0.5515052373678497
2023-01-06-01,AVJL,spontaneous,65,802,50,0.2738352443965096,-0.5632736703171626,0.23030824122954072,-1.6229945817536737,0.060583329607554234,1.070500267599409
2023-01-06-01,AWAR,spontaneous,65,802,50,0.30546542202202154,-0.04159272968182088,0.24492784076705795,-1.102243576042529,0.0641039600388036,1.3942166238874785
2023-01-06-01,CEPVR,spontaneous,65,802,50,0.2583584925378022,-0.8185339019612003,0.24341541365347,-1.1561163198509061,0.06248528670868479,1.245382191339332
2023-01-06-08,ASIL,spontaneous,71,802,50,0.29819166384832596,-0.024755778613265104,0.3288238002014267,2.0881428349456477,0.023400792847386397,0.42818387072917985
2023-01-06-08,RMER,spontaneous,71,802,50,0.40162429733062605,1.6472307588630934,0.2704986193672384,0.301111890164956,0.022555586642493942,0.13974807750814552
2023-01-06-08,URAVL,spontaneous,71,802,50,0.29519833798905076,-0.07314283374750792,0.28317739714684387,0.6895782079731263,0.024339123556686777,0.7483994120658037
2023-01-06-08,IL2R,spontaneous,71,802,50,0.30001876549134854,0.004779284421337539,0.2314460933729174,-0.8954222898507619,0.02228364552496112,0.04694521887913865
2023-01-06-08,RMDDL,spontaneous,71,802,50,0.24386914324160736,-0.9028782828784038,0.24789356330946097,-0.39148664285273743,0.02376785016538113,0.5534461653746234
2023-01-06-08,RIVL,spontaneous,71,802,50,0.24950721558088226,-0.8117389515937696,0.2767875866060446,0.4938001751513085,0.02023745087189354,-0.6513409205574311
2023-01-06-08,URYDR,spontaneous,71,802,50,0.2689797371171822,-0.4969660142404592,0.24123979851580404,-0.5953519959557222,0.020340639151379496,-0.6161267999412289
2023-01-06-08,IL2VL,spontaneous,71,802,50,0.2112242441813346,-1.4305824503971687,0.2192580896919399,-1.2688517318430077,0.02322482338675019,0.36813238191203324
2023-01-06-08,IL2DL,spontaneous,71,802,50,0.20832963092284792,-1.4773738182319485,0.2108929635286495,-1.5251516540548578,0.023595439807968143,0.49460925917104887
2023-01-06-08,IL2VR,spontaneous,71,802,50,0.26616792419970153,-0.5424189161501289,0.26534767637685847,0.14329164191268595,0.025945083652504308,1.2964507295279113
2023-01-06-08,ADEL,spontaneous,71,802,50,0.2828554443746268,-0.2726654724160026,0.2982928525893066,1.1527021320450634,0.025424453799083545,1.118780139940751
2023-01-06-08,URXL,spontaneous,71,802,50,0.23190805604752476,-1.0962290280811666,0.1898658478392948,-2.169403517125543,0.02125357477929822,-0.30457760582239746
2023-01-06-08,SMDVR,spontaneous,71,802,50,0.3213131363528949,0.34900238119308363,0.25987761492090505,-0.024306108352856126,0.022960433097068845,0.2779063252613002
2023-01-06-08,IL2DR,spontaneous,71,802,50,0.24320382527534898,-0.9136331350490731,0.23631498609346027,-0.7462438075214387,0.02376514141241476,0.5525217740178489
2023-01-06-08,URBL,spontaneous,71,802,50,0.3368910652303598,0.6008193028742149,0.2580729619852016,-0.07959904691844154,0.014943881468923722,-2.4578289478317643
2023-01-06-08,AWCR,spontaneous,71,802,50,0.2297631380286384,-1.1309015867391858,0.22024165369027787,-1.2387162178837972,0.023775556982812224,0.5560762004904096
2023-01-06-08,SAAVR,spontaneous,71,802,50,0.2757849344047973,-0.3869601305392563,0.3057705739153076,1.381812770278651,0.026649673667930338,1.5368997215237603
2023-01-06-08,AIZL,spontaneous,71,802,50,0.2849544628517699,-0.23873487897038584,0.25407767005663856,-0.20201118876969448,0.025158872960449937,1.0281477955351164
2023-01-06-08,AUAL,spontaneous,71,802,50,0.23475089496537693,-1.0502745914702485,0.21136892501024973,-1.510568623467069,0.02322996751277163,0.36988787076296087
2023-01-06-08,ASGR,spontaneous,71,802,50,0.24409020103372625,-0.8993048879063973,0.21702197002333243,-1.3373644220204206,0.026367808079877375,1.4407100295868507
2023-01-06-08,URYDL,spontaneous,71,802,50,0.35350561394562807,0.8693931643618222,0.26910411229484654,0.2583854509934372,0.025586680337651716,1.1741417074050682
2023-01-06-08,RIBL,spontaneous,71,802,50,0.3856359903830297,1.388780083545082,0.2881987984324823,0.8434294152091187,0.019198695928677685,-1.0058273219520577
2023-01-06-08,CEPDR,spontaneous,71,802,50,0.2716464801725672,-0.4538581638706308,0.23310219677129673,-0.8446807751510673,0.022939148359980982,0.2706426776568437
2023-01-06-08,IL2L,spontaneous,71,802,50,0.259233888018761,-0.6545074780921439,0.2700949046771313,0.2887424361184284,0.01611956182133393,-2.056615264047969
2023-01-06-08,AIZR,spontaneous,71,802,50,0.22044934038028216,-1.281458947182836,0.21282049119649282,-1.4660939445014243,0.025951936661893337,1.2987893933801569
2023-01-06-08,IL1DL,spontaneous,71,802,50,0.34226410914091115,0.6876744546890293,0.23911819213737848,-0.6603561021867689,0.015131709309743644,-2.3937306580389417
2023-01-06-08,FLPL,spontaneous,71,802,50,0.24146942745839137,-0.9416696425124333,0.23467956264427886,-0.7963517072262957,0.019747420526120076,-0.818569095962901
2023-01-06-08,AIBR,spontaneous,71,802,50,0.39976039281757414,1.617100778139964,0.2854563503029127,0.7594032775803423,0.019401325048010454,-0.9366779351797926
2023-01-06-08,AVKL,spontaneous,71,802,50,0.354307918558708,0.8823624030523793,0.3050833896385179,1.3607580637209282,0.02539018590327155,1.1070858484727817
2023-01-06-08,AVER,spontaneous,71,802,50,0.38318363908632197,1.3491378718444615,0.2578504276368268,-0.08641729867753795,0.021895149348536844,-0.08563331895179609
2023-01-06-08,AVDL,spontaneous,71,802,50,0.23659872640258062,-1.0204044317100907,0.2360418518684031,-0.7546123938725633,0.02009077432103393,-0.7013958859010659
2023-01-06-08,RICL,spontaneous,71,802,50,0.3053202208595826,0.09047720882191826,0.30930539150595704,1.4901163936588113,0.015486878243093928,-2.2725254037171365
2023-01-06-08,AVKR,spontaneous,71,802,50,0.29477331284139824,-0.08001335711173735,0.2911135375178459,0.9327343923563708,0.025272410995739004,1.066893882679054
2023-01-06-08,CEPDL,spontaneous,71,802,50,0.25633485025482083,-0.7013703679727639,0.24103579879499784,-0.6016023634401144,0.021808628673925076,-0.11515943845637303
2023-01-06-08,RIVR,spontaneous,71,802,50,0.29157257030948047,-0.131753298783147,0.30685711913918856,1.4151035361229771,0.018163381241820944,-1.3591396985157245
2023-01-06-08,AWBL,spontaneous,71,802,50,0.24748602082439977,-0.8444115260867592,0.24786925275015886,-0.3922314964671873,0.026651604300570304,1.5375585708716513
2023-01-06-08,AINL,spontaneous,71,802,50,0.33896082929064103,0.6342769992320559,0.3215880042012514,1.866444570534024,0.019731258265848053,-0.8240846427428715
2023-01-06-08,IL1R,spontaneous,71,802,50,0.3670000125966306,1.0875298598726872,0.2581261320073441,-0.07796996538719955,0.026465456472649473,1.4740336037193467
2023-01-06-08,AIML,spontaneous,71,802,50,0.37968872806090187,1.2926427021146871,0.25990061570474443,-0.023601385077466192,0.024054400847720425,0.6512346965994743
2023-01-06-08,AWCL,spontaneous,71,802,50,0.2287861185932112,-1.146695087183768,0.24450694847545895,-0.4952494674142252,0.024341847520436638,0.749328994267577
2023-01-06-08,IL1VL,spontaneous,71,802,50,0.3574029726685858,0.9323938934075199,0.26528200029692,0.14127938604818083,0.01795703611235784,-1.4295572140870405
2023-01-06-08,OLQDL,spontaneous,71,802,50,0.2742733376018559,-0.4113950638820566,0.27141181003632714,0.32909122877662456,0.019899160186423605,-0.7667862895549575
2023-01-06-08,IL1VR,spontaneous,71,802,50,0.37110065703097067,1.153816698545969,0.27793388400045776,0.5289216936179447,0.019600293613662504,-0.8687777520910954
2023-01-06-08,OLLL,spontaneous,71,802,50,0.31318150241426845,0.21755467445557847,0.2656522262958413,0.15262277679591874,0.018533773081301535,-1.232739462212708
2023-01-06-08,OLLR,spontaneous,71,802,50,0.3112725127868133,0.18669589372238507,0.2753623199347568,0.45013128960774446,0.020572521990845367,-0.5369942635867488
2023-01-06-08,ASHL,spontaneous,71,802,50,0.25075615857520217,-0.7915498120323599,0.2851791089868611,0.7509088536648052,0.022503317592220472,0.12191069665449127
2023-01-06-08,AIBL,spontaneous,71,802,50,0.4048332831347896,1.699103952872336,0.30273252842258097,1.288729796003985,0.01982895904117263,-0.7907431924956618
2023-01-06-08,ASEL,spontaneous,71,802,50,0.36042799624160865,0.9812933414768604,0.2712527477004676,0.3242177022437501,0.0273225659408316,1.7665315147632288
2023-01-06-08,RIAL,spontaneous,71,802,50,0.2835098865224997,-0.26208642764104895,0.32841532356795555,2.075627479248629,0.019669184965140724,-0.845267830494841
2023-01-06-08,AVAL,spontaneous,71,802,50,0.3806043401277485,1.3074435536233213,0.27010500862371206,0.28905201193021246,0.018413595128030674,-1.2737514934527907
2023-01-06-08,IL1DR,spontaneous,71,802,50,0.3928314355593239,1.5050943168858768,0.2616774937302147,0.03084055528519303,0.022940383270913474,0.27106410441910456
2023-01-06-08,RIML,spontaneous,71,802,50,0.38346898466133766,1.353750477594622,0.27889558520123114,0.5583873511750216,0.02005076640051242,-0.7150490231165156
2023-01-06-08,AVAR,spontaneous,71,802,50,0.3721214308232094,1.1703174873296556,0.2726666546198296,0.36753853523220714,0.022031068149757967,-0.039249552461516915
2023-01-06-08,RMDL,spontaneous,71,802,50,0.28450211042211204,-0.24604714732437763,0.29381025795496524,1.0153594747243957,0.02387970710129923,0.5916185591077208
2023-01-06-08,SMDVL,spontaneous,71,802,50,0.31629832891404086,0.2679381150759974,0.2789500636790709,0.5600565226088989,0.01947836766747833,-0.91038630488956
2023-01-06-08,RMGL,spontaneous,71,802,50,0.18724320072237277,-1.8182355582036238,0.21557367025730345,-1.381739020816269,0.022052211220727314,-0.032034249957972265
2023-01-06-08,URYVL,spontaneous,71,802,50,0.42054194032972153,1.9530340952993086,0.26596878499315296,0.16232184981797498,0.023000385050066997,0.29154036295180424
2023-01-06-08,OLQDR,spontaneous,71,802,50,0.3312629201407154,0.5098404453895566,0.2361003217560408,-0.7528209292418158,0.02025140678628628,-0.6465783132614915
2023-01-06-08,AIMR,spontaneous,71,802,50,0.33196610247912767,0.5212073744102477,0.2831098660732176,0.6875091167748065,0.021936250293235305,-0.0716071753697778
2023-01-06-08,OLQVL,spontaneous,71,802,50,0.3315437943399928,0.5143807714366223,0.264320780362508,0.1118284740584242,0.02269823598837041,0.18842871543078843
2023-01-06-08,ADAL,spontaneous,71,802,50,0.2839873185082353,-0.2543687487438265,0.30459597575523006,1.3458241418728796,0.026119800221387157,1.3560746554324712
2023-01-06-08,ADLL,spontaneous,71,802,50,0.22701958592286103,-1.175251053936206,0.24850877300060356,-0.3726371726946209,0.022433019956165517,0.09792086517939613
2023-01-06-08,AVJL,spontaneous,71,802,50,0.21692040435438037,-1.3385041303931504,0.2352820962764237,-0.7778906200849627,0.023079701570638295,0.3186079866797034
2023-01-06-08,RMEV,spontaneous,71,802,50,0.3947436148976563,1.5360046592342547,0.24550549201917068,-0.4646549936928876,0.021817699830023223,-0.11206380795880236
2023-01-06-08,AVL,spontaneous,71,802,50,0.22439029994579632,-1.2177534113530253,0.18216935804299172,-2.4052170240100406,0.026267586757478034,1.4065084152865945
2023-01-06-08,RIMR,spontaneous,71,802,50,0.41363437990963126,1.8413735135239073,0.2838639548724035,0.7106137175661659,0.02044624772802151,-0.5800867266450809
2023-01-06-08,URXR,spontaneous,71,802,50,0.21454143828047656,-1.3769600713739127,0.17404440366543555,-2.6541582992870363,0.024211255580129633,0.7047630768941737
2023-01-06-08,URYVR,spontaneous,71,802,50,0.3222312375581011,0.3638434695755848,0.26402207783274306,0.10267649790781912,0.018713297709600837,-1.1714747338346085
2023-01-06-08,RIAR,spontaneous,71,802,50,0.2124120821517823,-1.4113810723752922,0.24359710648823488,-0.523126205433306,0.020573134187443075,-0.536785344851599
2023-01-06-08,AWAR,spontaneous,71,802,50,0.2419288331935059,-0.9342433576109437,0.24193565857988988,-0.5740314710988227,0.024382054071332992,0.7630499162548302
2023-01-06-08,ASGL,spontaneous,71,802,50,0.2827843275523443,-0.27381507448491627,0.2815861633266233,0.6408242386506864,0.025060545410225944,0.9945924515490328
2023-01-06-15,OLQVR,spontaneous,62,803,50,0.3116189925548954,-0.01337745791332241,0.23068157328010067,-1.5941796195723894,0.03985858830898664,-0.410924365348348
2023-01-06-15,BAGL,spontaneous,62,803,50,0.36998439503387454,0.9921854388390258,0.2891096068226481,0.6480134801359896,0.06265788086006245,1.3943233784614546
2023-01-06-15,RMER,spontaneous,62,803,50,0.30442117231533833,-0.13738689951699273,0.27958602734540344,0.2825432958133828,0.03417398458444694,-0.8610312283217726
2023-01-06-15,CEPVL,spontaneous,62,803,50,0.34020635958784184,0.4791471265701908,0.23478379076604608,-1.436755808042058,0.03672650686004105,-0.6589225414527538
2023-01-06-15,CEPDR,spontaneous,62,803,50,0.23479510856640362,-1.3369569081031312,0.22965719965441952,-1.6334902609848363,0.05513750921679926,0.7988604310389265
2023-01-06-15,IL1VR,spontaneous,62,803,50,0.2809578605071478,-0.54163042028677,0.28607602953494066,0.5315990528563771,0.05952676206292153,1.146401425116793
2023-01-06-15,RMDVL,spontaneous,62,803,50,0.2390285037922009,-1.2640208023702282,0.2284762952438386,-1.678807817648652,0.06007017765071322,1.189429065628636
2023-01-06-15,IL1VL,spontaneous,62,803,50,0.26370292072692864,-0.8389114547991875,0.2764805737385172,0.1633705934879769,0.05287062276130886,0.619368385394118
2023-01-06-15,AIBR,spontaneous,62,803,50,0.40837004285600725,1.6535221482301947,0.29544085571314144,0.8909770322887941,0.02377430979323949,-1.6844773686405896
2023-01-06-15,RMDVR,spontaneous,62,803,50,0.28816781928191665,-0.4174118469010604,0.293579668914994,0.8195534374311021,0.05592899556979287,0.8615303121239226
2023-01-06-15,IL1L,spontaneous,62,803,50,0.34876094522118795,0.626531939226656,0.29259050465248565,0.7815939657631187,0.05686926918759267,0.9359811672675344
2023-01-06-15,RMDDL,spontaneous,62,803,50,0.2507094990991511,-1.0627718607213148,0.2649627264255775,-0.27863020994077614,0.03545600491145565,-0.7595208723462061
2023-01-06-15,IL2L,spontaneous,62,803,50,0.3327629834122934,0.3509070632656047,0.2760930824390739,0.1485005000562655,0.05709313626438372,0.9537069600475068
2023-01-06-15,RIBL,spontaneous,62,803,50,0.41032304464646857,1.6871699267833555,0.2650178135839423,-0.2765162239159325,0.06402950267602932,1.5029283793880142
2023-01-06-15,RIH,spontaneous,62,803,50,0.33458312920706273,0.3822658991540246,0.30764065733070634,1.3591480342239468,0.04836116434260302,0.26230951534647196
2023-01-06-15,SAAVL,spontaneous,62,803,50,0.2814136603148467,-0.5337775595935892,0.28098333721140556,0.3361654759509857,0.05433447630927463,0.7352762938879053
2023-01-06-15,IL2DL,spontaneous,62,803,50,0.23258868491036255,-1.3749708284873974,0.24231361834711576,-1.1477964434936379,0.06059752368141066,1.231184318779185
2023-01-06-15,RIVL,spontaneous,62,803,50,0.2981681050357094,-0.24511942906745074,0.29693773522483824,0.9484202270829054,0.028054962630274544,-1.3455353221372246
2023-01-06-15,RIR,spontaneous,62,803,50,0.2981668402745247,-0.2451412193210349,0.29171958493067596,0.7481721633808833,0.030146771334254897,-1.1799059310110487
2023-01-06-15,ASGL,spontaneous,62,803,50,0.3328276587497246,0.3520213384507914,0.2416819188343143,-1.17203809947306,0.03886361740162179,-0.48970615130301975
2023-01-06-15,URXR,spontaneous,62,803,50,0.2969436587823781,-0.26621510679983373,0.2516844275413245,-0.7881888640491195,0.05575692873974099,0.8479060623346016
2023-01-06-15,URYDR,spontaneous,62,803,50,0.3100049877272145,-0.04118474272523789,0.2549848907928982,-0.6615326088265161,0.027566292278214107,-1.384228235461073
2023-01-06-15,AVAR,spontaneous,62,803,50,0.3957668190701852,1.4363843631690232,0.30068446813103344,1.0922022125334967,0.031805720638818216,-1.0485503425668599
2023-01-06-15,URYVL,spontaneous,62,803,50,0.36101403332450466,0.837637324335077,0.2813260344502634,0.3493165840350287,0.02919673866570266,-1.255129507690344
2023-01-06-15,URAVL,spontaneous,62,803,50,0.25565406216212494,-0.9775832224939096,0.2863770791878914,0.5431519224908518,0.055846995326097805,0.8550375336927172
2023-01-06-15,RID,spontaneous,62,803,50,0.37527050876419366,1.083258567943832,0.2697966757925632,-0.093125970659775,0.06527614411881395,1.6016374356837355
2023-01-06-15,OLQVL,spontaneous,62,803,50,0.32932430138877644,0.2916628721915642,0.2872915651062638,0.5782455905750588,0.06113128634400992,1.2734476407760669
2023-01-06-15,RIAL,spontaneous,62,803,50,0.28760016980116276,-0.42719173758908274,0.2877296914897665,0.5950588203609732,0.059311669535413225,1.1293704010565138
2023-01-06-15,AVDL,spontaneous,62,803,50,0.19671985547824739,-1.9929459043872677,0.22170344305484987,-1.9387180272304416,0.05431559552022891,0.7337813132103346
2023-01-06-15,AWCR,spontaneous,62,803,50,0.3481622104320875,0.6162164875490789,0.3334662713049517,2.350213622741794,0.024204872522412955,-1.6503854162842735
2023-01-06-15,ASGR,spontaneous,62,803,50,0.30296308452867454,-0.16250792869185232,0.24771865671272583,-0.9403764946739541,0.03710086146789815,-0.6292811475496372
2023-01-06-15,ADLL,spontaneous,62,803,50,0.19236353431241118,-2.0679998703438893,0.2249696267239175,-1.8133772611437193,0.04930291484177622,0.336877309941658
2023-01-06-15,OLLL,spontaneous,62,803,50,0.36248161749764835,0.8629219643734246,0.28329835668542513,0.4250050342181199,0.04185787212940475,-0.2526210935270947
2023-01-06-15,RICL,spontaneous,62,803,50,0.33057446916476907,0.3132016995937457,0.2816606886307799,0.36215903737202704,0.03157401052074574,-1.0668971472728028
2023-01-06-15,AINR,spontaneous,62,803,50,0.2746371902967017,-0.6505276637953983,0.28265710793366877,0.4003969233643169,0.02580332056209097,-1.523820317355808
2023-01-06-15,AWCL,spontaneous,62,803,50,0.31887414699105787,0.11161978019945754,0.27576410872256324,0.13587603620864283,0.021966249714453094,-1.827639546615612
2023-01-06-15,AIZR,spontaneous,62,803,50,0.2100367182951753,-1.7635130112505064,0.23769961268116244,-1.3248602780771226,0.03512899406274971,-0.7854135878989031
2023-01-06-15,AVL,spontaneous,62,803,50,0.3500571847526201,0.648864525360732,0.32175383967881377,1.9007455886377713,0.055315569876194674,0.8129592721724724
2023-01-06-15,URYDL,spontaneous,62,803,50,0.3412244195231145,0.4966870261356736,0.2686831369117414,-0.13585835515834868,0.036145548666221,-0.7049228051140917
2023-01-06-15,RMEL,spontaneous,62,803,50,0.3533288979674909,0.7052320526620869,0.3224516856735234,1.9275256354599466,0.04002073700329091,-0.3980854334429511
2023-01-06-15,AVER,spontaneous,62,803,50,0.4299154904207975,2.024723266441952,0.27937773956566375,0.2745501905491806,0.033061187305750035,-0.9491425051162135
2023-01-06-15,IL2VL,spontaneous,62,803,50,0.2232594614419018,-1.5357016823314031,0.24592019378746663,-1.0093930423241682,0.05590804708730168,0.8598716115011409
2023-01-06-15,IL2VR,spontaneous,62,803,50,0.197601951149292,-1.977748499066405,0.2152348297192584,-2.1869529806656463,0.06342852624599885,1.4553430719945974
2023-01-06-15,AVAL,spontaneous,62,803,50,0.3745316885105508,1.0705296188939222,0.29616374476424795,0.9187181138205806,0.032028830803094745,-1.0308844821118068
2023-01-06-15,AWBL,spontaneous,62,803,50,0.2996018971391332,-0.22041698413222116,0.2713415705480922,-0.03384017665645105,0.04269455139062476,-0.1863728384452235
2023-01-06-15,IL1DL,spontaneous,62,803,50,0.34077736519430063,0.48898483910715695,0.25277120629605554,-0.7464834073184355,0.05507250588851039,0.7937134681903765
2023-01-06-15,ASHL,spontaneous,62,803,50,0.28228135565463336,-0.5188282539721876,0.29398925199493303,0.83527130948524,0.03668901828711179,-0.6618908862620319
2023-01-06-15,IL1DR,spontaneous,62,803,50,0.3237257608700437,0.19520702022292757,0.273747173450427,0.05847554751259313,0.05632814901904571,0.8931352780272876
2023-01-06-15,ADEL,spontaneous,62,803,50,0.1973977285856615,-1.981266998450358,0.23900861614743021,-1.2746268821949445,0.05793312798139858,1.0202174953442895
2023-01-06-15,AUAL,spontaneous,62,803,50,0.3246598788174314,0.21130070430952103,0.2831588630397341,0.4196519242320741,0.05120237404786534,0.4872764698528429
2023-01-06-15,AVKL,spontaneous,62,803,50,0.31850279868212145,0.10522191322042511,0.30832544784178045,1.3854270729932057,0.062430829976446174,1.3763454918906293
2023-01-06-15,AIBL,spontaneous,62,803,50,0.3933100760822364,1.3940577537289949,0.30403337040470474,1.2207173295818137,0.026460478497059344,-1.4717865589937578
2023-01-06-15,OLQDL,spontaneous,62,803,50,0.35866804220626086,0.7972188311110109,0.2896882744153881,0.6702200204694351,0.059372276073914286,1.1341692261360226
2023-01-06-15,OLQDR,spontaneous,62,803,50,0.3182604406099772,0.10104638671455646,0.2761938387349309,0.15236705276436444,0.04206866237978016,-0.23593072372483712
2023-01-06-15,CEPDL,spontaneous,62,803,50,0.2854347384304806,-0.4644994121588895,0.256342598866288,-0.6094301592146161,0.04036253693597837,-0.3710217183765263
2023-01-06-15,RMDR,spontaneous,62,803,50,0.3400029551498679,0.47564272246820527,0.2712623460713303,-0.03688043942679016,0.03187755589668448,-1.0428624276064045
2023-01-06-15,OLLR,spontaneous,62,803,50,0.31060953085323256,-0.03076922066609736,0.2760465480856249,0.14671473045430358,0.03530520574950945,-0.7714611483991556
2023-01-06-15,RMDL,spontaneous,62,803,50,0.3785254274424813,1.1393367463820097,0.2797216850762679,0.287749201431357,0.035491344791884746,-0.7567226609864366
2023-01-06-15,AVJL,spontaneous,62,803,50,0.218554549254332,-1.61676143566733,0.23767239002205165,-1.3259049556867066,0.04395892445985459,-0.08625979215452521
2023-01-06-15,AVEL,spontaneous,62,803,50,0.42115497385887113,1.873790521409818,0.27833044164802595,0.23435982264031655,0.034328167385453336,-0.8488230357637128
2023-01-06-15,AWAL,spontaneous,62,803,50,0.33241740048079954,0.34495310151940983,0.2665622172328349,-0.21724927627529608,0.051311563469158106,0.49592208707956537
2023-01-06-15,URXL,spontaneous,62,803,50,0.3447650343557234,0.5576873920398553,0.25744401679744755,-0.5671629197508299,0.052523034340707916,0.5918463379157342
2023-01-09-08,IL2DR,spontaneous,42,802,50,0.2504510813431516,-1.0984082274809865,0.27639316289965604,0.04613055064290508,0.03963663615754434,0.5708166551881768
2023-01-09-08,RMDVR,spontaneous,42,802,50,0.3226249243864546,-0.10510536024185779,0.24339059325788542,-0.9245297622408832,0.03311812430580161,-0.2619941225276584
2023-01-09-08,IL1DL,spontaneous,42,802,50,0.2744166257547764,-0.7685789849847684,0.2544623758082897,-0.5988902732189588,0.03747372570208582,0.29448132290546486
2023-01-09-08,SMDVL,spontaneous,42,802,50,0.3306415043059048,0.005223970768877824,0.27000167680775344,-0.14185365655974683,0.03906763635711084,0.4981207428239931
2023-01-09-08,RIAL,spontaneous,42,802,50,0.3136699570768117,-0.22834938230902305,0.32310687007135397,1.4200581602631017,0.0440581655057049,1.1357151134383552
2023-01-09-08,OLLR,spontaneous,42,802,50,0.4354662626810741,1.4478897435923193,0.28302066662538916,0.2410564279272123,0.023364382939081253,-1.5081406538231104
2023-01-09-08,URYVL,spontaneous,42,802,50,0.2922392102418179,-0.5232931095746373,0.29232944121856874,0.5148429287136275,0.04480628453017841,1.2312954545907957
2023-01-09-08,RIVL,spontaneous,42,802,50,0.365668379598652,0.48728636611394005,0.3182229800148883,1.276414853037142,0.03301679218695678,-0.2749404026943803
2023-01-09-08,RIBR,spontaneous,42,802,50,0.41962470260740253,1.2298680008221878,0.2849672152704495,0.29830765222177014,0.030400068300961824,-0.6092553359379919
2023-01-09-08,OLQDL,spontaneous,42,802,50,0.3760556175546558,0.6302422183913812,0.2729500554626976,-0.05513694998894108,0.026064468415084655,-1.1631753709006833
2023-01-09-08,IL2R,spontaneous,42,802,50,0.3067153670306816,-0.3240629253601958,0.2568305595439594,-0.5292380615644442,0.030802633252547836,-0.5578232854889539
2023-01-09-08,OLQDR,spontaneous,42,802,50,0.3069412193157367,-0.32095460089168776,0.23836926241388642,-1.0722154309943903,0.029106738291743872,-0.7744923095475539
2023-01-09-08,AVDR,spontaneous,42,802,50,0.2105374463715738,-1.6477253538451333,0.22352553000802233,-1.5087942216108368,0.04096370225247506,0.7403637806266452
2023-01-09-08,AVL,spontaneous,42,802,50,0.2704345221199016,-0.8233832574383121,0.2772489144717496,0.07129962377070771,0.047478581962728965,1.572710512767834
2023-01-09-08,URYDR,spontaneous,42,802,50,0.3080395568799219,-0.3058385726230111,0.2965321500255827,0.6384515655517847,0.041829977390562746,0.8510398502381196
2023-01-09-08,AWBR,spontaneous,42,802,50,0.32008764752492647,-0.14002499698647858,0.30565960491786576,0.9069051531888718,0.037407580547671314,0.286030560102088
2023-01-09-08,SAAVL,spontaneous,42,802,50,0.35864033154777214,0.390561846735848,0.31266248556223064,1.1128714882691468,0.038537208888412736,0.43035286531216405
2023-01-09-08,RMER,spontaneous,42,802,50,0.4279075012619349,1.3438612053599472,0.27952579898925195,0.1382665739854521,0.02327425406646381,-1.5196555974492565
2023-01-09-08,AWCL,spontaneous,42,802,50,0.27839083705361106,-0.7138833319380248,0.3242226659634983,1.4528755681661658,0.05016388526537954,1.915787212288667
2023-01-09-08,CEPVR,spontaneous,42,802,50,0.4163455781499196,1.184738580130297,0.259969901270181,-0.4369048143264299,0.025906783569639522,-1.1833213247251062
2023-01-09-08,AVJR,spontaneous,42,802,50,0.26349976701145944,-0.9188238193145021,0.2054700721576107,-2.0398351846805336,0.03862820834300235,0.4419790352528131
2023-01-09-08,RIMR,spontaneous,42,802,50,0.42970065090705784,1.368539684553868,0.3152382823548793,1.1886299442868535,0.03637863568361333,0.15457166396864847
2023-01-09-08,CEPVL,spontaneous,42,802,50,0.43834041718546196,1.4874457072173108,0.2716742295226462,-0.0926611070348267,0.018253021263637675,-2.161172693793249
2023-01-09-08,RMEL,spontaneous,42,802,50,0.304215334104989,-0.3584699870957434,0.2524410818795863,-0.6583398802817394,0.038324864383939436,0.4032235456244483
2023-01-09-08,AVAL,spontaneous,42,802,50,0.44622236695578393,1.5959221714898069,0.32725886710353913,1.5421752796904478,0.0358508395509912,0.08713996825623935
2023-01-09-08,CEPDR,spontaneous,42,802,50,0.19687712867748594,-1.8357274354967061,0.21400769642026898,-1.7887294941834133,0.04074929038367259,0.7129703326633415
2023-01-09-08,AVJL,spontaneous,42,802,50,0.25527511966822436,-1.0320167080895184,0.23975848639212213,-1.0313560495578245,0.03597290791564093,0.10273552933069885
2023-01-09-08,IL2DL,spontaneous,42,802,50,0.24720874891847433,-1.143031292544073,0.2591099489278382,-0.4621974390748719,0.0415567735531497,0.8161350889236054
2023-01-09-08,URXL,spontaneous,42,802,50,0.23097875730373346,-1.36639888011339,0.23724008310081424,-1.1054264675053567,0.04170631344129238,0.8352404358764303
2023-01-09-08,URBL,spontaneous,42,802,50,0.3664493761877951,0.4980349436953552,0.2814827184231321,0.1958228203807121,0.03129278188229234,-0.49520146768482726
2023-01-09-08,AWBL,spontaneous,42,802,50,0.3705452496026292,0.5544049890643156,0.30180220165456173,0.7934525251323387,0.022243005881516825,-1.6514087678748244
2023-01-09-08,RIH,spontaneous,42,802,50,0.39833017737339627,0.9367990428792996,0.2986786417923514,0.7015834486914873,0.024685039768120132,-1.3394123818029329
2023-01-09-08,AVDL,spontaneous,42,802,50,0.19975746390285135,-1.796086408812721,0.21210228340417522,-1.8447708514004444,0.042803899091079595,0.9754689388536322
2023-01-09-08,AWAR,spontaneous,42,802,50,0.27374830958744534,-0.7777767820985219,0.2757669065049185,0.027711311333367877,0.047063206565608126,1.5196417885884426
2023-01-09-08,AVER,spontaneous,42,802,50,0.4291815024608885,1.3613948295986822,0.29712648451116813,0.6559319285658761,0.03251631246394479,-0.3388821300138124
2023-01-09-08,CEPDL,spontaneous,42,802,50,0.35166560340104425,0.29457115018666213,0.2442772319345867,-0.8984522481356648,0.027910330503310758,-0.9273464154250911
2023-01-09-08,RIVR,spontaneous,42,802,50,0.35987046423557034,0.40749172429746566,0.3278920930311034,1.5607995045204353,0.03515182015237225,-0.0021673617360604665
2023-01-09-08,IL1DR,spontaneous,42,802,50,0.40950048788115667,1.0905320434713932,0.2928860582289708,0.5312139582224771,0.026412981576122263,-1.1186490245060938
2023-01-09-08,AVBR,spontaneous,42,802,50,0.36185549576359116,0.4348110054276133,0.30748344233827596,0.9605472368314699,0.0354614264688141,0.037388212150445896
2023-01-09-08,IL2L,spontaneous,42,802,50,0.2915552967298348,-0.5327055673813916,0.29526457817863216,0.6011701750746499,0.04171743649333439,0.836661526737714
2023-01-09-08,URXR,spontaneous,42,802,50,0.23063360998726284,-1.371149019563003,0.20532447780807944,-2.0441173559903474,0.04407800300990333,1.1382495703320743
2023-01-09-08,OLLL,spontaneous,42,802,50,0.43069138323956774,1.3821747803871072,0.2869604016581009,0.35693056988163296,0.021854214766521662,-1.701081060909248
2023-01-09-15,ASEL,spontaneous,83,803,50,0.33939946129866455,0.496679430909864,0.3637837284152002,2.8010885996405657,0.04209819777558784,1.0541415592136452
2023-01-09-15,AIBL,spontaneous,83,803,50,0.42784447630305317,1.8131853324609268,0.26595289590713045,0.19729633325751525,0.03227768606317141,-0.45537633202377065
2023-01-09-15,AINL,spontaneous,83,803,50,0.2650285042859407,-0.6103338225379769,0.2881715511500982,0.7886514429699724,0.042920746566101335,1.180576123119918
2023-01-09-15,AIZR,spontaneous,83,803,50,0.25940389995161905,-0.69405617590811,0.28399797973140467,0.6775707876735442,0.04802326662993687,1.9648881378410312
2023-01-09-15,AWBL,spontaneous,83,803,50,0.3100512957046774,0.05983137110383861,0.29920921915229315,1.0824217589963463,0.032469519142312844,-0.4258895319898138
2023-01-09-15,AVJR,spontaneous,83,803,50,0.20069295011822177,-1.5679698943635891,0.1605343738177531,-2.6084442038805076,0.03872586845254748,0.535778402858181
2023-01-09-15,RMDVL,spontaneous,83,803,50,0.2769556280573421,-0.43279833528863054,0.2052973888405246,-1.4170652761108127,0.03846883302201862,0.4962693026781291
2023-01-09-15,URBR,spontaneous,83,803,50,0.2466705209103396,-0.8835927897432616,0.2467874201002505,-0.3127976361808938,0.035415790947082415,0.02698401798263274
2023-01-09-15,CEPVR,spontaneous,83,803,50,0.24188861603386488,-0.9547715440260486,0.20786703558679628,-1.348673480255179,0.03484945098438963,-0.0600685034380799
2023-01-09-15,RIBR,spontaneous,83,803,50,0.3953254977797758,1.329139655763573,0.26068014897511266,0.056960844616442824,0.03919396538095285,0.6077299170921899
2023-01-09-15,OLLR,spontaneous,83,803,50,0.3350794843437967,0.43237648341908774,0.29279365112932165,0.9116697989607446,0.024478810946109757,-1.6541470137843162
2023-01-09-15,AWCL,spontaneous,83,803,50,0.34933727096589645,0.6446039360360468,0.34233966413441613,2.230349423629559,0.04535610050801367,1.5549161223446295
2023-01-09-15,SAAVL,spontaneous,83,803,50,0.36420893964795303,0.8659690359782891,0.2654590760320784,0.1841531928110647,0.03563825192354367,0.06117865405702706
2023-01-09-15,ADEL,spontaneous,83,803,50,0.2905556954514182,-0.23036104716216066,0.3213578659372919,1.6719135759536687,0.04264773611078792,1.1386114904348998
2023-01-09-15,RMDVR,spontaneous,83,803,50,0.262784184605587,-0.6437405680058389,0.22323630418891657,-0.9396165224411517,0.040922416762556285,0.8734114173103099
2023-01-09-15,URYVR,spontaneous,83,803,50,0.29442971434147364,-0.17269619481038898,0.265310410798441,0.18019643014533504,0.03398999529254734,-0.19217605358961215
2023-01-09-15,IL1L,spontaneous,83,803,50,0.32554939080671863,0.29052084143322376,0.2692302134729554,0.2845229663506397,0.022007020976652455,-2.034087620907617
2023-01-09-15,ADAL,spontaneous,83,803,50,0.24216100701171892,-0.9507169986132143,0.2664667207929454,0.2109719121078723,0.046703271841574225,1.7619907932093561
2023-01-09-15,AWAR,spontaneous,83,803,50,0.28249107677893176,-0.35040306508211305,0.32156833984956606,1.677515392180774,0.04298905489818712,1.191075845784442
2023-01-09-15,OLLL,spontaneous,83,803,50,0.3548359274514367,0.7264515530380519,0.30458731636963643,1.2255611720358863,0.026956851432606326,-1.2732456352087165
2023-01-09-15,OLQVR,spontaneous,83,803,50,0.32772676089633207,0.32293104084010527,0.2840682850558697,0.679441981605298,0.021411571630721042,-2.1256145664814046
2023-01-09-15,RIVR,spontaneous,83,803,50,0.32321577278365227,0.2557848882629931,0.2793911304268685,0.5549583322336497,0.030179239025430165,-0.7779301296308345
2023-01-09-15,URYVL,spontaneous,83,803,50,0.39518695165742157,1.327077393829338,0.26601014879864754,0.198820133396372,0.027664538018289046,-1.1644666231001988
2023-01-09-15,IL2DR,spontaneous,83,803,50,0.19101586402596585,-1.7120135236132477,0.2190710375830386,-1.050476143051188,0.032094224056351164,-0.4835764085337697
2023-01-09-15,URYDR,spontaneous,83,803,50,0.3035406238282463,-0.037080116196590004,0.2520405448343476,-0.17298439728343956,0.028553389874754607,-1.027840567423492
2023-01-09-15,ASGR,spontaneous,83,803,50,0.3578624900655494,0.7715020009654496,0.23345584305630374,-0.6676209195548248,0.039003995555429445,0.5785295191067912
2023-01-09-15,ASER,spontaneous,83,803,50,0.3385035739657998,0.48334412918841824,0.35174096248352976,2.480567348876823,0.04572411671814916,1.6114841576703793
2023-01-09-15,FLPR,spontaneous,83,803,50,0.23121920157930934,-1.1135860017410437,0.21020211689749732,-1.2865247025916808,0.04206876389011127,1.0496172555890857
2023-01-09-15,CEPDR,spontaneous,83,803,50,0.34172653288320665,0.5313179402054917,0.24848872843664901,-0.26751688597689205,0.03284857174364905,-0.367625085065561
2023-01-09-15,AWBR,spontaneous,83,803,50,0.305664410271832,-0.005467510483583321,0.2656109489629158,0.1881953291463018,0.03125559207508788,-0.6124831312130217
2023-01-09-15,AQR,spontaneous,83,803,50,0.26381128748265853,-0.6284521201594833,0.29650301776633614,1.0103955269856078,0.03749619031509542,0.3467636953454858
2023-01-09-15,AVER,spontaneous,83,803,50,0.38430556243199326,1.165107687208341,0.26411756184354357,0.14844845454195074,0.029930975538903493,-0.8160908880136355
2023-01-09-15,IL2VR,spontaneous,83,803,50,0.2812352812219684,-0.36909560826051424,0.2833903414286572,0.6613983410849755,0.04220655323737251,1.070796954876017
2023-01-09-15,RICL,spontaneous,83,803,50,0.3568050505652567,0.755761991846796,0.2577844191795697,-0.020109733787843365,0.043748651876779544,1.307834041578397
2023-01-09-15,CEPDL,spontaneous,83,803,50,0.25994900067169846,-0.685942340268095,0.24956064644323706,-0.2389875180445436,0.030122720872393746,-0.7866175754265868
2023-01-09-15,RMDDL,spontaneous,83,803,50,0.2836454059680144,-0.3332208509156668,0.20538598853071688,-1.4147071730239604,0.03093934299001397,-0.6610940046569129
2023-01-09-15,RMER,spontaneous,83,803,50,0.4144044493864327,1.613130250194753,0.24326289532356618,-0.4066037515019416,0.034006151345139825,-0.18969269517059104
2023-01-09-15,AINR,spontaneous,83,803,50,0.27848173159137357,-0.41008225220773903,0.2321172762848657,-0.7032472115749832,0.04103922086433683,0.8913654594794901
2023-01-09-15,AVAR,spontaneous,83,803,50,0.43899097223733385,1.9791011579980395,0.2565409292062837,-0.053205532860184514,0.03071544734913095,-0.6955091640274451
2023-01-09-15,RIBL,spontaneous,83,803,50,0.4084776602064266,1.5249098690648515,0.2544150781182477,-0.10978559540900817,0.04013727686252145,0.7527270007611732
2023-01-09-15,OLQDR,spontaneous,83,803,50,0.2771751578813638,-0.4295306292582031,0.2638182570972664,0.14048238327721013,0.025149234745057147,-1.5510956913218712
2023-01-09-15,AVDL,spontaneous,83,803,50,0.33258334638856213,0.39522141765321217,0.24907463708036304,-0.2519227797406631,0.043626732465733904,1.2890937215572078
2023-01-09-15,ASIL,spontaneous,83,803,50,0.3292957042711214,0.3462847958483116,0.3279249880024841,1.8466991850235956,0.03797287650517516,0.4200354711452533
2023-01-09-15,AWCR,spontaneous,83,803,50,0.2682125759745223,-0.5629388487367815,0.2634760608557314,0.13137474405497654,0.037752197367129814,0.3861147227303689
2023-01-09-15,AUAR,spontaneous,83,803,50,0.3523934891210142,0.6900958073126855,0.24635793855119442,-0.32422839586388236,0.03954836854029779,0.6622054806278318
2023-01-09-15,CEPVL,spontaneous,83,803,50,0.2366106111885957,-1.033334756739249,0.209829132625506,-1.2964517730049208,0.03690725092123211,0.25623739916815136
2023-01-09-15,SMDVL,spontaneous,83,803,50,0.28465569546849345,-0.31818267053218513,0.2779936474565263,0.5177639707292768,0.038423643111289034,0.48932312912349846
2023-01-09-15,AUAL,spontaneous,83,803,50,0.2521890232707838,-0.8014497664774761,0.26728473942223063,0.23274368411558166,0.040441884061643875,0.7995483915746137
2023-01-09-15,ASIR,spontaneous,83,803,50,0.3061321127051606,0.0014942500364002465,0.3031501181667515,1.1873097796067904,0.03746777854671543,0.3423965020721389
2023-01-09-15,AIBR,spontaneous,83,803,50,0.42217626695970784,1.7288139176178097,0.2615025412922768,0.07884902342947885,0.03018766143039647,-0.776635515729218
2023-01-09-15,OLQVL,spontaneous,83,803,50,0.3309398698570969,0.3707582350461732,0.2714752837451748,0.3442760775368217,0.024866544112209933,-1.5945482710309888
2023-01-09-15,RIVL,spontaneous,83,803,50,0.33002102466245775,0.3570812050711742,0.29814860405785754,1.05419322091994,0.03325669112949491,-0.30489276186938363
2023-01-09-15,IL2DL,spontaneous,83,803,50,0.26131888019905375,-0.6655516547999797,0.25966783828499307,0.03001794043648655,0.027771872357470966,-1.1479681849246808
2023-01-09-15,OLQDL,spontaneous,83,803,50,0.3049419422010108,-0.016221462855813055,0.28964331210782873,0.8278227318311524,0.023988918728319566,-1.7294486975649375
2023-01-09-15,URBL,spontaneous,83,803,50,0.22210387251735952,-1.2492678658239589,0.23515762589809017,-0.6223275402703199,0.02952638348241416,-0.8782810228872601
2023-01-09-15,SAAVR,spontaneous,83,803,50,0.3284850743147276,0.33421855196205563,0.25146414474780904,-0.18832543087372303,0.037746932679245074,0.38530548378371116
2023-01-09-15,AVAL,spontaneous,83,803,50,0.4294048346063154,1.8364112984995669,0.2561400864661578,-0.0638740634248142,0.02912472292281384,-0.9400205552737985
2023-01-09-15,IL1R,spontaneous,83,803,50,0.37388384459033003,1.0099801987662975,0.24298198246704417,-0.4140803179850006,0.04238540632267724,1.098288590757796
2023-01-09-15,AVDR,spontaneous,83,803,50,0.1968167225958146,-1.6256676222541944,0.19987109968018832,-1.561487329860343,0.04023631225625414,0.7679498020858968
2023-01-09-15,ASGL,spontaneous,83,803,50,0.38001517534483503,1.1012451855184264,0.25499454121392456,-0.09436303905844938,0.041164533336134665,0.910627329299863
2023-01-09-15,SMDVR,spontaneous,83,803,50,0.25796028871906346,-0.7155443593530508,0.22315873423063304,-0.941681066433105,0.0353663750275886,0.019388261593120515
2023-01-09-15,ADLL,spontaneous,83,803,50,0.22941291367351885,-1.1404726350663419,0.2628434227187626,0.11453692057716411,0.043922742502065376,1.3345936363185993
2023-01-09-15,RMEL,spontaneous,83,803,50,0.42273366269495716,1.7371107648162494,0.2726666162274076,0.3759836918379963,0.032978856345431524,-0.3475989455829584
2023-01-09-15,AVHL,spontaneous,83,803,50,0.2878429252168896,-0.27074068894447867,0.20808298922212032,-1.3429258198178864,0.03091211404203477,-0.665279385759021
2023-01-09-15,RID,spontaneous,83,803,50,0.38358044464207885,1.1543142937118889,0.25623093101888594,-0.061456212755732,0.040754853061723,0.8476550808039349
2023-01-09-15,RIH,spontaneous,83,803,50,0.28463688028982453,-0.31846273486091115,0.24868783948343318,-0.2622174952789209,0.027953724264989512,-1.1200155979319046
2023-01-09-15,RIML,spontaneous,83,803,50,0.42642097529682493,1.7919964901562435,0.2591363378971383,0.015871923644064,0.02739526717336333,-1.2058564375932732
2023-01-09-15,RMDDR,spontaneous,83,803,50,0.2974554268743018,-0.12765840036072254,0.2563438946741455,-0.05844965659744851,0.03428601163818823,-0.14667516901975014
2023-01-09-15,URXL,spontaneous,83,803,50,0.2520635009446832,-0.8033181689315843,0.2270403130964628,-0.8383718665306126,0.03414219146333586,-0.1687818711365107
2023-01-09-15,ADER,spontaneous,83,803,50,0.1846924841120102,-1.806137166127854,0.1918969385865681,-1.7737216373292926,0.039100425089856096,0.5933517719306114
2023-01-09-15,URYDL,spontaneous,83,803,50,0.38644979609838537,1.1970246502612572,0.26272635079653894,0.11142102185810326,0.029585959545531552,-0.8691235435421166
2023-01-09-15,RIAL,spontaneous,83,803,50,0.24179963780266708,-0.9560959868618112,0.2479108484147369,-0.2828973084201735,0.02037264593343408,-2.2853085797514208
2023-01-09-15,RIMR,spontaneous,83,803,50,0.42758916161370963,1.8093849679603753,0.25405218338388624,-0.11944413023506688,0.02786056707585946,-1.1343348562157074
2023-01-09-15,URADR,spontaneous,83,803,50,0.15645089469345264,-2.2265138163762397,0.17130348257590566,-2.3218216598272035,0.03473717659903175,-0.07732627965060904
2023-01-09-15,AVL,spontaneous,83,803,50,0.2839772979803574,-0.32828063135772384,0.23344034478536219,-0.6680334099424191,0.03154772100732381,-0.5675797837427794
2023-01-09-15,RICR,spontaneous,83,803,50,0.34771087949348156,0.6203950648909599,0.27024721721879824,0.31159077739159935,0.04074116605601771,0.8455512413508961
2023-01-09-15,ADLR,spontaneous,83,803,50,0.27404336324028744,-0.47614745811190917,0.30419673697391336,1.2151658029695094,0.03649223190666493,0.1924445290979701
2023-01-09-15,IL1DL,spontaneous,83,803,50,0.17511531352017157,-1.9486935510602463,0.18895694214813658,-1.8519703835918804,0.03938786738105619,0.637534732449483
2023-01-09-15,URXR,spontaneous,83,803,50,0.2099800173079174,-1.4297317046507052,0.20556117589629902,-1.4100445171313698,0.04081202520710054,0.8564430522309946
2023-01-09-15,RMEV,spontaneous,83,803,50,0.3067450949837744,0.010618504097538912,0.28152984444080575,0.6118807447975578,0.03628651186022764,0.160823153371626
2023-01-09-15,IL1DR,spontaneous,83,803,50,0.25711078918461056,-0.7281891777231605,0.2477257368016651,-0.2878241006612014,0.03196647094332551,-0.5032134310658722
2023-01-09-15,FLPL,spontaneous,83,803,50,0.21439110730616717,-1.3640725376000746,0.24533024817161728,-0.3515806343553468,0.04703553551814527,1.8130632809859537
2023-01-09-15,SMBVR,spontaneous,83,803,50,0.32265309819881766,0.24740946527786722,0.3020043379104475,1.1568145492805768,0.02647618952685194,-1.3471285211132416
2023-01-09-22,AVDR,spontaneous,81,802,50,0.23461642162030402,-1.098559376054231,0.24189780767862365,-0.47513974751318105,0.02966605521339873,0.639370498794328
2023-01-09-22,URYVL,spontaneous,81,802,50,0.3394688407931629,0.7929998517407689,0.27490511880784796,0.7227134141469836,0.03319135549367819,1.581094223374511
2023-01-09-22,AIYR,spontaneous,81,802,50,0.3291597998004677,0.6070226299152839,0.2706062400371817,0.5667047799726871,0.028250641748130995,0.26126698012691646
2023-01-09-22,OLQDL,spontaneous,81,802,50,0.3358578013068218,0.7278559560042295,0.24644255886843544,-0.3102082703516003,0.025221479711420604,-0.5479218913928928
2023-01-09-22,AIZL,spontaneous,81,802,50,0.2685415025757987,-0.486543931477163,0.2840850587564368,1.0558583967303017,0.014752100102008043,-3.3446377385428714
2023-01-09-22,RMDL,spontaneous,81,802,50,0.2865177618242903,-0.162248513870611,0.2696828026406006,0.5331927377236442,0.0250120809912722,-0.6038591809802775
2023-01-09-22,URYDL,spontaneous,81,802,50,0.37497586235707986,1.43355383056712,0.2516289984905081,-0.12198957314427902,0.030535010951827018,0.8714971743758877
2023-01-09-22,CEPVL,spontaneous,81,802,50,0.22451168073481995,-1.2808509818864635,0.2330075685723056,-0.7977713299443001,0.02186860525019479,-1.4435850050681476
2023-01-09-22,OLLR,spontaneous,81,802,50,0.3210393112363637,0.4605273444578094,0.2775248843942152,0.8177861232856583,0.02198312071223038,-1.412994156386847
2023-01-09-22,IL2DR,spontaneous,81,802,50,0.19187448067946428,-1.8696327898896088,0.21549420921229454,-1.4333406072643726,0.027438082908566194,0.04420577228709623
2023-01-09-22,BAGL,spontaneous,81,802,50,0.3826395361352558,1.5718080832422139,0.26328639196982295,0.3010635371574085,0.029741543332915597,0.6595358598759499
2023-01-09-22,URBL,spontaneous,81,802,50,0.28348088503390284,-0.21703439636955082,0.2470098496058525,-0.28962098286443766,0.023665193793967483,-0.9636570782347527
2023-01-09-22,RMDVL,spontaneous,81,802,50,0.2653732162761898,-0.543700468575669,0.25924841276819677,0.15452308936239353,0.016856747339876462,-2.782417196122659
2023-01-09-22,SMDVR,spontaneous,81,802,50,0.2906488534809409,-0.08772276991880067,0.23803124796002179,-0.6154592896153045,0.027965179049537395,0.18501049858629587
2023-01-09-22,AUAR,spontaneous,81,802,50,0.3149993668804502,0.3515655048367182,0.20453155528262595,-1.8311812437957475,0.026189908668533983,-0.28922264537807746
2023-01-09-22,AWCL,spontaneous,81,802,50,0.24584064931336203,-0.8960719977451592,0.2676586169129059,0.459733943573043,0.027948483560953554,0.1805505841271469
2023-01-09-22,CEPVR,spontaneous,81,802,50,0.2566740049642543,-0.7006360315453948,0.22117828285933658,-1.2270625023147634,0.023073767450191462,-1.121646518848147
2023-01-09-22,AVAL,spontaneous,81,802,50,0.39494878308499276,1.7938694323141613,0.27708938914744863,0.8019817653909788,0.026614283957602965,-0.17585803922595905
2023-01-09-22,IL1DR,spontaneous,81,802,50,0.3042599496440564,0.15782420697356156,0.25533556714879435,0.012523806902227333,0.019726904453355554,-2.015703772544009
2023-01-09-22,RIVL,spontaneous,81,802,50,0.31341689720686094,0.3230174261429044,0.3028373832214692,1.7363903873845852,0.024578638104026784,-0.7196460410253409
2023-01-09-22,RIAR,spontaneous,81,802,50,0.2546591397366481,-0.7369846150507365,0.24618606152527808,-0.3195166975741511,0.026660476666663394,-0.163518446406539
2023-01-09-22,RMDDR,spontaneous,81,802,50,0.3352883399796304,0.71758275642697,0.2051708607417487,-1.8079805031332112,0.027770399670240118,0.132978516071403
2023-01-09-22,RMER,spontaneous,81,802,50,0.3368442776857929,0.745652192966281,0.26218786090307955,0.261197250978301,0.02810789053194662,0.2231334322571036
2023-01-09-22,IL1VR,spontaneous,81,802,50,0.2958571366798547,0.006235731216337821,0.2777667261543977,0.8265626914805624,0.02156131576978017,-1.5256721383654637
2023-01-09-22,ASEL,spontaneous,81,802,50,0.23263842962060813,-1.1342427589369974,0.2662127346268012,0.407262093896518,0.02491722569108389,-0.6291981534046137
2023-01-09-22,OLQVL,spontaneous,81,802,50,0.2835545969265333,-0.21570461865146603,0.26936595966948856,0.5216943350452039,0.025418032383120216,-0.4954162041172344
2023-01-09-22,FLPL,spontaneous,81,802,50,0.24895774187136183,-0.8398390062845114,0.26213716748114624,0.2593575592960413,0.02950589491774687,0.5965864128556468
2023-01-09-22,IL1VL,spontaneous,81,802,50,0.2836202846859115,-0.21451959794917605,0.23662505464682843,-0.6664908050125914,0.027319628656159858,0.012562743069848146
2023-01-09-22,ASGR,spontaneous,81,802,50,0.29464241432748095,-0.01567811009478539,0.22582031038883138,-1.0586008142072552,0.03222120684659356,1.3219355915723614
2023-01-09-22,URYDR,spontaneous,81,802,50,0.32005225187555064,0.44272059038331046,0.2346590384653699,-0.7378385948890608,0.02548570933859439,-0.47733746202144484
2023-01-09-22,AVDL,spontaneous,81,802,50,0.26436430671578515,-0.5619014047490906,0.221634951625229,-1.2104897459665083,0.030234767675090937,0.7912923139758407
2023-01-09-22,SMDDL,spontaneous,81,802,50,0.3557425565050121,1.0865810334444799,0.25293153864673107,-0.07471968683901296,0.02766490861920461,0.10479838456692818
2023-01-09-22,IL2DL,spontaneous,81,802,50,0.2239728035566873,-1.2905724371183596,0.2489411948371632,-0.2195314205088274,0.02991403179295273,0.7056132042491194
2023-01-09-22,RIH,spontaneous,81,802,50,0.3358044561222393,0.726893597892214,0.2685099335049249,0.490628682842516,0.02646265917962495,-0.21636200748502046
2023-01-09-22,RMEV,spontaneous,81,802,50,0.3291923585612447,0.6076099966625564,0.2584668544505463,0.12615991557479805,0.02785181303111229,0.15472670412222464
2023-01-09-22,AVER,spontaneous,81,802,50,0.40960063980657446,2.0581919439421243,0.2537817027505453,-0.04386677198942406,0.03212139131683703,1.2952715785862632
2023-01-09-22,CEPDR,spontaneous,81,802,50,0.2039467671732702,-1.651846256225591,0.22785072441867654,-0.9849159916051561,0.03013137899702862,0.7636737954828432
2023-01-09-22,ADLL,spontaneous,81,802,50,0.2503539044553152,-0.8146519458426794,0.29152461090869836,1.325843765487954,0.02715735648604057,-0.03078549404212099
2023-01-09-22,RIBL,spontaneous,81,802,50,0.39636610832717384,1.8194382714671675,0.24573206236657694,-0.33599257243448544,0.03100069043220177,0.9958954893711454
2023-01-09-22,CEPDL,spontaneous,81,802,50,0.29941346579597433,0.07039264061088452,0.25396987043993635,-0.03703806483491107,0.028169490004425483,0.2395886786312853
2023-01-09-22,ADEL,spontaneous,81,802,50,0.2453439994995503,-0.9050316626313788,0.2700369957955852,0.5460465987629649,0.020178224227999263,-1.8951414075359223
2023-01-09-22,SMDVL,spontaneous,81,802,50,0.2824005098857659,-0.23652458645824795,0.2488175134920335,-0.22401988337458448,0.027937090143876197,0.17750702746168923
2023-01-09-22,AVJL,spontaneous,81,802,50,0.3542857273265799,1.0602995351488482,0.24333566535578172,-0.4229591152327107,0.027759784823789182,0.13014294124348227
2023-01-09-22,IL2VL,spontaneous,81,802,50,0.1978558243881473,-1.7617281180086417,0.21230615133481096,-1.5490369508153066,0.024649070763712897,-0.7008311596426868
2023-01-09-22,AVJR,spontaneous,81,802,50,0.2508500932992966,-0.8057005969470987,0.25554257803655755,0.020036343910601894,0.02861495837477499,0.35858794097921465
2023-01-09-22,RID,spontaneous,81,802,50,0.2828524772498654,-0.22837100216359169,0.2824963024336284,0.9982015710369584,0.03270686646140864,1.4516712580346742
2023-01-09-22,AVKR,spontaneous,81,802,50,0.2934902691179267,-0.03646304686671905,0.28063135652212234,0.930521675886553,0.02934492054927471,0.5535848612750455
2023-01-09-22,RMDR,spontaneous,81,802,50,0.28819180181207427,-0.1320484878571885,0.23309521268267663,-0.7945906778064198,0.027567601095194863,0.07880434245574951
2023-01-09-22,IL2R,spontaneous,81,802,50,0.20830714524786353,-1.57318413809101,0.22310292606849452,-1.1572161599655861,0.029273594386672413,0.5345312958577694
2023-01-09-22,URXL,spontaneous,81,802,50,0.22594590489840624,-1.2549772827123347,0.20558187480146356,-1.7930645807489636,0.030563341725596868,0.8790652564323379
2023-01-09-22,AINR,spontaneous,81,802,50,0.2672290943720912,-0.5102200456568857,0.27017680173896913,0.551120232014873,0.03082579239696711,0.9491744681621713
2023-01-09-22,ASHL,spontaneous,81,802,50,0.29065785852354475,-0.08756031709636308,0.2820207428569956,0.9809432569562632,0.02964477000646988,0.6336845195148817
2023-01-09-22,AIZR,spontaneous,81,802,50,0.2609426098536664,-0.6236295205647843,0.27937610151539444,0.8849677932145563,0.018402158928073807,-2.3695869005056256
2023-01-09-22,ADLR,spontaneous,81,802,50,0.2715902568879448,-0.4315437760404769,0.3038087746118637,1.7716427059887283,0.03186957861379751,1.2280041182993962
2023-01-09-22,OLQVR,spontaneous,81,802,50,0.30043287698763343,0.08878302837410179,0.2722647585961745,0.6268933149243454,0.022986519598509683,-1.1449532914107587
2023-01-09-22,OLLL,spontaneous,81,802,50,0.27681518834775976,-0.33728493685131244,0.25869777488973666,0.13454014312781545,0.025747614765947082,-0.4073739029130023
2023-01-09-22,AINL,spontaneous,81,802,50,0.3070011939409924,0.20727681842891957,0.30735844116466504,1.9004620238200376,0.02353471781541461,-0.9985115061478592
2023-01-09-22,RMEL,spontaneous,81,802,50,0.3654472499816157,1.2616557016629435,0.2616525643429917,0.24177104947958827,0.03223769559139835,1.3263402779640656
2023-01-09-22,RMDVR,spontaneous,81,802,50,0.2596500804168117,-0.6469470176980507,0.26803220471103695,0.47329164669514756,0.02147789581906933,-1.5479563526002524
2023-01-09-22,URXR,spontaneous,81,802,50,0.2247799295521406,-1.2760117179977453,0.18384037449755444,-2.5820753782754142,0.027982295228632433,0.18958279332615938
2023-01-09-22,RIVR,spontaneous,81,802,50,0.2958108015811775,0.005399836497217118,0.3001937640185569,1.640452017608373,0.025624249174217555,-0.440328912498557
2023-01-09-22,FLPR,spontaneous,81,802,50,0.21731141915198032,-1.4107451831552464,0.24394359595079468,-0.40089698534714513,0.031247282369906478,1.0617683114186094
2023-01-09-22,URYVR,spontaneous,81,802,50,0.31182693854355215,0.2943342445327956,0.2194229624945212,-1.290764027122064,0.027127851298870475,-0.03866730056841616
2023-01-09-22,ADAL,spontaneous,81,802,50,0.25073111505871537,-0.8078469889011763,0.2659994463719705,0.3995217478442849,0.022733308905909216,-1.2125942007180182
2023-01-09-22,ASGL,spontaneous,81,802,50,0.2828742124124101,-0.22797889535667754,0.21693209478222836,-1.3811589627399936,0.03273551376167137,1.4593238947344471
2023-01-09-22,RIMR,spontaneous,81,802,50,0.38300954060775705,1.5784830400987773,0.2771599647038104,0.8045429904781383,0.028453563303416113,0.31547400581198987
2023-01-09-22,AIBR,spontaneous,81,802,50,0.4087261953377562,2.0424167857031854,0.28102636658715807,0.9448568046535764,0.03049772145932222,0.8615359237086003
2023-01-09-22,IL1R,spontaneous,81,802,50,0.31342295512408713,0.3231267122168053,0.2896310320937874,1.257124766796614,0.02646549903520015,-0.2156033885995581
2023-01-09-22,RIAL,spontaneous,81,802,50,0.30694176617944813,0.20620472937629647,0.2809601837130861,0.9424549923810022,0.027172321691574016,-0.026787795130370946
2023-01-09-22,IL1L,spontaneous,81,802,50,0.31713556500520906,0.39010295878543855,0.29804670138834377,1.5625339542491892,0.027514267335422,0.06455713997483555
2023-01-09-22,AVEL,spontaneous,81,802,50,0.4077856402567334,2.025448978409916,0.2515370092853663,-0.12532791111995734,0.03194598998959535,1.2484161115185768
2023-01-09-22,AVAR,spontaneous,81,802,50,0.40618927741793576,1.9966502641555637,0.2811135691037521,0.9480214311146038,0.02827451001188607,0.2676429788945764
2023-01-09-22,AIBL,spontaneous,81,802,50,0.405064513171997,1.9763592856041592,0.2637593677979006,0.3182280856064951,0.029278894829441692,0.5359472185621509
2023-01-09-22,RMDDL,spontaneous,81,802,50,0.31286448165101166,0.31305173578986106,0.2020502907487772,-1.9212276748773276,0.0271118594044884,-0.042939261860572245
2023-01-09-22,AIMR,spontaneous,81,802,50,0.34150154667529065,0.8296702843265261,0.307816980008891,1.9171026463218133,0.02930933681327049,0.5440792743065181
2023-01-09-22,ADER,spontaneous,81,802,50,0.20277391569353703,-1.673004738374342,0.20521219571824734,-1.806480434494109,0.031741527697510666,1.1937975043277795
2023-01-09-22,AWBL,spontaneous,81,802,50,0.2475001786779814,-0.866133746360921,0.26133351087942636,0.2301924268352244,0.032685474639945325,1.4459567985043242
2023-01-09-22,AUAL,spontaneous,81,802,50,0.36191866199156825,1.197999247893791,0.229194150769534,-0.9361623231972076,0.029995215973922768,0.7273001708056354
2023-01-09-22,AIYL,spontaneous,81,802,50,0.22819488201811805,-1.2144052724769059,0.24762433949280577,-0.2673208127289961,0.03088124002195291,0.9639863536100154
2023-01-09-22,AWCR,spontaneous,81,802,50,0.31177622285823603,0.29341932312887936,0.266023786468567,0.40040506310583746,0.02517853080252194,-0.5593949584337238
2023-01-09-22,IL2L,spontaneous,81,802,50,0.2552823127921084,-0.7257424448378987,0.21211437919573545,-1.555996465397109,0.025846547493731994,-0.38094571538705946
2023-01-10-07,ASGR,spontaneous,82,802,50,0.3276100561010683,0.6639100770735649,0.1987437700416131,-0.884494772909796,0.022393774488872163,0.3961085162013154
2023-01-10-07,IL2L,spontaneous,82,802,50,0.15497382671868717,-1.7401747198666917,0.16017770571213655,-2.05584179598367,0.0240716981380246,1.279372103745861
2023-01-10-07,RID,spontaneous,82,802,50,0.380324534328634,1.3979974476035808,0.24043204393427625,0.3816814981269353,0.023672588075707716,1.0692794778714918
2023-01-10-07,FLPL,spontaneous,82,802,50,0.1754943260320714,-1.4544118727434514,0.20233320590089865,-0.7754747035459842,0.02178969644338433,0.07812018467979732
2023-01-10-07,AVER,spontaneous,82,802,50,0.41684758975186786,1.906607503528285,0.21213125540781247,-0.47788363944868184,0.021526541797663827,-0.06040513891017301
2023-01-10-07,OLQDR,spontaneous,82,802,50,0.28735342539775194,0.10330727547091116,0.25789273926286893,0.9120061202926147,0.019918375998456136,-0.9069480038922145
2023-01-10-07,AIBL,spontaneous,82,802,50,0.40956947491118983,1.805254471772107,0.2335777031746731,0.1734981695066349,0.021484357178335245,-0.08261123763593177
2023-01-10-07,AUAR,spontaneous,82,802,50,0.3455743844286437,0.9140763878999458,0.20393048029199815,-0.726961518818018,0.02168111238789623,0.020961241572344417
2023-01-10-07,OLQVR,spontaneous,82,802,50,0.30583756234623305,0.360712298630785,0.21962545890419502,-0.25026609256075266,0.02072688145076848,-0.4813485275874082
2023-01-10-07,IL2VL,spontaneous,82,802,50,0.17871789968496593,-1.409521269893365,0.19835584277961169,-0.8962770859721957,0.02160343797542575,-0.01992678110600995
2023-01-10-07,ASEL,spontaneous,82,802,50,0.2649319062633954,-0.20892865245716274,0.2643686104126504,1.1086943882035523,0.02225757140814962,0.3244108428450918
2023-01-10-07,OLQDL,spontaneous,82,802,50,0.2731522961139105,-0.0944537572671601,0.2773115087312424,1.5018023103889926,0.018199324432733165,-1.8118614389472065
2023-01-10-07,AIBR,spontaneous,82,802,50,0.40004070449892476,1.67255942761124,0.24175218439737364,0.42177743812946766,0.021469131198157774,-0.09062623514921461
2023-01-10-07,RIVL,spontaneous,82,802,50,0.3230039922090624,0.5997672942050867,0.24460841848483725,0.5085283512371737,0.021401644388747476,-0.12615147577728755
2023-01-10-07,RIVR,spontaneous,82,802,50,0.2994025250881963,0.2710997341352753,0.25828509683164935,0.9239229927596915,0.02170195300603378,0.03193179982874415
2023-01-10-07,AVDR,spontaneous,82,802,50,0.22624860794606605,-0.747621658629176,0.2098249965044126,-0.5479304421987956,0.01978404683022453,-0.9776592445997725
2023-01-10-07,CEPDL,spontaneous,82,802,50,0.2573981944695762,-0.31384105730315714,0.2009417803950629,-0.8177357470936413,0.02296392884840322,0.6962393268659984
2023-01-10-07,RIML,spontaneous,82,802,50,0.4003789219377063,1.6772693509311811,0.23293067670222167,0.1538463708195516,0.02223358299018686,0.3117832741711503
2023-01-10-07,RMDVL,spontaneous,82,802,50,0.2235534967803658,-0.7851530377765543,0.23981186136054294,0.3628450152206521,0.021818479723558937,0.09327178190602681
2023-01-10-07,URXL,spontaneous,82,802,50,0.30785435929644833,0.3887976599936582,0.2470239104678504,0.5818928335288952,0.022151858843489903,0.2687634603452744
2023-01-10-07,AWAR,spontaneous,82,802,50,0.29004612042316824,0.140805008111153,0.31464658371064536,2.6357611338704534,0.018781992937860415,-1.5051431478927384
2023-01-10-07,ADLR,spontaneous,82,802,50,0.27434705940807097,-0.0778158112131404,0.26997377289045027,1.2789370742636403,0.018327746745708334,-1.7442595829649552
2023-01-10-07,URYVL,spontaneous,82,802,50,0.3830500108933858,1.4359516869725593,0.2421634468628087,0.43426849919480875,0.018986778516357414,-1.3973434605636923
2023-01-10-07,ADAL,spontaneous,82,802,50,0.25500220085117264,-0.34720700749899525,0.2676905512555994,1.2095899704950988,0.016118889047921532,-2.907008302495822
2023-01-10-07,CEPDR,spontaneous,82,802,50,0.31772506967745856,0.5262544664060953,0.1973307880696878,-0.92741053979573,0.024459768081651845,1.4836531810163016
2023-01-10-07,IL2DR,spontaneous,82,802,50,0.1904791379048255,-1.2457374911424444,0.20518703704421246,-0.6887967738117549,0.02365914980044496,1.0622055331035118
2023-01-10-07,AVAL,spontaneous,82,802,50,0.4281333163563232,2.0637694378989635,0.2145636038185031,-0.4040071856420302,0.02286230011731311,0.6427416855009731
2023-01-10-07,AWAL,spontaneous,82,802,50,0.27020219111387783,-0.13553611063718693,0.2967345756953723,2.091729026089902,0.02117152334096113,-0.24728782327435617
2023-01-10-07,IL1R,spontaneous,82,802,50,0.37602723088618994,1.338154378099694,0.2327842655058155,0.14939949966386598,0.024797160579384456,1.6612575124818314
2023-01-10-07,AVDL,spontaneous,82,802,50,0.22551868118818819,-0.7577864185279064,0.17009536565096806,-1.754617866417949,0.02092710957751176,-0.3759478952976575
2023-01-10-07,IL1L,spontaneous,82,802,50,0.2110132242222634,-0.9597854351260406,0.20089789211871342,-0.8190687428956145,0.017716124193478275,-2.0662193634226385
2023-01-10-07,ASGL,spontaneous,82,802,50,0.3552176080994521,1.0483652767584677,0.20931048934651106,-0.5635573006360346,0.02174267597124075,0.05336847983640055
2023-01-10-07,IL2R,spontaneous,82,802,50,0.24606828954610094,-0.4716182068316862,0.22583843809999568,-0.061562505302078505,0.022697252504340053,0.5558601716586226
2023-01-10-07,AVEL,spontaneous,82,802,50,0.4250857255354057,2.0213295237159783,0.21957354643567237,-0.2518428029801757,0.022062045577059715,0.22148551181865758
2023-01-10-07,SAADR,spontaneous,82,802,50,0.27621964584310943,-0.05173868594494939,0.2312332984072311,0.10229278225833101,0.02259753848751622,0.5033704411081379
2023-01-10-07,AINL,spontaneous,82,802,50,0.23270329038138948,-0.6577355207810907,0.24665329551230897,0.570636338150695,0.0201464316550226,-0.7868988839692238
2023-01-10-07,CEPVL,spontaneous,82,802,50,0.19568907596025326,-1.1731853222445026,0.1930852887230426,-1.056356884402484,0.022679653754812613,0.5465961418848262
2023-01-10-07,RMDL,spontaneous,82,802,50,0.2688416151764995,-0.15448311809811202,0.29576042022521076,2.0621415084153876,0.021841177025896493,0.1052197037917335
2023-01-10-07,RICL,spontaneous,82,802,50,0.36258336360875926,1.1509387684366377,0.23680173921713019,0.2714201401892532,0.02154590297028271,-0.05021336481183285
2023-01-10-07,AVL,spontaneous,82,802,50,0.29277023308988204,0.17874025421000805,0.29535253124657906,2.0497529085109965,0.021870764939625226,0.120794862316497
2023-01-10-07,AVJL,spontaneous,82,802,50,0.20720707312511702,-1.0127888517335686,0.21665207267581016,-0.34057520674240016,0.020038901297678748,-0.8435031574982697
2023-01-10-07,RMEL,spontaneous,82,802,50,0.2565386316349748,-0.3258110936626915,0.2557647824966943,0.8473747956649827,0.020753551074664027,-0.46730956479411134
2023-01-10-07,CEPVR,spontaneous,82,802,50,0.2355249279643002,-0.6184421694386801,0.2182340565590641,-0.29252643266036216,0.023113014445395624,0.7747183919398155
2023-01-10-07,SMDVL,spontaneous,82,802,50,0.2706878055256583,-0.12877357748459684,0.2331025940470337,0.1590679269612403,0.02038120976273369,-0.6633110474198292
2023-01-10-07,ADER,spontaneous,82,802,50,0.17883686300060858,-1.4078646193771132,0.18200149468634408,-1.3929991987007495,0.02051060363612847,-0.5951977593815503
2023-01-10-07,ASER,spontaneous,82,802,50,0.27884934206328843,-0.015118257393416136,0.31844538915242904,2.7511402767214177,0.021680069774717526,0.02041240715004531
2023-01-10-07,AUAL,spontaneous,82,802,50,0.3442025557280737,0.8949726775440983,0.23445637009290668,0.2001854630337512,0.02447894709401486,1.4937490654588828
2023-01-10-07,IL1DR,spontaneous,82,802,50,0.3270199416880411,0.6556923055554458,0.23406454718477532,0.18828482953662173,0.022103372530986893,0.24324013313676454
2023-01-10-07,RMDDL,spontaneous,82,802,50,0.23729438522880367,-0.5938011927233809,0.22010157180239745,-0.23580536301386346,0.01993381631584502,-0.8988201786859715
2023-01-10-07,RICR,spontaneous,82,802,50,0.2659768783644479,-0.19437665748858304,0.22386718066791675,-0.12143448251633338,0.023522642556580854,0.9903477474395853
2023-01-10-07,RMER,spontaneous,82,802,50,0.41126959287609316,1.8289298484126386,0.22546212217194378,-0.07299215335465332,0.022501445085875107,0.4527866122695851
2023-01-10-07,RMDDR,spontaneous,82,802,50,0.2157320780892157,-0.8940719699912386,0.17924456227281663,-1.4767340736885775,0.023185559014267037,0.81290605094957
2023-01-10-07,RMDVR,spontaneous,82,802,50,0.2957651296462595,0.22044636251273383,0.193295869153614,-1.0499610344562686,0.022060201664902922,0.22051487142775053
2023-01-10-07,AQR,spontaneous,82,802,50,0.274169758708858,-0.08028485213803592,0.27407285723913355,1.4034364322520327,0.02232234567709287,0.35850819476947143
2023-01-10-07,OLQVL,spontaneous,82,802,50,0.29174784379601326,0.16450274122250963,0.22197794351959485,-0.1788153002907839,0.021637975950388227,-0.0017458968403342723
2023-01-10-07,AWBL,spontaneous,82,802,50,0.22237744630939116,-0.801530394185574,0.2267751556504597,-0.033112070100204644,0.021442885873226892,-0.10444184580970722
2023-01-10-07,URBL,spontaneous,82,802,50,0.1950518316516829,-1.1820594117658707,0.18049362491462648,-1.4387969434017698,0.02372267650811679,1.095646165370335
2023-01-10-07,URYVR,spontaneous,82,802,50,0.2888200666950155,0.12373132005257448,0.23664830822246263,0.26676006035026023,0.019062528191179384,-1.3574686250356387
2023-01-10-07,RIH,spontaneous,82,802,50,0.22842603820621016,-0.7172993618347097,0.18379302168702796,-1.338586080445288,0.02258816535551357,0.4984363988450291
2023-01-10-07,RIBL,spontaneous,82,802,50,0.39087537726453514,1.5449255934965376,0.21436742740950052,-0.4099655497291548,0.02456506681398146,1.5390827210483093
2023-01-10-07,AVBR,spontaneous,82,802,50,0.38152563497216635,1.4147236458473775,0.21276049473261777,-0.4587720805502967,0.02345128344347089,0.9527841155774663
2023-01-10-07,AWBR,spontaneous,82,802,50,0.19886599663249702,-1.1289443960116343,0.21996163901596044,-0.24005546879139655,0.018972608709025913,-1.4048024858088273
2023-01-10-07,AVJR,spontaneous,82,802,50,0.17247092920551274,-1.4965148679945104,0.1920192943508893,-1.0887337773041772,0.019071351969338405,-1.3528237641348633
2023-01-10-07,OLLR,spontaneous,82,802,50,0.26565171909108337,-0.19890473637721728,0.25893978119717703,0.943807380652177,0.016377747275829573,-2.770744624966173
2023-01-10-07,RIR,spontaneous,82,802,50,0.30539140531508785,0.3544992381424884,0.22972669539386714,0.056533512150253325,0.022757488893272487,0.5875687711625776
2023-01-10-07,URYDL,spontaneous,82,802,50,0.33383605933860383,0.7506116911125678,0.23914804083294391,0.3426831394270636,0.02095610162186229,-0.3606864040395579
2023-01-10-07,OLLL,spontaneous,82,802,50,0.261869834686975,-0.251570221670945,0.25806492130667763,0.9172357159993239,0.01792780031568896,-1.954792475080152
2023-01-10-07,AIZL,spontaneous,82,802,50,0.2364251174298541,-0.6059063777555193,0.2681527714324233,1.2236287436377744,0.02295817878986965,0.6932124803634673
2023-01-10-07,RMGL,spontaneous,82,802,50,0.18970442414769445,-1.2565259425130657,0.1683525604811258,-1.8075511818336008,0.024833976918153464,1.6806377336723457
2023-01-10-07,IL2VR,spontaneous,82,802,50,0.19936989167012414,-1.1219272918756897,0.21281106438308373,-0.4572361548456374,0.02239454425667777,0.39651372407469
2023-01-10-07,AWCR,spontaneous,82,802,50,0.2630798116577029,-0.23472041412833647,0.21342678137318488,-0.4385353027895525,0.020493052641007703,-0.6044366511053647
2023-01-10-07,SMDVR,spontaneous,82,802,50,0.25314899181990114,-0.3730142883552285,0.23017310679329625,0.07009213351540691,0.019309451283026975,-1.227487635696188
2023-01-10-07,URXR,spontaneous,82,802,50,0.23075161461313098,-0.6849140224189735,0.18773623032192435,-1.2188210544787983,0.023559075610958206,1.0095262066804456
2023-01-10-07,AIZR,spontaneous,82,802,50,0.1776535869291686,-1.4243425975170967,0.19598085478566002,-0.9684113616603999,0.023352870009232498,0.9009790152489217
2023-01-10-07,IL2DL,spontaneous,82,802,50,0.20167899505683493,-1.0897713512228222,0.20002619367500535,-0.845544386568572,0.02486166920523991,1.695215029159923
2023-01-10-07,ADEL,spontaneous,82,802,50,0.17162113953027225,-1.508348806016392,0.18200392002005128,-1.3929255353008851,0.021098244367045885,-0.28586207510318934
2023-01-10-07,IL1DL,spontaneous,82,802,50,0.2529452087055587,-0.3758521161322628,0.22873452545271677,0.02639885031332853,0.02037000797153983,-0.6692077008711413
2023-01-10-07,SAAVR,spontaneous,82,802,50,0.2962746949337826,0.22754242899405966,0.234741433123727,0.2088435342770901,0.024342197892312758,1.4217639125287942
2023-01-10-07,AVAR,spontaneous,82,802,50,0.4267192146341847,2.04407704503518,0.21707972170819048,-0.32758644499788764,0.023202150322484256,0.8216397608686122
2023-01-10-07,RIBR,spontaneous,82,802,50,0.38556427281453676,1.4709646091256292,0.21197690886325382,-0.48257152680856286,0.024030649571522032,1.2577640263277174
2023-01-10-07,AWCL,spontaneous,82,802,50,0.2509089138314082,-0.4042090002379131,0.2666481974220856,1.1779310993838255,0.021163014130861746,-0.25176709469016073
2023-01-10-07,AINR,spontaneous,82,802,50,0.24784593216673478,-0.4468632430911782,0.2739368746002408,1.3993063022523529,0.021655578484670143,0.007520125238545392
2023-01-10-14,AWAR,spontaneous,75,803,50,0.3427608471941173,0.10503726396644888,0.2679671029469108,-0.9044941230084755,0.030572217514905256,-0.3720707400523253
2023-01-10-14,AINR,spontaneous,75,803,50,0.2615926796354449,-1.0576808367098718,0.27740032413379645,-0.6523655645009906,0.03151659383572818,-0.16874487039397537
2023-01-10-14,IL1DR,spontaneous,75,803,50,0.3664506007286994,0.4443883428892161,0.2998592478293799,-0.05208958826614177,0.030022706539197284,-0.49038141193074725
2023-01-10-14,RIAR,spontaneous,75,803,50,0.3033674745148894,-0.45926508310473996,0.31823477721354393,0.43904654049145964,0.036922606902003996,0.9951791754007316
2023-01-10-14,AIZL,spontaneous,75,803,50,0.27538386648842356,-0.8601247865233688,0.29419533447504365,-0.20347311688787986,0.0350743990583993,0.597256801846458
2023-01-10-14,IL2L,spontaneous,75,803,50,0.31054884893478985,-0.3563933012609962,0.3395335705418356,1.008314869243953,0.028705798388756275,-0.7739140345141496
2023-01-10-14,IL2DL,spontaneous,75,803,50,0.22431683870956814,-1.5916499562063646,0.23435968951509561,-1.8027438868864387,0.030165711143933686,-0.4595922710109066
2023-01-10-14,CEPDR,spontaneous,75,803,50,0.29786381209320756,-0.5381039692121029,0.26139793239615494,-1.0800731186387798,0.03374290607983261,0.31058404031941134
2023-01-10-14,AVEL,spontaneous,75,803,50,0.4486073364041887,1.621267488193576,0.2935701924362813,-0.2201817424965642,0.03693588733353667,0.998038475481939
2023-01-10-14,RIH,spontaneous,75,803,50,0.37938042125617283,0.6296054891913361,0.35198781564303316,1.3411885295191164,0.038955623998557586,1.4328913035773996
2023-01-10-14,ADLL,spontaneous,75,803,50,0.30433511125874524,-0.4454038762942322,0.3482400274569224,1.2410186708637134,0.032791346416432256,0.10571158447035978
2023-01-10-14,URYDR,spontaneous,75,803,50,0.2692435287439983,-0.9480839219140804,0.27011043015408587,-0.8472078590219808,0.03189857490502172,-0.08650367967938946
2023-01-10-14,OLQVL,spontaneous,75,803,50,0.3524159865256545,0.2433452435967057,0.32863309170176397,0.7169698490710564,0.022375076921332525,-2.1369294125438167
2023-01-10-14,IL1L,spontaneous,75,803,50,0.35824743984183155,0.32687967005849405,0.32443300204634157,0.6047110003231813,0.02125138207413114,-2.3788628738135107
2023-01-10-14,IL2VR,spontaneous,75,803,50,0.2133804398625189,-1.748311727417204,0.2472119973530015,-1.4592309145445406,0.03736985270938705,1.0914719781024864
2023-01-10-14,RMDL,spontaneous,75,803,50,0.36053745800888265,0.35968373172199325,0.3419118978925557,1.0718821528596107,0.028826125803240968,-0.7480073322235609
2023-01-10-14,AIBL,spontaneous,75,803,50,0.4392041076333729,1.48656807800023,0.3090545829057662,0.19368081527593894,0.030524324965438582,-0.3823820895173158
2023-01-10-14,ADAR,spontaneous,75,803,50,0.1948475956308112,-2.0137910907358965,0.22866504657953554,-1.9549487473590903,0.023349687692457644,-1.927094012981138
2023-01-10-14,AVAL,spontaneous,75,803,50,0.46329924044747817,1.8317261356945704,0.3078057318721443,0.16030186606446242,0.03435745318181895,0.4428971036631732
2023-01-10-14,RMDVL,spontaneous,75,803,50,0.27465929157977736,-0.8705041801565913,0.307708148551556,0.15769368573381312,0.0241983809277993,-1.744368878578538
2023-01-10-14,IL2VL,spontaneous,75,803,50,0.20516097671000827,-1.8660539270098946,0.22663955457262147,-2.009085544308328,0.03755382989498122,1.1310825871715842
2023-01-10-14,OLQDL,spontaneous,75,803,50,0.3677306464096584,0.4627247465275976,0.325810557606364,0.6415299289512184,0.027798281840946994,-0.9693039307282725
2023-01-10-14,ASGL,spontaneous,75,803,50,0.35326534362385764,0.2555121176524108,0.2769040711673491,-0.6656292782003339,0.03235837976029597,0.012493107946862965
2023-01-10-14,RMDVR,spontaneous,75,803,50,0.2419780116790877,-1.3386571129714593,0.250399702604257,-1.3740307995442556,0.027746722711069847,-0.9804047013532323
2023-01-10-14,IL1R,spontaneous,75,803,50,0.4222762475547009,1.244079798281944,0.303837419316333,0.054237892308095406,0.03287614997092752,0.12396993772178773
2023-01-10-14,OLQDR,spontaneous,75,803,50,0.34410474508564437,0.12428833801354679,0.3203590979365559,0.4958248043622573,0.025766577220001932,-1.4067334806163647
2023-01-10-14,AIYR,spontaneous,75,803,50,0.3997601150772415,0.921540611108058,0.29578936730985694,-0.1608682428058631,0.036568853710987136,0.9190154961322353
2023-01-10-14,IL2DR,spontaneous,75,803,50,0.2190343843654885,-1.667320079933353,0.24113162103934274,-1.6217455513556769,0.03395291605917681,0.35579955530594004
2023-01-10-14,URYVL,spontaneous,75,803,50,0.393154444713,0.8269156770900157,0.3063183180156672,0.12054667490463036,0.032638426728753625,0.07278770889282825
2023-01-10-14,AWBL,spontaneous,75,803,50,0.3515973942565625,0.2316190696916592,0.3357659267459728,0.9076143152761121,0.03193978190613712,-0.07763174043963897
2023-01-10-14,ADEL,spontaneous,75,803,50,0.32456616858547316,-0.1555979430433277,0.33124655021872684,0.7868216542547427,0.021873143771150926,-2.2449964955707378
2023-01-10-14,CEPVR,spontaneous,75,803,50,0.3124401198983461,-0.32930121517908706,0.27742876649838655,-0.6516053647513425,0.03442064705529431,0.45650285488558884
2023-01-10-14,OLLL,spontaneous,75,803,50,0.359833502995784,0.34959971405336715,0.3259444032648678,0.645107319141958,0.03145348467917651,-0.18233238191490278
2023-01-10-14,ASIR,spontaneous,75,803,50,0.32034631229213695,-0.21604655784011034,0.3607081592389736,1.5742634905505677,0.036735638490046,0.9549245500762908
2023-01-10-14,AVER,spontaneous,75,803,50,0.4260076653911577,1.2975316278615467,0.28673232047822916,-0.402942515925605,0.037154893278087596,1.0451908374739918
2023-01-10-14,CEPVL,spontaneous,75,803,50,0.28580255455679454,-0.7108791208054781,0.28159511289824324,-0.5402483965187848,0.03060307718415851,-0.3654265994169275
2023-01-10-14,URADL,spontaneous,75,803,50,0.32028933685274324,-0.21686271984880862,0.32249918068921873,0.5530243514550084,0.03233828925734085,0.008167587605920545
2023-01-10-14,AWAL,spontaneous,75,803,50,0.38754431487645064,0.7465516661200123,0.3399457930708656,1.019332640371077,0.03695022278384911,1.0011249229472678
2023-01-10-14,BAGL,spontaneous,75,803,50,0.42701468096365597,1.3119569286786472,0.34339597287622575,1.1115481035393147,0.03184889788195951,-0.09719922942311887
2023-01-10-14,IL2R,spontaneous,75,803,50,0.33442541242960205,-0.014366206251144339,0.31440576797104314,0.33670582763234724,0.03434342683768533,0.43987720729748353
2023-01-10-14,ADER,spontaneous,75,803,50,0.1936032938823529,-2.0316154695428943,0.2136977318167252,-2.3549910469207145,0.03514061979863014,0.611514242762726
2023-01-10-14,RIBL,spontaneous,75,803,50,0.413106979243156,1.1127318258383803,0.2860856827331992,-0.42022567289828344,0.03938358099036065,1.5250311906288934
2023-01-10-14,RMDDL,spontaneous,75,803,50,0.4120458659989854,1.0975315864714799,0.3102972300036788,0.22689394738883625,0.034505184160092815,0.4747038410523928
2023-01-10-14,AVJL,spontaneous,75,803,50,0.25836987318962307,-1.1038469077478155,0.2881990527736834,-0.36374009587810663,0.033302359820665116,0.21573366203810393
2023-01-10-14,RMER,spontaneous,75,803,50,0.4316732496813719,1.3786900130176203,0.31176365463239775,0.2660881442038949,0.03653182792545683,0.9110437799035052
2023-01-10-14,AVJR,spontaneous,75,803,50,0.19378272648831432,-2.029045132610598,0.2111601437933716,-2.4228150062807963,0.03429690828330299,0.4298616813715525
2023-01-10-14,AVAR,spontaneous,75,803,50,0.4613412919213152,1.8036789065894334,0.3033142549450177,0.04025489793226258,0.03256993094224304,0.05804044654293994
2023-01-10-14,RID,spontaneous,75,803,50,0.4284951276019901,1.333164036775947,0.30934369476554074,0.20140811807190337,0.03773081594399515,1.1691879923365451
2023-01-10-14,URYDL,spontaneous,75,803,50,0.3379028101386373,0.03544683476179987,0.32143154027136367,0.5244887500707907,0.029730837065878948,-0.5532214188015918
2023-01-10-14,RMEL,spontaneous,75,803,50,0.38935822564564104,0.772535582571309,0.3589731212430985,1.527889869049583,0.02864343757499752,-0.7873404265260253
2023-01-10-14,FLPL,spontaneous,75,803,50,0.26492487718972535,-1.0099477594713027,0.2573856579388707,-1.1873120940863022,0.021481203265492844,-2.3293819703122267
2023-01-10-14,AQR,spontaneous,75,803,50,0.3403353500298843,0.07029249220658067,0.2833226517853655,-0.4940752091476156,0.03683358693560903,0.9760130213103353
2023-01-10-14,AIZR,spontaneous,75,803,50,0.2601266998211017,-1.078680710387331,0.2799129090705351,-0.5852098808085268,0.04026851534384479,1.7155591010025073
2023-01-10-14,OLLR,spontaneous,75,803,50,0.3408305850223878,0.07738663646523807,0.3211555586382028,0.5171123883842722,0.029880766900755057,-0.5209412637492566
2023-01-10-14,IL1DL,spontaneous,75,803,50,0.3350921203395695,-0.0048157460387359035,0.2884282252768021,-0.3576148358300117,0.02465579788040292,-1.645886210563779
2023-01-10-14,CEPDL,spontaneous,75,803,50,0.3169387729246525,-0.2648588917945189,0.28882865739424785,-0.34691219560229725,0.03164377983361837,-0.1413615031290541
2023-01-10-14,AVBL,spontaneous,75,803,50,0.4065137533712511,1.0182851567353752,0.2924350749950618,-0.2505208513249738,0.0391194839489209,1.468170636799946
2023-01-10-14,AIML,spontaneous,75,803,50,0.39280704445843556,0.8219392364937729,0.34377986190720555,1.1218085846719241,0.03811750877794505,1.252443634202918
2023-01-10-14,SMDVL,spontaneous,75,803,50,0.3393225769492516,0.055784716213262336,0.3331021407398335,0.836417370712361,0.03272547932598668,0.09153028496992079
2023-01-10-14,AINL,spontaneous,75,803,50,0.34467957036136937,0.1325225974888342,0.32966480553726446,0.7445452145780797,0.028239363993674237,-0.8743381736285026
2023-01-10-14,AIMR,spontaneous,75,803,50,0.3773576761498112,0.6006300617675118,0.3200585259957909,0.48779119965273937,0.03827566879842778,1.2864957625767124
2023-01-10-14,URXL,spontaneous,75,803,50,0.4193483208803347,1.2021378222076686,0.30468018733752883,0.0767631657147776,0.03834806609963335,1.3020830278479474
2023-01-10-14,RICR,spontaneous,75,803,50,0.33836748203180056,0.042103168609251666,0.33649018472257947,0.9269720845907188,0.031868250524486615,-0.09303257171977748
2023-01-10-14,ASER,spontaneous,75,803,50,0.3053783279597318,-0.43046000140278395,0.3413500865873673,1.0568662137944604,0.02914839155663159,-0.6786229532165207
2023-01-10-14,AIBR,spontaneous,75,803,50,0.4368575500569449,1.452954100372611,0.3199829549251726,0.4857713567250293,0.02985647073508502,-0.5261722706109269
2023-01-10-14,RIVR,spontaneous,75,803,50,0.3727999744294668,0.5353418774075847,0.38461623822979996,2.2132720935737122,0.026145258946672006,-1.325202644125436
2023-01-10-14,RICL,spontaneous,75,803,50,0.368259728958406,0.4703037503992333,0.3539638294151986,1.3940028857285982,0.03383295340864495,0.3299713873308511
2023-01-10-14,AWCL,spontaneous,75,803,50,0.35437395005581335,0.2713926876311446,0.329278066535567,0.7342085602068074,0.03553700288842878,0.696856213621274
2023-01-10-14,URYVR,spontaneous,75,803,50,0.3081495090553749,-0.39076337503965713,0.29026569236462885,-0.30850351754535604,0.03271015098313325,0.08823006600807852
2023-01-10-14,RIVL,spontaneous,75,803,50,0.35421508550497366,0.26911698405949996,0.34354216464396425,1.1154554771644356,0.02312826805262446,-1.974766047778972
2023-01-10-14,RMDDR,spontaneous,75,803,50,0.267074637135875,-0.9791528693477783,0.25986230512262787,-1.1211169448364973,0.033383574549065015,0.23321933476927412
2023-01-10-14,SMDVR,spontaneous,75,803,50,0.303945118477594,-0.45099044649060743,0.31919747464669523,0.46477725445338136,0.03213095080754935,-0.0364727424065207
2023-01-10-14,AWBR,spontaneous,75,803,50,0.24791481913584482,-1.253613509083125,0.2594561650937761,-1.1319721445607378,0.03582031849718017,0.7578545585257335
2023-01-10-14,URXR,spontaneous,75,803,50,0.4024609774161249,0.9602299350549699,0.3015106832761453,-0.007950472855599374,0.03750146786835898,1.11980895147648
2023-01-10-14,FLPR,spontaneous,75,803,50,0.2025934449763386,-1.9028333161545445,0.21993705074752617,-2.188228235265423,0.03356044907988588,0.27130072987268733
2023-01-13-07,CEPDL,spontaneous,66,802,50,0.34048806028421186,0.6389047488643306,0.254386737582294,-0.3218115697912776,0.0317796716691039,-0.21091303013679558
2023-01-13-07,FLPL,spontaneous,66,802,50,0.25843579122807653,-0.6321317257259865,0.24468918713490165,-0.6732678341970042,0.027898353953089542,-0.9936553804766938
2023-01-13-07,URAVL,spontaneous,66,802,50,0.1874191683062567,-1.7322197436954343,0.22223702045991806,-1.4869737973896286,0.03326564756945783,0.0887625836353957
2023-01-13-07,AIBR,spontaneous,66,802,50,0.42181217475960364,1.8986616934439433,0.27268899760851006,0.3414944860927422,0.03799789953096514,1.0431121869846733
2023-01-13-07,RMDVL,spontaneous,66,802,50,0.3387464483809879,0.6119261865522526,0.26843881717241214,0.18746048057509695,0.044231671193546596,2.3002721104093014
2023-01-13-07,RIVL,spontaneous,66,802,50,0.3204202663371078,0.3280431680117433,0.28532006223407574,0.7992664577726967,0.02260466750765397,-2.0612290431959797
2023-01-13-07,URYDR,spontaneous,66,802,50,0.2849344171854408,-0.2216528869836549,0.2606074087240152,-0.09636351943813674,0.02556771034498792,-1.4636744794242162
2023-01-13-07,RICR,spontaneous,66,802,50,0.2188650217578804,-1.2451055277035377,0.23811680869444693,-0.9114623749187876,0.03806639631474983,1.0569258805426975
2023-01-13-07,AWAL,spontaneous,66,802,50,0.303553885834415,0.06677330844728652,0.3193403138541382,2.0322201416326346,0.03600321707194497,0.6408461138638912
2023-01-13-07,AIBL,spontaneous,66,802,50,0.4285907343293652,2.0036654496771282,0.2818821057855418,0.6746688764405753,0.03625980670778346,0.6925923478298454
2023-01-13-07,ASGR,spontaneous,66,802,50,0.3362248371651605,0.5728649897453741,0.24589152157419966,-0.629693121913279,0.03546740324061624,0.5327889517438177
2023-01-13-07,AVJR,spontaneous,66,802,50,0.20758835333007347,-1.4197875572010743,0.23060457593793837,-1.1837188871454165,0.03336190848483729,0.10817544819917631
2023-01-13-07,AINR,spontaneous,66,802,50,0.33604707078110607,0.5701112870057872,0.29574695268150614,1.1771552850493865,0.0331960914438446,0.07473525342782189
2023-01-13-07,URADL,spontaneous,66,802,50,0.2455998015307523,-0.8309685315869291,0.231533374778427,-1.150057585496784,0.037865238144434744,1.0163584674775819
2023-01-13-07,SAADR,spontaneous,66,802,50,0.31775432700301615,0.2867462462854558,0.2867089285865423,0.8496014142799819,0.03573243097466332,0.5862368904676525
2023-01-13-07,SAAVR,spontaneous,66,802,50,0.2385873893507697,-0.9395947982112137,0.23510013942681066,-1.0207917687180323,0.03166793928998044,-0.2334460128615318
2023-01-13-07,AWBR,spontaneous,66,802,50,0.27617050044226626,-0.357410958868624,0.30268014132873555,1.4284262215187775,0.029824744980543615,-0.6051615876903897
2023-01-13-07,IL2L,spontaneous,66,802,50,0.22564107554595061,-1.1401405874587909,0.202703791427344,-2.194892332571465,0.03414248685995281,0.265594087091185
2023-01-13-07,IL2R,spontaneous,66,802,50,0.2444260664269153,-0.8491503581914224,0.24650402854771103,-0.6074947931703079,0.03548099535862235,0.5355300636992508
2023-01-13-07,AIZR,spontaneous,66,802,50,0.252029263105942,-0.7313725025185297,0.2882818371150978,0.9066063825652129,0.027613890794608107,-1.0510228462567217
2023-01-13-07,SAAVL,spontaneous,66,802,50,0.3661022184621377,1.0356826769408392,0.27658133343715086,0.48255957439187097,0.04145724800678844,1.7407563260971068
2023-01-13-07,RMDDR,spontaneous,66,802,50,0.27121551573852715,-0.4341664997200393,0.3153050838460149,1.885976317239409,0.040932851722792485,1.6350017319419026
2023-01-13-07,RMDVR,spontaneous,66,802,50,0.3091035946791765,0.15274146564989194,0.2698795178842979,0.23967400532785593,0.03346018571346835,0.12799494110133436
2023-01-13-07,AVEL,spontaneous,66,802,50,0.3852894568821949,1.3329039501498565,0.2445868696644697,-0.6769759990718898,0.0395423409495414,1.354578496725495
2023-01-13-07,AUAL,spontaneous,66,802,50,0.3314278988207843,0.49855767719693256,0.2590123496660938,-0.1541712618205766,0.03297503125912771,0.03015421646763344
2023-01-13-07,RIVR,spontaneous,66,802,50,0.3221953800996533,0.3555406932440929,0.30729764379754376,1.5957726227956,0.02969722457092296,-0.6308785303490488
2023-01-13-07,SMDDR,spontaneous,66,802,50,0.42053243582839583,1.8788378070575042,0.2624127300800599,-0.03093550199297353,0.03845461301720138,1.1352172435157264
2023-01-13-07,ASER,spontaneous,66,802,50,0.2603140259840766,-0.6030367974542762,0.295896302377884,1.1825679804165148,0.0292720656028501,-0.7166200115383731
2023-01-13-07,CEPVL,spontaneous,66,802,50,0.2918118391571712,-0.11511769572358442,0.2707909751905214,0.27270681930994284,0.02487054508681153,-1.6042712593550994
2023-01-13-07,RMEL,spontaneous,66,802,50,0.3847229278382097,1.3241280919426042,0.2848093985287419,0.7807591079818545,0.03543613067769478,0.5264822380982698
2023-01-13-07,URBR,spontaneous,66,802,50,0.2673493395965106,-0.49405577457156136,0.246089384754474,-0.622522212663577,0.03613662079924022,0.6677495406605034
2023-01-13-07,ASIR,spontaneous,66,802,50,0.26849758209033026,-0.47626884304476985,0.29744816781202255,1.238810309992574,0.03369519643447846,0.1753893719564879
2023-01-13-07,ADER,spontaneous,66,802,50,0.19355237602135336,-1.6372128559908012,0.19899056679601143,-2.3294661164261687,0.033463587688548825,0.12868101479205585
2023-01-13-07,IL1VR,spontaneous,66,802,50,0.31823354733735976,0.29416964275361907,0.2564868935321341,-0.24569822871567304,0.024016468229679008,-1.776512280430106
2023-01-13-07,OLLR,spontaneous,66,802,50,0.3624346671558752,0.9788702141495687,0.27756678068144297,0.5182739137115446,0.02617183710259061,-1.3418407021485088
2023-01-13-07,ADAL,spontaneous,66,802,50,0.268563883702451,-0.4752417932349476,0.29677157677631744,1.2142894622558902,0.025051934206814914,-1.5676906554195549
2023-01-13-07,ADLR,spontaneous,66,802,50,0.2483542188987662,-0.7883010346211164,0.2675072475552883,0.1536987611136377,0.038914073888155154,1.2278763630038578
2023-01-13-07,RMDL,spontaneous,66,802,50,0.2983557381506993,-0.013748965736132568,0.26688789021011144,0.13125216286710373,0.026410462618395875,-1.2937172784149096
2023-01-13-07,ADEL,spontaneous,66,802,50,0.22117832350541525,-1.2092711634419138,0.2485351589074534,-0.5338830607406958,0.029295031227733623,-0.7119885516802472
2023-01-13-07,RMER,spontaneous,66,802,50,0.42476983352171366,1.9444775155933782,0.2553992182943746,-0.2851174901078477,0.029535918622446422,-0.6634089765718296
2023-01-13-07,SMDDL,spontaneous,66,802,50,0.36617628131748425,1.0368299528375409,0.2650417565408273,0.06434503549302388,0.028324789862956563,-0.9076563794205765
2023-01-13-07,AVAL,spontaneous,66,802,50,0.4163102819462919,1.813434233856917,0.28769704576475674,0.8854125166954131,0.04155670704229248,1.7608141530798758
2023-01-13-07,IL1DR,spontaneous,66,802,50,0.3301835201068762,0.47928154075640467,0.25021484212122364,-0.47300839028662955,0.026371174536599123,-1.3016404755701052
2023-01-13-07,IL1R,spontaneous,66,802,50,0.3342778020857241,0.5427043051995583,0.2552464284327455,-0.29065486310719996,0.028011305594337996,-0.9708765100995601
2023-01-13-07,AIZL,spontaneous,66,802,50,0.3071755041368356,0.12287424279525903,0.30832885831892604,1.6331456486387816,0.029696216654304088,-0.6310817961162256
2023-01-13-07,URYVR,spontaneous,66,802,50,0.3187765747500233,0.30258144727940944,0.266959365855711,0.13384256582862317,0.030864883722508726,-0.39539760980058186
2023-01-13-07,ASEL,spontaneous,66,802,50,0.33128398425736116,0.4963283584780271,0.28447311355688404,0.7685715498323922,0.027116120056185605,-1.151407887170959
2023-01-13-07,URBL,spontaneous,66,802,50,0.349595366171571,0.7799821145635677,0.26162362499776376,-0.05953405643740485,0.03310052672348379,0.05546278997651627
2023-01-13-07,AWBL,spontaneous,66,802,50,0.23487147531890948,-0.9971564272224123,0.26438505818513486,0.040545133426507056,0.03614981404573116,0.6704102125050997
2023-01-13-07,RICL,spontaneous,66,802,50,0.2524501384169419,-0.7248529037592378,0.2426968026981395,-0.7454753463108308,0.03268573604394557,-0.02818772646052328
2023-01-13-07,RMGL,spontaneous,66,802,50,0.19693756250325173,-1.5847743854734382,0.2218968715034528,-1.499301393129327,0.03301699824999717,0.038617667149425786
2023-01-13-07,AWAR,spontaneous,66,802,50,0.2924910089053662,-0.10459696872450978,0.29899106494292077,1.2947276125041185,0.0294768939035038,-0.6753124461184409
2023-01-13-07,RIAL,spontaneous,66,802,50,0.2579676064726996,-0.6393841747779936,0.2842024421288127,0.7587619417764834,0.03456970913419198,0.3517516736437537
2023-01-13-07,SAADL,spontaneous,66,802,50,0.31657478248813037,0.2684744285884087,0.24053094554653845,-0.823969814358978,0.033885953017672533,0.2138591049690861
2023-01-13-07,AVAR,spontaneous,66,802,50,0.4285007439909691,2.002271447978237,0.27234171849957867,0.32890848110176035,0.04471341608844754,2.3974252318204057
2023-01-13-07,AUAR,spontaneous,66,802,50,0.22239146172041227,-1.1904789601583494,0.22512879697445384,-1.3821707363683533,0.03720581770790392,0.8833736566174366
2023-01-13-07,AWCL,spontaneous,66,802,50,0.2929118896770638,-0.09807728537589547,0.2867360382429319,0.8505839158524884,0.02887275367778204,-0.7971489394993342
2023-01-13-07,AVDL,spontaneous,66,802,50,0.20810431111697877,-1.4117950766268093,0.22472086863623283,-1.396954775974452,0.034026366218459315,0.242176126878711
2023-01-13-07,URYVL,spontaneous,66,802,50,0.3773460009707587,1.2098552847823199,0.29056771804511394,0.9894507231951487,0.02931544137109654,-0.7078724538094783
2023-01-13-07,IL2VR,spontaneous,66,802,50,0.2535134710155017,-0.7083812749677689,0.26212501385630793,-0.04136284338782803,0.039184195604025494,1.2823516011132787
2023-01-13-07,ASGL,spontaneous,66,802,50,0.3464552231329747,0.7313395068282939,0.25179949410169195,-0.41557781867374494,0.0352775451801528,0.4945004231173266
2023-01-13-07,AVJL,spontaneous,66,802,50,0.2035108738039584,-1.4829500420623014,0.2221963099926748,-1.4884492162407232,0.032884725459670965,0.011942315539131143
2023-01-13-07,RMEV,spontaneous,66,802,50,0.3458384321313942,0.7217850622135862,0.285833063505297,0.8178585250578224,0.0262755405662048,-1.320926904622262
2023-01-13-07,SMDVR,spontaneous,66,802,50,0.29436024175769626,-0.07564148507799967,0.26038167771409493,-0.10454440779107654,0.035431229698424535,0.5254938613886979
2023-01-13-07,RMDDL,spontaneous,66,802,50,0.2879630450212619,-0.17473771338066124,0.24838164703167548,-0.5394466008011994,0.02834903139653161,-0.9027676080406699
2023-01-13-07,FLPR,spontaneous,66,802,50,0.18675129776197924,-1.742565439577414,0.20135853707507778,-2.243646713576016,0.0333031053985901,0.09631667514731894
2023-01-16-01,OLLR,spontaneous,67,803,50,0.29551267742325826,-0.042124466792928965,0.24561274745122266,-0.071403466753127,0.027326367353195522,-0.04563552494646494
2023-01-16-01,AVAR,spontaneous,67,803,50,0.4098783372570007,1.67870560633775,0.24733385807462857,-0.018769300909711163,0.029443318617935903,0.5222145775108838
2023-01-16-01,IL1VR,spontaneous,67,803,50,0.3869666759497046,1.3339598508347754,0.2680093265276593,0.6135177936255719,0.022996126045125815,-1.2071776026541374
2023-01-16-01,AWBR,spontaneous,67,803,50,0.25040150943835626,-0.7209003739605253,0.27278228281415157,0.759482015407823,0.028882678530258894,0.3718287200130592
2023-01-16-01,AVDL,spontaneous,67,803,50,0.18625688382039257,-1.686067723613969,0.19865541694455058,-1.5074296511486978,0.027094539124655953,-0.10782102988525932
2023-01-16-01,OLQDL,spontaneous,67,803,50,0.2820480586711386,-0.24472305194139377,0.2762697855406217,0.8661351232255782,0.022434954287547024,-1.3577060750591772
2023-01-16-01,RIVL,spontaneous,67,803,50,0.31836353715574506,0.3017064233686687,0.2960838181528509,1.4720782069276208,0.02337992082871925,-1.104228653939035
2023-01-16-01,URYDR,spontaneous,67,803,50,0.29462559032714114,-0.05547223355004537,0.28340491335128604,1.084338122726735,0.03342445959185606,1.5901141307936835
2023-01-16-01,URBL,spontaneous,67,803,50,0.2151377183167923,-1.251505385489362,0.22154912734977517,-0.8073053628823417,0.019041433019353363,-2.267982769629795
2023-01-16-01,OLQDR,spontaneous,67,803,50,0.2895727475427207,-0.1315010330242265,0.26086355299215225,0.3949892317583041,0.024881736144886278,-0.7013823554145158
2023-01-16-01,URBR,spontaneous,67,803,50,0.3765915109423138,1.1778474654879327,0.26127440100267213,0.40755358527983887,0.027105710077934362,-0.10482453815238577
2023-01-16-01,IL1R,spontaneous,67,803,50,0.4172055635795593,1.7889564580953807,0.27529968958307033,0.8364681216863376,0.02980143494015117,0.6182755467210218
2023-01-16-01,RMEL,spontaneous,67,803,50,0.35386905152161374,0.8359485811246069,0.2753698659998224,0.8386142226442846,0.03265014828904342,1.3824131978721288
2023-01-16-01,AWCL,spontaneous,67,803,50,0.3032450067940262,0.07422186422909788,0.25784979596222435,0.30282398382608283,0.029917191230382157,0.6493259645377067
2023-01-16-01,AIBR,spontaneous,67,803,50,0.4193457539478603,1.8211593409655615,0.2573817682693527,0.2885109891406117,0.031216906058869863,0.9979609146259845
2023-01-16-01,OLLL,spontaneous,67,803,50,0.2857805427943353,-0.1885613427708525,0.24999237252724343,0.06253209174519181,0.029401480724496727,0.5109919988565049
2023-01-16-01,IL2R,spontaneous,67,803,50,0.30750096246843284,0.1382601124679216,0.2658586572997465,0.5477470759989013,0.025336340167627015,-0.5794395666547996
2023-01-16-01,SMDDR,spontaneous,67,803,50,0.2606725171483235,-0.5663552161363758,0.21847293034643514,-0.9013801196347041,0.023260236258564392,-1.1363327918835309
2023-01-16-01,AWBL,spontaneous,67,803,50,0.30700992180006703,0.1308715523836929,0.2834934301428875,1.087045100085262,0.026998485802509388,-0.13358633196413588
2023-01-16-01,IL2DL,spontaneous,67,803,50,0.2688047260234542,-0.4439920031435171,0.26312947232067224,0.46428447176391724,0.02605142054013392,-0.3876267131628309
2023-01-16-01,URXL,spontaneous,67,803,50,0.37541338346389014,1.16012049046938,0.24615593932651836,-0.05479183769204317,0.029438996324915596,0.5210551674784886
2023-01-16-01,AIZL,spontaneous,67,803,50,0.21552635155254743,-1.245657723171165,0.23635149487418317,-0.35462657712649004,0.03152197437616103,1.0797923096682902
2023-01-16-01,SMDVR,spontaneous,67,803,50,0.24001326219594957,-0.8772096042647782,0.26061897926736965,0.38750979736513613,0.029503423341767785,0.5383370429424583
2023-01-16-01,SMDDL,spontaneous,67,803,50,0.2267987570884895,-1.0760447950337038,0.2352662203505396,-0.38781591341101657,0.023888484957062223,-0.9678116295154212
2023-01-16-01,AUAL,spontaneous,67,803,50,0.3531491915380198,0.8251170368480067,0.21894135143850874,-0.8870550942066664,0.027899581380499198,0.10812316074264582
2023-01-16-01,URYVL,spontaneous,67,803,50,0.3507986314183902,0.7897487755321487,0.22844926869202442,-0.5962886049750239,0.030024383429664587,0.6780791542586903
2023-01-16-01,ADEL,spontaneous,67,803,50,0.19358924929031762,-1.5757395444544653,0.19192697596308797,-1.7131955523463318,0.026855001500658695,-0.1720744997665862
2023-01-16-01,OLQVL,spontaneous,67,803,50,0.29058177082039005,-0.11631852454024208,0.2867991950821607,1.188140391513265,0.02339784779654149,-1.0994199317524826
2023-01-16-01,CEPDR,spontaneous,67,803,50,0.2988188575398426,0.0076227578554129245,0.22821484202421644,-0.6034577270196648,0.02952916970339621,0.5452432359815306
2023-01-16-01,RMDVR,spontaneous,67,803,50,0.27864451099516196,-0.2959353407059497,0.24963658431565383,0.051651550146487736,0.01970257779188664,-2.0906375784223803
2023-01-16-01,CEPDL,spontaneous,67,803,50,0.3151426898091442,0.2532431785183243,0.23513098414180775,-0.391951641203075,0.029722102322942978,0.5969953993882932
2023-01-16-01,OLQVR,spontaneous,67,803,50,0.3406798600634047,0.6374942781934746,0.32000002359923346,2.203471939957428,0.026002469835456274,-0.4007572292637621
2023-01-16-01,RIAL,spontaneous,67,803,50,0.34093355291804955,0.6413115280064502,0.2638965340423042,0.48774237930307107,0.03344009288120288,1.5943075976463204
2023-01-16-01,CEPVR,spontaneous,67,803,50,0.2994446221844915,0.017038474258214482,0.23001157245917467,-0.548510992972808,0.027076717284317126,-0.11260155272059386
2023-01-16-01,AVDR,spontaneous,67,803,50,0.2143949594692535,-1.262681482962911,0.2241608486313088,-0.727434976168332,0.027041459058384648,-0.12205920417516196
2023-01-16-01,AWCR,spontaneous,67,803,50,0.1704233763260009,-1.924310356053626,0.17210057057319375,-2.3195170143017583,0.030603663708648157,0.8334650487056667
2023-01-16-01,URYVR,spontaneous,67,803,50,0.41907538687748713,1.8170911986039584,0.23670757404169462,-0.3437371376556586,0.030219890177595986,0.7305218007631497
2023-01-16-01,FLPL,spontaneous,67,803,50,0.24057755026139455,-0.8687189098173532,0.2579928514282488,0.30719883633186623,0.02827617760416091,0.20914117081836628
2023-01-16-01,AVAL,spontaneous,67,803,50,0.4084189502396703,1.6567465928418326,0.24499373405017627,-0.09033383274290724,0.02862025150746199,0.30143540758076975
2023-01-16-01,IL1DR,spontaneous,67,803,50,0.25495306925026034,-0.6524142478334702,0.22830709937808732,-0.6006363576097742,0.024501722641302952,-0.8033170151958463
2023-01-16-01,RMER,spontaneous,67,803,50,0.43386263239124545,2.0395910015678402,0.25347504389233655,0.1690374492251654,0.029378508422215437,0.50482991831106
2023-01-16-01,IL2L,spontaneous,67,803,50,0.23119225166415766,-1.009937035038814,0.1941032941853615,-1.6466404496809883,0.02517347146122157,-0.6231273988500153
2023-01-16-01,RICR,spontaneous,67,803,50,0.29320424095168507,-0.07685890463003575,0.2278793894919807,-0.6137163727883777,0.026790249055287048,-0.1894436680375256
2023-01-16-01,AWAL,spontaneous,67,803,50,0.3350517091755768,0.5528089686523852,0.3480842100104447,3.0623288344781936,0.028212148192885058,0.19196594890425464
2023-01-16-01,AINL,spontaneous,67,803,50,0.3347653717184589,0.5485005240721799,0.2561301830785462,0.25023562112869846,0.033948970501761676,1.7308087130879186
2023-01-16-01,IL2DR,spontaneous,67,803,50,0.24660136290400558,-0.7780801816765875,0.2490086907771837,0.03244961612411474,0.028320390962866364,0.22100094326048503
2023-01-16-01,ADAL,spontaneous,67,803,50,0.3136724819059906,0.23112134599290496,0.29581957034350775,1.4639971092738264,0.01776786583896971,-2.60960388576629
2023-01-16-01,URADL,spontaneous,67,803,50,0.2456301915094,-0.7926931428087235,0.25634980726367335,0.25695206086592626,0.0348482169721172,1.9720222019531986
2023-01-16-01,ALA,spontaneous,67,803,50,0.2606065052929418,-0.5673484792023094,0.2997391706356705,1.5838644141477798,0.033220373709811034,1.5353702210213538
2023-01-16-01,ASER,spontaneous,67,803,50,0.27068577346267225,-0.4156883759262422,0.2982724269473162,1.5390091738786498,0.028905743825348627,0.37801574490969525
2023-01-16-01,AIZR,spontaneous,67,803,50,0.2580809713428591,-0.6053495258305785,0.2299581662806085,-0.5501442346839958,0.02472112681151476,-0.7444641343527792
2023-01-16-01,IL1L,spontaneous,67,803,50,0.26174379458191754,-0.5502359857041395,0.2679164315373987,0.610676924330533,0.02260846318351994,-1.3111641229620583
2023-01-16-01,SAAVL,spontaneous,67,803,50,0.20574398594094126,-1.3928504115645444,0.19535958834629338,-1.6082210742408727,0.027757035937504393,0.0698868320384255
2023-01-16-01,RICL,spontaneous,67,803,50,0.20240194953312352,-1.4431371564181215,0.1854958710958848,-1.9098684654836176,0.027675603638307594,0.04804346690648869
2023-01-16-01,AINR,spontaneous,67,803,50,0.2766618550784048,-0.32576784402194586,0.233671884866723,-0.4365731037531359,0.02896531354467314,0.3939947009608768
2023-01-16-01,RID,spontaneous,67,803,50,0.40242117094348484,1.566499581633392,0.26580781295974026,0.5461921791853591,0.027087120706434535,-0.10981094321829972
2023-01-16-01,ASGR,spontaneous,67,803,50,0.3879281041670434,1.3484262089352592,0.2296969254627975,-0.5581333739890126,0.029185764681682685,0.4531284197302893
2023-01-16-01,AVJL,spontaneous,67,803,50,0.2538476582039528,-0.6690470777792971,0.19804760113753184,-1.5260175777780536,0.02443252359970236,-0.8218789365387386
2023-01-16-01,RIAR,spontaneous,67,803,50,0.25782125410553974,-0.609257422948816,0.2302135611254827,-0.5423338740727409,0.03252969597457467,1.3501031205210128
2023-01-16-01,AIBL,spontaneous,67,803,50,0.437258893091997,2.0906936451283404,0.24592010866382544,-0.06200389602364433,0.0324117318934981,1.3184604858315314
2023-01-16-01,RMDDL,spontaneous,67,803,50,0.34572359433059796,0.7133860241990799,0.2552157096637177,0.22226964106855146,0.023897276187642598,-0.9654534735819617
2023-01-16-01,AVJR,spontaneous,67,803,50,0.20354944086720317,-1.4258711554243642,0.20534057231063205,-1.3029874895338782,0.01944222938026342,-2.16047332508185
2023-01-16-01,SMDVL,spontaneous,67,803,50,0.3606491501958542,0.9379669467283007,0.26561207604760484,0.5402062483829413,0.02982975830198945,0.625872993194961
2023-01-16-01,ASEL,spontaneous,67,803,50,0.2667634481501334,-0.4747065756570944,0.25310705403795003,0.15778376293616586,0.028728659421833832,0.3305147001977343
2023-01-16-01,RIVR,spontaneous,67,803,50,0.29650665674051047,-0.02716832083369555,0.28133025043422244,1.0208917930365389,0.024211595988555226,-0.8811404645271694
2023-01-16-01,RMDVL,spontaneous,67,803,50,0.2513175088811144,-0.7071175707103129,0.19654816940222009,-1.5718724679600118,0.022412321494833954,-1.3637770857031513
2023-01-16-01,CEPVL,spontaneous,67,803,50,0.29706166295939224,-0.01881728789588256,0.22003609050874592,-0.8535763177732809,0.03189226934947253,1.1791200750432593
2023-01-16-08,SAADR,spontaneous,71,803,50,0.2968422287371715,-0.08842988853448752,0.28418568173868053,0.3175153570569881,0.02403759566342674,0.3897712510351824
2023-01-16-08,RIAR,spontaneous,71,803,50,0.24283592048746666,-0.9375603914790808,0.2806097912972507,0.2139444565050727,0.023389132634469376,0.11378402095313808
2023-01-16-08,RMER,spontaneous,71,803,50,0.39474531863885703,1.4508810301766126,0.2755076442619174,0.06616756796413976,0.02492410932292312,0.7670733305503271
2023-01-16-08,CEPDR,spontaneous,71,803,50,0.2893810339212169,-0.2057407789094788,0.21818347411082936,-1.5941506166068276,0.023624980635339025,0.21416142656261294
2023-01-16-08,AWCR,spontaneous,71,803,50,0.2875155746949544,-0.23507102536318894,0.3130485906573457,1.153491044292746,0.02141206000494552,-0.7276622517366654
2023-01-16-08,RMGL,spontaneous,71,803,50,0.2390090413017793,-0.9977296560143708,0.2373546488741717,-1.038883091664538,0.019141281648880498,-1.6941102998671786
2023-01-16-08,AWCL,spontaneous,71,803,50,0.29217803900928013,-0.16176402111695357,0.29329409846895776,0.5813285076018755,0.021860549500775907,-0.536784178280207
2023-01-16-08,RIS,spontaneous,71,803,50,0.2752835730594793,-0.42739236776501544,0.277116444626803,0.11276432626214615,0.02452215423319568,0.5960003982821256
2023-01-16-08,ASGR,spontaneous,71,803,50,0.31100950437402175,0.13431938422179476,0.24578514468379695,-0.7947050170272996,0.024891907513305847,0.7533681725952319
2023-01-16-08,AIBL,spontaneous,71,803,50,0.40794870648769593,1.6584752858850351,0.307232501739626,0.9850357806976503,0.025601929853715327,1.0555551752082475
2023-01-16-08,URYDL,spontaneous,71,803,50,0.2466920570216328,-0.8769311194403387,0.27577224208723194,0.07383129130823388,0.02184669059985314,-0.5426825556847066
2023-01-16-08,OLQVR,spontaneous,71,803,50,0.3132863566526119,0.17011788226966607,0.30867439706221034,1.0267983569028485,0.021132518805592217,-0.8466355745911334
2023-01-16-08,RIH,spontaneous,71,803,50,0.34510689541681716,0.6704259196176036,0.35299831509229246,2.310581566024133,0.02934245641986258,2.6475311552408103
2023-01-16-08,AVHL,spontaneous,71,803,50,0.211801947198833,-1.425501415425864,0.23503726518536078,-1.1060030215129757,0.02069374676629136,-1.0333778780942309
2023-01-16-08,IL1VL,spontaneous,71,803,50,0.31694144151100134,0.22758605857528053,0.31534972560864255,1.22014035111603,0.021275150549800968,-0.7859312040285795
2023-01-16-08,AVJR,spontaneous,71,803,50,0.28770213661685595,-0.2321377491643771,0.23342612000880913,-1.1526676941556329,0.021939139029684005,-0.503336309352856
2023-01-16-08,IL2R,spontaneous,71,803,50,0.27918304556357226,-0.36608173284234125,0.23428249580817137,-1.1278639105376569,0.022019528354726144,-0.4691224434024444
2023-01-16-08,SMDDL,spontaneous,71,803,50,0.31003355728584814,0.11897476118263894,0.25481630471049677,-0.5331295039308307,0.01945609814199899,-1.5601237377348467
2023-01-16-08,SMDDR,spontaneous,71,803,50,0.23641072600563548,-1.0385824535065098,0.22967362257483037,-1.261353780858147,0.02279597311425382,-0.13866591939935943
2023-01-16-08,AWAL,spontaneous,71,803,50,0.29221728525806695,-0.161146960109618,0.2654743794372442,-0.2244325749618698,0.021793632843757058,-0.5652640483611221
2023-01-16-08,BAGL,spontaneous,71,803,50,0.34396367491122765,0.6524512897206766,0.28271697807475654,0.2749763129760731,0.02425574133300668,0.48261450718590276
2023-01-16-08,ADLL,spontaneous,71,803,50,0.22575039260672192,-1.2061927670780914,0.2606894039549699,-0.3630230122068731,0.025547314078589494,1.0323105863532778
2023-01-16-08,ASGL,spontaneous,71,803,50,0.3359493944612861,0.5264443433148353,0.2521295107892625,-0.610948908797267,0.022411002716196463,-0.3025101311414874
2023-01-16-08,AVEL,spontaneous,71,803,50,0.426438661345749,1.9491891890729507,0.2901951470065957,0.49157150889607126,0.022517203378904352,-0.25731090554993097
2023-01-16-08,SAADL,spontaneous,71,803,50,0.3025058683286334,0.000618396576192437,0.2921272365380774,0.5475319070123155,0.026686311522497123,1.5170702959700675
2023-01-16-08,SMDVR,spontaneous,71,803,50,0.3222897106833839,0.3116758369624766,0.316588682233184,1.2560250784169058,0.02417778755733002,0.44943721617205806
2023-01-16-08,RICL,spontaneous,71,803,50,0.24254283756458828,-0.9421684763079406,0.21743492348340143,-1.615831387833256,0.022182631601803674,-0.3997053581282205
2023-01-16-08,AQR,spontaneous,71,803,50,0.43774060592375785,2.12688742831205,0.28519645802395477,0.3467911449585084,0.023884758809022372,0.3247235640925128
2023-01-16-08,SAAVL,spontaneous,71,803,50,0.2838940576482171,-0.29201142160542365,0.26441125878467187,-0.25522444769559727,0.025175211827492057,0.8739430850436118
2023-01-16-08,AWBL,spontaneous,71,803,50,0.20836465932389134,-1.4795452128378175,0.22700983922555887,-1.3385067151770556,0.024441053335450026,0.5614836854913005
2023-01-16-08,URYVL,spontaneous,71,803,50,0.3641623613632444,0.9700312417981247,0.2948415622192748,0.6261487326106981,0.028464744268045513,2.273975015920382
2023-01-16-08,ASEL,spontaneous,71,803,50,0.31283453367225333,0.16301395891352946,0.35585662714335964,2.3933687649152295,0.0198412303283886,-1.396210668537962
2023-01-16-08,AIZR,spontaneous,71,803,50,0.260641702035805,-0.6576036099202389,0.293180685218633,0.5780436439677539,0.021444911147843925,-0.7136807361703301
2023-01-16-08,CEPDL,spontaneous,71,803,50,0.32791816599710233,0.40017092663313575,0.27080964196906665,-0.06990380677041635,0.018370569892461948,-2.0221268456795514
2023-01-16-08,RMDL,spontaneous,71,803,50,0.34824327517713183,0.7197385982585435,0.28693849396885857,0.3972468942502431,0.025078371854296535,0.8327277886119492
2023-01-16-08,URBL,spontaneous,71,803,50,0.354497363967409,0.8180703993398962,0.28514734150917287,0.34536855057222765,0.020810501413303265,-0.9836868545676738
2023-01-16-08,AUAL,spontaneous,71,803,50,0.3530313233480566,0.795020132643418,0.2801924317243863,0.20185619274992037,0.020437810852872204,-1.1423047415680696
2023-01-16-08,AVAL,spontaneous,71,803,50,0.4324570123079524,2.0438145309090276,0.2840793951208664,0.3144369068348872,0.02320363173442062,0.034834447429265676
2023-01-16-08,OLQVL,spontaneous,71,803,50,0.3529793532187449,0.7942030165791891,0.2799613962337006,0.19516455769518296,0.021003340447178224,-0.9016141558412416
2023-01-16-08,IL2DR,spontaneous,71,803,50,0.24172000971562652,-0.9551056358337362,0.2698962561752563,-0.0963588088924717,0.02485474085300551,0.737549963738849
2023-01-16-08,AVDL,spontaneous,71,803,50,0.21693200726957307,-1.3448424955851934,0.22941712130503455,-1.2687829982630405,0.02567220059746555,1.0854625516620933
2023-01-16-08,OLQDR,spontaneous,71,803,50,0.27485925373148107,-0.43406385663491487,0.2353878849419016,-1.0958477875842465,0.022587924838781012,-0.2272117033639552
2023-01-16-08,FLPL,spontaneous,71,803,50,0.22822787178487192,-1.1672398519695353,0.2461007344079824,-0.785564381296371,0.024769347585004774,0.7012064091323976
2023-01-16-08,AVER,spontaneous,71,803,50,0.4390364864677296,2.147262301798516,0.2931016948532323,0.5757557933153147,0.02563419899027379,1.0692889876512315
2023-01-16-08,ADEL,spontaneous,71,803,50,0.2058742205030848,-1.518701889844633,0.21475343750768916,-1.693497055132281,0.02355345793445588,0.18372121451773565
2023-01-16-08,RMDR,spontaneous,71,803,50,0.2852817790330527,-0.27019255274284354,0.27943601720668837,0.17994765442311647,0.02322588706902038,0.04430636468045051
2023-01-16-08,IL2DL,spontaneous,71,803,50,0.2571279797704753,-0.7128491701346483,0.2736670436948776,0.012857025762949812,0.028354199502534382,2.226926931031811
2023-01-16-08,RID,spontaneous,71,803,50,0.40045058877374673,1.5405838640876888,0.2782562774187105,0.14577806386683057,0.02227608464493102,-0.35993154626276436
2023-01-16-08,AIBR,spontaneous,71,803,50,0.41220731725904464,1.7254325807514241,0.3071791435399394,0.9834903315615854,0.02536060958477897,0.9528487607909379
2023-01-16-08,AINL,spontaneous,71,803,50,0.2916250753121157,-0.17045815995926042,0.2997135995123707,0.7672607991668237,0.020128890969723437,-1.2737816940854394
2023-01-16-08,CEPVR,spontaneous,71,803,50,0.26835365052153604,-0.5363501691907963,0.25951979570808514,-0.3968991561791049,0.022174931691864703,-0.4029824560058817
2023-01-16-08,IL1L,spontaneous,71,803,50,0.3336493916333489,0.4902818537584237,0.29159649751817346,0.5321597586901453,0.01894514364634571,-1.7775870465992736
2023-01-16-08,RIVR,spontaneous,71,803,50,0.2976284751640472,-0.07606789147287497,0.319713425812669,1.346529111418452,0.022426441939687285,-0.29593916512558244
2023-01-16-08,AIZL,spontaneous,71,803,50,0.2722671811025231,-0.47481850190559954,0.3077131930451108,0.9989583636771859,0.02271442798445397,-0.17337169828752055
2023-01-16-08,URXL,spontaneous,71,803,50,0.3882193582803896,1.3482746462008628,0.2988892057995531,0.7433833340586595,0.02234794952058269,-0.32934570391615436
2023-01-16-08,IL2L,spontaneous,71,803,50,0.2606515352283507,-0.6574490045787056,0.24814382529374676,-0.7263889769001964,0.022578762822354808,-0.23111107684018856
2023-01-16-08,IL1DL,spontaneous,71,803,50,0.2588646871515687,-0.6855432634772816,0.2548592578091334,-0.5318854246783606,0.020606196545242587,-1.0706394364581233
2023-01-16-08,RMDDR,spontaneous,71,803,50,0.254154924816088,-0.7595939251552735,0.20355256228093818,-2.0179154771184935,0.022861587988146668,-0.1107400909570093
2023-01-16-08,AWBR,spontaneous,71,803,50,0.21905612477668424,-1.3114454161405604,0.24746935087083208,-0.7459242295945088,0.02738059503878536,1.8125588219082387
2023-01-16-08,IL1DR,spontaneous,71,803,50,0.25544132161676425,-0.7393681626888948,0.22989402305438728,-1.2549701747260043,0.022735317196478096,-0.16448120568009325
2023-01-16-08,RIVL,spontaneous,71,803,50,0.3181611691337028,0.24676359474255885,0.3303383610162233,1.6542661982677536,0.02753550727001967,1.8784897935982183
2023-01-16-08,URYDR,spontaneous,71,803,50,0.20627198523474924,-1.5124479136407754,0.22107979350080356,-1.51026258580193,0.0232107363470976,0.03785818553917456
2023-01-16-08,AVJL,spontaneous,71,803,50,0.21337943021310574,-1.4006989619957448,0.22197476515535478,-1.4843409246804433,0.025229877960999254,0.8972091065316903
2023-01-16-08,OLQDL,spontaneous,71,803,50,0.3131245782508318,0.16757427245590198,0.28590239284063457,0.36723760602660627,0.022220832109669374,-0.38344714157186083
2023-01-16-08,AVBL,spontaneous,71,803,50,0.31905880087772515,0.26087688111526514,0.35959586084902234,2.5016706854054753,0.017238573919171926,-2.5039067146640064
2023-01-16-08,AWAR,spontaneous,71,803,50,0.20660013529134452,-1.507288475204256,0.21778747821881161,-1.60562010982059,0.02313751329924691,0.006694302245828775
2023-01-16-08,SMDVL,spontaneous,71,803,50,0.3375577153093149,0.5517316539058242,0.28395801589312814,0.3109213192823446,0.022023832723587298,-0.46729049495481856
2023-01-16-08,ADAL,spontaneous,71,803,50,0.26700239008618654,-0.5575957697560547,0.30085650140562326,0.8003634292013518,0.023264027677397422,0.06053908788835449
2023-01-16-08,AVAR,spontaneous,71,803,50,0.42967448795376323,2.000065450831125,0.27958360667253945,0.1842223865885854,0.023311212526608952,0.08062105903274991
2023-01-16-08,RMDDL,spontaneous,71,803,50,0.28645225077703307,-0.2517894570145972,0.28232839826347256,0.26372161665632693,0.0249083558308107,0.7603686111475634
2023-01-16-08,RIBL,spontaneous,71,803,50,0.4038826104269628,1.5945448617370328,0.26984764735605304,-0.09776669855299344,0.02274255377811081,-0.16140130130484023
2023-01-16-15,URYDL,spontaneous,70,802,50,0.3051665286960279,0.18904173548043235,0.2809142735316061,0.014982179786542732,0.041764752874785704,0.30675504914212764
2023-01-16-15,OLQDR,spontaneous,70,802,50,0.2931347734840111,0.025172769895686675,0.26418362196393624,-0.3396856111512541,0.03202760053776482,-0.9794021003100508
2023-01-16-15,AWAL,spontaneous,70,802,50,0.35454785694969476,0.8616008955975843,0.3522091829459482,1.5263404149886621,0.0478670824385291,1.1127971572522752
2023-01-16-15,CEPDL,spontaneous,70,802,50,0.37164806937516126,1.0945007570111465,0.3280422455042638,1.0140331517893544,0.022223088792027827,-2.274456592856443
2023-01-16-15,CEPVR,spontaneous,70,802,50,0.16515847872657624,-1.7178267070488027,0.18425153597995705,-2.03414062064831,0.043271089600994676,0.505723462374205
2023-01-16-15,IL2DL,spontaneous,70,802,50,0.18168512701147524,-1.4927386204557112,0.19982380848408182,-1.704028941101299,0.04624287283575273,0.8982591978452595
2023-01-16-15,OLLL,spontaneous,70,802,50,0.28597980323793004,-0.07227581947088578,0.285169438008692,0.10518606569385247,0.026375490632282176,-1.7259757712166017
2023-01-16-15,AWCL,spontaneous,70,802,50,0.2822208208237265,-0.12347205385334467,0.31236478525156786,0.6816916304296339,0.05597900938523684,2.1842821743526666
2023-01-16-15,IL1R,spontaneous,70,802,50,0.3234331190283679,0.43782732077319786,0.31512814310065757,0.7402711794653185,0.034305121566688676,-0.6785697981141594
2023-01-16-15,AUAR,spontaneous,70,802,50,0.37275175712229863,1.1095326593616301,0.2950034540130129,0.31365426062292834,0.035684609946215175,-0.4963564794246172
2023-01-16-15,AWBL,spontaneous,70,802,50,0.2572163672052025,-0.46402535445465065,0.28877381151343645,0.18159403961357268,0.04639962047506631,0.9189636183970893
2023-01-16-15,AVDL,spontaneous,70,802,50,0.2428020607761736,-0.6603439665377324,0.23899616533353216,-0.8736265378578612,0.0422376486958489,0.3692187264221913
2023-01-16-15,CEPVL,spontaneous,70,802,50,0.2669365512684044,-0.33163930772562766,0.23829536043998847,-0.8884826791423905,0.036658735143378154,-0.367686613386966
2023-01-16-15,RIVL,spontaneous,70,802,50,0.32871226107622076,0.50972768205154,0.3306840184406956,1.0700352607170236,0.04541297736105978,0.7886402906811848
2023-01-16-15,AVJR,spontaneous,70,802,50,0.21037434753328374,-1.1019998788923857,0.23204241040804585,-1.0210369891585658,0.02972782306525846,-1.2831742028751107
2023-01-16-15,RIR,spontaneous,70,802,50,0.34871015172258807,0.782093068177757,0.38075465994273294,2.131466953352486,0.043243579537007006,0.5020897238585708
2023-01-16-15,RIVR,spontaneous,70,802,50,0.318041744599644,0.36439838749232,0.3204950860091084,0.8540433047008837,0.048023380814207144,1.133442235645655
2023-01-16-15,IL2DR,spontaneous,70,802,50,0.2072534419920397,-1.1445056940223823,0.21507079787649602,-1.380812835357444,0.04242757038037991,0.3943050272153753
2023-01-16-15,CEPDR,spontaneous,70,802,50,0.20770952800506862,-1.1382939367304727,0.2305870821451651,-1.0518880327056488,0.029462302385708468,-1.3182461939984524
2023-01-16-15,URYVL,spontaneous,70,802,50,0.2696382881456951,-0.2948424464562414,0.28774068241234796,0.1596930625622862,0.035509886252759325,-0.5194353139481908
2023-01-16-15,RICL,spontaneous,70,802,50,0.29320467786242677,0.02612484696000186,0.2854801314385996,0.1117723574469582,0.04084813834610246,0.1856816296706615
2023-01-16-15,RICR,spontaneous,70,802,50,0.2420720849357563,-0.6702860226852485,0.24163147118668296,-0.8177615225832279,0.04260819143271724,0.41816282976017
2023-01-16-15,OLQVL,spontaneous,70,802,50,0.32271025821569915,0.4279821692099853,0.3162263131989932,0.7635509400457897,0.03176822354132882,-1.0136625870337967
2023-01-16-15,URBR,spontaneous,70,802,50,0.17352434306653597,-1.6038860964351231,0.19926359875021546,-1.7159046500638941,0.0393222974341673,-0.015863044776987405
2023-01-16-15,URXR,spontaneous,70,802,50,0.3015807543487089,0.14020454400161847,0.2814456375455212,0.02624639745534484,0.04240058120163574,0.3907400911849837
2023-01-16-15,RIBL,spontaneous,70,802,50,0.3785890951297629,1.1890354853579839,0.30666322676749436,0.5608260954401536,0.0480234761303572,1.1334548257278074
2023-01-16-15,SMDDR,spontaneous,70,802,50,0.3706688467374187,1.0811640328261516,0.3096552500486335,0.6242530506465291,0.03918199705969086,-0.034394985477721955
2023-01-16-15,IL1VL,spontaneous,70,802,50,0.18589164690509777,-1.4354470572936617,0.22284290300163995,-1.2160544370056554,0.026704564997731044,-1.6825091258182006
2023-01-16-15,AIBL,spontaneous,70,802,50,0.4337156826000669,1.9398433854350587,0.3482212457493304,1.4418013956801567,0.04627703814946168,0.9027720123693761
2023-01-16-15,AVDR,spontaneous,70,802,50,0.2322355644386055,-0.8042565374120905,0.2423872366768496,-0.8017402889940713,0.04115487884644044,0.2261982482754942
2023-01-16-15,AVAL,spontaneous,70,802,50,0.4366707290734702,1.9800902488659087,0.3410182913330761,1.28910824319259,0.04705638035770803,1.005713459551517
2023-01-16-15,FLPL,spontaneous,70,802,50,0.2167974772468704,-1.0145187422307247,0.21392831742725243,-1.4050319170521375,0.04184362868231879,0.31717356579527606
2023-01-16-15,URXL,spontaneous,70,802,50,0.3454489605236552,0.7376766036697804,0.3027485366470248,0.47783981773200257,0.03805453219459735,-0.1833191212831005
2023-01-16-15,OLQVR,spontaneous,70,802,50,0.23930724375736567,-0.7079423459668652,0.25929375549948014,-0.44334434374244414,0.037955727104082695,-0.19637004923094947
2023-01-16-15,AUAL,spontaneous,70,802,50,0.3961331022911538,1.4279797004860606,0.3052888820551259,0.5316917965665411,0.03384895204654454,-0.7388241383348501
2023-01-16-15,AWAR,spontaneous,70,802,50,0.3291160065941911,0.5152265772021992,0.3509316501998127,1.4992584023671007,0.04131409822494841,0.24722915494219752
2023-01-16-15,RMDDL,spontaneous,70,802,50,0.31399867304793616,0.3093329426516728,0.27871586273792565,-0.03162123530549981,0.025602316288180292,-1.8281025199847005
2023-01-16-15,AIZL,spontaneous,70,802,50,0.2994739788728062,0.11151088194882983,0.28959034212453283,0.19890341378225457,0.03369881038427265,-0.758655991188526
2023-01-16-15,ASGL,spontaneous,70,802,50,0.3665555637732968,1.0251423292084774,0.28799569730538865,0.16509904262260602,0.04711155529617814,1.0130013851305495
2023-01-16-15,ASIR,spontaneous,70,802,50,0.3499261860916752,0.7986550984606524,0.32877932278485206,1.0296582199344488,0.03720738461553339,-0.295216817626174
2023-01-16-15,ASGR,spontaneous,70,802,50,0.3405858859201089,0.6714429585530095,0.27378888980927824,-0.13606657609488298,0.04873300087629432,1.2271742513991808
2023-01-16-15,RIH,spontaneous,70,802,50,0.2882565518625646,-0.041267173147801164,0.2992995297948868,0.40472541234082754,0.04509860431670389,0.7471155076030679
2023-01-16-15,IL1DR,spontaneous,70,802,50,0.22784199843259587,-0.8640956135856174,0.2556763965406641,-0.5200275921959303,0.032768405290934534,-0.8815509733419694
2023-01-16-15,AIBR,spontaneous,70,802,50,0.4295702354009627,1.8833836144014091,0.3446087067163667,1.3652203233103464,0.043357761174927914,0.5171717031544876
2023-01-16-15,SAAVL,spontaneous,70,802,50,0.21685044796106734,-1.0137972966902546,0.2507616886161241,-0.6242129310424712,0.04799564249358697,1.1297783472576923
2023-01-16-15,RMER,spontaneous,70,802,50,0.4207264302862512,1.7629335910720254,0.32249408872885493,0.8964195311032777,0.04534018663660788,0.77902553808954
2023-01-16-15,FLPR,spontaneous,70,802,50,0.1983722098130066,-1.2654654629547297,0.22051474528018522,-1.265408316182647,0.0460685393664699,0.8752319070988245
2023-01-16-15,AVER,spontaneous,70,802,50,0.4039894986047438,1.5349815064940477,0.3288226400961601,1.0305764899162748,0.04903428968171154,1.2669707686688105
2023-01-16-15,URBL,spontaneous,70,802,50,0.3326535336576991,0.5634066548725072,0.2909009870084326,0.22668736013942528,0.031140109679902574,-1.096628643800918
2023-01-16-15,RID,spontaneous,70,802,50,0.3660732088928967,1.0185727976727148,0.3253359943647874,0.9566641898287965,0.04617448944173495,0.889226598983129
2023-01-16-15,AINL,spontaneous,70,802,50,0.297103684607951,0.07922817153220324,0.3277390948181205,1.0076067562756565,0.034078393396993485,-0.7085177794481862
2023-01-16-15,AWBR,spontaneous,70,802,50,0.21971408821948363,-0.9747953590108017,0.23839137372078303,-0.8864473239703361,0.044919998302391656,0.7235238666086616
2023-01-16-15,SMDVL,spontaneous,70,802,50,0.2562585947738226,-0.4770699331408142,0.27134461042848323,-0.1878820816007518,0.04738976502770355,1.0497494427621563
2023-01-16-15,IL1L,spontaneous,70,802,50,0.26897731574416556,-0.30384469607070647,0.2746700355661285,-0.11738744588813121,0.03653473865371455,-0.38406501296088175
2023-01-16-15,AIZR,spontaneous,70,802,50,0.2870586481011684,-0.057582269888966614,0.2662632126410911,-0.2956010261284801,0.04463439615808988,0.6857993628647892
2023-01-16-15,RMEL,spontaneous,70,802,50,0.42076613834148535,1.763474403100025,0.31759579159650037,0.7925820794497974,0.039232082570407986,-0.02777931023067072
2023-01-16-15,IL1VR,spontaneous,70,802,50,0.2569378973387523,-0.46781803209458045,0.2598521427801139,-0.43150726838951264,0.03801825629956212,-0.188110717443607
2023-01-16-15,AVJL,spontaneous,70,802,50,0.21607402674000828,-1.0243719252553305,0.23909527630542196,-0.8715255157120302,0.03104789218794923,-1.108809431620104
2023-01-16-15,IL2L,spontaneous,70,802,50,0.2652797895844892,-0.354203914350309,0.2564555548839741,-0.5035104609117841,0.0415707380986436,0.281128101673534
2023-01-16-15,ADEL,spontaneous,70,802,50,0.16964991572059818,-1.656654656817566,0.19164967686866863,-1.8773097718655711,0.02759156088252607,-1.5653479621352238
2023-01-16-15,OLQDL,spontaneous,70,802,50,0.3168415583017101,0.34805220327515907,0.31199852615505425,0.6739274196847055,0.02596727978781284,-1.7798953647410862
2023-01-16-15,RMDVL,spontaneous,70,802,50,0.3395208557905726,0.6569375615790591,0.30656988719137546,0.5588474192878673,0.04733630128041085,1.0426875443305617
2023-01-16-15,IL1DL,spontaneous,70,802,50,0.15863219089183897,-1.8067128269657522,0.18428223498733312,-2.0334898421005643,0.02870105277999711,-1.4187978326105757
2023-01-16-15,IL2VR,spontaneous,70,802,50,0.20754730055148007,-1.1405034269121257,0.234441617930187,-0.970176947728771,0.047419954718898503,1.053737126822774
2023-01-16-15,BAGL,spontaneous,70,802,50,0.3782999252856168,1.1850970771703573,0.3601238803231682,1.6941215813924968,0.046192399362003415,0.8915922774897517
2023-01-16-15,URYVR,spontaneous,70,802,50,0.19946622093478322,-1.250565353394265,0.20723364453877044,-1.546950170194012,0.03806926651121234,-0.18137290066327766
2023-01-16-15,AINR,spontaneous,70,802,50,0.2601826674976287,-0.42362521732020114,0.2899130804403675,0.20574504126251733,0.022634264598311207,-2.220145364621625
2023-01-16-15,IL2VL,spontaneous,70,802,50,0.1919341272627269,-1.3531502528522041,0.21663380592062037,-1.3476791221852202,0.04470756455346536,0.695464001104896
2023-01-16-15,ASEL,spontaneous,70,802,50,0.28922609830890045,-0.028062235842499245,0.3226107171944151,0.8988919010569151,0.04523224128677957,0.7647672951632232
2023-01-16-15,OLLR,spontaneous,70,802,50,0.34492288223050777,0.7305115721182277,0.3328205469283879,1.1153268523768358,0.027151271248772375,-1.6235047661660058
2023-01-16-22,URAVR,spontaneous,73,802,50,0.24071546242726577,-0.9904031516294809,0.2505375481531898,-0.3065336265813405,0.02907602023278297,-0.29209785637148783
2023-01-16-22,AIYL,spontaneous,73,802,50,0.3385936848993927,0.3629669666058269,0.32072210056476236,1.837845954537575,0.033035483302493986,0.5353347160946847
2023-01-16-22,AVDL,spontaneous,73,802,50,0.24641635531875422,-0.9115764433819165,0.2329296106327559,-0.8445167067186471,0.029288898002251124,-0.24761152140366346
2023-01-16-22,RICR,spontaneous,73,802,50,0.20494148885880947,-1.4850527847680055,0.21361541720831012,-1.4346317759476648,0.03351307703512475,0.6351403220131759
2023-01-16-22,SMDVL,spontaneous,73,802,50,0.32939754593716125,0.235811207538301,0.29126811672363767,0.9379253970745645,0.03450036035150928,0.841458794959208
2023-01-16-22,AVJL,spontaneous,73,802,50,0.3195534990861671,0.0996967735595086,0.2678624897619877,0.22280295466695557,0.017749764094656024,-2.659013038501261
2023-01-16-22,RMEV,spontaneous,73,802,50,0.42409327344776043,1.545176709899096,0.2505819681228285,-0.305176443659825,0.03405118571288056,0.7475920963226542
2023-01-16-22,IL1R,spontaneous,73,802,50,0.39809378343791807,1.1856796534553262,0.2705132012714104,0.303791312374366,0.02951239875530017,-0.20090523830730533
2023-01-16-22,CEPDL,spontaneous,73,802,50,0.17627685184470376,-1.8814010449338445,0.19484032804882917,-2.008275354824995,0.030247043225782692,-0.04738220921039042
2023-01-16-22,IL1VR,spontaneous,73,802,50,0.33897500458371527,0.36823950479892775,0.26140672102227014,0.02555700537750139,0.03276827465231051,0.4794945334957187
2023-01-16-22,IL1DR,spontaneous,73,802,50,0.3718266154124887,0.8224813913862994,0.28447102841059707,0.7302509603399227,0.029058886471185274,-0.29567840054760497
2023-01-16-22,RMDVL,spontaneous,73,802,50,0.23111910117217335,-1.12309281679102,0.24745771119010262,-0.4006332435182783,0.034095584910732085,0.756870461052144
2023-01-16-22,AVBL,spontaneous,73,802,50,0.44253547729173776,1.800178557771343,0.250999700425283,-0.292413284403579,0.03770095673480998,1.5103064776460706
2023-01-16-22,IL2DR,spontaneous,73,802,50,0.2939042732692419,-0.2549571514888489,0.2541388423287448,-0.19650169746998158,0.03806562727568574,1.5865138518346844
2023-01-16-22,RIVR,spontaneous,73,802,50,0.28792125297586146,-0.33768485819768707,0.28354931884622897,0.7020895615471725,0.026749647422012763,-0.7782538339473681
2023-01-16-22,RMDL,spontaneous,73,802,50,0.3323856646677906,0.27712816750786573,0.2711959383343395,0.32465127894411744,0.03171433446463678,0.2592463772789196
2023-01-16-22,URBL,spontaneous,73,802,50,0.22347205280995777,-1.2288291745295354,0.20433360304946224,-1.7182231372098327,0.0333172774641327,0.5942229198651231
2023-01-16-22,ASEL,spontaneous,73,802,50,0.25955234356592005,-0.7299440688027082,0.2676449022865801,0.21615490857505995,0.03612811916415246,1.1816212457730584
2023-01-16-22,IL2VR,spontaneous,73,802,50,0.24766418843857493,-0.894322553657973,0.2606354559501845,0.001992203503265293,0.033848193091064405,0.7051715195162006
2023-01-16-22,AWCL,spontaneous,73,802,50,0.2542743752743159,-0.802922964316311,0.29478494245838804,1.0453765246635571,0.03098325913168047,0.1064692121016345
2023-01-16-22,FLPL,spontaneous,73,802,50,0.2079084245696796,-1.4440287241302032,0.2279551662854493,-0.996503098584813,0.028954443890525296,-0.31750438848308504
2023-01-16-22,RMER,spontaneous,73,802,50,0.4123166520304698,1.3823404106960753,0.2498663938727591,-0.3270396992894256,0.02890602144025982,-0.3276235162241106
2023-01-16-22,AVDR,spontaneous,73,802,50,0.1944338047516266,-1.630343384896824,0.20117721001975392,-1.8146618054113637,0.03164244381483946,0.2442229601512025
2023-01-16-22,AIYR,spontaneous,73,802,50,0.23442260966350623,-1.077414937027933,0.2698248735558043,0.28276053212790697,0.03535947360873745,1.0209928075140922
2023-01-16-22,IL2L,spontaneous,73,802,50,0.24512246732101672,-0.929467137637014,0.24061505679302383,-0.6096998809131173,0.024874185416171913,-1.1701802958776528
2023-01-16-22,CEPDR,spontaneous,73,802,50,0.33644067380376796,0.33319710761725235,0.23077877791560933,-0.9102320472398064,0.030195293518383258,-0.05819665368531034
2023-01-16-22,IL1L,spontaneous,73,802,50,0.22584971988297112,-1.1959529791261645,0.23385609823181325,-0.8162093225249303,0.01718351260947716,-2.7773459828412457
2023-01-16-22,RICL,spontaneous,73,802,50,0.36778546922428745,0.7666041353798416,0.2754261077489922,0.4538975105687162,0.027677318749332488,-0.5843928332881823
2023-01-16-22,AIZL,spontaneous,73,802,50,0.2628952076738876,-0.6837220157374012,0.2945988804416173,1.039691689812075,0.025788826968770794,-0.9790422048216396
2023-01-16-22,RIVL,spontaneous,73,802,50,0.31029554982927987,-0.028313641463894434,0.30030389049648143,1.213999377919687,0.024389656580157227,-1.2714351716421421
2023-01-16-22,BAGL,spontaneous,73,802,50,0.29876685374808104,-0.18772185694261537,0.30375818215808403,1.3195398743943583,0.031412129636186364,0.19609283493897958
2023-01-16-22,SAADR,spontaneous,73,802,50,0.2988594385155809,-0.18644167985548302,0.22893228759850257,-0.9666486801979821,0.03139962360905202,0.19347937598737008
2023-01-16-22,RMDVR,spontaneous,73,802,50,0.3632919165134382,0.7044714177029293,0.2633120123969217,0.08377021297802639,0.03221611123811963,0.3641056572309847
2023-01-16-22,AINR,spontaneous,73,802,50,0.32456231107246347,0.16895402301602352,0.31478097018895823,1.656323978135556,0.031187247842614795,0.14909794758186345
2023-01-16-22,IL2VL,spontaneous,73,802,50,0.21156637137286047,-1.3934499970908032,0.22377092082680416,-1.1243461953291143,0.03708925453454538,1.3824754267593924
2023-01-16-22,ASIR,spontaneous,73,802,50,0.26687633734937666,-0.6286746129184433,0.318183525295612,1.7602837448311284,0.034464650394718584,0.8339962726702606
2023-01-16-22,OLLR,spontaneous,73,802,50,0.3460269738679957,0.4657476558769289,0.32290856345192825,1.9046499193561888,0.02203651865528264,-1.7631844144728879
2023-01-16-22,RIBL,spontaneous,73,802,50,0.430886909525349,1.639112866782125,0.24240018275971043,-0.5551581400149208,0.03600658490085185,1.156223507151659
2023-01-16-22,URYVR,spontaneous,73,802,50,0.3483594528700064,0.49799903215863006,0.2530748786015982,-0.2290094504319863,0.03341136218373762,0.6138843639048434
2023-01-16-22,AUAL,spontaneous,73,802,50,0.3311670320282551,0.26027803519244413,0.24712605865605047,-0.4107663696494711,0.03875150947881871,1.7298467395912303
2023-01-16-22,IL1DL,spontaneous,73,802,50,0.4148956845245124,1.4180009021030289,0.23908074049501524,-0.6565785233974868,0.03357927245803486,0.6489735736686825
2023-01-16-22,SAADL,spontaneous,73,802,50,0.2762653384618568,-0.4988521332618757,0.24016097868371508,-0.6235735296346303,0.03625633110344998,1.2084144581066603
2023-01-16-22,OLQVL,spontaneous,73,802,50,0.31916492850128936,0.09432397657651784,0.29998128745492875,1.2041427449236437,0.026032540014770813,-0.9281120385225811
2023-01-16-22,URAVL,spontaneous,73,802,50,0.2762786268585997,-0.4986683935226683,0.26470710495836863,0.12639509124175677,0.024477148575142674,-1.253151448519479
2023-01-16-22,RIML,spontaneous,73,802,50,0.4285890382248224,1.607340013994889,0.2721526801962792,0.3538830349737652,0.03558936146578669,1.069033841762422
2023-01-16-22,OLLL,spontaneous,73,802,50,0.3114475594428331,-0.012384711130625276,0.3164433321884649,1.7071148574057684,0.024163068512414624,-1.3187866292719983
2023-01-16-22,RIS,spontaneous,73,802,50,0.35127971868233704,0.5383777843252615,0.26588718242715037,0.16245051855793635,0.02596628625452576,-0.9419574812783137
2023-01-16-22,OLQDL,spontaneous,73,802,50,0.33307389360633,0.28664436484368505,0.3037552204182983,1.3194493830525609,0.02086820379094469,-2.007334127863237
2023-01-16-22,CEPVL,spontaneous,73,802,50,0.3186880982272591,0.0877308057153867,0.23229648802682348,-0.8638607809038724,0.026687210922603673,-0.7913015609780981
2023-01-16-22,AVJR,spontaneous,73,802,50,0.25776216862775847,-0.7546969628227398,0.2770886264645951,0.5046931780549292,0.021675147894876592,-1.8387022138897307
2023-01-16-22,RMDDR,spontaneous,73,802,50,0.269786690463151,-0.5884329244384859,0.23552861199870845,-0.7651082718287805,0.03198688992143142,0.316203913890505
2023-01-16-22,OLQVR,spontaneous,73,802,50,0.2646273900716272,-0.659770989275906,0.2501148677947318,-0.31944796597474656,0.027040981550832583,-0.7173720064337782
2023-01-16-22,AIBL,spontaneous,73,802,50,0.4491833596266759,1.8920993658368117,0.26157329878519886,0.030646529228819965,0.03490554410821937,0.9261324570778963
2023-01-16-22,RIH,spontaneous,73,802,50,0.37665013623548615,0.8891766049041946,0.2642455359920962,0.11229257106397562,0.01780200249264575,-2.648096469444006
2023-01-16-22,ASIL,spontaneous,73,802,50,0.3269584719474803,0.20208593371920183,0.3752932859126725,3.505183446287667,0.030256997067519838,-0.045302095637039574
2023-01-16-22,IL1VL,spontaneous,73,802,50,0.2655661866088793,-0.6467901734362888,0.2650036809172576,0.13545650730326958,0.03261152630516059,0.4467378981063795
2023-01-16-22,URBR,spontaneous,73,802,50,0.34037715459026374,0.38762714662790093,0.2106620249518678,-1.5248680720005459,0.032633282256435775,0.4512843687800879
2023-01-16-22,RMEL,spontaneous,73,802,50,0.4492410320064119,1.8928968065075849,0.2761018627541478,0.4745441512482347,0.029692849655630803,-0.1631953392539188
2023-01-16-22,AIZR,spontaneous,73,802,50,0.24826712606170875,-0.885985686255814,0.26300505467677426,0.07439159838644219,0.02706756467884775,-0.7118167718955272
2023-01-16-22,IL2DL,spontaneous,73,802,50,0.2561483667506414,-0.7770111322271163,0.2630752968071891,0.07653773717368687,0.03294512320585833,0.516451628693395
2023-01-16-22,AWBL,spontaneous,73,802,50,0.27888040155699934,-0.46269344381209854,0.27067172988406646,0.3086349069877408,0.02877971103254559,-0.35401935418096336
2023-01-16-22,URXR,spontaneous,73,802,50,0.2229419712663573,-1.2361586550127064,0.19651055245914717,-1.9572442518499518,0.03039837977191276,-0.015756510102231787
2023-01-16-22,URYDL,spontaneous,73,802,50,0.2865515179850389,-0.35662429497595965,0.25635046985177556,-0.12892886643421916,0.03401593124487208,0.7402247602365242
2023-01-16-22,AVHL,spontaneous,73,802,50,0.3312368970734693,0.26124406483738394,0.2178648551278934,-1.3047968251945377,0.028777695574498555,-0.3544405364491637
2023-01-16-22,FLPR,spontaneous,73,802,50,0.19441774901782918,-1.6305653888298641,0.21266853037022665,-1.4635624270873828,0.02871754888819434,-0.3670097476017367
2023-01-16-22,AIBR,spontaneous,73,802,50,0.44560819085794556,1.8426652173915268,0.2733748365243487,0.39122411623448083,0.034066815277261124,0.750858299450262
2023-01-16-22,RIMR,spontaneous,73,802,50,0.45415330292891465,1.9608191748473307,0.2611186372881702,0.01675505600502743,0.03590956304466675,1.1359482721929595
2023-01-16-22,ASHL,spontaneous,73,802,50,0.3221904083011093,0.13615753107907191,0.2809735395831753,0.6233906418080889,0.03148079513762016,0.21044227361051884
2023-01-16-22,OLQDR,spontaneous,73,802,50,0.3761279726789916,0.8819566070707396,0.25148681346033186,-0.27753030502757386,0.029749206808129803,-0.15141804954364527
2023-01-16-22,URYDR,spontaneous,73,802,50,0.25579399243431405,-0.781911094632176,0.27138581906397485,0.33045278861379823,0.028799760913313145,-0.34982941121924055
2023-01-16-22,URYVL,spontaneous,73,802,50,0.4172477823117229,1.4505235489184074,0.2586422440158084,-0.05890727973136652,0.032255378717527906,0.37231161620294867
2023-01-16-22,AUAR,spontaneous,73,802,50,0.4279844143585507,1.5989798307721397,0.2421708209015781,-0.5621659340146921,0.03625273123477688,1.2076621721162923
2023-01-16-22,ASGL,spontaneous,73,802,50,0.2741248143251232,-0.5284493340574015,0.2361134071630585,-0.7472407672785545,0.034794416199721095,0.9029093963793602
2023-01-17-07,ADAL,spontaneous,68,802,50,0.3344108331554464,0.32289559061817363,0.3356898007766237,1.5585777821429185,0.04060650440061845,0.8358987246050552
2023-01-17-07,OLQDR,spontaneous,68,802,50,0.3576637186970474,0.7320408653857223,0.30414504193102077,0.5065341391359535,0.024005561037291512,-2.152758037029927
2023-01-17-07,CEPVR,spontaneous,68,802,50,0.3299855269191352,0.2450302808377241,0.266030219022805,-0.7646265421419772,0.04129333585531547,0.9595485333092076
2023-01-17-07,AVAR,spontaneous,68,802,50,0.43082550087898963,2.019356257695237,0.3250313239419085,1.2031088165064239,0.04364514442751898,1.3829430620149865
2023-01-17-07,AVDR,spontaneous,68,802,50,0.23643234124758442,-1.4010812861970972,0.24205383781264306,-1.5642585684295565,0.039538489603769496,0.6436247330450265
2023-01-17-07,AUAL,spontaneous,68,802,50,0.2899562973321975,-0.45930252589200243,0.29482780669495123,0.19579668355785243,0.034024946819890184,-0.3489746970576223
2023-01-17-07,ASGL,spontaneous,68,802,50,0.3196673793915341,0.06347770329978035,0.2922128382730734,0.10858533671048301,0.029850486375339214,-1.1005000267172467
2023-01-17-07,RMDVR,spontaneous,68,802,50,0.2536333847044329,-1.098420971680438,0.2770012671940797,-0.3987330654409627,0.043046692746076816,1.2752042049446666
2023-01-17-07,AIZL,spontaneous,68,802,50,0.2524499480389614,-1.1192440871083305,0.2761928096193513,-0.425695790256734,0.03524403660173529,-0.12950277670879395
2023-01-17-07,RIH,spontaneous,68,802,50,0.30472314791816196,-0.19947296066937262,0.2648473532350205,-0.8040760886945435,0.03429343366687546,-0.30063918906322595
2023-01-17-07,IL1DL,spontaneous,68,802,50,0.28961695543193805,-0.46527340356107316,0.2575219457669552,-1.0483844505664588,0.02237645769057472,-2.446044426002437
2023-01-17-07,URXL,spontaneous,68,802,50,0.3020515435424387,-0.24648107518573675,0.23409879572053502,-1.829565762687016,0.04242340902154218,1.162994851718239
2023-01-17-07,AIBR,spontaneous,68,802,50,0.40310217477062976,1.5315515137299298,0.3180881166425981,0.9715471445002606,0.034340783055387125,-0.2921149102293331
2023-01-17-07,RMEL,spontaneous,68,802,50,0.39432211705067405,1.3770623376713578,0.32575414113401946,1.2272153641499954,0.03804607307637454,0.3749459809912118
2023-01-17-07,AVJL,spontaneous,68,802,50,0.30773899380556147,-0.14640775755515753,0.2449619785098653,-1.4672696851587312,0.036987987566733056,0.18445955238476694
2023-01-17-07,AIZR,spontaneous,68,802,50,0.22278712604796835,-1.6411751580789804,0.2542276578441396,-1.1582516612937925,0.03875687994236781,0.5029120670005328
2023-01-17-07,AVER,spontaneous,68,802,50,0.43681812720549273,2.1247992892944687,0.3094216185828739,0.6825123087771167,0.034878864237222376,-0.19524451393890305
2023-01-17-07,RIAL,spontaneous,68,802,50,0.3152903084790354,-0.013538883651003471,0.2906221397704389,0.05553423380529651,0.026257015315662054,-1.7474302249112048
2023-01-17-07,AWAL,spontaneous,68,802,50,0.3146259119044462,-0.025229248641557938,0.34457724257907285,1.8549812733417206,0.03154534184894602,-0.7953763261943675
2023-01-17-07,FLPL,spontaneous,68,802,50,0.3033828986368662,-0.22305526659315678,0.3299621912382791,1.3675572949065282,0.02534931028656586,-1.9108437559019367
2023-01-17-07,RMER,spontaneous,68,802,50,0.40430699571251355,1.5527508953907918,0.30314286322283795,0.47311065524561385,0.03859771261773424,0.4742572797040269
2023-01-17-07,IL1L,spontaneous,68,802,50,0.34012756461315463,0.4234841244090334,0.3015970930226459,0.42155794816608866,0.04046359307693621,0.8101704943178142
2023-01-17-07,CEPVL,spontaneous,68,802,50,0.30155653352556655,-0.2551910053577791,0.2667709525334807,-0.7399224705438123,0.0391658881407215,0.5765455401605137
2023-01-17-07,ASEL,spontaneous,68,802,50,0.30922039109889665,-0.12034188708341925,0.3408451935690301,1.7305143704364474,0.04396044439327075,1.4397063045587195
2023-01-17-07,CEPDR,spontaneous,68,802,50,0.3216064195829743,0.09759601220784105,0.25660574352733473,-1.0789405485420125,0.03343718820140209,-0.45478848913610115
2023-01-17-07,ADEL,spontaneous,68,802,50,0.27284966632417285,-0.7603016097090824,0.31104384619356523,0.7366149333586344,0.02386447476569414,-2.1781577044075555
2023-01-17-07,AIBL,spontaneous,68,802,50,0.4125640802445355,1.6980381163504832,0.315318769184315,0.8791871298612405,0.033753613836835755,-0.397822593030306
2023-01-17-07,RMED,spontaneous,68,802,50,0.3733422944220502,1.0079126560713796,0.33717659995818217,1.6081637572661547,0.03696211680017747,0.17980205553637454
2023-01-17-07,RIVL,spontaneous,68,802,50,0.35089713290892965,0.6129796591296405,0.31987384958306603,1.031102806260828,0.0340621061617142,-0.34228492553261464
2023-01-17-07,RICL,spontaneous,68,802,50,0.26813446608908437,-0.8432677384640627,0.2738979985821587,-0.5022296250974847,0.04033531849283385,0.7870773064951068
2023-01-17-07,IL1R,spontaneous,68,802,50,0.3748059605645791,1.0336665387446315,0.31758370111034306,0.9547244717786121,0.03878249979912102,0.5075243927245481
2023-01-17-07,URBR,spontaneous,68,802,50,0.3051177438577661,-0.1925298626249323,0.25769484364274337,-1.042618164255549,0.035365045412208695,-0.10771764126657155
2023-01-17-07,IL2DR,spontaneous,68,802,50,0.23036289366928533,-1.507876023248877,0.24460790030974866,-1.4790784842490434,0.04134233100207448,0.9683690969027257
2023-01-17-07,OLLL,spontaneous,68,802,50,0.38565116695168405,1.224492960662215,0.30446666680777784,0.5172605932097131,0.02591705177365672,-1.8086336346383978
2023-01-17-07,RIVR,spontaneous,68,802,50,0.32322348973894266,0.1260491094416616,0.32179522887846723,1.0951823854842972,0.037795914995401164,0.3299101885174957
2023-01-17-07,RMDL,spontaneous,68,802,50,0.2965301578766785,-0.3436324094265325,0.29956202679108324,0.35368681615037817,0.03860063027574755,0.47478254373021933
2023-01-17-07,IL2VR,spontaneous,68,802,50,0.2350253094297575,-1.4258386617357823,0.25715674661582316,-1.0605641425165704,0.0423299614730561,1.1461715518895017
2023-01-17-07,OLQVL,spontaneous,68,802,50,0.35870543767677354,0.75037039259335,0.2938333113954752,0.16262944766503742,0.038644456767229426,0.4826725977614505
2023-01-17-07,AINL,spontaneous,68,802,50,0.2761485887649459,-0.7022555437250498,0.30158253907352844,0.4210725619970381,0.03403725720444681,-0.34675846673635285
2023-01-17-07,AVJR,spontaneous,68,802,50,0.26424430771323265,-0.9117168741521724,0.2902660646250144,0.043658834947118134,0.02212035352362826,-2.492150688368122
2023-01-17-07,URADL,spontaneous,68,802,50,0.2437040123978825,-1.2731328694087727,0.2537673432222815,-1.173603532394765,0.03425919776095816,-0.30680265637174475
2023-01-17-07,SMDDL,spontaneous,68,802,50,0.33218038192807525,0.2836497697652856,0.31503120776159793,0.8695967199860448,0.041952315973860226,1.078184284541426
2023-01-17-07,IL1VR,spontaneous,68,802,50,0.3279261863260929,0.20879523072865933,0.29874448897556954,0.32642125783881515,0.034950673669388505,-0.18231670975961947
2023-01-17-07,IL2VL,spontaneous,68,802,50,0.2563039336840366,-1.0514314273468832,0.25795295355775494,-1.0340099863768064,0.039895382351515365,0.7078758963906873
2023-01-17-07,SAAVL,spontaneous,68,802,50,0.3522633201895147,0.6370183561463549,0.28858851214538894,-0.012288919500418584,0.04039531880612845,0.7978791228800869
2023-01-17-07,RMDDL,spontaneous,68,802,50,0.2585422392358118,-1.0120474060237492,0.23889323214871278,-1.6696673659120311,0.03981560487599989,0.6935136106815384
2023-01-17-07,ASGR,spontaneous,68,802,50,0.30996624719545895,-0.10721820413150877,0.2810325744917502,-0.2642856525987817,0.03431237703218286,-0.2972288276412878
2023-01-17-07,SMDVR,spontaneous,68,802,50,0.26130903184015286,-0.9633644106035603,0.26753635317045227,-0.7143957300028349,0.03868902977161736,0.4906970460132688
2023-01-17-07,AVDL,spontaneous,68,802,50,0.23507696116321367,-1.4249298255984635,0.24454320577977298,-1.4812361000143552,0.0376556092654039,0.3046510415235492
2023-01-17-07,OLQDL,spontaneous,68,802,50,0.3704194054568327,0.9564830729923497,0.29685469758215866,0.2633951611177007,0.03647693138381175,0.09245444862438462
2023-01-17-07,OLLR,spontaneous,68,802,50,0.382229767619596,1.164291857134128,0.29691026583062097,0.2652484078910853,0.027351905390373098,-1.5503178950022367
2023-01-17-07,URXR,spontaneous,68,802,50,0.23513220819780983,-1.4239577284748828,0.2477758057678048,-1.3734262326307178,0.039308618518792485,0.6022411949300436
2023-01-17-07,CEPDL,spontaneous,68,802,50,0.3194380548659077,0.059442632216645704,0.24928429572049574,-1.3231168524564711,0.04247250589038987,1.1718337282715372
2023-01-17-07,AWCR,spontaneous,68,802,50,0.25698041200053984,-1.0395284785199586,0.27445442631040157,-0.48367230287619506,0.03591756868830672,-0.008247244378226003
2023-01-17-07,AWAR,spontaneous,68,802,50,0.316426785003232,0.00645794637370078,0.3456377694740366,1.8903507172339848,0.030333342449001828,-1.0135717698185323
2023-01-17-07,AVEL,spontaneous,68,802,50,0.4356698020734131,2.1045939775344875,0.3065970154622558,0.5883094723690604,0.036196547598439335,0.041977142746862185
2023-01-17-07,URYVL,spontaneous,68,802,50,0.37873843566778914,1.1028602568206478,0.3050757919010859,0.5375754158827071,0.03406641689338747,-0.3415088673845352
2023-01-17-07,URYVR,spontaneous,68,802,50,0.30326781499682476,-0.2250802164619272,0.30819889265750733,0.641733393863933,0.03178853431500803,-0.7515945487274008
2023-01-17-07,URBL,spontaneous,68,802,50,0.317099437446366,0.01829357718935749,0.25585194226553676,-1.1040804403841633,0.04190209399390787,1.0691428549863509
2023-01-17-07,RMDDR,spontaneous,68,802,50,0.25291269018369056,-1.1111019250694298,0.2552712350368278,-1.123447503908144,0.029510397077062676,-1.1617260762620705
2023-01-17-07,AWBL,spontaneous,68,802,50,0.2958765627793475,-0.355132717429417,0.31701022042845795,0.9355984195327368,0.03412573162402448,-0.33083047598814874
2023-01-17-07,RIML,spontaneous,68,802,50,0.42345087547492877,1.8895963131991402,0.3160338845500822,0.90303681526395,0.039632168254413784,0.6604896380411716
2023-01-17-07,AWCL,spontaneous,68,802,50,0.26168585479352363,-0.9567340364712931,0.2679216039210544,-0.7015473007243483,0.03497928538781954,-0.17716576117317892
2023-01-17-07,RID,spontaneous,68,802,50,0.3949994997724874,1.3889811999279698,0.3434617169745021,1.817777577265162,0.04812565373722244,2.1895661647475135
2023-01-17-07,IL2DL,spontaneous,68,802,50,0.2459912101175099,-1.2328885677813268,0.27224744447033694,-0.5572769617812179,0.03948791418631832,0.634519674372766
2023-01-17-07,AUAR,spontaneous,68,802,50,0.2509454383237173,-1.1457166313322602,0.2716610843935895,-0.5768325524349476,0.0376787071282475,0.30880933436607194
2023-01-17-07,SMDVL,spontaneous,68,802,50,0.36064614693012703,0.7845180694176591,0.29007387928177547,0.03724929573893266,0.03889429678627675,0.5276511297587517
2023-01-17-07,IL1VL,spontaneous,68,802,50,0.3089762377605178,-0.12463787798475111,0.28057316732051396,-0.2796072594754258,0.029286947715408483,-1.2019535158102403
2023-01-17-14,SMDDL,spontaneous,87,802,50,0.321188785534984,0.3890711573334515,0.3116395646334144,0.783761823891692,0.03265876138668638,0.6935839230441878
2023-01-17-14,AVEL,spontaneous,87,802,50,0.42662976456917834,2.0661652353734095,0.28181651548685666,-0.10055665416691789,0.03369710730312587,0.9580854832916555
2023-01-17-14,RIVL,spontaneous,87,802,50,0.323907042142401,0.4323064544698115,0.32244281659272456,1.1041018160833869,0.02475764767648019,-1.3190949645546186
2023-01-17-14,AUAL,spontaneous,87,802,50,0.30461104723829446,0.1253935342751724,0.2681746701006622,-0.5050671349881846,0.028105606193562806,-0.4662575455481598
2023-01-17-14,ADER,spontaneous,87,802,50,0.19518190893399748,-1.6151343088477161,0.22621634556877562,-1.7492230061597231,0.03413502864004015,1.0696387480039309
2023-01-17-14,URXR,spontaneous,87,802,50,0.20931894786167993,-1.3902772894629876,0.23837388508748797,-1.388725432913896,0.03322442818231871,0.8376782442680687
2023-01-17-14,AWCR,spontaneous,87,802,50,0.26487518736322346,-0.5066261595167039,0.3079301039974042,0.6737682223677688,0.03117988330650272,0.3168640328502994
2023-01-17-14,ASGL,spontaneous,87,802,50,0.33156590583092993,0.5541246987065387,0.28612990881695577,0.027344869456520027,0.03331167666480302,0.8599033615251924
2023-01-17-14,IL1VL,spontaneous,87,802,50,0.2487521754910215,-0.7630711202778221,0.257453245398058,-0.8229807704797888,0.029594445764996386,-0.08700012914428652
2023-01-17-14,OLQDR,spontaneous,87,802,50,0.2648621471152983,-0.5068335714998982,0.24109290782083398,-1.3081004762388395,0.029581241798175444,-0.09036362272605054
2023-01-17-14,AIBL,spontaneous,87,802,50,0.42652535323899976,2.0645045184004953,0.3003687702154602,0.44955817767105916,0.03317606297797307,0.8253580031917851
2023-01-17-14,AVJR,spontaneous,87,802,50,0.27797160929561593,-0.2983206992723983,0.27764849220518556,-0.22414763867178925,0.031831882356064906,0.4829500771624058
2023-01-17-14,ASIL,spontaneous,87,802,50,0.28625507526998734,-0.1665678280594084,0.3182857054964151,0.980834401683768,0.02677702094512037,-0.8046928064483001
2023-01-17-14,SMDVL,spontaneous,87,802,50,0.3015564121762156,0.07680796137827868,0.31321163467511337,0.8303771307251725,0.028953157560102295,-0.2503577617764073
2023-01-17-14,ASHL,spontaneous,87,802,50,0.2897943071455076,-0.11027448866125714,0.3161991439499992,0.91896329916724,0.03266927544388402,0.6962622063496614
2023-01-17-14,RIML,spontaneous,87,802,50,0.42933186793498956,2.1091436067292393,0.3060102830421215,0.6168413421893688,0.030525791727268096,0.15024495098831522
2023-01-17-14,CEPVR,spontaneous,87,802,50,0.26460096908283065,-0.5109877451008812,0.2683024598651457,-0.5012778896469657,0.02892866922625592,-0.2565957624346438
2023-01-17-14,CEPDL,spontaneous,87,802,50,0.22334049448140314,-1.167257235815032,0.2403840795669605,-1.3291187805574198,0.028359338884182014,-0.4016233119155962
2023-01-17-14,URYVL,spontaneous,87,802,50,0.36456942155411753,1.0790629274753236,0.29205002260375024,0.20288916032176657,0.029328404002910986,-0.15476989647179604
2023-01-17-14,AINL,spontaneous,87,802,50,0.3193695678472011,0.36013554578287243,0.3449272544711234,1.7708144579369107,0.018068007252234976,-3.0231709393268504
2023-01-17-14,AIBR,spontaneous,87,802,50,0.4205791550182523,1.9699271167658499,0.2940887840210512,0.26334288471501177,0.030893682083891916,0.243958974211585
2023-01-17-14,RICL,spontaneous,87,802,50,0.2969046721548001,0.002819596380573085,0.33147471207038426,1.3719172236742754,0.02690657087025203,-0.7716920917685848
2023-01-17-14,RIVR,spontaneous,87,802,50,0.3191854833085984,0.35720758463932906,0.32922077180237963,1.305082976859277,0.02498246482309218,-1.2618264906214225
2023-01-17-14,OLQVL,spontaneous,87,802,50,0.31698167552048623,0.3221548658156288,0.3140111707167136,0.8540851188650275,0.03430532638472253,1.1130193001513027
2023-01-17-14,IL2DL,spontaneous,87,802,50,0.2208204085753236,-1.2073405240009976,0.24475487746103397,-1.1995150863612163,0.031105987331846136,0.2980402475556102
2023-01-17-14,IL2R,spontaneous,87,802,50,0.2065545631848266,-1.4342462777390887,0.2166018399997128,-2.0343140741567396,0.03198212705620102,0.5212224457206459
2023-01-17-14,AIML,spontaneous,87,802,50,0.35876729995680967,0.986777140108373,0.37560063435659535,2.6803470977396047,0.03234582505022813,0.6138685334607616
2023-01-17-14,SAAVL,spontaneous,87,802,50,0.255717296344859,-0.6522872197127929,0.2843136120470787,-0.026512292745347853,0.03227000291884057,0.5945540913892153
2023-01-17-14,IL1L,spontaneous,87,802,50,0.3028670679717992,0.09765462927965653,0.3033971723146406,0.5393569075774475,0.027739360327250866,-0.5595526618865297
2023-01-17-14,URXL,spontaneous,87,802,50,0.21582965045530036,-1.2867211496807573,0.23488251080405712,-1.4922522982415787,0.027751776462555257,-0.5563898554380621
2023-01-17-14,IL1VR,spontaneous,87,802,50,0.33832390171068744,0.6616141679164577,0.30501518742500205,0.5873345859442433,0.03381556616167131,0.9882609310054987
2023-01-17-14,URBL,spontaneous,87,802,50,0.2655371734684017,-0.49609692328513255,0.27498011037377296,-0.30327098211121756,0.024397264595395315,-1.4108966326929202
2023-01-17-14,RMDDR,spontaneous,87,802,50,0.2855056071673946,-0.1784885113464112,0.26849689666921106,-0.49551241416507713,0.027867331850091274,-0.5269540192544097
2023-01-17-14,AWBR,spontaneous,87,802,50,0.26801970264487707,-0.4566109945829908,0.2839307033392048,-0.037866371401706705,0.03993801472681536,2.5478540996948107
2023-01-17-14,OLQDL,spontaneous,87,802,50,0.3073532169212417,0.16900918142086208,0.30021184207278395,0.44490491583944486,0.03112003703947098,0.3016191797100646
2023-01-17-14,AVJL,spontaneous,87,802,50,0.24650117430993368,-0.7988744747709462,0.2636111683611684,-0.6403849186613136,0.027148097731487013,-0.7101670926070466
2023-01-17-14,FLPL,spontaneous,87,802,50,0.2725312539342675,-0.38485240490073325,0.29412318197686405,0.2643628591577071,0.02047591717264735,-2.4097954535654598
2023-01-17-14,URBR,spontaneous,87,802,50,0.2440483745512467,-0.8378875414893209,0.239193573534526,-1.3644198819823086,0.027584518209446917,-0.5989961470514792
2023-01-17-14,URAVL,spontaneous,87,802,50,0.23332518061639876,-1.0084455656136546,0.2547346773750634,-0.9035922440007939,0.02592238919852054,-1.022396200696537
2023-01-17-14,IL1DL,spontaneous,87,802,50,0.23072046875014837,-1.0498748740846264,0.24642911153957942,-1.149870392923689,0.02898482019772109,-0.24229222511937568
2023-01-17-14,URYVR,spontaneous,87,802,50,0.2542478647395553,-0.6756593001497586,0.2673687239456198,-0.5289651969778175,0.023808820583412018,-1.5607930755099435
2023-01-17-14,AVER,spontaneous,87,802,50,0.4039841030809196,1.705974111171691,0.2797986973413144,-0.16038936485642588,0.031542850823767524,0.4093240436383177
2023-01-17-14,RMER,spontaneous,87,802,50,0.4154530711590557,1.8883940642227122,0.2970179308890742,0.3501984804527536,0.03243321826209231,0.6361305181492345
2023-01-17-14,URADR,spontaneous,87,802,50,0.2391469437566693,-0.9158473692033886,0.27016957361380045,-0.44591389314685503,0.024224847316654672,-1.454817101313726
2023-01-17-14,ADLL,spontaneous,87,802,50,0.26281707385765507,-0.5393615343561526,0.2779557253239494,-0.21503750634899127,0.031051715254200245,0.28421532756706386
2023-01-17-14,RID,spontaneous,87,802,50,0.3473918733704911,0.8058450135496248,0.3125043216424462,0.809403756021417,0.03218359625090225,0.5725434125550944
2023-01-17-14,OLLL,spontaneous,87,802,50,0.3039283993384966,0.11453566136253407,0.2945604426276399,0.2773285915115254,0.029410865181014878,-0.13376426634121832
2023-01-17-14,AIZR,spontaneous,87,802,50,0.2679541019744596,-0.4576544076552164,0.2938451838227485,0.2561196073244536,0.03193150814766694,0.5083281105349311
2023-01-17-14,RMDVL,spontaneous,87,802,50,0.33533958465783276,0.6141470398398762,0.2661972272451116,-0.5637026302346604,0.029735616120492133,-0.0510393007747258
2023-01-17-14,AVAL,spontaneous,87,802,50,0.43463741594819355,2.1935311307754213,0.31042603290174187,0.747777960244659,0.030018582288914845,0.021041680967563134
2023-01-17-14,ASKR,spontaneous,87,802,50,0.2742462633472934,-0.3575742806200802,0.29656982745206256,0.33691123582918725,0.02538091716362398,-1.160327304188153
2023-01-17-14,RMDDL,spontaneous,87,802,50,0.406846307287161,1.7514989703715644,0.30432755152161106,0.5669446810570239,0.02944970390506155,-0.1238707395832071
2023-01-17-14,BAGL,spontaneous,87,802,50,0.3668011284316944,1.114559395950748,0.3375824509911268,1.5530250091400624,0.03077940375983964,0.2148484489658737
2023-01-17-14,OLLR,spontaneous,87,802,50,0.29116248584033144,-0.08851288887522504,0.28990077626793737,0.13915931702777676,0.022688169261899503,-1.8462605852680178
2023-01-17-14,AIZL,spontaneous,87,802,50,0.2950602942133147,-0.02651620220234381,0.30104174769951436,0.4695134284417594,0.039352561912616796,2.398719615362474
2023-01-17-14,URADL,spontaneous,87,802,50,0.216346029953314,-1.2785078629105437,0.23893379364904174,-1.372122922400233,0.029158469418424756,-0.1980579395266005
2023-01-17-14,ASKL,spontaneous,87,802,50,0.25421793045846053,-0.67613542059187,0.27352385615505664,-0.34645209709490393,0.032543823446759386,0.6643053714931153
2023-01-17-14,URYDL,spontaneous,87,802,50,0.28861548637036555,-0.12902425141165835,0.2948466227177737,0.2858144555998717,0.026708519886588386,-0.8221423255088093
2023-01-17-14,IL2VR,spontaneous,87,802,50,0.25620021776384394,-0.6446061012391525,0.262181833701707,-0.682767809977348,0.02944547008435666,-0.12494923583818544
2023-01-17-14,ADEL,spontaneous,87,802,50,0.2572991117738612,-0.6271276156117012,0.2970944929328418,0.3524687121010637,0.020008496986685144,-2.5288630653514304
2023-01-17-14,RMEL,spontaneous,87,802,50,0.38297873404977667,1.3718726988759145,0.3229921474649679,1.1203906750295525,0.03189181982434858,0.49821816232296234
2023-01-17-14,IL2L,spontaneous,87,802,50,0.22943849443315995,-1.0702653480247761,0.2596441367434686,-0.758016061786046,0.027902402948686,-0.5180202331711485
2023-01-17-14,CEPDR,spontaneous,87,802,50,0.20259149550369795,-1.4972809479382052,0.211195826241649,-2.1946141774560926,0.032682746568464295,0.6996937539807144
2023-01-17-14,AVHL,spontaneous,87,802,50,0.21910067307558848,-1.234693819169715,0.25253056346118413,-0.9689490306999327,0.029419653924645617,-0.13152547831678343
2023-01-17-14,IL2VL,spontaneous,87,802,50,0.23606173555865492,-0.9649192238637316,0.26643768626517933,-0.5565724956325008,0.03366228288490448,0.9492145349800819
2023-01-17-14,RMDVR,spontaneous,87,802,50,0.2932047730570541,-0.05602923946116238,0.24477552851453088,-1.1989027375665322,0.028145651798372435,-0.45605658574709385
2023-01-17-14,RMDL,spontaneous,87,802,50,0.396523451275625,1.5873085309050285,0.29785971917485893,0.37515933982278377,0.02873725958869593,-0.3053542223847006
2023-01-17-14,RIAL,spontaneous,87,802,50,0.31245094574325477,0.2500912322246508,0.29592355843915813,0.31774794950324653,0.03383913952218623,0.9942658572422712
2023-01-17-14,AVDL,spontaneous,87,802,50,0.22981565212524294,-1.0642664571033018,0.26477138033465075,-0.6059821021829144,0.03577296300077049,1.4868756120749047
2023-01-17-14,FLPR,spontaneous,87,802,50,0.19928887658951788,-1.549810834076667,0.2270483762351142,-1.724551481496406,0.03130784347597571,0.34945978339862727
2023-01-17-14,AIYL,spontaneous,87,802,50,0.22676110622438433,-1.1128506118442199,0.25967504516285267,-0.7570995597122773,0.031713605275381716,0.4528209343720202
2023-01-17-14,OLQVR,spontaneous,87,802,50,0.26880847148625175,-0.4440652124314145,0.28242648555275024,-0.08246971082046321,0.02637410862816662,-0.9073280985893074
2023-01-17-14,RIMR,spontaneous,87,802,50,0.4301478755494593,2.122122635854329,0.30079768302080345,0.4622763781936493,0.03171908169489934,0.4542159622563199
2023-01-17-14,AIMR,spontaneous,87,802,50,0.33752487508470025,0.6489052303201481,0.3588544439175211,2.1837860127349518,0.03079926196904026,0.21990700145221234
2023-01-17-14,SMDVR,spontaneous,87,802,50,0.28847663620725106,-0.13123273608647038,0.2786347875879703,-0.19490182857590616,0.031494380935325986,0.39697713600875933
2023-01-17-14,AIYR,spontaneous,87,802,50,0.28782208517938007,-0.1416437135135806,0.2513702216555378,-1.0033556969852742,0.028561727990526715,-0.3500680127058422
2023-01-17-14,IL1R,spontaneous,87,802,50,0.36372610122112875,1.0656494752359669,0.2866369957248676,0.042381102688218576,0.036162319630333825,1.586057815598501
2023-01-17-14,AWAL,spontaneous,87,802,50,0.37554028429557995,1.2535602538775095,0.36257542425078587,2.294121198417283,0.03427212684987983,1.1045622641805788
2023-01-17-14,ASEL,spontaneous,87,802,50,0.35771576253829845,0.9700518859085738,0.3722737882260174,2.5816988511277246,0.03275160337783024,0.7172338947205246
2023-01-17-14,AVDR,spontaneous,87,802,50,0.32382393209166344,0.4309845455194745,0.26476342952692206,-0.6062178609799249,0.031666636311534845,0.4408563626199547
2023-01-17-14,ADAL,spontaneous,87,802,50,0.3478962229916115,0.813866958817872,0.32220790984535996,1.0971363184813707,0.027020534968276336,-0.742661610440178
2023-01-17-14,RIH,spontaneous,87,802,50,0.3073006864609671,0.16817365689661937,0.3076376219968506,0.6650954928853444,0.023236655523828656,-1.706542722696719
2023-01-17-14,ASGR,spontaneous,87,802,50,0.32864515198689914,0.5076685768068364,0.28580945888744774,0.017842829857419036,0.03445011508479072,1.1499018423445246
2023-01-17-14,AWBL,spontaneous,87,802,50,0.2941560198488206,-0.04089916028474704,0.2999803540802728,0.43804079177820887,0.039082049562124764,2.3298110390985043
2023-01-17-14,RICR,spontaneous,87,802,50,0.27713067851913703,-0.31169614436208154,0.2884498905263514,0.09613738910447665,0.02836929260988463,-0.3990877638511851
2023-01-17-14,IL2DR,spontaneous,87,802,50,0.23509167989247556,-0.9803484680534211,0.2552181043819688,-0.8892575784574365,0.027879457885526534,-0.5238651109807194
2023-01-17-14,URAVR,spontaneous,87,802,50,0.21128445094435302,-1.3590149319762335,0.24900403303797744,-1.0735183522790939,0.02725782870447359,-0.6822149303238395
2023-01-18-01,RMDVR,spontaneous,70,802,50,0.20701695745803828,-1.4816760675730576,0.22430913207815362,-1.4323718645471981,0.02435882773755832,-2.194169156982461
2023-01-18-01,RIVR,spontaneous,70,802,50,0.325849956985181,0.4583066639870563,0.3148440446508031,1.2316811349731698,0.03198116484252476,0.03229756027077552
2023-01-18-01,IL2DL,spontaneous,70,802,50,0.20952399567182722,-1.440747951128425,0.2281345152887008,-1.31980729330298,0.03718734993686516,1.5530119654177585
2023-01-18-01,ASER,spontaneous,70,802,50,0.2528370432694318,-0.7336500513451111,0.28663175233998295,0.40151474039389945,0.03282346826372549,0.278332405923304
2023-01-18-01,OLLL,spontaneous,70,802,50,0.34609193906912245,0.7887628154908829,0.29817839443329225,0.741282744017748,0.02796499566087918,-1.140815999344142
2023-01-18-01,RIH,spontaneous,70,802,50,0.28418403126377184,-0.22190149970183076,0.26065454534814364,-0.36288270849343324,0.03255566093685713,0.20010651644900365
2023-01-18-01,URYVL,spontaneous,70,802,50,0.39162406379898684,1.5320877846380456,0.2749512682606773,0.0578083429049301,0.03363546541148694,0.5155148604774953
2023-01-18-01,ASIR,spontaneous,70,802,50,0.259960694413828,-0.6173544073676102,0.27884939299758466,0.17251338433885607,0.031260930455307145,-0.17808120803592406
2023-01-18-01,RMER,spontaneous,70,802,50,0.3759955020944934,1.276947041355589,0.26149359388346993,-0.3381931196512781,0.033589827334619175,0.502184085705108
2023-01-18-01,AUAL,spontaneous,70,802,50,0.3364857520657515,0.6319390630245469,0.2410386644446655,-0.9400936967650696,0.036598914891726606,1.3811314745361927
2023-01-18-01,CEPDL,spontaneous,70,802,50,0.2611257560062413,-0.5983344433889218,0.28008004554618626,0.20872619462724792,0.03287482846194963,0.293334598867917
2023-01-18-01,AVAR,spontaneous,70,802,50,0.3861554286016743,1.4428107497217892,0.27537127986417914,0.0701674775232421,0.03485719203120518,0.8723783288502894
2023-01-18-01,FLPL,spontaneous,70,802,50,0.2569386972802516,-0.666689375577542,0.23500392791623098,-1.11767003160706,0.031227606851824633,-0.1878149541338781
2023-01-18-01,RIS,spontaneous,70,802,50,0.3059886732216577,0.13406552153361093,0.3129962074992441,1.1773072369226725,0.02750366493801166,-1.2755696170294146
2023-01-18-01,CEPVL,spontaneous,70,802,50,0.23868579193407397,-0.9646732799920543,0.22598615638383593,-1.3830242537209718,0.033139055307404304,0.3705146381535489
2023-01-18-01,IL1VL,spontaneous,70,802,50,0.33657787631071284,0.6334430176928141,0.28696662779568316,0.41136868443463637,0.024896365576382765,-2.0371556201989636
2023-01-18-01,AVJL,spontaneous,70,802,50,0.2561238731786599,-0.6799916122679974,0.2540864784246718,-0.5561526624958155,0.03116559978604791,-0.20592707201652263
2023-01-18-01,RICL,spontaneous,70,802,50,0.28523152270058233,-0.2048009021661666,0.26224313954271633,-0.3161372154144403,0.03606423458407867,1.2249526158796789
2023-01-18-01,OLQVL,spontaneous,70,802,50,0.3172390434911069,0.3177310364430748,0.30333371022845945,0.8929815099117236,0.03172243821632625,-0.04327587792351164
2023-01-18-01,IL2VR,spontaneous,70,802,50,0.19557110939047348,-1.668532813489537,0.22821017190124784,-1.3175810446673746,0.027706106007292387,-1.2164370574546066
2023-01-18-01,ASGR,spontaneous,70,802,50,0.3341301619846637,0.593483380696165,0.28173431758129963,0.257404304009968,0.03458919958038675,0.7940983651061521
2023-01-18-01,AIZR,spontaneous,70,802,50,0.24675938500659614,-0.8328695621303431,0.24835471718254293,-0.7248137380491262,0.031157359155082696,-0.20833414091423122
2023-01-18-01,RID,spontaneous,70,802,50,0.3839068015004807,1.4061012686568324,0.28887975662524107,0.467663835686512,0.03307114946376205,0.35067950114839475
2023-01-18-01,AVEL,spontaneous,70,802,50,0.42387390027063143,2.058575596101037,0.27498353838478035,0.05875791383252857,0.032444311444105874,0.16758159185177446
2023-01-18-01,URADL,spontaneous,70,802,50,0.3194058098435349,0.35310411735294217,0.2728399183710752,-0.004319601405149228,0.03135782864486936,-0.14977747506644026
2023-01-18-01,URBL,spontaneous,70,802,50,0.2896007942242781,-0.13347129389913764,0.2666622885704693,-0.18610067052612722,0.03261900810042141,0.21861007373937613
2023-01-18-01,ASHL,spontaneous,70,802,50,0.2581019574393001,-0.6476988205141693,0.29284507699777623,0.5843461556040864,0.034954597640457184,0.900830277916155
2023-01-18-01,RIAL,spontaneous,70,802,50,0.28058420672400974,-0.2806696657127348,0.2994435823796539,0.7785117824923486,0.03077256373957312,-0.3207319755659526
2023-01-18-01,RMEL,spontaneous,70,802,50,0.3361805052976098,0.6269558221620273,0.29887757690860717,0.7618566764118406,0.027825249872498372,-1.1816354150196122
2023-01-18-01,IL1DL,spontaneous,70,802,50,0.32647443187181896,0.46850139525859935,0.27884311740862966,0.17232872075323769,0.02487142710531291,-2.044440088866722
2023-01-18-01,CEPDR,spontaneous,70,802,50,0.19045334885919663,-1.7520817190498081,0.2061258100860564,-1.967428806866766,0.03456375781551605,0.7866668855044591
2023-01-18-01,ADAL,spontaneous,70,802,50,0.2925856412710112,-0.08474281149061397,0.3063905602594751,0.9829314558806482,0.03129759056504405,-0.16737287631875367
2023-01-18-01,AWCR,spontaneous,70,802,50,0.41431167960564697,1.9024696066936082,0.2828360522239644,0.2898236149261999,0.03434703351733487,0.7233622284057759
2023-01-18-01,AIZL,spontaneous,70,802,50,0.278033411684942,-0.32231212485482136,0.3034806271961956,0.89730464424141,0.031528733660019,-0.09985652263383084
2023-01-18-01,ASGL,spontaneous,70,802,50,0.3633223088504432,1.0700535341226423,0.29207109614936383,0.561571228869278,0.03296039964227816,0.3183297391160974
2023-01-18-01,AINL,spontaneous,70,802,50,0.2909726191970898,-0.11107585855232793,0.31981616374880073,1.3779892101741462,0.03685708847598422,1.4565433704819946
2023-01-18-01,ADEL,spontaneous,70,802,50,0.27013430716307096,-0.45126726718225224,0.28180898192727283,0.2596013545089952,0.034102138384095225,0.6518289367306941
2023-01-18-01,AINR,spontaneous,70,802,50,0.2820801187608255,-0.2562484735278768,0.3119351531007628,1.1460849705880125,0.031716051055580424,-0.04514155253518099
2023-01-18-01,RMDL,spontaneous,70,802,50,0.34519032207815614,0.7740436600381394,0.32126846913378165,1.4207243098957407,0.024967555719556965,-2.0163611470352705
2023-01-18-01,RICR,spontaneous,70,802,50,0.22716023653041503,-1.1528312709853774,0.22284631039384414,-1.475416413717342,0.030404382766813415,-0.4282767706185474
2023-01-18-01,IL2DR,spontaneous,70,802,50,0.22569809642211705,-1.176701126770442,0.25846729628725124,-0.4272440388994542,0.035758429917245954,1.1356277928880367
2023-01-18-01,IL1DR,spontaneous,70,802,50,0.347116475564491,0.8054886670369773,0.2738030885192398,0.02402235253673329,0.032070230389571124,0.05831339680777147
2023-01-18-01,IL1L,spontaneous,70,802,50,0.336051571811984,0.6248509461037839,0.2948491724527317,0.6433180633067079,0.018390636369765727,-3.9374638000297106
2023-01-18-01,IL1VR,spontaneous,70,802,50,0.3588397228685767,0.9968740348913012,0.30119599276680126,0.8300776813882504,0.03019687306196543,-0.48888986670558016
2023-01-18-01,AVDL,spontaneous,70,802,50,0.19927795941692256,-1.6080174257739233,0.20732841647930303,-1.9320412742770576,0.030598072289412883,-0.37170051721886493
2023-01-18-01,AIBR,spontaneous,70,802,50,0.4082627935825798,1.8037198109582464,0.2880466268332809,0.44314840999943034,0.03559433804900207,1.0876969446211888
2023-01-18-01,RIVL,spontaneous,70,802,50,0.31479921493165647,0.2779001368433398,0.31226787237767345,1.1558754675627654,0.036059971025097316,1.2237072403421891
2023-01-18-01,ASEL,spontaneous,70,802,50,0.2943429071755695,-0.05605494260598029,0.2794426370956879,0.18997000603417696,0.03449426421516355,0.7663679685035136
2023-01-18-01,AVDR,spontaneous,70,802,50,0.20828816976529385,-1.4609231627904158,0.19690491583942696,-2.2387600566349835,0.031236707718348335,-0.18515661245544685
2023-01-18-01,URBR,spontaneous,70,802,50,0.22394194305018916,-1.2053708332414377,0.24086083459128177,-0.9453264643333937,0.035192512350260045,0.9703246043447111
2023-01-18-01,IL2R,spontaneous,70,802,50,0.35478798043404275,0.9307281798930876,0.2563278522468857,-0.4901986732066134,0.02923214792638066,-0.7706838068184612
2023-01-18-01,AVAL,spontaneous,70,802,50,0.4150458932158323,1.9144558540382324,0.29168597727503526,0.5502388371634414,0.03692527796051214,1.476461358321859
2023-01-18-01,RMGL,spontaneous,70,802,50,0.18522737590935556,-1.8373972233174274,0.21409340565679574,-1.7329767454903273,0.03048632778845072,-0.40434082278423095
2023-01-18-01,RMDDL,spontaneous,70,802,50,0.28715115418019777,-0.17346236879385593,0.2479621835525927,-0.7363643141149327,0.03587548724761497,1.169819963411079
2023-01-18-01,RMDR,spontaneous,70,802,50,0.31730921047912586,0.31887653260680093,0.3103190287315929,1.098529382904309,0.032923881560738874,0.3076628935009659
2023-01-18-01,AWCL,spontaneous,70,802,50,0.28297572247879044,-0.24162748647809565,0.30137139156336923,0.8352389134127935,0.030913431010550135,-0.27958497746529637
2023-01-18-01,AIBL,spontaneous,70,802,50,0.42089135956959506,2.009884765446172,0.28761256179851036,0.43037574335616724,0.034566851291389776,0.787570482521834
2023-01-18-01,OLQVR,spontaneous,70,802,50,0.3230781129234358,0.4130555162775779,0.2841592090090562,0.3287584269450549,0.028107687234011476,-1.0991361268802804
2023-01-18-01,RMDVL,spontaneous,70,802,50,0.29640549272764993,-0.02238264308208007,0.26534619610924637,-0.22482760988395367,0.03082997534505108,-0.3039621808139644
2023-01-18-01,OLQDR,spontaneous,70,802,50,0.2981857826493716,0.006681099473048445,0.27657676477532883,0.10563971251157145,0.0324965559415381,0.18284208651248499
2023-01-18-01,AWBL,spontaneous,70,802,50,0.27464004948864584,-0.37770973401169367,0.29397983224509294,0.6177371208619334,0.030956310886217784,-0.2670598667677163
2023-01-18-01,SMDVL,spontaneous,70,802,50,0.32204597473042595,0.3962055648416099,0.32820492408484475,1.6248343387598991,0.03352831906781777,0.48421766582845027
2023-01-18-01,OLQDL,spontaneous,70,802,50,0.33186237565208854,0.5564611196948426,0.33021311365485845,1.6839267186559694,0.028150414015558258,-1.0866557346148586
2023-01-18-01,IL2L,spontaneous,70,802,50,0.2511718181242131,-0.76083532848815,0.21148127206490583,-1.8098405998077225,0.035812171694939755,1.151325639586959
2023-01-18-01,RMDDR,spontaneous,70,802,50,0.18707023010798227,-1.8073121010336777,0.2056796470563334,-1.9805574654563998,0.032328631787645896,0.13379183663304858
2023-01-18-01,IL2VL,spontaneous,70,802,50,0.24464945474283145,-0.8673147776242484,0.2555376446987655,-0.5134510819072237,0.03296481857341707,0.3196204984948977
2023-01-18-01,FLPR,spontaneous,70,802,50,0.21131760812833772,-1.4114667143794806,0.20068412210076247,-2.1275542743547167,0.03169669785910943,-0.05079457564630147
2023-01-18-01,ADLL,spontaneous,70,802,50,0.27982856907681736,-0.2930056665938294,0.3115119937313367,1.1336332107601101,0.034090389461796405,0.6483971041966972
2023-01-18-01,URYDL,spontaneous,70,802,50,0.313537293449781,0.2572989074443965,0.29336620105706046,0.5996805948144225,0.03321001799238167,0.3912426713136265
2023-01-18-01,OLLR,spontaneous,70,802,50,0.34808741898916357,0.8213395963636952,0.3043837312252579,0.9238791107001003,0.026733007798724673,-1.5006767524666658
