Subject,StimulusIndex,Region,RegionID,Division,PostDCA,FCShift,NTimepoints,SpotNeuronCount,StimNeuronCount,Definition
12,0,lOB,20,Tel,0.8396904821626903,4.149554361472191,44,223,223,sqrt(sum_j((FC_stimulus_ij - FC_spot_ij)^2)); diagonal excluded
12,0,lP,22,Tel,1.231407127758574,2.6387405783794753,44,933,933,sqrt(sum_j((FC_stimulus_ij - FC_spot_ij)^2)); diagonal excluded
12,0,lPO,25,Tel,1.5972895725725633,2.6295610205706823,44,425,425,sqrt(sum_j((FC_stimulus_ij - FC_spot_ij)^2)); diagonal excluded
12,0,lSP,28,Tel,1.3712731940440057,1.772023627577962,44,679,679,sqrt(sum_j((FC_stimulus_ij - FC_spot_ij)^2)); diagonal excluded
12,0,rP,58,Tel,1.6274838194004198,2.938573571970112,44,976,976,sqrt(sum_j((FC_stimulus_ij - FC_spot_ij)^2)); diagonal excluded
12,0,rPO,61,Tel,1.5828504374539252,2.4778934560846415,44,382,382,sqrt(sum_j((FC_stimulus_ij - FC_spot_ij)^2)); diagonal excluded
12,0,rSP,64,Tel,0.8449219250677052,1.961027836945089,44,658,658,sqrt(sum_j((FC_stimulus_ij - FC_spot_ij)^2)); diagonal excluded
12,0,lHb,16,Di,2.3676084202295034,3.354060488038768,44,309,309,sqrt(sum_j((FC_stimulus_ij - FC_spot_ij)^2)); diagonal excluded
12,0,lPT,24,Di,0.4045887279983318,2.1023953426769357,44,379,379,sqrt(sum_j((FC_stimulus_ij - FC_spot_ij)^2)); diagonal excluded
12,0,lPrT,26,Di,-0.760839251044076,1.9664273052540946,44,407,407,sqrt(sum_j((FC_stimulus_ij - FC_spot_ij)^2)); diagonal excluded
12,0,lTh,30,Di,-0.27932436463978083,2.0308151848151144,44,1186,1186,sqrt(sum_j((FC_stimulus_ij - FC_spot_ij)^2)); diagonal excluded
12,0,rHb,52,Di,1.269284446459516,2.3022794342610076,44,260,260,sqrt(sum_j((FC_stimulus_ij - FC_spot_ij)^2)); diagonal excluded
12,0,rPT,60,Di,0.6955220273189893,2.5501906060618507,44,407,407,sqrt(sum_j((FC_stimulus_ij - FC_spot_ij)^2)); diagonal excluded
12,0,rPrT,62,Di,-0.8729101402526896,1.9620039567973901,44,577,577,sqrt(sum_j((FC_stimulus_ij - FC_spot_ij)^2)); diagonal excluded
12,0,rTh,66,Di,0.12267948011021526,2.4198754647562404,44,1297,1297,sqrt(sum_j((FC_stimulus_ij - FC_spot_ij)^2)); diagonal excluded
12,0,lTS,32,Mes,-0.038289558822681,2.880370224458326,44,404,404,sqrt(sum_j((FC_stimulus_ij - FC_spot_ij)^2)); diagonal excluded
12,0,lTeO,29,Mes,-0.22102994971595435,2.2028763611706323,44,6182,6182,sqrt(sum_j((FC_stimulus_ij - FC_spot_ij)^2)); diagonal excluded
12,0,rTS,68,Mes,-0.0707917864782934,2.715137730702617,44,130,130,sqrt(sum_j((FC_stimulus_ij - FC_spot_ij)^2)); diagonal excluded
12,0,rTeO,65,Mes,-0.9360345644680327,2.240515256025833,44,7358,7358,sqrt(sum_j((FC_stimulus_ij - FC_spot_ij)^2)); diagonal excluded
12,0,lCb,1,Hind,-0.23156409707923123,2.0460488550226756,44,1625,1625,sqrt(sum_j((FC_stimulus_ij - FC_spot_ij)^2)); diagonal excluded
12,0,lMON,0,Hind,-0.1885718314625819,1.9905578491125675,44,863,863,sqrt(sum_j((FC_stimulus_ij - FC_spot_ij)^2)); diagonal excluded
12,0,lMOS1,2,Hind,0.20229532589358945,1.7082162021329326,44,1419,1419,sqrt(sum_j((FC_stimulus_ij - FC_spot_ij)^2)); diagonal excluded
12,0,lMOS2,3,Hind,-0.007147165310974443,1.5482318068572782,44,558,558,sqrt(sum_j((FC_stimulus_ij - FC_spot_ij)^2)); diagonal excluded
12,0,lMOS3,4,Hind,-0.5280442068802194,1.9386269331518011,44,1297,1297,sqrt(sum_j((FC_stimulus_ij - FC_spot_ij)^2)); diagonal excluded
12,0,lMOS4,5,Hind,0.1781221791123736,1.8520476624173443,44,882,882,sqrt(sum_j((FC_stimulus_ij - FC_spot_ij)^2)); diagonal excluded
12,0,lMOS5,6,Hind,0.07904857777849517,1.5735279616755897,44,1182,1182,sqrt(sum_j((FC_stimulus_ij - FC_spot_ij)^2)); diagonal excluded
12,0,lNX,35,Hind,0.5159242026090447,2.0298019462379537,44,381,381,sqrt(sum_j((FC_stimulus_ij - FC_spot_ij)^2)); diagonal excluded
12,0,lRa,10,Hind,-0.07359117253107073,3.424910291881626,44,254,254,sqrt(sum_j((FC_stimulus_ij - FC_spot_ij)^2)); diagonal excluded
12,0,lT,11,Hind,-0.7772193815657938,2.0572854249390087,44,1266,1266,sqrt(sum_j((FC_stimulus_ij - FC_spot_ij)^2)); diagonal excluded
12,0,laRF,12,Hind,-0.564318946902863,1.9494534345194932,44,264,264,sqrt(sum_j((FC_stimulus_ij - FC_spot_ij)^2)); diagonal excluded
12,0,limRF,13,Hind,-1.4314709184810288,1.9501672798393244,44,382,382,sqrt(sum_j((FC_stimulus_ij - FC_spot_ij)^2)); diagonal excluded
12,0,lpRF,14,Hind,-0.6214145198808102,1.80376181376419,44,485,485,sqrt(sum_j((FC_stimulus_ij - FC_spot_ij)^2)); diagonal excluded
12,0,rCb,37,Hind,-0.5336652505464933,1.836546069333227,44,1685,1685,sqrt(sum_j((FC_stimulus_ij - FC_spot_ij)^2)); diagonal excluded
12,0,rMON,36,Hind,-0.20825183989935483,2.6424871607332,44,1120,1120,sqrt(sum_j((FC_stimulus_ij - FC_spot_ij)^2)); diagonal excluded
12,0,rMOS1,38,Hind,0.16364639867929043,2.3458644077293638,44,1483,1483,sqrt(sum_j((FC_stimulus_ij - FC_spot_ij)^2)); diagonal excluded
12,0,rMOS2,39,Hind,0.8422349936180663,1.905629931130762,44,554,554,sqrt(sum_j((FC_stimulus_ij - FC_spot_ij)^2)); diagonal excluded
12,0,rMOS3,40,Hind,-0.5651363701456422,2.711081491212319,44,1496,1496,sqrt(sum_j((FC_stimulus_ij - FC_spot_ij)^2)); diagonal excluded
12,0,rMOS4,41,Hind,0.12590502818072719,1.6244978614962262,44,1113,1113,sqrt(sum_j((FC_stimulus_ij - FC_spot_ij)^2)); diagonal excluded
12,0,rMOS5,42,Hind,0.14031625821006288,1.7585350085819946,44,1530,1530,sqrt(sum_j((FC_stimulus_ij - FC_spot_ij)^2)); diagonal excluded
12,0,rNX,71,Hind,-0.6893400895121092,1.93302521122871,44,484,484,sqrt(sum_j((FC_stimulus_ij - FC_spot_ij)^2)); diagonal excluded
12,0,rRa,46,Hind,-0.7676411283127857,2.7885311436218796,44,201,201,sqrt(sum_j((FC_stimulus_ij - FC_spot_ij)^2)); diagonal excluded
12,0,rT,47,Hind,-1.0407411074881572,1.9919749323267044,44,1437,1437,sqrt(sum_j((FC_stimulus_ij - FC_spot_ij)^2)); diagonal excluded
12,0,raRF,48,Hind,-0.6631233902290617,2.0523489818375515,44,208,208,sqrt(sum_j((FC_stimulus_ij - FC_spot_ij)^2)); diagonal excluded
12,0,rimRF,49,Hind,-1.54619502907132,1.876729338260024,44,436,436,sqrt(sum_j((FC_stimulus_ij - FC_spot_ij)^2)); diagonal excluded
12,0,rpRF,50,Hind,0.10367599956677641,2.4154698260727656,44,535,535,sqrt(sum_j((FC_stimulus_ij - FC_spot_ij)^2)); diagonal excluded
12,3,lOB,20,Tel,0.8396904821626903,1.2160213553310009,1196,223,223,sqrt(sum_j((FC_stimulus_ij - FC_spot_ij)^2)); diagonal excluded
12,3,lP,22,Tel,1.231407127758574,1.6219607137626972,1196,933,933,sqrt(sum_j((FC_stimulus_ij - FC_spot_ij)^2)); diagonal excluded
12,3,lPO,25,Tel,1.5972895725725633,2.2632754602847136,1196,425,425,sqrt(sum_j((FC_stimulus_ij - FC_spot_ij)^2)); diagonal excluded
12,3,lSP,28,Tel,1.3712731940440057,1.73884266544188,1196,679,679,sqrt(sum_j((FC_stimulus_ij - FC_spot_ij)^2)); diagonal excluded
12,3,rP,58,Tel,1.6274838194004198,1.4321287798402684,1196,976,976,sqrt(sum_j((FC_stimulus_ij - FC_spot_ij)^2)); diagonal excluded
12,3,rPO,61,Tel,1.5828504374539252,2.0638752103730225,1196,382,382,sqrt(sum_j((FC_stimulus_ij - FC_spot_ij)^2)); diagonal excluded
12,3,rSP,64,Tel,0.8449219250677052,1.7428083971799344,1196,658,658,sqrt(sum_j((FC_stimulus_ij - FC_spot_ij)^2)); diagonal excluded
12,3,lHb,16,Di,2.3676084202295034,2.5997953411598447,1196,309,309,sqrt(sum_j((FC_stimulus_ij - FC_spot_ij)^2)); diagonal excluded
12,3,lPT,24,Di,0.4045887279983318,1.4777888564106147,1196,379,379,sqrt(sum_j((FC_stimulus_ij - FC_spot_ij)^2)); diagonal excluded
12,3,lPrT,26,Di,-0.760839251044076,1.239332279504079,1196,407,407,sqrt(sum_j((FC_stimulus_ij - FC_spot_ij)^2)); diagonal excluded
12,3,lTh,30,Di,-0.27932436463978083,1.956954767402872,1196,1186,1186,sqrt(sum_j((FC_stimulus_ij - FC_spot_ij)^2)); diagonal excluded
12,3,rHb,52,Di,1.269284446459516,3.358356804035449,1196,260,260,sqrt(sum_j((FC_stimulus_ij - FC_spot_ij)^2)); diagonal excluded
12,3,rPT,60,Di,0.6955220273189893,1.7671473349921765,1196,407,407,sqrt(sum_j((FC_stimulus_ij - FC_spot_ij)^2)); diagonal excluded
12,3,rPrT,62,Di,-0.8729101402526896,1.477819105890119,1196,577,577,sqrt(sum_j((FC_stimulus_ij - FC_spot_ij)^2)); diagonal excluded
12,3,rTh,66,Di,0.12267948011021526,1.7071666268231322,1196,1297,1297,sqrt(sum_j((FC_stimulus_ij - FC_spot_ij)^2)); diagonal excluded
12,3,lTS,32,Mes,-0.038289558822681,2.1089520111515476,1196,404,404,sqrt(sum_j((FC_stimulus_ij - FC_spot_ij)^2)); diagonal excluded
12,3,lTeO,29,Mes,-0.22102994971595435,1.9462763531226779,1196,6182,6182,sqrt(sum_j((FC_stimulus_ij - FC_spot_ij)^2)); diagonal excluded
12,3,rTS,68,Mes,-0.0707917864782934,2.7409574910014873,1196,130,130,sqrt(sum_j((FC_stimulus_ij - FC_spot_ij)^2)); diagonal excluded
12,3,rTeO,65,Mes,-0.9360345644680327,1.7416002923241425,1196,7358,7358,sqrt(sum_j((FC_stimulus_ij - FC_spot_ij)^2)); diagonal excluded
12,3,lCb,1,Hind,-0.23156409707923123,1.2155319322542357,1196,1625,1625,sqrt(sum_j((FC_stimulus_ij - FC_spot_ij)^2)); diagonal excluded
12,3,lMON,0,Hind,-0.1885718314625819,0.6662002521433138,1196,863,863,sqrt(sum_j((FC_stimulus_ij - FC_spot_ij)^2)); diagonal excluded
12,3,lMOS1,2,Hind,0.20229532589358945,1.2354939084138505,1196,1419,1419,sqrt(sum_j((FC_stimulus_ij - FC_spot_ij)^2)); diagonal excluded
12,3,lMOS2,3,Hind,-0.007147165310974443,1.2308050087119824,1196,558,558,sqrt(sum_j((FC_stimulus_ij - FC_spot_ij)^2)); diagonal excluded
12,3,lMOS3,4,Hind,-0.5280442068802194,1.0547783700568334,1196,1297,1297,sqrt(sum_j((FC_stimulus_ij - FC_spot_ij)^2)); diagonal excluded
12,3,lMOS4,5,Hind,0.1781221791123736,1.111767179003182,1196,882,882,sqrt(sum_j((FC_stimulus_ij - FC_spot_ij)^2)); diagonal excluded
12,3,lMOS5,6,Hind,0.07904857777849517,1.150789846487609,1196,1182,1182,sqrt(sum_j((FC_stimulus_ij - FC_spot_ij)^2)); diagonal excluded
12,3,lNX,35,Hind,0.5159242026090447,1.089146721116042,1196,381,381,sqrt(sum_j((FC_stimulus_ij - FC_spot_ij)^2)); diagonal excluded
12,3,lRa,10,Hind,-0.07359117253107073,1.8909663059115782,1196,254,254,sqrt(sum_j((FC_stimulus_ij - FC_spot_ij)^2)); diagonal excluded
12,3,lT,11,Hind,-0.7772193815657938,1.4896442138908057,1196,1266,1266,sqrt(sum_j((FC_stimulus_ij - FC_spot_ij)^2)); diagonal excluded
12,3,laRF,12,Hind,-0.564318946902863,1.12931964628114,1196,264,264,sqrt(sum_j((FC_stimulus_ij - FC_spot_ij)^2)); diagonal excluded
12,3,limRF,13,Hind,-1.4314709184810288,1.3833147518690476,1196,382,382,sqrt(sum_j((FC_stimulus_ij - FC_spot_ij)^2)); diagonal excluded
12,3,lpRF,14,Hind,-0.6214145198808102,1.3340767614252307,1196,485,485,sqrt(sum_j((FC_stimulus_ij - FC_spot_ij)^2)); diagonal excluded
12,3,rCb,37,Hind,-0.5336652505464933,1.7619637067713718,1196,1685,1685,sqrt(sum_j((FC_stimulus_ij - FC_spot_ij)^2)); diagonal excluded
12,3,rMON,36,Hind,-0.20825183989935483,1.4818693602190642,1196,1120,1120,sqrt(sum_j((FC_stimulus_ij - FC_spot_ij)^2)); diagonal excluded
12,3,rMOS1,38,Hind,0.16364639867929043,1.9704132384084665,1196,1483,1483,sqrt(sum_j((FC_stimulus_ij - FC_spot_ij)^2)); diagonal excluded
12,3,rMOS2,39,Hind,0.8422349936180663,1.5249673537115407,1196,554,554,sqrt(sum_j((FC_stimulus_ij - FC_spot_ij)^2)); diagonal excluded
12,3,rMOS3,40,Hind,-0.5651363701456422,2.0745014061474003,1196,1496,1496,sqrt(sum_j((FC_stimulus_ij - FC_spot_ij)^2)); diagonal excluded
12,3,rMOS4,41,Hind,0.12590502818072719,1.4271350251934003,1196,1113,1113,sqrt(sum_j((FC_stimulus_ij - FC_spot_ij)^2)); diagonal excluded
12,3,rMOS5,42,Hind,0.14031625821006288,1.110877024331342,1196,1530,1530,sqrt(sum_j((FC_stimulus_ij - FC_spot_ij)^2)); diagonal excluded
12,3,rNX,71,Hind,-0.6893400895121092,1.0725236506909248,1196,484,484,sqrt(sum_j((FC_stimulus_ij - FC_spot_ij)^2)); diagonal excluded
12,3,rRa,46,Hind,-0.7676411283127857,2.147159450340126,1196,201,201,sqrt(sum_j((FC_stimulus_ij - FC_spot_ij)^2)); diagonal excluded
12,3,rT,47,Hind,-1.0407411074881572,1.3694395010244784,1196,1437,1437,sqrt(sum_j((FC_stimulus_ij - FC_spot_ij)^2)); diagonal excluded
12,3,raRF,48,Hind,-0.6631233902290617,1.6021854250627432,1196,208,208,sqrt(sum_j((FC_stimulus_ij - FC_spot_ij)^2)); diagonal excluded
12,3,rimRF,49,Hind,-1.54619502907132,1.3629952361899231,1196,436,436,sqrt(sum_j((FC_stimulus_ij - FC_spot_ij)^2)); diagonal excluded
12,3,rpRF,50,Hind,0.10367599956677641,1.2403141918429323,1196,535,535,sqrt(sum_j((FC_stimulus_ij - FC_spot_ij)^2)); diagonal excluded
12,9,lOB,20,Tel,0.8396904821626903,1.3289751310282776,150,223,223,sqrt(sum_j((FC_stimulus_ij - FC_spot_ij)^2)); diagonal excluded
12,9,lP,22,Tel,1.231407127758574,1.4890267928725507,150,933,933,sqrt(sum_j((FC_stimulus_ij - FC_spot_ij)^2)); diagonal excluded
12,9,lPO,25,Tel,1.5972895725725633,2.0283500766862756,150,425,425,sqrt(sum_j((FC_stimulus_ij - FC_spot_ij)^2)); diagonal excluded
12,9,lSP,28,Tel,1.3712731940440057,1.7348094845741087,150,679,679,sqrt(sum_j((FC_stimulus_ij - FC_spot_ij)^2)); diagonal excluded
12,9,rP,58,Tel,1.6274838194004198,1.1933287644047885,150,976,976,sqrt(sum_j((FC_stimulus_ij - FC_spot_ij)^2)); diagonal excluded
12,9,rPO,61,Tel,1.5828504374539252,2.018951344555627,150,382,382,sqrt(sum_j((FC_stimulus_ij - FC_spot_ij)^2)); diagonal excluded
12,9,rSP,64,Tel,0.8449219250677052,1.8908824010830678,150,658,658,sqrt(sum_j((FC_stimulus_ij - FC_spot_ij)^2)); diagonal excluded
12,9,lHb,16,Di,2.3676084202295034,2.035009141476878,150,309,309,sqrt(sum_j((FC_stimulus_ij - FC_spot_ij)^2)); diagonal excluded
12,9,lPT,24,Di,0.4045887279983318,1.8689699590093292,150,379,379,sqrt(sum_j((FC_stimulus_ij - FC_spot_ij)^2)); diagonal excluded
12,9,lPrT,26,Di,-0.760839251044076,1.7000140998812956,150,407,407,sqrt(sum_j((FC_stimulus_ij - FC_spot_ij)^2)); diagonal excluded
12,9,lTh,30,Di,-0.27932436463978083,1.587317493921438,150,1186,1186,sqrt(sum_j((FC_stimulus_ij - FC_spot_ij)^2)); diagonal excluded
12,9,rHb,52,Di,1.269284446459516,2.8109601227809744,150,260,260,sqrt(sum_j((FC_stimulus_ij - FC_spot_ij)^2)); diagonal excluded
12,9,rPT,60,Di,0.6955220273189893,1.9702370424995235,150,407,407,sqrt(sum_j((FC_stimulus_ij - FC_spot_ij)^2)); diagonal excluded
12,9,rPrT,62,Di,-0.8729101402526896,1.557850183158928,150,577,577,sqrt(sum_j((FC_stimulus_ij - FC_spot_ij)^2)); diagonal excluded
12,9,rTh,66,Di,0.12267948011021526,1.764183208183572,150,1297,1297,sqrt(sum_j((FC_stimulus_ij - FC_spot_ij)^2)); diagonal excluded
12,9,lTS,32,Mes,-0.038289558822681,1.2348754887603928,150,404,404,sqrt(sum_j((FC_stimulus_ij - FC_spot_ij)^2)); diagonal excluded
12,9,lTeO,29,Mes,-0.22102994971595435,1.7418413100106465,150,6182,6182,sqrt(sum_j((FC_stimulus_ij - FC_spot_ij)^2)); diagonal excluded
12,9,rTS,68,Mes,-0.0707917864782934,1.1747788209711574,150,130,130,sqrt(sum_j((FC_stimulus_ij - FC_spot_ij)^2)); diagonal excluded
12,9,rTeO,65,Mes,-0.9360345644680327,1.5782396590960321,150,7358,7358,sqrt(sum_j((FC_stimulus_ij - FC_spot_ij)^2)); diagonal excluded
12,9,lCb,1,Hind,-0.23156409707923123,1.682527211675092,150,1625,1625,sqrt(sum_j((FC_stimulus_ij - FC_spot_ij)^2)); diagonal excluded
12,9,lMON,0,Hind,-0.1885718314625819,1.995035212261131,150,863,863,sqrt(sum_j((FC_stimulus_ij - FC_spot_ij)^2)); diagonal excluded
12,9,lMOS1,2,Hind,0.20229532589358945,1.9988297828726447,150,1419,1419,sqrt(sum_j((FC_stimulus_ij - FC_spot_ij)^2)); diagonal excluded
12,9,lMOS2,3,Hind,-0.007147165310974443,1.0665138908327594,150,558,558,sqrt(sum_j((FC_stimulus_ij - FC_spot_ij)^2)); diagonal excluded
12,9,lMOS3,4,Hind,-0.5280442068802194,1.8987586486050887,150,1297,1297,sqrt(sum_j((FC_stimulus_ij - FC_spot_ij)^2)); diagonal excluded
12,9,lMOS4,5,Hind,0.1781221791123736,1.1622017351562788,150,882,882,sqrt(sum_j((FC_stimulus_ij - FC_spot_ij)^2)); diagonal excluded
12,9,lMOS5,6,Hind,0.07904857777849517,1.608835878394151,150,1182,1182,sqrt(sum_j((FC_stimulus_ij - FC_spot_ij)^2)); diagonal excluded
12,9,lNX,35,Hind,0.5159242026090447,1.39226222022193,150,381,381,sqrt(sum_j((FC_stimulus_ij - FC_spot_ij)^2)); diagonal excluded
12,9,lRa,10,Hind,-0.07359117253107073,3.751690236465614,150,254,254,sqrt(sum_j((FC_stimulus_ij - FC_spot_ij)^2)); diagonal excluded
12,9,lT,11,Hind,-0.7772193815657938,1.855284182389542,150,1266,1266,sqrt(sum_j((FC_stimulus_ij - FC_spot_ij)^2)); diagonal excluded
12,9,laRF,12,Hind,-0.564318946902863,1.2591620695159487,150,264,264,sqrt(sum_j((FC_stimulus_ij - FC_spot_ij)^2)); diagonal excluded
12,9,limRF,13,Hind,-1.4314709184810288,1.4326794120821942,150,382,382,sqrt(sum_j((FC_stimulus_ij - FC_spot_ij)^2)); diagonal excluded
12,9,lpRF,14,Hind,-0.6214145198808102,1.4036130897785735,150,485,485,sqrt(sum_j((FC_stimulus_ij - FC_spot_ij)^2)); diagonal excluded
12,9,rCb,37,Hind,-0.5336652505464933,1.7391350609308605,150,1685,1685,sqrt(sum_j((FC_stimulus_ij - FC_spot_ij)^2)); diagonal excluded
12,9,rMON,36,Hind,-0.20825183989935483,0.9705420395368541,150,1120,1120,sqrt(sum_j((FC_stimulus_ij - FC_spot_ij)^2)); diagonal excluded
12,9,rMOS1,38,Hind,0.16364639867929043,2.1847653397830316,150,1483,1483,sqrt(sum_j((FC_stimulus_ij - FC_spot_ij)^2)); diagonal excluded
12,9,rMOS2,39,Hind,0.8422349936180663,1.254244905884468,150,554,554,sqrt(sum_j((FC_stimulus_ij - FC_spot_ij)^2)); diagonal excluded
12,9,rMOS3,40,Hind,-0.5651363701456422,2.1298214584782027,150,1496,1496,sqrt(sum_j((FC_stimulus_ij - FC_spot_ij)^2)); diagonal excluded
12,9,rMOS4,41,Hind,0.12590502818072719,1.4375327144798007,150,1113,1113,sqrt(sum_j((FC_stimulus_ij - FC_spot_ij)^2)); diagonal excluded
12,9,rMOS5,42,Hind,0.14031625821006288,1.7767580763268218,150,1530,1530,sqrt(sum_j((FC_stimulus_ij - FC_spot_ij)^2)); diagonal excluded
12,9,rNX,71,Hind,-0.6893400895121092,1.309466293196388,150,484,484,sqrt(sum_j((FC_stimulus_ij - FC_spot_ij)^2)); diagonal excluded
12,9,rRa,46,Hind,-0.7676411283127857,4.208910690022865,150,201,201,sqrt(sum_j((FC_stimulus_ij - FC_spot_ij)^2)); diagonal excluded
12,9,rT,47,Hind,-1.0407411074881572,1.544686608842146,150,1437,1437,sqrt(sum_j((FC_stimulus_ij - FC_spot_ij)^2)); diagonal excluded
12,9,raRF,48,Hind,-0.6631233902290617,1.694177019657207,150,208,208,sqrt(sum_j((FC_stimulus_ij - FC_spot_ij)^2)); diagonal excluded
12,9,rimRF,49,Hind,-1.54619502907132,1.1842526115331955,150,436,436,sqrt(sum_j((FC_stimulus_ij - FC_spot_ij)^2)); diagonal excluded
12,9,rpRF,50,Hind,0.10367599956677641,1.6134741280219398,150,535,535,sqrt(sum_j((FC_stimulus_ij - FC_spot_ij)^2)); diagonal excluded
12,10,lOB,20,Tel,0.8396904821626903,1.5995194112566171,150,223,223,sqrt(sum_j((FC_stimulus_ij - FC_spot_ij)^2)); diagonal excluded
12,10,lP,22,Tel,1.231407127758574,2.429021384914086,150,933,933,sqrt(sum_j((FC_stimulus_ij - FC_spot_ij)^2)); diagonal excluded
12,10,lPO,25,Tel,1.5972895725725633,2.9114488417284243,150,425,425,sqrt(sum_j((FC_stimulus_ij - FC_spot_ij)^2)); diagonal excluded
12,10,lSP,28,Tel,1.3712731940440057,2.4262029948268617,150,679,679,sqrt(sum_j((FC_stimulus_ij - FC_spot_ij)^2)); diagonal excluded
12,10,rP,58,Tel,1.6274838194004198,1.716062138188127,150,976,976,sqrt(sum_j((FC_stimulus_ij - FC_spot_ij)^2)); diagonal excluded
12,10,rPO,61,Tel,1.5828504374539252,2.6336285846393177,150,382,382,sqrt(sum_j((FC_stimulus_ij - FC_spot_ij)^2)); diagonal excluded
12,10,rSP,64,Tel,0.8449219250677052,2.266255686698866,150,658,658,sqrt(sum_j((FC_stimulus_ij - FC_spot_ij)^2)); diagonal excluded
12,10,lHb,16,Di,2.3676084202295034,1.6760697242899976,150,309,309,sqrt(sum_j((FC_stimulus_ij - FC_spot_ij)^2)); diagonal excluded
12,10,lPT,24,Di,0.4045887279983318,1.3363255795628448,150,379,379,sqrt(sum_j((FC_stimulus_ij - FC_spot_ij)^2)); diagonal excluded
12,10,lPrT,26,Di,-0.760839251044076,1.8748707085601368,150,407,407,sqrt(sum_j((FC_stimulus_ij - FC_spot_ij)^2)); diagonal excluded
12,10,lTh,30,Di,-0.27932436463978083,2.242230688032763,150,1186,1186,sqrt(sum_j((FC_stimulus_ij - FC_spot_ij)^2)); diagonal excluded
12,10,rHb,52,Di,1.269284446459516,3.9689795883015235,150,260,260,sqrt(sum_j((FC_stimulus_ij - FC_spot_ij)^2)); diagonal excluded
12,10,rPT,60,Di,0.6955220273189893,1.5388005121944384,150,407,407,sqrt(sum_j((FC_stimulus_ij - FC_spot_ij)^2)); diagonal excluded
12,10,rPrT,62,Di,-0.8729101402526896,1.532425523277786,150,577,577,sqrt(sum_j((FC_stimulus_ij - FC_spot_ij)^2)); diagonal excluded
12,10,rTh,66,Di,0.12267948011021526,1.3361571650888724,150,1297,1297,sqrt(sum_j((FC_stimulus_ij - FC_spot_ij)^2)); diagonal excluded
12,10,lTS,32,Mes,-0.038289558822681,1.6634264865910704,150,404,404,sqrt(sum_j((FC_stimulus_ij - FC_spot_ij)^2)); diagonal excluded
12,10,lTeO,29,Mes,-0.22102994971595435,1.2080439809926375,150,6182,6182,sqrt(sum_j((FC_stimulus_ij - FC_spot_ij)^2)); diagonal excluded
12,10,rTS,68,Mes,-0.0707917864782934,2.185656384573939,150,130,130,sqrt(sum_j((FC_stimulus_ij - FC_spot_ij)^2)); diagonal excluded
12,10,rTeO,65,Mes,-0.9360345644680327,1.2013177110738404,150,7358,7358,sqrt(sum_j((FC_stimulus_ij - FC_spot_ij)^2)); diagonal excluded
12,10,lCb,1,Hind,-0.23156409707923123,1.7720079010204652,150,1625,1625,sqrt(sum_j((FC_stimulus_ij - FC_spot_ij)^2)); diagonal excluded
12,10,lMON,0,Hind,-0.1885718314625819,1.585078130905106,150,863,863,sqrt(sum_j((FC_stimulus_ij - FC_spot_ij)^2)); diagonal excluded
12,10,lMOS1,2,Hind,0.20229532589358945,1.660062760605289,150,1419,1419,sqrt(sum_j((FC_stimulus_ij - FC_spot_ij)^2)); diagonal excluded
12,10,lMOS2,3,Hind,-0.007147165310974443,1.7482734150358712,150,558,558,sqrt(sum_j((FC_stimulus_ij - FC_spot_ij)^2)); diagonal excluded
12,10,lMOS3,4,Hind,-0.5280442068802194,1.7589896773486842,150,1297,1297,sqrt(sum_j((FC_stimulus_ij - FC_spot_ij)^2)); diagonal excluded
12,10,lMOS4,5,Hind,0.1781221791123736,1.868328821421572,150,882,882,sqrt(sum_j((FC_stimulus_ij - FC_spot_ij)^2)); diagonal excluded
12,10,lMOS5,6,Hind,0.07904857777849517,1.6766866738456225,150,1182,1182,sqrt(sum_j((FC_stimulus_ij - FC_spot_ij)^2)); diagonal excluded
12,10,lNX,35,Hind,0.5159242026090447,1.6293968522144817,150,381,381,sqrt(sum_j((FC_stimulus_ij - FC_spot_ij)^2)); diagonal excluded
12,10,lRa,10,Hind,-0.07359117253107073,1.1929461176477443,150,254,254,sqrt(sum_j((FC_stimulus_ij - FC_spot_ij)^2)); diagonal excluded
12,10,lT,11,Hind,-0.7772193815657938,1.6942462435202474,150,1266,1266,sqrt(sum_j((FC_stimulus_ij - FC_spot_ij)^2)); diagonal excluded
12,10,laRF,12,Hind,-0.564318946902863,1.660748463039603,150,264,264,sqrt(sum_j((FC_stimulus_ij - FC_spot_ij)^2)); diagonal excluded
12,10,limRF,13,Hind,-1.4314709184810288,2.0229884042001953,150,382,382,sqrt(sum_j((FC_stimulus_ij - FC_spot_ij)^2)); diagonal excluded
12,10,lpRF,14,Hind,-0.6214145198808102,2.143144987062821,150,485,485,sqrt(sum_j((FC_stimulus_ij - FC_spot_ij)^2)); diagonal excluded
12,10,rCb,37,Hind,-0.5336652505464933,1.7621270478370217,150,1685,1685,sqrt(sum_j((FC_stimulus_ij - FC_spot_ij)^2)); diagonal excluded
12,10,rMON,36,Hind,-0.20825183989935483,0.9750845298958151,150,1120,1120,sqrt(sum_j((FC_stimulus_ij - FC_spot_ij)^2)); diagonal excluded
12,10,rMOS1,38,Hind,0.16364639867929043,2.2392133528866767,150,1483,1483,sqrt(sum_j((FC_stimulus_ij - FC_spot_ij)^2)); diagonal excluded
12,10,rMOS2,39,Hind,0.8422349936180663,1.8177988540561003,150,554,554,sqrt(sum_j((FC_stimulus_ij - FC_spot_ij)^2)); diagonal excluded
12,10,rMOS3,40,Hind,-0.5651363701456422,2.236345400436849,150,1496,1496,sqrt(sum_j((FC_stimulus_ij - FC_spot_ij)^2)); diagonal excluded
12,10,rMOS4,41,Hind,0.12590502818072719,1.5717369200073525,150,1113,1113,sqrt(sum_j((FC_stimulus_ij - FC_spot_ij)^2)); diagonal excluded
12,10,rMOS5,42,Hind,0.14031625821006288,1.8719880082534621,150,1530,1530,sqrt(sum_j((FC_stimulus_ij - FC_spot_ij)^2)); diagonal excluded
12,10,rNX,71,Hind,-0.6893400895121092,1.4956491329256096,150,484,484,sqrt(sum_j((FC_stimulus_ij - FC_spot_ij)^2)); diagonal excluded
12,10,rRa,46,Hind,-0.7676411283127857,1.7837445732404835,150,201,201,sqrt(sum_j((FC_stimulus_ij - FC_spot_ij)^2)); diagonal excluded
12,10,rT,47,Hind,-1.0407411074881572,1.60292374353893,150,1437,1437,sqrt(sum_j((FC_stimulus_ij - FC_spot_ij)^2)); diagonal excluded
12,10,raRF,48,Hind,-0.6631233902290617,1.8328403958260342,150,208,208,sqrt(sum_j((FC_stimulus_ij - FC_spot_ij)^2)); diagonal excluded
12,10,rimRF,49,Hind,-1.54619502907132,1.7150506236428094,150,436,436,sqrt(sum_j((FC_stimulus_ij - FC_spot_ij)^2)); diagonal excluded
12,10,rpRF,50,Hind,0.10367599956677641,2.403596934444535,150,535,535,sqrt(sum_j((FC_stimulus_ij - FC_spot_ij)^2)); diagonal excluded
12,11,lOB,20,Tel,0.8396904821626903,2.1830208926391768,150,223,223,sqrt(sum_j((FC_stimulus_ij - FC_spot_ij)^2)); diagonal excluded
12,11,lP,22,Tel,1.231407127758574,2.1293302298945838,150,933,933,sqrt(sum_j((FC_stimulus_ij - FC_spot_ij)^2)); diagonal excluded
12,11,lPO,25,Tel,1.5972895725725633,2.96219505837351,150,425,425,sqrt(sum_j((FC_stimulus_ij - FC_spot_ij)^2)); diagonal excluded
12,11,lSP,28,Tel,1.3712731940440057,2.2840985308913897,150,679,679,sqrt(sum_j((FC_stimulus_ij - FC_spot_ij)^2)); diagonal excluded
12,11,rP,58,Tel,1.6274838194004198,1.8904704406270072,150,976,976,sqrt(sum_j((FC_stimulus_ij - FC_spot_ij)^2)); diagonal excluded
12,11,rPO,61,Tel,1.5828504374539252,2.819832843135939,150,382,382,sqrt(sum_j((FC_stimulus_ij - FC_spot_ij)^2)); diagonal excluded
12,11,rSP,64,Tel,0.8449219250677052,2.473857196449725,150,658,658,sqrt(sum_j((FC_stimulus_ij - FC_spot_ij)^2)); diagonal excluded
12,11,lHb,16,Di,2.3676084202295034,4.102057039889065,150,309,309,sqrt(sum_j((FC_stimulus_ij - FC_spot_ij)^2)); diagonal excluded
12,11,lPT,24,Di,0.4045887279983318,2.206400455397757,150,379,379,sqrt(sum_j((FC_stimulus_ij - FC_spot_ij)^2)); diagonal excluded
12,11,lPrT,26,Di,-0.760839251044076,1.758172825430863,150,407,407,sqrt(sum_j((FC_stimulus_ij - FC_spot_ij)^2)); diagonal excluded
12,11,lTh,30,Di,-0.27932436463978083,2.715673535050147,150,1186,1186,sqrt(sum_j((FC_stimulus_ij - FC_spot_ij)^2)); diagonal excluded
12,11,rHb,52,Di,1.269284446459516,4.046275096675791,150,260,260,sqrt(sum_j((FC_stimulus_ij - FC_spot_ij)^2)); diagonal excluded
12,11,rPT,60,Di,0.6955220273189893,2.9239349142512943,150,407,407,sqrt(sum_j((FC_stimulus_ij - FC_spot_ij)^2)); diagonal excluded
12,11,rPrT,62,Di,-0.8729101402526896,1.8531507400467575,150,577,577,sqrt(sum_j((FC_stimulus_ij - FC_spot_ij)^2)); diagonal excluded
12,11,rTh,66,Di,0.12267948011021526,2.4679568598080253,150,1297,1297,sqrt(sum_j((FC_stimulus_ij - FC_spot_ij)^2)); diagonal excluded
12,11,lTS,32,Mes,-0.038289558822681,1.3295817577373998,150,404,404,sqrt(sum_j((FC_stimulus_ij - FC_spot_ij)^2)); diagonal excluded
12,11,lTeO,29,Mes,-0.22102994971595435,2.184295873210515,150,6182,6182,sqrt(sum_j((FC_stimulus_ij - FC_spot_ij)^2)); diagonal excluded
12,11,rTS,68,Mes,-0.0707917864782934,2.796834312811248,150,130,130,sqrt(sum_j((FC_stimulus_ij - FC_spot_ij)^2)); diagonal excluded
12,11,rTeO,65,Mes,-0.9360345644680327,2.346319296920979,150,7358,7358,sqrt(sum_j((FC_stimulus_ij - FC_spot_ij)^2)); diagonal excluded
12,11,lCb,1,Hind,-0.23156409707923123,1.9535312183875584,150,1625,1625,sqrt(sum_j((FC_stimulus_ij - FC_spot_ij)^2)); diagonal excluded
12,11,lMON,0,Hind,-0.1885718314625819,1.1970031923192452,150,863,863,sqrt(sum_j((FC_stimulus_ij - FC_spot_ij)^2)); diagonal excluded
12,11,lMOS1,2,Hind,0.20229532589358945,1.9068417738541978,150,1419,1419,sqrt(sum_j((FC_stimulus_ij - FC_spot_ij)^2)); diagonal excluded
12,11,lMOS2,3,Hind,-0.007147165310974443,2.127086618213086,150,558,558,sqrt(sum_j((FC_stimulus_ij - FC_spot_ij)^2)); diagonal excluded
12,11,lMOS3,4,Hind,-0.5280442068802194,1.8047877799960605,150,1297,1297,sqrt(sum_j((FC_stimulus_ij - FC_spot_ij)^2)); diagonal excluded
12,11,lMOS4,5,Hind,0.1781221791123736,2.1626200939401863,150,882,882,sqrt(sum_j((FC_stimulus_ij - FC_spot_ij)^2)); diagonal excluded
12,11,lMOS5,6,Hind,0.07904857777849517,1.497167474423395,150,1182,1182,sqrt(sum_j((FC_stimulus_ij - FC_spot_ij)^2)); diagonal excluded
12,11,lNX,35,Hind,0.5159242026090447,1.9592603544707734,150,381,381,sqrt(sum_j((FC_stimulus_ij - FC_spot_ij)^2)); diagonal excluded
12,11,lRa,10,Hind,-0.07359117253107073,1.7990556066911831,150,254,254,sqrt(sum_j((FC_stimulus_ij - FC_spot_ij)^2)); diagonal excluded
12,11,lT,11,Hind,-0.7772193815657938,1.9470301622174082,150,1266,1266,sqrt(sum_j((FC_stimulus_ij - FC_spot_ij)^2)); diagonal excluded
12,11,laRF,12,Hind,-0.564318946902863,2.113702207185367,150,264,264,sqrt(sum_j((FC_stimulus_ij - FC_spot_ij)^2)); diagonal excluded
12,11,limRF,13,Hind,-1.4314709184810288,2.2031940575734303,150,382,382,sqrt(sum_j((FC_stimulus_ij - FC_spot_ij)^2)); diagonal excluded
12,11,lpRF,14,Hind,-0.6214145198808102,2.2402048240655548,150,485,485,sqrt(sum_j((FC_stimulus_ij - FC_spot_ij)^2)); diagonal excluded
12,11,rCb,37,Hind,-0.5336652505464933,1.9846089599773702,150,1685,1685,sqrt(sum_j((FC_stimulus_ij - FC_spot_ij)^2)); diagonal excluded
12,11,rMON,36,Hind,-0.20825183989935483,1.0919545605275227,150,1120,1120,sqrt(sum_j((FC_stimulus_ij - FC_spot_ij)^2)); diagonal excluded
12,11,rMOS1,38,Hind,0.16364639867929043,2.458670519533267,150,1483,1483,sqrt(sum_j((FC_stimulus_ij - FC_spot_ij)^2)); diagonal excluded
12,11,rMOS2,39,Hind,0.8422349936180663,2.251506759608976,150,554,554,sqrt(sum_j((FC_stimulus_ij - FC_spot_ij)^2)); diagonal excluded
12,11,rMOS3,40,Hind,-0.5651363701456422,2.6236640620447544,150,1496,1496,sqrt(sum_j((FC_stimulus_ij - FC_spot_ij)^2)); diagonal excluded
12,11,rMOS4,41,Hind,0.12590502818072719,1.7864406405862492,150,1113,1113,sqrt(sum_j((FC_stimulus_ij - FC_spot_ij)^2)); diagonal excluded
12,11,rMOS5,42,Hind,0.14031625821006288,1.8052502286796246,150,1530,1530,sqrt(sum_j((FC_stimulus_ij - FC_spot_ij)^2)); diagonal excluded
12,11,rNX,71,Hind,-0.6893400895121092,2.132756320047218,150,484,484,sqrt(sum_j((FC_stimulus_ij - FC_spot_ij)^2)); diagonal excluded
12,11,rRa,46,Hind,-0.7676411283127857,2.687098594195692,150,201,201,sqrt(sum_j((FC_stimulus_ij - FC_spot_ij)^2)); diagonal excluded
12,11,rT,47,Hind,-1.0407411074881572,1.9114013205283817,150,1437,1437,sqrt(sum_j((FC_stimulus_ij - FC_spot_ij)^2)); diagonal excluded
12,11,raRF,48,Hind,-0.6631233902290617,2.233887483062367,150,208,208,sqrt(sum_j((FC_stimulus_ij - FC_spot_ij)^2)); diagonal excluded
12,11,rimRF,49,Hind,-1.54619502907132,2.029512171969637,150,436,436,sqrt(sum_j((FC_stimulus_ij - FC_spot_ij)^2)); diagonal excluded
12,11,rpRF,50,Hind,0.10367599956677641,2.0992936509929057,150,535,535,sqrt(sum_j((FC_stimulus_ij - FC_spot_ij)^2)); diagonal excluded
12,12,lOB,20,Tel,0.8396904821626903,1.569962540000588,150,223,223,sqrt(sum_j((FC_stimulus_ij - FC_spot_ij)^2)); diagonal excluded
12,12,lP,22,Tel,1.231407127758574,3.0083656423665097,150,933,933,sqrt(sum_j((FC_stimulus_ij - FC_spot_ij)^2)); diagonal excluded
12,12,lPO,25,Tel,1.5972895725725633,3.004366421039678,150,425,425,sqrt(sum_j((FC_stimulus_ij - FC_spot_ij)^2)); diagonal excluded
12,12,lSP,28,Tel,1.3712731940440057,2.6269676066655148,150,679,679,sqrt(sum_j((FC_stimulus_ij - FC_spot_ij)^2)); diagonal excluded
12,12,rP,58,Tel,1.6274838194004198,2.0209788992543034,150,976,976,sqrt(sum_j((FC_stimulus_ij - FC_spot_ij)^2)); diagonal excluded
12,12,rPO,61,Tel,1.5828504374539252,2.850402489019604,150,382,382,sqrt(sum_j((FC_stimulus_ij - FC_spot_ij)^2)); diagonal excluded
12,12,rSP,64,Tel,0.8449219250677052,2.5957427010640006,150,658,658,sqrt(sum_j((FC_stimulus_ij - FC_spot_ij)^2)); diagonal excluded
12,12,lHb,16,Di,2.3676084202295034,2.744782163485167,150,309,309,sqrt(sum_j((FC_stimulus_ij - FC_spot_ij)^2)); diagonal excluded
12,12,lPT,24,Di,0.4045887279983318,2.1027501089521414,150,379,379,sqrt(sum_j((FC_stimulus_ij - FC_spot_ij)^2)); diagonal excluded
12,12,lPrT,26,Di,-0.760839251044076,1.8065535135048414,150,407,407,sqrt(sum_j((FC_stimulus_ij - FC_spot_ij)^2)); diagonal excluded
12,12,lTh,30,Di,-0.27932436463978083,2.646670264777999,150,1186,1186,sqrt(sum_j((FC_stimulus_ij - FC_spot_ij)^2)); diagonal excluded
12,12,rHb,52,Di,1.269284446459516,3.690901921663822,150,260,260,sqrt(sum_j((FC_stimulus_ij - FC_spot_ij)^2)); diagonal excluded
12,12,rPT,60,Di,0.6955220273189893,2.705059801128889,150,407,407,sqrt(sum_j((FC_stimulus_ij - FC_spot_ij)^2)); diagonal excluded
12,12,rPrT,62,Di,-0.8729101402526896,1.5136452638259899,150,577,577,sqrt(sum_j((FC_stimulus_ij - FC_spot_ij)^2)); diagonal excluded
12,12,rTh,66,Di,0.12267948011021526,1.750035360612544,150,1297,1297,sqrt(sum_j((FC_stimulus_ij - FC_spot_ij)^2)); diagonal excluded
12,12,lTS,32,Mes,-0.038289558822681,1.4974677727270536,150,404,404,sqrt(sum_j((FC_stimulus_ij - FC_spot_ij)^2)); diagonal excluded
12,12,lTeO,29,Mes,-0.22102994971595435,1.7759864985400933,150,6182,6182,sqrt(sum_j((FC_stimulus_ij - FC_spot_ij)^2)); diagonal excluded
12,12,rTS,68,Mes,-0.0707917864782934,2.556947972341711,150,130,130,sqrt(sum_j((FC_stimulus_ij - FC_spot_ij)^2)); diagonal excluded
12,12,rTeO,65,Mes,-0.9360345644680327,2.3070206542632916,150,7358,7358,sqrt(sum_j((FC_stimulus_ij - FC_spot_ij)^2)); diagonal excluded
12,12,lCb,1,Hind,-0.23156409707923123,2.0105896225391446,150,1625,1625,sqrt(sum_j((FC_stimulus_ij - FC_spot_ij)^2)); diagonal excluded
12,12,lMON,0,Hind,-0.1885718314625819,1.1279652978716843,150,863,863,sqrt(sum_j((FC_stimulus_ij - FC_spot_ij)^2)); diagonal excluded
12,12,lMOS1,2,Hind,0.20229532589358945,1.8073884120981702,150,1419,1419,sqrt(sum_j((FC_stimulus_ij - FC_spot_ij)^2)); diagonal excluded
12,12,lMOS2,3,Hind,-0.007147165310974443,2.08659529455126,150,558,558,sqrt(sum_j((FC_stimulus_ij - FC_spot_ij)^2)); diagonal excluded
12,12,lMOS3,4,Hind,-0.5280442068802194,2.0691359937074703,150,1297,1297,sqrt(sum_j((FC_stimulus_ij - FC_spot_ij)^2)); diagonal excluded
12,12,lMOS4,5,Hind,0.1781221791123736,2.2227169021494078,150,882,882,sqrt(sum_j((FC_stimulus_ij - FC_spot_ij)^2)); diagonal excluded
12,12,lMOS5,6,Hind,0.07904857777849517,2.025097623210922,150,1182,1182,sqrt(sum_j((FC_stimulus_ij - FC_spot_ij)^2)); diagonal excluded
12,12,lNX,35,Hind,0.5159242026090447,1.947785263370917,150,381,381,sqrt(sum_j((FC_stimulus_ij - FC_spot_ij)^2)); diagonal excluded
12,12,lRa,10,Hind,-0.07359117253107073,2.9392956218145225,150,254,254,sqrt(sum_j((FC_stimulus_ij - FC_spot_ij)^2)); diagonal excluded
12,12,lT,11,Hind,-0.7772193815657938,1.81916581267699,150,1266,1266,sqrt(sum_j((FC_stimulus_ij - FC_spot_ij)^2)); diagonal excluded
12,12,laRF,12,Hind,-0.564318946902863,2.152480566515909,150,264,264,sqrt(sum_j((FC_stimulus_ij - FC_spot_ij)^2)); diagonal excluded
12,12,limRF,13,Hind,-1.4314709184810288,2.5248222489496555,150,382,382,sqrt(sum_j((FC_stimulus_ij - FC_spot_ij)^2)); diagonal excluded
12,12,lpRF,14,Hind,-0.6214145198808102,2.455743454013615,150,485,485,sqrt(sum_j((FC_stimulus_ij - FC_spot_ij)^2)); diagonal excluded
12,12,rCb,37,Hind,-0.5336652505464933,1.9196442988058438,150,1685,1685,sqrt(sum_j((FC_stimulus_ij - FC_spot_ij)^2)); diagonal excluded
12,12,rMON,36,Hind,-0.20825183989935483,2.170192272724968,150,1120,1120,sqrt(sum_j((FC_stimulus_ij - FC_spot_ij)^2)); diagonal excluded
12,12,rMOS1,38,Hind,0.16364639867929043,2.347845461622425,150,1483,1483,sqrt(sum_j((FC_stimulus_ij - FC_spot_ij)^2)); diagonal excluded
12,12,rMOS2,39,Hind,0.8422349936180663,2.1939056542722053,150,554,554,sqrt(sum_j((FC_stimulus_ij - FC_spot_ij)^2)); diagonal excluded
12,12,rMOS3,40,Hind,-0.5651363701456422,2.1137048538544283,150,1496,1496,sqrt(sum_j((FC_stimulus_ij - FC_spot_ij)^2)); diagonal excluded
12,12,rMOS4,41,Hind,0.12590502818072719,1.7728338087774567,150,1113,1113,sqrt(sum_j((FC_stimulus_ij - FC_spot_ij)^2)); diagonal excluded
12,12,rMOS5,42,Hind,0.14031625821006288,2.10897587673852,150,1530,1530,sqrt(sum_j((FC_stimulus_ij - FC_spot_ij)^2)); diagonal excluded
12,12,rNX,71,Hind,-0.6893400895121092,2.1972264295073156,150,484,484,sqrt(sum_j((FC_stimulus_ij - FC_spot_ij)^2)); diagonal excluded
12,12,rRa,46,Hind,-0.7676411283127857,1.5477499687569518,150,201,201,sqrt(sum_j((FC_stimulus_ij - FC_spot_ij)^2)); diagonal excluded
12,12,rT,47,Hind,-1.0407411074881572,1.8221562610415758,150,1437,1437,sqrt(sum_j((FC_stimulus_ij - FC_spot_ij)^2)); diagonal excluded
12,12,raRF,48,Hind,-0.6631233902290617,1.9982562289669463,150,208,208,sqrt(sum_j((FC_stimulus_ij - FC_spot_ij)^2)); diagonal excluded
12,12,rimRF,49,Hind,-1.54619502907132,2.047788571537999,150,436,436,sqrt(sum_j((FC_stimulus_ij - FC_spot_ij)^2)); diagonal excluded
12,12,rpRF,50,Hind,0.10367599956677641,2.526503495832096,150,535,535,sqrt(sum_j((FC_stimulus_ij - FC_spot_ij)^2)); diagonal excluded
13,0,lOB,20,Tel,0.8396904821626903,3.25398744714124,20,254,254,sqrt(sum_j((FC_stimulus_ij - FC_spot_ij)^2)); diagonal excluded
13,0,lP,22,Tel,1.231407127758574,2.522040214561632,20,1563,1563,sqrt(sum_j((FC_stimulus_ij - FC_spot_ij)^2)); diagonal excluded
13,0,lPO,25,Tel,1.5972895725725633,4.14804566114011,20,557,557,sqrt(sum_j((FC_stimulus_ij - FC_spot_ij)^2)); diagonal excluded
13,0,lSP,28,Tel,1.3712731940440057,3.3504477803018333,20,988,988,sqrt(sum_j((FC_stimulus_ij - FC_spot_ij)^2)); diagonal excluded
13,0,rP,58,Tel,1.6274838194004198,2.1702105589459517,20,1354,1354,sqrt(sum_j((FC_stimulus_ij - FC_spot_ij)^2)); diagonal excluded
13,0,rPO,61,Tel,1.5828504374539252,2.127536692782851,20,624,624,sqrt(sum_j((FC_stimulus_ij - FC_spot_ij)^2)); diagonal excluded
13,0,rSP,64,Tel,0.8449219250677052,3.2219792441036987,20,1066,1066,sqrt(sum_j((FC_stimulus_ij - FC_spot_ij)^2)); diagonal excluded
13,0,lHb,16,Di,2.3676084202295034,2.6231826049523437,20,556,556,sqrt(sum_j((FC_stimulus_ij - FC_spot_ij)^2)); diagonal excluded
13,0,lPT,24,Di,0.4045887279983318,2.707126373026952,20,420,420,sqrt(sum_j((FC_stimulus_ij - FC_spot_ij)^2)); diagonal excluded
13,0,lPrT,26,Di,-0.760839251044076,2.1263912916318737,20,541,541,sqrt(sum_j((FC_stimulus_ij - FC_spot_ij)^2)); diagonal excluded
13,0,lTh,30,Di,-0.27932436463978083,1.8237428994821145,20,901,901,sqrt(sum_j((FC_stimulus_ij - FC_spot_ij)^2)); diagonal excluded
13,0,rHb,52,Di,1.269284446459516,3.496725219098462,20,466,466,sqrt(sum_j((FC_stimulus_ij - FC_spot_ij)^2)); diagonal excluded
13,0,rPT,60,Di,0.6955220273189893,3.6262486263949434,20,499,499,sqrt(sum_j((FC_stimulus_ij - FC_spot_ij)^2)); diagonal excluded
13,0,rPrT,62,Di,-0.8729101402526896,1.608244243873786,20,493,493,sqrt(sum_j((FC_stimulus_ij - FC_spot_ij)^2)); diagonal excluded
13,0,rTh,66,Di,0.12267948011021526,2.4582578075601127,20,1300,1300,sqrt(sum_j((FC_stimulus_ij - FC_spot_ij)^2)); diagonal excluded
13,0,lTS,32,Mes,-0.038289558822681,1.8567355433126609,20,118,118,sqrt(sum_j((FC_stimulus_ij - FC_spot_ij)^2)); diagonal excluded
13,0,lTeO,29,Mes,-0.22102994971595435,3.7278141603529606,20,7514,7514,sqrt(sum_j((FC_stimulus_ij - FC_spot_ij)^2)); diagonal excluded
13,0,rTS,68,Mes,-0.0707917864782934,1.9131526937800538,20,144,144,sqrt(sum_j((FC_stimulus_ij - FC_spot_ij)^2)); diagonal excluded
13,0,rTeO,65,Mes,-0.9360345644680327,3.025694160970978,20,7228,7228,sqrt(sum_j((FC_stimulus_ij - FC_spot_ij)^2)); diagonal excluded
13,0,lCb,1,Hind,-0.23156409707923123,1.3682954210130114,20,1875,1875,sqrt(sum_j((FC_stimulus_ij - FC_spot_ij)^2)); diagonal excluded
13,0,lMON,0,Hind,-0.1885718314625819,1.5538535939874996,20,1012,1012,sqrt(sum_j((FC_stimulus_ij - FC_spot_ij)^2)); diagonal excluded
13,0,lMOS1,2,Hind,0.20229532589358945,1.698454273256821,20,1217,1217,sqrt(sum_j((FC_stimulus_ij - FC_spot_ij)^2)); diagonal excluded
13,0,lMOS2,3,Hind,-0.007147165310974443,1.905648842206246,20,627,627,sqrt(sum_j((FC_stimulus_ij - FC_spot_ij)^2)); diagonal excluded
13,0,lMOS3,4,Hind,-0.5280442068802194,2.3566640807630264,20,1262,1262,sqrt(sum_j((FC_stimulus_ij - FC_spot_ij)^2)); diagonal excluded
13,0,lMOS4,5,Hind,0.1781221791123736,1.321989566181208,20,967,967,sqrt(sum_j((FC_stimulus_ij - FC_spot_ij)^2)); diagonal excluded
13,0,lMOS5,6,Hind,0.07904857777849517,1.346063535663581,20,1257,1257,sqrt(sum_j((FC_stimulus_ij - FC_spot_ij)^2)); diagonal excluded
13,0,lNX,35,Hind,0.5159242026090447,1.6146347574495175,20,340,340,sqrt(sum_j((FC_stimulus_ij - FC_spot_ij)^2)); diagonal excluded
13,0,lRa,10,Hind,-0.07359117253107073,1.9978909326986192,20,382,382,sqrt(sum_j((FC_stimulus_ij - FC_spot_ij)^2)); diagonal excluded
13,0,lT,11,Hind,-0.7772193815657938,1.26556022864278,20,1384,1384,sqrt(sum_j((FC_stimulus_ij - FC_spot_ij)^2)); diagonal excluded
13,0,laRF,12,Hind,-0.564318946902863,2.739250802402201,20,603,603,sqrt(sum_j((FC_stimulus_ij - FC_spot_ij)^2)); diagonal excluded
13,0,limRF,13,Hind,-1.4314709184810288,1.9218415470320578,20,814,814,sqrt(sum_j((FC_stimulus_ij - FC_spot_ij)^2)); diagonal excluded
13,0,lpRF,14,Hind,-0.6214145198808102,1.8428154281680758,20,953,953,sqrt(sum_j((FC_stimulus_ij - FC_spot_ij)^2)); diagonal excluded
13,0,rCb,37,Hind,-0.5336652505464933,2.349130420511318,20,1969,1969,sqrt(sum_j((FC_stimulus_ij - FC_spot_ij)^2)); diagonal excluded
13,0,rMON,36,Hind,-0.20825183989935483,3.932908680627649,20,1179,1179,sqrt(sum_j((FC_stimulus_ij - FC_spot_ij)^2)); diagonal excluded
13,0,rMOS1,38,Hind,0.16364639867929043,1.2240948385249064,20,1455,1455,sqrt(sum_j((FC_stimulus_ij - FC_spot_ij)^2)); diagonal excluded
13,0,rMOS2,39,Hind,0.8422349936180663,1.4154668079730661,20,648,648,sqrt(sum_j((FC_stimulus_ij - FC_spot_ij)^2)); diagonal excluded
13,0,rMOS3,40,Hind,-0.5651363701456422,1.414447057215478,20,1513,1513,sqrt(sum_j((FC_stimulus_ij - FC_spot_ij)^2)); diagonal excluded
13,0,rMOS4,41,Hind,0.12590502818072719,1.2509890214571133,20,1291,1291,sqrt(sum_j((FC_stimulus_ij - FC_spot_ij)^2)); diagonal excluded
13,0,rMOS5,42,Hind,0.14031625821006288,1.4971063946908212,20,1685,1685,sqrt(sum_j((FC_stimulus_ij - FC_spot_ij)^2)); diagonal excluded
13,0,rNX,71,Hind,-0.6893400895121092,1.9364483578980716,20,449,449,sqrt(sum_j((FC_stimulus_ij - FC_spot_ij)^2)); diagonal excluded
13,0,rRa,46,Hind,-0.7676411283127857,1.530921647138083,20,231,231,sqrt(sum_j((FC_stimulus_ij - FC_spot_ij)^2)); diagonal excluded
13,0,rT,47,Hind,-1.0407411074881572,1.9469682515908742,20,1382,1382,sqrt(sum_j((FC_stimulus_ij - FC_spot_ij)^2)); diagonal excluded
13,0,raRF,48,Hind,-0.6631233902290617,1.6296518215218834,20,704,704,sqrt(sum_j((FC_stimulus_ij - FC_spot_ij)^2)); diagonal excluded
13,0,rimRF,49,Hind,-1.54619502907132,1.7643830510272551,20,777,777,sqrt(sum_j((FC_stimulus_ij - FC_spot_ij)^2)); diagonal excluded
13,0,rpRF,50,Hind,0.10367599956677641,1.8334701050749265,20,1043,1043,sqrt(sum_j((FC_stimulus_ij - FC_spot_ij)^2)); diagonal excluded
13,3,lOB,20,Tel,0.8396904821626903,1.4206266263926233,590,254,254,sqrt(sum_j((FC_stimulus_ij - FC_spot_ij)^2)); diagonal excluded
13,3,lP,22,Tel,1.231407127758574,2.0818771967245873,590,1563,1563,sqrt(sum_j((FC_stimulus_ij - FC_spot_ij)^2)); diagonal excluded
13,3,lPO,25,Tel,1.5972895725725633,2.320407223395064,590,557,557,sqrt(sum_j((FC_stimulus_ij - FC_spot_ij)^2)); diagonal excluded
13,3,lSP,28,Tel,1.3712731940440057,2.7239268485010038,590,988,988,sqrt(sum_j((FC_stimulus_ij - FC_spot_ij)^2)); diagonal excluded
13,3,rP,58,Tel,1.6274838194004198,2.0586281002327294,590,1354,1354,sqrt(sum_j((FC_stimulus_ij - FC_spot_ij)^2)); diagonal excluded
13,3,rPO,61,Tel,1.5828504374539252,2.0722526867069146,590,624,624,sqrt(sum_j((FC_stimulus_ij - FC_spot_ij)^2)); diagonal excluded
13,3,rSP,64,Tel,0.8449219250677052,2.3423001004779334,590,1066,1066,sqrt(sum_j((FC_stimulus_ij - FC_spot_ij)^2)); diagonal excluded
13,3,lHb,16,Di,2.3676084202295034,1.4257973385120082,590,556,556,sqrt(sum_j((FC_stimulus_ij - FC_spot_ij)^2)); diagonal excluded
13,3,lPT,24,Di,0.4045887279983318,2.234689547126014,590,420,420,sqrt(sum_j((FC_stimulus_ij - FC_spot_ij)^2)); diagonal excluded
13,3,lPrT,26,Di,-0.760839251044076,1.9075210592540635,590,541,541,sqrt(sum_j((FC_stimulus_ij - FC_spot_ij)^2)); diagonal excluded
13,3,lTh,30,Di,-0.27932436463978083,1.1502633023378286,590,901,901,sqrt(sum_j((FC_stimulus_ij - FC_spot_ij)^2)); diagonal excluded
13,3,rHb,52,Di,1.269284446459516,0.7355045548197467,590,466,466,sqrt(sum_j((FC_stimulus_ij - FC_spot_ij)^2)); diagonal excluded
13,3,rPT,60,Di,0.6955220273189893,2.004705070937763,590,499,499,sqrt(sum_j((FC_stimulus_ij - FC_spot_ij)^2)); diagonal excluded
13,3,rPrT,62,Di,-0.8729101402526896,1.5155401040627778,590,493,493,sqrt(sum_j((FC_stimulus_ij - FC_spot_ij)^2)); diagonal excluded
13,3,rTh,66,Di,0.12267948011021526,1.375241456479167,590,1300,1300,sqrt(sum_j((FC_stimulus_ij - FC_spot_ij)^2)); diagonal excluded
13,3,lTS,32,Mes,-0.038289558822681,0.9472010445629857,590,118,118,sqrt(sum_j((FC_stimulus_ij - FC_spot_ij)^2)); diagonal excluded
13,3,lTeO,29,Mes,-0.22102994971595435,1.572534212125605,590,7514,7514,sqrt(sum_j((FC_stimulus_ij - FC_spot_ij)^2)); diagonal excluded
13,3,rTS,68,Mes,-0.0707917864782934,1.0328983259098552,590,144,144,sqrt(sum_j((FC_stimulus_ij - FC_spot_ij)^2)); diagonal excluded
13,3,rTeO,65,Mes,-0.9360345644680327,1.9757714627079888,590,7228,7228,sqrt(sum_j((FC_stimulus_ij - FC_spot_ij)^2)); diagonal excluded
13,3,lCb,1,Hind,-0.23156409707923123,3.0337383156015703,590,1875,1875,sqrt(sum_j((FC_stimulus_ij - FC_spot_ij)^2)); diagonal excluded
13,3,lMON,0,Hind,-0.1885718314625819,2.2982885102620925,590,1012,1012,sqrt(sum_j((FC_stimulus_ij - FC_spot_ij)^2)); diagonal excluded
13,3,lMOS1,2,Hind,0.20229532589358945,2.7177292130154123,590,1217,1217,sqrt(sum_j((FC_stimulus_ij - FC_spot_ij)^2)); diagonal excluded
13,3,lMOS2,3,Hind,-0.007147165310974443,2.4446357181580365,590,627,627,sqrt(sum_j((FC_stimulus_ij - FC_spot_ij)^2)); diagonal excluded
13,3,lMOS3,4,Hind,-0.5280442068802194,3.0265673819735412,590,1262,1262,sqrt(sum_j((FC_stimulus_ij - FC_spot_ij)^2)); diagonal excluded
13,3,lMOS4,5,Hind,0.1781221791123736,3.018833751820219,590,967,967,sqrt(sum_j((FC_stimulus_ij - FC_spot_ij)^2)); diagonal excluded
13,3,lMOS5,6,Hind,0.07904857777849517,2.6260759335448043,590,1257,1257,sqrt(sum_j((FC_stimulus_ij - FC_spot_ij)^2)); diagonal excluded
13,3,lNX,35,Hind,0.5159242026090447,2.890042039571386,590,340,340,sqrt(sum_j((FC_stimulus_ij - FC_spot_ij)^2)); diagonal excluded
13,3,lRa,10,Hind,-0.07359117253107073,2.095151688115422,590,382,382,sqrt(sum_j((FC_stimulus_ij - FC_spot_ij)^2)); diagonal excluded
13,3,lT,11,Hind,-0.7772193815657938,2.0002656810112427,590,1384,1384,sqrt(sum_j((FC_stimulus_ij - FC_spot_ij)^2)); diagonal excluded
13,3,laRF,12,Hind,-0.564318946902863,2.7930423693453954,590,603,603,sqrt(sum_j((FC_stimulus_ij - FC_spot_ij)^2)); diagonal excluded
13,3,limRF,13,Hind,-1.4314709184810288,2.286791043025342,590,814,814,sqrt(sum_j((FC_stimulus_ij - FC_spot_ij)^2)); diagonal excluded
13,3,lpRF,14,Hind,-0.6214145198808102,2.7738419341969487,590,953,953,sqrt(sum_j((FC_stimulus_ij - FC_spot_ij)^2)); diagonal excluded
13,3,rCb,37,Hind,-0.5336652505464933,2.6287796864147146,590,1969,1969,sqrt(sum_j((FC_stimulus_ij - FC_spot_ij)^2)); diagonal excluded
13,3,rMON,36,Hind,-0.20825183989935483,2.2825137524899484,590,1179,1179,sqrt(sum_j((FC_stimulus_ij - FC_spot_ij)^2)); diagonal excluded
13,3,rMOS1,38,Hind,0.16364639867929043,2.619736900123959,590,1455,1455,sqrt(sum_j((FC_stimulus_ij - FC_spot_ij)^2)); diagonal excluded
13,3,rMOS2,39,Hind,0.8422349936180663,2.3627486261098074,590,648,648,sqrt(sum_j((FC_stimulus_ij - FC_spot_ij)^2)); diagonal excluded
13,3,rMOS3,40,Hind,-0.5651363701456422,2.3716694986780094,590,1513,1513,sqrt(sum_j((FC_stimulus_ij - FC_spot_ij)^2)); diagonal excluded
13,3,rMOS4,41,Hind,0.12590502818072719,2.38352104814487,590,1291,1291,sqrt(sum_j((FC_stimulus_ij - FC_spot_ij)^2)); diagonal excluded
13,3,rMOS5,42,Hind,0.14031625821006288,2.27862034836291,590,1685,1685,sqrt(sum_j((FC_stimulus_ij - FC_spot_ij)^2)); diagonal excluded
13,3,rNX,71,Hind,-0.6893400895121092,2.623135238635731,590,449,449,sqrt(sum_j((FC_stimulus_ij - FC_spot_ij)^2)); diagonal excluded
13,3,rRa,46,Hind,-0.7676411283127857,2.220818926987633,590,231,231,sqrt(sum_j((FC_stimulus_ij - FC_spot_ij)^2)); diagonal excluded
13,3,rT,47,Hind,-1.0407411074881572,2.327886579514635,590,1382,1382,sqrt(sum_j((FC_stimulus_ij - FC_spot_ij)^2)); diagonal excluded
13,3,raRF,48,Hind,-0.6631233902290617,2.5489601205543178,590,704,704,sqrt(sum_j((FC_stimulus_ij - FC_spot_ij)^2)); diagonal excluded
13,3,rimRF,49,Hind,-1.54619502907132,2.016264320697523,590,777,777,sqrt(sum_j((FC_stimulus_ij - FC_spot_ij)^2)); diagonal excluded
13,3,rpRF,50,Hind,0.10367599956677641,1.7648936957235797,590,1043,1043,sqrt(sum_j((FC_stimulus_ij - FC_spot_ij)^2)); diagonal excluded
13,9,lOB,20,Tel,0.8396904821626903,2.021028560974555,50,254,254,sqrt(sum_j((FC_stimulus_ij - FC_spot_ij)^2)); diagonal excluded
13,9,lP,22,Tel,1.231407127758574,1.4070875152808124,50,1563,1563,sqrt(sum_j((FC_stimulus_ij - FC_spot_ij)^2)); diagonal excluded
13,9,lPO,25,Tel,1.5972895725725633,2.0819608889004173,50,557,557,sqrt(sum_j((FC_stimulus_ij - FC_spot_ij)^2)); diagonal excluded
13,9,lSP,28,Tel,1.3712731940440057,2.5589892563189642,50,988,988,sqrt(sum_j((FC_stimulus_ij - FC_spot_ij)^2)); diagonal excluded
13,9,rP,58,Tel,1.6274838194004198,1.886463760881273,50,1354,1354,sqrt(sum_j((FC_stimulus_ij - FC_spot_ij)^2)); diagonal excluded
13,9,rPO,61,Tel,1.5828504374539252,1.6472420551278968,50,624,624,sqrt(sum_j((FC_stimulus_ij - FC_spot_ij)^2)); diagonal excluded
13,9,rSP,64,Tel,0.8449219250677052,1.9515621858554177,50,1066,1066,sqrt(sum_j((FC_stimulus_ij - FC_spot_ij)^2)); diagonal excluded
13,9,lHb,16,Di,2.3676084202295034,1.6918062841048156,50,556,556,sqrt(sum_j((FC_stimulus_ij - FC_spot_ij)^2)); diagonal excluded
13,9,lPT,24,Di,0.4045887279983318,1.5769636656188295,50,420,420,sqrt(sum_j((FC_stimulus_ij - FC_spot_ij)^2)); diagonal excluded
13,9,lPrT,26,Di,-0.760839251044076,1.2201757845175472,50,541,541,sqrt(sum_j((FC_stimulus_ij - FC_spot_ij)^2)); diagonal excluded
13,9,lTh,30,Di,-0.27932436463978083,1.0328381304207779,50,901,901,sqrt(sum_j((FC_stimulus_ij - FC_spot_ij)^2)); diagonal excluded
13,9,rHb,52,Di,1.269284446459516,1.2313918321239756,50,466,466,sqrt(sum_j((FC_stimulus_ij - FC_spot_ij)^2)); diagonal excluded
13,9,rPT,60,Di,0.6955220273189893,1.4101782856743728,50,499,499,sqrt(sum_j((FC_stimulus_ij - FC_spot_ij)^2)); diagonal excluded
13,9,rPrT,62,Di,-0.8729101402526896,1.5466288782838409,50,493,493,sqrt(sum_j((FC_stimulus_ij - FC_spot_ij)^2)); diagonal excluded
13,9,rTh,66,Di,0.12267948011021526,1.6017183554382706,50,1300,1300,sqrt(sum_j((FC_stimulus_ij - FC_spot_ij)^2)); diagonal excluded
13,9,lTS,32,Mes,-0.038289558822681,1.5722412669239207,50,118,118,sqrt(sum_j((FC_stimulus_ij - FC_spot_ij)^2)); diagonal excluded
13,9,lTeO,29,Mes,-0.22102994971595435,1.090826505568478,50,7514,7514,sqrt(sum_j((FC_stimulus_ij - FC_spot_ij)^2)); diagonal excluded
13,9,rTS,68,Mes,-0.0707917864782934,1.2452956507076318,50,144,144,sqrt(sum_j((FC_stimulus_ij - FC_spot_ij)^2)); diagonal excluded
13,9,rTeO,65,Mes,-0.9360345644680327,1.7533943951415678,50,7228,7228,sqrt(sum_j((FC_stimulus_ij - FC_spot_ij)^2)); diagonal excluded
13,9,lCb,1,Hind,-0.23156409707923123,2.4595012501896742,50,1875,1875,sqrt(sum_j((FC_stimulus_ij - FC_spot_ij)^2)); diagonal excluded
13,9,lMON,0,Hind,-0.1885718314625819,1.9631454521778067,50,1012,1012,sqrt(sum_j((FC_stimulus_ij - FC_spot_ij)^2)); diagonal excluded
13,9,lMOS1,2,Hind,0.20229532589358945,2.1617679630081783,50,1217,1217,sqrt(sum_j((FC_stimulus_ij - FC_spot_ij)^2)); diagonal excluded
13,9,lMOS2,3,Hind,-0.007147165310974443,2.0164724262553184,50,627,627,sqrt(sum_j((FC_stimulus_ij - FC_spot_ij)^2)); diagonal excluded
13,9,lMOS3,4,Hind,-0.5280442068802194,2.0557523880830133,50,1262,1262,sqrt(sum_j((FC_stimulus_ij - FC_spot_ij)^2)); diagonal excluded
13,9,lMOS4,5,Hind,0.1781221791123736,1.8429497330178235,50,967,967,sqrt(sum_j((FC_stimulus_ij - FC_spot_ij)^2)); diagonal excluded
13,9,lMOS5,6,Hind,0.07904857777849517,2.396432676946943,50,1257,1257,sqrt(sum_j((FC_stimulus_ij - FC_spot_ij)^2)); diagonal excluded
13,9,lNX,35,Hind,0.5159242026090447,2.970333544459781,50,340,340,sqrt(sum_j((FC_stimulus_ij - FC_spot_ij)^2)); diagonal excluded
13,9,lRa,10,Hind,-0.07359117253107073,1.1487250275644936,50,382,382,sqrt(sum_j((FC_stimulus_ij - FC_spot_ij)^2)); diagonal excluded
13,9,lT,11,Hind,-0.7772193815657938,1.9620957070854201,50,1384,1384,sqrt(sum_j((FC_stimulus_ij - FC_spot_ij)^2)); diagonal excluded
13,9,laRF,12,Hind,-0.564318946902863,2.222577584364988,50,603,603,sqrt(sum_j((FC_stimulus_ij - FC_spot_ij)^2)); diagonal excluded
13,9,limRF,13,Hind,-1.4314709184810288,1.7893349657986208,50,814,814,sqrt(sum_j((FC_stimulus_ij - FC_spot_ij)^2)); diagonal excluded
13,9,lpRF,14,Hind,-0.6214145198808102,2.5803684373149807,50,953,953,sqrt(sum_j((FC_stimulus_ij - FC_spot_ij)^2)); diagonal excluded
13,9,rCb,37,Hind,-0.5336652505464933,2.901001046856615,50,1969,1969,sqrt(sum_j((FC_stimulus_ij - FC_spot_ij)^2)); diagonal excluded
13,9,rMON,36,Hind,-0.20825183989935483,2.0173750356366824,50,1179,1179,sqrt(sum_j((FC_stimulus_ij - FC_spot_ij)^2)); diagonal excluded
13,9,rMOS1,38,Hind,0.16364639867929043,1.4344949100789977,50,1455,1455,sqrt(sum_j((FC_stimulus_ij - FC_spot_ij)^2)); diagonal excluded
13,9,rMOS2,39,Hind,0.8422349936180663,2.2056663936310907,50,648,648,sqrt(sum_j((FC_stimulus_ij - FC_spot_ij)^2)); diagonal excluded
13,9,rMOS3,40,Hind,-0.5651363701456422,1.1879530949193184,50,1513,1513,sqrt(sum_j((FC_stimulus_ij - FC_spot_ij)^2)); diagonal excluded
13,9,rMOS4,41,Hind,0.12590502818072719,1.601470865922852,50,1291,1291,sqrt(sum_j((FC_stimulus_ij - FC_spot_ij)^2)); diagonal excluded
13,9,rMOS5,42,Hind,0.14031625821006288,2.98052135537828,50,1685,1685,sqrt(sum_j((FC_stimulus_ij - FC_spot_ij)^2)); diagonal excluded
13,9,rNX,71,Hind,-0.6893400895121092,2.9401946562480585,50,449,449,sqrt(sum_j((FC_stimulus_ij - FC_spot_ij)^2)); diagonal excluded
13,9,rRa,46,Hind,-0.7676411283127857,1.1290340495545952,50,231,231,sqrt(sum_j((FC_stimulus_ij - FC_spot_ij)^2)); diagonal excluded
13,9,rT,47,Hind,-1.0407411074881572,1.714037915271728,50,1382,1382,sqrt(sum_j((FC_stimulus_ij - FC_spot_ij)^2)); diagonal excluded
13,9,raRF,48,Hind,-0.6631233902290617,1.3881862309444082,50,704,704,sqrt(sum_j((FC_stimulus_ij - FC_spot_ij)^2)); diagonal excluded
13,9,rimRF,49,Hind,-1.54619502907132,1.474490748765098,50,777,777,sqrt(sum_j((FC_stimulus_ij - FC_spot_ij)^2)); diagonal excluded
13,9,rpRF,50,Hind,0.10367599956677641,2.2229010953649557,50,1043,1043,sqrt(sum_j((FC_stimulus_ij - FC_spot_ij)^2)); diagonal excluded
13,10,lOB,20,Tel,0.8396904821626903,2.0623017498339298,50,254,254,sqrt(sum_j((FC_stimulus_ij - FC_spot_ij)^2)); diagonal excluded
13,10,lP,22,Tel,1.231407127758574,1.8181215058500255,50,1563,1563,sqrt(sum_j((FC_stimulus_ij - FC_spot_ij)^2)); diagonal excluded
13,10,lPO,25,Tel,1.5972895725725633,2.5320655988041962,50,557,557,sqrt(sum_j((FC_stimulus_ij - FC_spot_ij)^2)); diagonal excluded
13,10,lSP,28,Tel,1.3712731940440057,2.5748166415775446,50,988,988,sqrt(sum_j((FC_stimulus_ij - FC_spot_ij)^2)); diagonal excluded
13,10,rP,58,Tel,1.6274838194004198,2.018358590555849,50,1354,1354,sqrt(sum_j((FC_stimulus_ij - FC_spot_ij)^2)); diagonal excluded
13,10,rPO,61,Tel,1.5828504374539252,2.4373972540326676,50,624,624,sqrt(sum_j((FC_stimulus_ij - FC_spot_ij)^2)); diagonal excluded
13,10,rSP,64,Tel,0.8449219250677052,2.473428418344537,50,1066,1066,sqrt(sum_j((FC_stimulus_ij - FC_spot_ij)^2)); diagonal excluded
13,10,lHb,16,Di,2.3676084202295034,2.21841379300049,50,556,556,sqrt(sum_j((FC_stimulus_ij - FC_spot_ij)^2)); diagonal excluded
13,10,lPT,24,Di,0.4045887279983318,2.4484620314627676,50,420,420,sqrt(sum_j((FC_stimulus_ij - FC_spot_ij)^2)); diagonal excluded
13,10,lPrT,26,Di,-0.760839251044076,2.0808515066130364,50,541,541,sqrt(sum_j((FC_stimulus_ij - FC_spot_ij)^2)); diagonal excluded
13,10,lTh,30,Di,-0.27932436463978083,1.6172261581000325,50,901,901,sqrt(sum_j((FC_stimulus_ij - FC_spot_ij)^2)); diagonal excluded
13,10,rHb,52,Di,1.269284446459516,1.1105429065926964,50,466,466,sqrt(sum_j((FC_stimulus_ij - FC_spot_ij)^2)); diagonal excluded
13,10,rPT,60,Di,0.6955220273189893,2.0484687166751203,50,499,499,sqrt(sum_j((FC_stimulus_ij - FC_spot_ij)^2)); diagonal excluded
13,10,rPrT,62,Di,-0.8729101402526896,1.4523203911847669,50,493,493,sqrt(sum_j((FC_stimulus_ij - FC_spot_ij)^2)); diagonal excluded
13,10,rTh,66,Di,0.12267948011021526,1.2281994798206737,50,1300,1300,sqrt(sum_j((FC_stimulus_ij - FC_spot_ij)^2)); diagonal excluded
13,10,lTS,32,Mes,-0.038289558822681,1.2602680026911546,50,118,118,sqrt(sum_j((FC_stimulus_ij - FC_spot_ij)^2)); diagonal excluded
13,10,lTeO,29,Mes,-0.22102994971595435,2.219777400555323,50,7514,7514,sqrt(sum_j((FC_stimulus_ij - FC_spot_ij)^2)); diagonal excluded
13,10,rTS,68,Mes,-0.0707917864782934,0.9909454402265181,50,144,144,sqrt(sum_j((FC_stimulus_ij - FC_spot_ij)^2)); diagonal excluded
13,10,rTeO,65,Mes,-0.9360345644680327,1.5532041875470322,50,7228,7228,sqrt(sum_j((FC_stimulus_ij - FC_spot_ij)^2)); diagonal excluded
13,10,lCb,1,Hind,-0.23156409707923123,2.7329386453426983,50,1875,1875,sqrt(sum_j((FC_stimulus_ij - FC_spot_ij)^2)); diagonal excluded
13,10,lMON,0,Hind,-0.1885718314625819,2.296923222816447,50,1012,1012,sqrt(sum_j((FC_stimulus_ij - FC_spot_ij)^2)); diagonal excluded
13,10,lMOS1,2,Hind,0.20229532589358945,2.083170679752398,50,1217,1217,sqrt(sum_j((FC_stimulus_ij - FC_spot_ij)^2)); diagonal excluded
13,10,lMOS2,3,Hind,-0.007147165310974443,2.734121941332715,50,627,627,sqrt(sum_j((FC_stimulus_ij - FC_spot_ij)^2)); diagonal excluded
13,10,lMOS3,4,Hind,-0.5280442068802194,1.81785976500634,50,1262,1262,sqrt(sum_j((FC_stimulus_ij - FC_spot_ij)^2)); diagonal excluded
13,10,lMOS4,5,Hind,0.1781221791123736,2.1502589600674846,50,967,967,sqrt(sum_j((FC_stimulus_ij - FC_spot_ij)^2)); diagonal excluded
13,10,lMOS5,6,Hind,0.07904857777849517,1.7493059364571928,50,1257,1257,sqrt(sum_j((FC_stimulus_ij - FC_spot_ij)^2)); diagonal excluded
13,10,lNX,35,Hind,0.5159242026090447,3.362657682128333,50,340,340,sqrt(sum_j((FC_stimulus_ij - FC_spot_ij)^2)); diagonal excluded
13,10,lRa,10,Hind,-0.07359117253107073,1.593307149802215,50,382,382,sqrt(sum_j((FC_stimulus_ij - FC_spot_ij)^2)); diagonal excluded
13,10,lT,11,Hind,-0.7772193815657938,1.6864822624223952,50,1384,1384,sqrt(sum_j((FC_stimulus_ij - FC_spot_ij)^2)); diagonal excluded
13,10,laRF,12,Hind,-0.564318946902863,2.399170660756007,50,603,603,sqrt(sum_j((FC_stimulus_ij - FC_spot_ij)^2)); diagonal excluded
13,10,limRF,13,Hind,-1.4314709184810288,2.707220884944026,50,814,814,sqrt(sum_j((FC_stimulus_ij - FC_spot_ij)^2)); diagonal excluded
13,10,lpRF,14,Hind,-0.6214145198808102,2.418367802789067,50,953,953,sqrt(sum_j((FC_stimulus_ij - FC_spot_ij)^2)); diagonal excluded
13,10,rCb,37,Hind,-0.5336652505464933,2.177673553809011,50,1969,1969,sqrt(sum_j((FC_stimulus_ij - FC_spot_ij)^2)); diagonal excluded
13,10,rMON,36,Hind,-0.20825183989935483,2.2837084760577415,50,1179,1179,sqrt(sum_j((FC_stimulus_ij - FC_spot_ij)^2)); diagonal excluded
13,10,rMOS1,38,Hind,0.16364639867929043,1.5456507086533238,50,1455,1455,sqrt(sum_j((FC_stimulus_ij - FC_spot_ij)^2)); diagonal excluded
13,10,rMOS2,39,Hind,0.8422349936180663,2.7522729425059382,50,648,648,sqrt(sum_j((FC_stimulus_ij - FC_spot_ij)^2)); diagonal excluded
13,10,rMOS3,40,Hind,-0.5651363701456422,1.2050771245721656,50,1513,1513,sqrt(sum_j((FC_stimulus_ij - FC_spot_ij)^2)); diagonal excluded
13,10,rMOS4,41,Hind,0.12590502818072719,1.7551271267009396,50,1291,1291,sqrt(sum_j((FC_stimulus_ij - FC_spot_ij)^2)); diagonal excluded
13,10,rMOS5,42,Hind,0.14031625821006288,2.0091042847873606,50,1685,1685,sqrt(sum_j((FC_stimulus_ij - FC_spot_ij)^2)); diagonal excluded
13,10,rNX,71,Hind,-0.6893400895121092,3.142872393466582,50,449,449,sqrt(sum_j((FC_stimulus_ij - FC_spot_ij)^2)); diagonal excluded
13,10,rRa,46,Hind,-0.7676411283127857,1.5781238123438361,50,231,231,sqrt(sum_j((FC_stimulus_ij - FC_spot_ij)^2)); diagonal excluded
13,10,rT,47,Hind,-1.0407411074881572,2.0321214917645847,50,1382,1382,sqrt(sum_j((FC_stimulus_ij - FC_spot_ij)^2)); diagonal excluded
13,10,raRF,48,Hind,-0.6631233902290617,2.2816850224528737,50,704,704,sqrt(sum_j((FC_stimulus_ij - FC_spot_ij)^2)); diagonal excluded
13,10,rimRF,49,Hind,-1.54619502907132,2.8827341090148813,50,777,777,sqrt(sum_j((FC_stimulus_ij - FC_spot_ij)^2)); diagonal excluded
13,10,rpRF,50,Hind,0.10367599956677641,1.908259066943625,50,1043,1043,sqrt(sum_j((FC_stimulus_ij - FC_spot_ij)^2)); diagonal excluded
13,11,lOB,20,Tel,0.8396904821626903,3.3045992275513427,50,254,254,sqrt(sum_j((FC_stimulus_ij - FC_spot_ij)^2)); diagonal excluded
13,11,lP,22,Tel,1.231407127758574,3.3674518513093123,50,1563,1563,sqrt(sum_j((FC_stimulus_ij - FC_spot_ij)^2)); diagonal excluded
13,11,lPO,25,Tel,1.5972895725725633,2.742024617146868,50,557,557,sqrt(sum_j((FC_stimulus_ij - FC_spot_ij)^2)); diagonal excluded
13,11,lSP,28,Tel,1.3712731940440057,3.6222889590038965,50,988,988,sqrt(sum_j((FC_stimulus_ij - FC_spot_ij)^2)); diagonal excluded
13,11,rP,58,Tel,1.6274838194004198,2.812060442813072,50,1354,1354,sqrt(sum_j((FC_stimulus_ij - FC_spot_ij)^2)); diagonal excluded
13,11,rPO,61,Tel,1.5828504374539252,2.1146282598492356,50,624,624,sqrt(sum_j((FC_stimulus_ij - FC_spot_ij)^2)); diagonal excluded
13,11,rSP,64,Tel,0.8449219250677052,3.187381964001846,50,1066,1066,sqrt(sum_j((FC_stimulus_ij - FC_spot_ij)^2)); diagonal excluded
13,11,lHb,16,Di,2.3676084202295034,1.4488299746877982,50,556,556,sqrt(sum_j((FC_stimulus_ij - FC_spot_ij)^2)); diagonal excluded
13,11,lPT,24,Di,0.4045887279983318,2.3452340232807702,50,420,420,sqrt(sum_j((FC_stimulus_ij - FC_spot_ij)^2)); diagonal excluded
13,11,lPrT,26,Di,-0.760839251044076,1.9515052584376515,50,541,541,sqrt(sum_j((FC_stimulus_ij - FC_spot_ij)^2)); diagonal excluded
13,11,lTh,30,Di,-0.27932436463978083,1.8590486428531818,50,901,901,sqrt(sum_j((FC_stimulus_ij - FC_spot_ij)^2)); diagonal excluded
13,11,rHb,52,Di,1.269284446459516,1.0801108673290796,50,466,466,sqrt(sum_j((FC_stimulus_ij - FC_spot_ij)^2)); diagonal excluded
13,11,rPT,60,Di,0.6955220273189893,2.4137772608696175,50,499,499,sqrt(sum_j((FC_stimulus_ij - FC_spot_ij)^2)); diagonal excluded
13,11,rPrT,62,Di,-0.8729101402526896,1.6790526670006916,50,493,493,sqrt(sum_j((FC_stimulus_ij - FC_spot_ij)^2)); diagonal excluded
13,11,rTh,66,Di,0.12267948011021526,2.0282723483468157,50,1300,1300,sqrt(sum_j((FC_stimulus_ij - FC_spot_ij)^2)); diagonal excluded
13,11,lTS,32,Mes,-0.038289558822681,1.3975642059906326,50,118,118,sqrt(sum_j((FC_stimulus_ij - FC_spot_ij)^2)); diagonal excluded
13,11,lTeO,29,Mes,-0.22102994971595435,1.6100175620572699,50,7514,7514,sqrt(sum_j((FC_stimulus_ij - FC_spot_ij)^2)); diagonal excluded
13,11,rTS,68,Mes,-0.0707917864782934,1.1455293462865364,50,144,144,sqrt(sum_j((FC_stimulus_ij - FC_spot_ij)^2)); diagonal excluded
13,11,rTeO,65,Mes,-0.9360345644680327,1.9647707217094328,50,7228,7228,sqrt(sum_j((FC_stimulus_ij - FC_spot_ij)^2)); diagonal excluded
13,11,lCb,1,Hind,-0.23156409707923123,3.007605951744643,50,1875,1875,sqrt(sum_j((FC_stimulus_ij - FC_spot_ij)^2)); diagonal excluded
13,11,lMON,0,Hind,-0.1885718314625819,3.3360207120448955,50,1012,1012,sqrt(sum_j((FC_stimulus_ij - FC_spot_ij)^2)); diagonal excluded
13,11,lMOS1,2,Hind,0.20229532589358945,2.2263478523056066,50,1217,1217,sqrt(sum_j((FC_stimulus_ij - FC_spot_ij)^2)); diagonal excluded
13,11,lMOS2,3,Hind,-0.007147165310974443,2.245974926772945,50,627,627,sqrt(sum_j((FC_stimulus_ij - FC_spot_ij)^2)); diagonal excluded
13,11,lMOS3,4,Hind,-0.5280442068802194,3.347088924820483,50,1262,1262,sqrt(sum_j((FC_stimulus_ij - FC_spot_ij)^2)); diagonal excluded
13,11,lMOS4,5,Hind,0.1781221791123736,3.1679731140160263,50,967,967,sqrt(sum_j((FC_stimulus_ij - FC_spot_ij)^2)); diagonal excluded
13,11,lMOS5,6,Hind,0.07904857777849517,2.6286908099826065,50,1257,1257,sqrt(sum_j((FC_stimulus_ij - FC_spot_ij)^2)); diagonal excluded
13,11,lNX,35,Hind,0.5159242026090447,1.9631910005386346,50,340,340,sqrt(sum_j((FC_stimulus_ij - FC_spot_ij)^2)); diagonal excluded
13,11,lRa,10,Hind,-0.07359117253107073,2.379298478061148,50,382,382,sqrt(sum_j((FC_stimulus_ij - FC_spot_ij)^2)); diagonal excluded
13,11,lT,11,Hind,-0.7772193815657938,1.9828207214964897,50,1384,1384,sqrt(sum_j((FC_stimulus_ij - FC_spot_ij)^2)); diagonal excluded
13,11,laRF,12,Hind,-0.564318946902863,3.176836727987818,50,603,603,sqrt(sum_j((FC_stimulus_ij - FC_spot_ij)^2)); diagonal excluded
13,11,limRF,13,Hind,-1.4314709184810288,2.253980772221677,50,814,814,sqrt(sum_j((FC_stimulus_ij - FC_spot_ij)^2)); diagonal excluded
13,11,lpRF,14,Hind,-0.6214145198808102,2.431641635228072,50,953,953,sqrt(sum_j((FC_stimulus_ij - FC_spot_ij)^2)); diagonal excluded
13,11,rCb,37,Hind,-0.5336652505464933,1.7834062828228288,50,1969,1969,sqrt(sum_j((FC_stimulus_ij - FC_spot_ij)^2)); diagonal excluded
13,11,rMON,36,Hind,-0.20825183989935483,2.418011509480266,50,1179,1179,sqrt(sum_j((FC_stimulus_ij - FC_spot_ij)^2)); diagonal excluded
13,11,rMOS1,38,Hind,0.16364639867929043,1.9244687785862196,50,1455,1455,sqrt(sum_j((FC_stimulus_ij - FC_spot_ij)^2)); diagonal excluded
13,11,rMOS2,39,Hind,0.8422349936180663,1.686962528978623,50,648,648,sqrt(sum_j((FC_stimulus_ij - FC_spot_ij)^2)); diagonal excluded
13,11,rMOS3,40,Hind,-0.5651363701456422,1.6871292859735774,50,1513,1513,sqrt(sum_j((FC_stimulus_ij - FC_spot_ij)^2)); diagonal excluded
13,11,rMOS4,41,Hind,0.12590502818072719,1.757189833175604,50,1291,1291,sqrt(sum_j((FC_stimulus_ij - FC_spot_ij)^2)); diagonal excluded
13,11,rMOS5,42,Hind,0.14031625821006288,1.6596228685159924,50,1685,1685,sqrt(sum_j((FC_stimulus_ij - FC_spot_ij)^2)); diagonal excluded
13,11,rNX,71,Hind,-0.6893400895121092,1.703676888300753,50,449,449,sqrt(sum_j((FC_stimulus_ij - FC_spot_ij)^2)); diagonal excluded
13,11,rRa,46,Hind,-0.7676411283127857,2.42383508364705,50,231,231,sqrt(sum_j((FC_stimulus_ij - FC_spot_ij)^2)); diagonal excluded
13,11,rT,47,Hind,-1.0407411074881572,2.4165053927001754,50,1382,1382,sqrt(sum_j((FC_stimulus_ij - FC_spot_ij)^2)); diagonal excluded
13,11,raRF,48,Hind,-0.6631233902290617,1.851749596090416,50,704,704,sqrt(sum_j((FC_stimulus_ij - FC_spot_ij)^2)); diagonal excluded
13,11,rimRF,49,Hind,-1.54619502907132,1.881532611682074,50,777,777,sqrt(sum_j((FC_stimulus_ij - FC_spot_ij)^2)); diagonal excluded
13,11,rpRF,50,Hind,0.10367599956677641,1.3608942428206328,50,1043,1043,sqrt(sum_j((FC_stimulus_ij - FC_spot_ij)^2)); diagonal excluded
13,12,lOB,20,Tel,0.8396904821626903,1.9040194582602512,50,254,254,sqrt(sum_j((FC_stimulus_ij - FC_spot_ij)^2)); diagonal excluded
13,12,lP,22,Tel,1.231407127758574,1.5717354990224215,50,1563,1563,sqrt(sum_j((FC_stimulus_ij - FC_spot_ij)^2)); diagonal excluded
13,12,lPO,25,Tel,1.5972895725725633,1.8731356340626673,50,557,557,sqrt(sum_j((FC_stimulus_ij - FC_spot_ij)^2)); diagonal excluded
13,12,lSP,28,Tel,1.3712731940440057,2.4481126434492055,50,988,988,sqrt(sum_j((FC_stimulus_ij - FC_spot_ij)^2)); diagonal excluded
13,12,rP,58,Tel,1.6274838194004198,1.4401712505375448,50,1354,1354,sqrt(sum_j((FC_stimulus_ij - FC_spot_ij)^2)); diagonal excluded
13,12,rPO,61,Tel,1.5828504374539252,1.672585163390809,50,624,624,sqrt(sum_j((FC_stimulus_ij - FC_spot_ij)^2)); diagonal excluded
13,12,rSP,64,Tel,0.8449219250677052,1.7895951057200408,50,1066,1066,sqrt(sum_j((FC_stimulus_ij - FC_spot_ij)^2)); diagonal excluded
13,12,lHb,16,Di,2.3676084202295034,2.2657461774995316,50,556,556,sqrt(sum_j((FC_stimulus_ij - FC_spot_ij)^2)); diagonal excluded
13,12,lPT,24,Di,0.4045887279983318,2.45158967296353,50,420,420,sqrt(sum_j((FC_stimulus_ij - FC_spot_ij)^2)); diagonal excluded
13,12,lPrT,26,Di,-0.760839251044076,2.2880648684757205,50,541,541,sqrt(sum_j((FC_stimulus_ij - FC_spot_ij)^2)); diagonal excluded
13,12,lTh,30,Di,-0.27932436463978083,1.7614171994880936,50,901,901,sqrt(sum_j((FC_stimulus_ij - FC_spot_ij)^2)); diagonal excluded
13,12,rHb,52,Di,1.269284446459516,1.6760207535797367,50,466,466,sqrt(sum_j((FC_stimulus_ij - FC_spot_ij)^2)); diagonal excluded
13,12,rPT,60,Di,0.6955220273189893,2.9014054178852198,50,499,499,sqrt(sum_j((FC_stimulus_ij - FC_spot_ij)^2)); diagonal excluded
13,12,rPrT,62,Di,-0.8729101402526896,1.9797479638966655,50,493,493,sqrt(sum_j((FC_stimulus_ij - FC_spot_ij)^2)); diagonal excluded
13,12,rTh,66,Di,0.12267948011021526,1.611150831313851,50,1300,1300,sqrt(sum_j((FC_stimulus_ij - FC_spot_ij)^2)); diagonal excluded
13,12,lTS,32,Mes,-0.038289558822681,1.7024238273423988,50,118,118,sqrt(sum_j((FC_stimulus_ij - FC_spot_ij)^2)); diagonal excluded
13,12,lTeO,29,Mes,-0.22102994971595435,2.1183432893953764,50,7514,7514,sqrt(sum_j((FC_stimulus_ij - FC_spot_ij)^2)); diagonal excluded
13,12,rTS,68,Mes,-0.0707917864782934,1.680076459479312,50,144,144,sqrt(sum_j((FC_stimulus_ij - FC_spot_ij)^2)); diagonal excluded
13,12,rTeO,65,Mes,-0.9360345644680327,2.8720089461585077,50,7228,7228,sqrt(sum_j((FC_stimulus_ij - FC_spot_ij)^2)); diagonal excluded
13,12,lCb,1,Hind,-0.23156409707923123,2.2246226224608128,50,1875,1875,sqrt(sum_j((FC_stimulus_ij - FC_spot_ij)^2)); diagonal excluded
13,12,lMON,0,Hind,-0.1885718314625819,1.9605760996784396,50,1012,1012,sqrt(sum_j((FC_stimulus_ij - FC_spot_ij)^2)); diagonal excluded
13,12,lMOS1,2,Hind,0.20229532589358945,2.605300128391793,50,1217,1217,sqrt(sum_j((FC_stimulus_ij - FC_spot_ij)^2)); diagonal excluded
13,12,lMOS2,3,Hind,-0.007147165310974443,2.4507999216353458,50,627,627,sqrt(sum_j((FC_stimulus_ij - FC_spot_ij)^2)); diagonal excluded
13,12,lMOS3,4,Hind,-0.5280442068802194,2.4992181332649817,50,1262,1262,sqrt(sum_j((FC_stimulus_ij - FC_spot_ij)^2)); diagonal excluded
13,12,lMOS4,5,Hind,0.1781221791123736,2.7499617126200477,50,967,967,sqrt(sum_j((FC_stimulus_ij - FC_spot_ij)^2)); diagonal excluded
13,12,lMOS5,6,Hind,0.07904857777849517,1.9772882597695633,50,1257,1257,sqrt(sum_j((FC_stimulus_ij - FC_spot_ij)^2)); diagonal excluded
13,12,lNX,35,Hind,0.5159242026090447,3.3179350309189735,50,340,340,sqrt(sum_j((FC_stimulus_ij - FC_spot_ij)^2)); diagonal excluded
13,12,lRa,10,Hind,-0.07359117253107073,3.443156542730575,50,382,382,sqrt(sum_j((FC_stimulus_ij - FC_spot_ij)^2)); diagonal excluded
13,12,lT,11,Hind,-0.7772193815657938,2.16501041746584,50,1384,1384,sqrt(sum_j((FC_stimulus_ij - FC_spot_ij)^2)); diagonal excluded
13,12,laRF,12,Hind,-0.564318946902863,2.3968511616632746,50,603,603,sqrt(sum_j((FC_stimulus_ij - FC_spot_ij)^2)); diagonal excluded
13,12,limRF,13,Hind,-1.4314709184810288,2.402960974198067,50,814,814,sqrt(sum_j((FC_stimulus_ij - FC_spot_ij)^2)); diagonal excluded
13,12,lpRF,14,Hind,-0.6214145198808102,2.5524713263019385,50,953,953,sqrt(sum_j((FC_stimulus_ij - FC_spot_ij)^2)); diagonal excluded
13,12,rCb,37,Hind,-0.5336652505464933,3.5294706624957617,50,1969,1969,sqrt(sum_j((FC_stimulus_ij - FC_spot_ij)^2)); diagonal excluded
13,12,rMON,36,Hind,-0.20825183989935483,1.902114327881032,50,1179,1179,sqrt(sum_j((FC_stimulus_ij - FC_spot_ij)^2)); diagonal excluded
13,12,rMOS1,38,Hind,0.16364639867929043,3.565133870661924,50,1455,1455,sqrt(sum_j((FC_stimulus_ij - FC_spot_ij)^2)); diagonal excluded
13,12,rMOS2,39,Hind,0.8422349936180663,2.520701155574482,50,648,648,sqrt(sum_j((FC_stimulus_ij - FC_spot_ij)^2)); diagonal excluded
13,12,rMOS3,40,Hind,-0.5651363701456422,2.6187486088801117,50,1513,1513,sqrt(sum_j((FC_stimulus_ij - FC_spot_ij)^2)); diagonal excluded
13,12,rMOS4,41,Hind,0.12590502818072719,2.993419542358124,50,1291,1291,sqrt(sum_j((FC_stimulus_ij - FC_spot_ij)^2)); diagonal excluded
13,12,rMOS5,42,Hind,0.14031625821006288,1.9534405963313526,50,1685,1685,sqrt(sum_j((FC_stimulus_ij - FC_spot_ij)^2)); diagonal excluded
13,12,rNX,71,Hind,-0.6893400895121092,3.2259177861218804,50,449,449,sqrt(sum_j((FC_stimulus_ij - FC_spot_ij)^2)); diagonal excluded
13,12,rRa,46,Hind,-0.7676411283127857,3.8284755254554974,50,231,231,sqrt(sum_j((FC_stimulus_ij - FC_spot_ij)^2)); diagonal excluded
13,12,rT,47,Hind,-1.0407411074881572,2.6538523148436814,50,1382,1382,sqrt(sum_j((FC_stimulus_ij - FC_spot_ij)^2)); diagonal excluded
13,12,raRF,48,Hind,-0.6631233902290617,2.156542587381813,50,704,704,sqrt(sum_j((FC_stimulus_ij - FC_spot_ij)^2)); diagonal excluded
13,12,rimRF,49,Hind,-1.54619502907132,1.9344126471597007,50,777,777,sqrt(sum_j((FC_stimulus_ij - FC_spot_ij)^2)); diagonal excluded
13,12,rpRF,50,Hind,0.10367599956677641,1.8422269349984164,50,1043,1043,sqrt(sum_j((FC_stimulus_ij - FC_spot_ij)^2)); diagonal excluded
14,0,lOB,20,Tel,0.8396904821626903,2.4178667195297456,21,192,192,sqrt(sum_j((FC_stimulus_ij - FC_spot_ij)^2)); diagonal excluded
14,0,lP,22,Tel,1.231407127758574,5.210430365207988,21,1221,1221,sqrt(sum_j((FC_stimulus_ij - FC_spot_ij)^2)); diagonal excluded
14,0,lPO,25,Tel,1.5972895725725633,4.493225644408189,21,631,631,sqrt(sum_j((FC_stimulus_ij - FC_spot_ij)^2)); diagonal excluded
14,0,lSP,28,Tel,1.3712731940440057,5.913893957622842,21,1001,1001,sqrt(sum_j((FC_stimulus_ij - FC_spot_ij)^2)); diagonal excluded
14,0,rP,58,Tel,1.6274838194004198,5.110467329159074,21,1123,1123,sqrt(sum_j((FC_stimulus_ij - FC_spot_ij)^2)); diagonal excluded
14,0,rPO,61,Tel,1.5828504374539252,4.281026853621433,21,624,624,sqrt(sum_j((FC_stimulus_ij - FC_spot_ij)^2)); diagonal excluded
14,0,rSP,64,Tel,0.8449219250677052,5.834900583497922,21,895,895,sqrt(sum_j((FC_stimulus_ij - FC_spot_ij)^2)); diagonal excluded
14,0,lHb,16,Di,2.3676084202295034,4.92883988003044,21,532,532,sqrt(sum_j((FC_stimulus_ij - FC_spot_ij)^2)); diagonal excluded
14,0,lPT,24,Di,0.4045887279983318,4.210075831481759,21,437,437,sqrt(sum_j((FC_stimulus_ij - FC_spot_ij)^2)); diagonal excluded
14,0,lPrT,26,Di,-0.760839251044076,2.7813445350779116,21,652,652,sqrt(sum_j((FC_stimulus_ij - FC_spot_ij)^2)); diagonal excluded
14,0,lTh,30,Di,-0.27932436463978083,3.3072775729595523,21,1209,1209,sqrt(sum_j((FC_stimulus_ij - FC_spot_ij)^2)); diagonal excluded
14,0,rHb,52,Di,1.269284446459516,3.0753018058015793,21,452,452,sqrt(sum_j((FC_stimulus_ij - FC_spot_ij)^2)); diagonal excluded
14,0,rPT,60,Di,0.6955220273189893,3.3855435833496212,21,435,435,sqrt(sum_j((FC_stimulus_ij - FC_spot_ij)^2)); diagonal excluded
14,0,rPrT,62,Di,-0.8729101402526896,2.7765291140442914,21,624,624,sqrt(sum_j((FC_stimulus_ij - FC_spot_ij)^2)); diagonal excluded
14,0,rTh,66,Di,0.12267948011021526,2.828681492271917,21,1386,1386,sqrt(sum_j((FC_stimulus_ij - FC_spot_ij)^2)); diagonal excluded
14,0,lTS,32,Mes,-0.038289558822681,3.3632357533608457,21,251,251,sqrt(sum_j((FC_stimulus_ij - FC_spot_ij)^2)); diagonal excluded
14,0,lTeO,29,Mes,-0.22102994971595435,4.416277503801795,21,7219,7219,sqrt(sum_j((FC_stimulus_ij - FC_spot_ij)^2)); diagonal excluded
14,0,rTS,68,Mes,-0.0707917864782934,2.2827236123827435,21,203,203,sqrt(sum_j((FC_stimulus_ij - FC_spot_ij)^2)); diagonal excluded
14,0,rTeO,65,Mes,-0.9360345644680327,2.5290900317843117,21,6806,6806,sqrt(sum_j((FC_stimulus_ij - FC_spot_ij)^2)); diagonal excluded
14,0,lCb,1,Hind,-0.23156409707923123,5.144087770064399,21,1873,1873,sqrt(sum_j((FC_stimulus_ij - FC_spot_ij)^2)); diagonal excluded
14,0,lMON,0,Hind,-0.1885718314625819,4.784427842546801,21,1151,1151,sqrt(sum_j((FC_stimulus_ij - FC_spot_ij)^2)); diagonal excluded
14,0,lMOS1,2,Hind,0.20229532589358945,4.573908227722628,21,1898,1898,sqrt(sum_j((FC_stimulus_ij - FC_spot_ij)^2)); diagonal excluded
14,0,lMOS2,3,Hind,-0.007147165310974443,3.613260419857679,21,1068,1068,sqrt(sum_j((FC_stimulus_ij - FC_spot_ij)^2)); diagonal excluded
14,0,lMOS3,4,Hind,-0.5280442068802194,4.944962101032868,21,1413,1413,sqrt(sum_j((FC_stimulus_ij - FC_spot_ij)^2)); diagonal excluded
14,0,lMOS4,5,Hind,0.1781221791123736,6.40670934961632,21,1173,1173,sqrt(sum_j((FC_stimulus_ij - FC_spot_ij)^2)); diagonal excluded
14,0,lMOS5,6,Hind,0.07904857777849517,7.259704342935075,21,1380,1380,sqrt(sum_j((FC_stimulus_ij - FC_spot_ij)^2)); diagonal excluded
14,0,lNX,35,Hind,0.5159242026090447,4.092415209210255,21,653,653,sqrt(sum_j((FC_stimulus_ij - FC_spot_ij)^2)); diagonal excluded
14,0,lRa,10,Hind,-0.07359117253107073,3.2320898825793267,21,636,636,sqrt(sum_j((FC_stimulus_ij - FC_spot_ij)^2)); diagonal excluded
14,0,lT,11,Hind,-0.7772193815657938,4.36655555777652,21,1553,1553,sqrt(sum_j((FC_stimulus_ij - FC_spot_ij)^2)); diagonal excluded
14,0,laRF,12,Hind,-0.564318946902863,3.2715530360793537,21,405,405,sqrt(sum_j((FC_stimulus_ij - FC_spot_ij)^2)); diagonal excluded
14,0,limRF,13,Hind,-1.4314709184810288,3.136776461771839,21,606,606,sqrt(sum_j((FC_stimulus_ij - FC_spot_ij)^2)); diagonal excluded
14,0,lpRF,14,Hind,-0.6214145198808102,3.525238128150317,21,745,745,sqrt(sum_j((FC_stimulus_ij - FC_spot_ij)^2)); diagonal excluded
14,0,rCb,37,Hind,-0.5336652505464933,3.2181464969774853,21,1784,1784,sqrt(sum_j((FC_stimulus_ij - FC_spot_ij)^2)); diagonal excluded
14,0,rMON,36,Hind,-0.20825183989935483,3.6406734432112495,21,1275,1275,sqrt(sum_j((FC_stimulus_ij - FC_spot_ij)^2)); diagonal excluded
14,0,rMOS1,38,Hind,0.16364639867929043,3.6726042480050345,21,1923,1923,sqrt(sum_j((FC_stimulus_ij - FC_spot_ij)^2)); diagonal excluded
14,0,rMOS2,39,Hind,0.8422349936180663,4.00889734434838,21,913,913,sqrt(sum_j((FC_stimulus_ij - FC_spot_ij)^2)); diagonal excluded
14,0,rMOS3,40,Hind,-0.5651363701456422,2.9821268439799966,21,1490,1490,sqrt(sum_j((FC_stimulus_ij - FC_spot_ij)^2)); diagonal excluded
14,0,rMOS4,41,Hind,0.12590502818072719,4.201546837065019,21,1294,1294,sqrt(sum_j((FC_stimulus_ij - FC_spot_ij)^2)); diagonal excluded
14,0,rMOS5,42,Hind,0.14031625821006288,3.6083924845945825,21,1831,1831,sqrt(sum_j((FC_stimulus_ij - FC_spot_ij)^2)); diagonal excluded
14,0,rNX,71,Hind,-0.6893400895121092,3.2293305420985052,21,781,781,sqrt(sum_j((FC_stimulus_ij - FC_spot_ij)^2)); diagonal excluded
14,0,rRa,46,Hind,-0.7676411283127857,2.546965718611095,21,379,379,sqrt(sum_j((FC_stimulus_ij - FC_spot_ij)^2)); diagonal excluded
14,0,rT,47,Hind,-1.0407411074881572,3.137919282970344,21,1615,1615,sqrt(sum_j((FC_stimulus_ij - FC_spot_ij)^2)); diagonal excluded
14,0,raRF,48,Hind,-0.6631233902290617,3.077649671297089,21,457,457,sqrt(sum_j((FC_stimulus_ij - FC_spot_ij)^2)); diagonal excluded
14,0,rimRF,49,Hind,-1.54619502907132,3.902027375738754,21,664,664,sqrt(sum_j((FC_stimulus_ij - FC_spot_ij)^2)); diagonal excluded
14,0,rpRF,50,Hind,0.10367599956677641,3.691348549589205,21,947,947,sqrt(sum_j((FC_stimulus_ij - FC_spot_ij)^2)); diagonal excluded
14,3,lOB,20,Tel,0.8396904821626903,0.7049051416070782,669,192,192,sqrt(sum_j((FC_stimulus_ij - FC_spot_ij)^2)); diagonal excluded
14,3,lP,22,Tel,1.231407127758574,0.8560095709748394,669,1221,1221,sqrt(sum_j((FC_stimulus_ij - FC_spot_ij)^2)); diagonal excluded
14,3,lPO,25,Tel,1.5972895725725633,0.6546962840397548,669,631,631,sqrt(sum_j((FC_stimulus_ij - FC_spot_ij)^2)); diagonal excluded
14,3,lSP,28,Tel,1.3712731940440057,0.8717332361167374,669,1001,1001,sqrt(sum_j((FC_stimulus_ij - FC_spot_ij)^2)); diagonal excluded
14,3,rP,58,Tel,1.6274838194004198,0.7018710974830956,669,1123,1123,sqrt(sum_j((FC_stimulus_ij - FC_spot_ij)^2)); diagonal excluded
14,3,rPO,61,Tel,1.5828504374539252,0.5938731764469243,669,624,624,sqrt(sum_j((FC_stimulus_ij - FC_spot_ij)^2)); diagonal excluded
14,3,rSP,64,Tel,0.8449219250677052,0.9950369345595026,669,895,895,sqrt(sum_j((FC_stimulus_ij - FC_spot_ij)^2)); diagonal excluded
14,3,lHb,16,Di,2.3676084202295034,0.6425344945893379,669,532,532,sqrt(sum_j((FC_stimulus_ij - FC_spot_ij)^2)); diagonal excluded
14,3,lPT,24,Di,0.4045887279983318,0.6173407768652032,669,437,437,sqrt(sum_j((FC_stimulus_ij - FC_spot_ij)^2)); diagonal excluded
14,3,lPrT,26,Di,-0.760839251044076,0.8271066839504945,669,652,652,sqrt(sum_j((FC_stimulus_ij - FC_spot_ij)^2)); diagonal excluded
14,3,lTh,30,Di,-0.27932436463978083,0.6607217763749131,669,1209,1209,sqrt(sum_j((FC_stimulus_ij - FC_spot_ij)^2)); diagonal excluded
14,3,rHb,52,Di,1.269284446459516,1.8753125274406839,669,452,452,sqrt(sum_j((FC_stimulus_ij - FC_spot_ij)^2)); diagonal excluded
14,3,rPT,60,Di,0.6955220273189893,0.5512785621775019,669,435,435,sqrt(sum_j((FC_stimulus_ij - FC_spot_ij)^2)); diagonal excluded
14,3,rPrT,62,Di,-0.8729101402526896,0.802017588814158,669,624,624,sqrt(sum_j((FC_stimulus_ij - FC_spot_ij)^2)); diagonal excluded
14,3,rTh,66,Di,0.12267948011021526,0.6307383195310531,669,1386,1386,sqrt(sum_j((FC_stimulus_ij - FC_spot_ij)^2)); diagonal excluded
14,3,lTS,32,Mes,-0.038289558822681,1.287183583145613,669,251,251,sqrt(sum_j((FC_stimulus_ij - FC_spot_ij)^2)); diagonal excluded
14,3,lTeO,29,Mes,-0.22102994971595435,0.5777037169949519,669,7219,7219,sqrt(sum_j((FC_stimulus_ij - FC_spot_ij)^2)); diagonal excluded
14,3,rTS,68,Mes,-0.0707917864782934,0.9264498470501925,669,203,203,sqrt(sum_j((FC_stimulus_ij - FC_spot_ij)^2)); diagonal excluded
14,3,rTeO,65,Mes,-0.9360345644680327,0.8879440034751301,669,6806,6806,sqrt(sum_j((FC_stimulus_ij - FC_spot_ij)^2)); diagonal excluded
14,3,lCb,1,Hind,-0.23156409707923123,0.504951717004135,669,1873,1873,sqrt(sum_j((FC_stimulus_ij - FC_spot_ij)^2)); diagonal excluded
14,3,lMON,0,Hind,-0.1885718314625819,1.2223292852516927,669,1151,1151,sqrt(sum_j((FC_stimulus_ij - FC_spot_ij)^2)); diagonal excluded
14,3,lMOS1,2,Hind,0.20229532589358945,0.8857702568012352,669,1898,1898,sqrt(sum_j((FC_stimulus_ij - FC_spot_ij)^2)); diagonal excluded
14,3,lMOS2,3,Hind,-0.007147165310974443,0.8924058581357469,669,1068,1068,sqrt(sum_j((FC_stimulus_ij - FC_spot_ij)^2)); diagonal excluded
14,3,lMOS3,4,Hind,-0.5280442068802194,0.9632236230843694,669,1413,1413,sqrt(sum_j((FC_stimulus_ij - FC_spot_ij)^2)); diagonal excluded
14,3,lMOS4,5,Hind,0.1781221791123736,0.954973030322159,669,1173,1173,sqrt(sum_j((FC_stimulus_ij - FC_spot_ij)^2)); diagonal excluded
14,3,lMOS5,6,Hind,0.07904857777849517,0.8016642098557074,669,1380,1380,sqrt(sum_j((FC_stimulus_ij - FC_spot_ij)^2)); diagonal excluded
14,3,lNX,35,Hind,0.5159242026090447,0.6765762457768496,669,653,653,sqrt(sum_j((FC_stimulus_ij - FC_spot_ij)^2)); diagonal excluded
14,3,lRa,10,Hind,-0.07359117253107073,0.7675232347576888,669,636,636,sqrt(sum_j((FC_stimulus_ij - FC_spot_ij)^2)); diagonal excluded
14,3,lT,11,Hind,-0.7772193815657938,0.9494702783783366,669,1553,1553,sqrt(sum_j((FC_stimulus_ij - FC_spot_ij)^2)); diagonal excluded
14,3,laRF,12,Hind,-0.564318946902863,0.8973321110076014,669,405,405,sqrt(sum_j((FC_stimulus_ij - FC_spot_ij)^2)); diagonal excluded
14,3,limRF,13,Hind,-1.4314709184810288,0.9814296610839277,669,606,606,sqrt(sum_j((FC_stimulus_ij - FC_spot_ij)^2)); diagonal excluded
14,3,lpRF,14,Hind,-0.6214145198808102,0.9094737275484773,669,745,745,sqrt(sum_j((FC_stimulus_ij - FC_spot_ij)^2)); diagonal excluded
14,3,rCb,37,Hind,-0.5336652505464933,0.9071654288028684,669,1784,1784,sqrt(sum_j((FC_stimulus_ij - FC_spot_ij)^2)); diagonal excluded
14,3,rMON,36,Hind,-0.20825183989935483,0.808465773859499,669,1275,1275,sqrt(sum_j((FC_stimulus_ij - FC_spot_ij)^2)); diagonal excluded
14,3,rMOS1,38,Hind,0.16364639867929043,0.7521762420272897,669,1923,1923,sqrt(sum_j((FC_stimulus_ij - FC_spot_ij)^2)); diagonal excluded
14,3,rMOS2,39,Hind,0.8422349936180663,0.8343799773157288,669,913,913,sqrt(sum_j((FC_stimulus_ij - FC_spot_ij)^2)); diagonal excluded
14,3,rMOS3,40,Hind,-0.5651363701456422,0.794449422940518,669,1490,1490,sqrt(sum_j((FC_stimulus_ij - FC_spot_ij)^2)); diagonal excluded
14,3,rMOS4,41,Hind,0.12590502818072719,0.5526464928981091,669,1294,1294,sqrt(sum_j((FC_stimulus_ij - FC_spot_ij)^2)); diagonal excluded
14,3,rMOS5,42,Hind,0.14031625821006288,0.5016755653385855,669,1831,1831,sqrt(sum_j((FC_stimulus_ij - FC_spot_ij)^2)); diagonal excluded
14,3,rNX,71,Hind,-0.6893400895121092,1.1713914921826678,669,781,781,sqrt(sum_j((FC_stimulus_ij - FC_spot_ij)^2)); diagonal excluded
14,3,rRa,46,Hind,-0.7676411283127857,1.180274024564725,669,379,379,sqrt(sum_j((FC_stimulus_ij - FC_spot_ij)^2)); diagonal excluded
14,3,rT,47,Hind,-1.0407411074881572,0.8704715331819014,669,1615,1615,sqrt(sum_j((FC_stimulus_ij - FC_spot_ij)^2)); diagonal excluded
14,3,raRF,48,Hind,-0.6631233902290617,0.7341095108837353,669,457,457,sqrt(sum_j((FC_stimulus_ij - FC_spot_ij)^2)); diagonal excluded
14,3,rimRF,49,Hind,-1.54619502907132,0.6584753718707007,669,664,664,sqrt(sum_j((FC_stimulus_ij - FC_spot_ij)^2)); diagonal excluded
14,3,rpRF,50,Hind,0.10367599956677641,0.7358299288070992,669,947,947,sqrt(sum_j((FC_stimulus_ij - FC_spot_ij)^2)); diagonal excluded
14,9,lOB,20,Tel,0.8396904821626903,1.7905991145633333,25,192,192,sqrt(sum_j((FC_stimulus_ij - FC_spot_ij)^2)); diagonal excluded
14,9,lP,22,Tel,1.231407127758574,1.3516696870740403,25,1221,1221,sqrt(sum_j((FC_stimulus_ij - FC_spot_ij)^2)); diagonal excluded
14,9,lPO,25,Tel,1.5972895725725633,0.9958425734283245,25,631,631,sqrt(sum_j((FC_stimulus_ij - FC_spot_ij)^2)); diagonal excluded
14,9,lSP,28,Tel,1.3712731940440057,1.4664050154315964,25,1001,1001,sqrt(sum_j((FC_stimulus_ij - FC_spot_ij)^2)); diagonal excluded
14,9,rP,58,Tel,1.6274838194004198,1.4161804574776173,25,1123,1123,sqrt(sum_j((FC_stimulus_ij - FC_spot_ij)^2)); diagonal excluded
14,9,rPO,61,Tel,1.5828504374539252,1.1348308648895704,25,624,624,sqrt(sum_j((FC_stimulus_ij - FC_spot_ij)^2)); diagonal excluded
14,9,rSP,64,Tel,0.8449219250677052,1.3885402908221933,25,895,895,sqrt(sum_j((FC_stimulus_ij - FC_spot_ij)^2)); diagonal excluded
14,9,lHb,16,Di,2.3676084202295034,0.9637928751130582,25,532,532,sqrt(sum_j((FC_stimulus_ij - FC_spot_ij)^2)); diagonal excluded
14,9,lPT,24,Di,0.4045887279983318,1.1932634381959988,25,437,437,sqrt(sum_j((FC_stimulus_ij - FC_spot_ij)^2)); diagonal excluded
14,9,lPrT,26,Di,-0.760839251044076,1.103194047645206,25,652,652,sqrt(sum_j((FC_stimulus_ij - FC_spot_ij)^2)); diagonal excluded
14,9,lTh,30,Di,-0.27932436463978083,1.041483181839167,25,1209,1209,sqrt(sum_j((FC_stimulus_ij - FC_spot_ij)^2)); diagonal excluded
14,9,rHb,52,Di,1.269284446459516,2.628486093775393,25,452,452,sqrt(sum_j((FC_stimulus_ij - FC_spot_ij)^2)); diagonal excluded
14,9,rPT,60,Di,0.6955220273189893,0.9919566207323703,25,435,435,sqrt(sum_j((FC_stimulus_ij - FC_spot_ij)^2)); diagonal excluded
14,9,rPrT,62,Di,-0.8729101402526896,0.9893545438778524,25,624,624,sqrt(sum_j((FC_stimulus_ij - FC_spot_ij)^2)); diagonal excluded
14,9,rTh,66,Di,0.12267948011021526,1.350922509616053,25,1386,1386,sqrt(sum_j((FC_stimulus_ij - FC_spot_ij)^2)); diagonal excluded
14,9,lTS,32,Mes,-0.038289558822681,1.5292220770186684,25,251,251,sqrt(sum_j((FC_stimulus_ij - FC_spot_ij)^2)); diagonal excluded
14,9,lTeO,29,Mes,-0.22102994971595435,0.8935453473763099,25,7219,7219,sqrt(sum_j((FC_stimulus_ij - FC_spot_ij)^2)); diagonal excluded
14,9,rTS,68,Mes,-0.0707917864782934,2.085495795385551,25,203,203,sqrt(sum_j((FC_stimulus_ij - FC_spot_ij)^2)); diagonal excluded
14,9,rTeO,65,Mes,-0.9360345644680327,1.4250657965594626,25,6806,6806,sqrt(sum_j((FC_stimulus_ij - FC_spot_ij)^2)); diagonal excluded
14,9,lCb,1,Hind,-0.23156409707923123,1.0883992436522394,25,1873,1873,sqrt(sum_j((FC_stimulus_ij - FC_spot_ij)^2)); diagonal excluded
14,9,lMON,0,Hind,-0.1885718314625819,1.361230813455548,25,1151,1151,sqrt(sum_j((FC_stimulus_ij - FC_spot_ij)^2)); diagonal excluded
14,9,lMOS1,2,Hind,0.20229532589358945,1.282257009787975,25,1898,1898,sqrt(sum_j((FC_stimulus_ij - FC_spot_ij)^2)); diagonal excluded
14,9,lMOS2,3,Hind,-0.007147165310974443,1.5509247385059397,25,1068,1068,sqrt(sum_j((FC_stimulus_ij - FC_spot_ij)^2)); diagonal excluded
14,9,lMOS3,4,Hind,-0.5280442068802194,1.6070074110461279,25,1413,1413,sqrt(sum_j((FC_stimulus_ij - FC_spot_ij)^2)); diagonal excluded
14,9,lMOS4,5,Hind,0.1781221791123736,1.349163934654081,25,1173,1173,sqrt(sum_j((FC_stimulus_ij - FC_spot_ij)^2)); diagonal excluded
14,9,lMOS5,6,Hind,0.07904857777849517,1.6430918942217447,25,1380,1380,sqrt(sum_j((FC_stimulus_ij - FC_spot_ij)^2)); diagonal excluded
14,9,lNX,35,Hind,0.5159242026090447,1.3046764568837672,25,653,653,sqrt(sum_j((FC_stimulus_ij - FC_spot_ij)^2)); diagonal excluded
14,9,lRa,10,Hind,-0.07359117253107073,1.4682350572270597,25,636,636,sqrt(sum_j((FC_stimulus_ij - FC_spot_ij)^2)); diagonal excluded
14,9,lT,11,Hind,-0.7772193815657938,1.4296881526723306,25,1553,1553,sqrt(sum_j((FC_stimulus_ij - FC_spot_ij)^2)); diagonal excluded
14,9,laRF,12,Hind,-0.564318946902863,3.4208912806412584,25,405,405,sqrt(sum_j((FC_stimulus_ij - FC_spot_ij)^2)); diagonal excluded
14,9,limRF,13,Hind,-1.4314709184810288,1.3681038740356541,25,606,606,sqrt(sum_j((FC_stimulus_ij - FC_spot_ij)^2)); diagonal excluded
14,9,lpRF,14,Hind,-0.6214145198808102,1.438489871212117,25,745,745,sqrt(sum_j((FC_stimulus_ij - FC_spot_ij)^2)); diagonal excluded
14,9,rCb,37,Hind,-0.5336652505464933,1.6539097443904436,25,1784,1784,sqrt(sum_j((FC_stimulus_ij - FC_spot_ij)^2)); diagonal excluded
14,9,rMON,36,Hind,-0.20825183989935483,1.4513343256432334,25,1275,1275,sqrt(sum_j((FC_stimulus_ij - FC_spot_ij)^2)); diagonal excluded
14,9,rMOS1,38,Hind,0.16364639867929043,1.0611412563073344,25,1923,1923,sqrt(sum_j((FC_stimulus_ij - FC_spot_ij)^2)); diagonal excluded
14,9,rMOS2,39,Hind,0.8422349936180663,1.1379715499558134,25,913,913,sqrt(sum_j((FC_stimulus_ij - FC_spot_ij)^2)); diagonal excluded
14,9,rMOS3,40,Hind,-0.5651363701456422,0.9530840285062573,25,1490,1490,sqrt(sum_j((FC_stimulus_ij - FC_spot_ij)^2)); diagonal excluded
14,9,rMOS4,41,Hind,0.12590502818072719,1.2646785559461748,25,1294,1294,sqrt(sum_j((FC_stimulus_ij - FC_spot_ij)^2)); diagonal excluded
14,9,rMOS5,42,Hind,0.14031625821006288,1.423350779004853,25,1831,1831,sqrt(sum_j((FC_stimulus_ij - FC_spot_ij)^2)); diagonal excluded
14,9,rNX,71,Hind,-0.6893400895121092,1.4469437030163097,25,781,781,sqrt(sum_j((FC_stimulus_ij - FC_spot_ij)^2)); diagonal excluded
14,9,rRa,46,Hind,-0.7676411283127857,1.2729217318307235,25,379,379,sqrt(sum_j((FC_stimulus_ij - FC_spot_ij)^2)); diagonal excluded
14,9,rT,47,Hind,-1.0407411074881572,1.1886633543434855,25,1615,1615,sqrt(sum_j((FC_stimulus_ij - FC_spot_ij)^2)); diagonal excluded
14,9,raRF,48,Hind,-0.6631233902290617,0.9823840279221884,25,457,457,sqrt(sum_j((FC_stimulus_ij - FC_spot_ij)^2)); diagonal excluded
14,9,rimRF,49,Hind,-1.54619502907132,1.3205733632340684,25,664,664,sqrt(sum_j((FC_stimulus_ij - FC_spot_ij)^2)); diagonal excluded
14,9,rpRF,50,Hind,0.10367599956677641,1.0426136984857903,25,947,947,sqrt(sum_j((FC_stimulus_ij - FC_spot_ij)^2)); diagonal excluded
14,10,lOB,20,Tel,0.8396904821626903,1.2224776327303877,25,192,192,sqrt(sum_j((FC_stimulus_ij - FC_spot_ij)^2)); diagonal excluded
14,10,lP,22,Tel,1.231407127758574,0.8034567576977597,25,1221,1221,sqrt(sum_j((FC_stimulus_ij - FC_spot_ij)^2)); diagonal excluded
14,10,lPO,25,Tel,1.5972895725725633,1.2160685275426748,25,631,631,sqrt(sum_j((FC_stimulus_ij - FC_spot_ij)^2)); diagonal excluded
14,10,lSP,28,Tel,1.3712731940440057,1.7196366843842041,25,1001,1001,sqrt(sum_j((FC_stimulus_ij - FC_spot_ij)^2)); diagonal excluded
14,10,rP,58,Tel,1.6274838194004198,0.7230834272983617,25,1123,1123,sqrt(sum_j((FC_stimulus_ij - FC_spot_ij)^2)); diagonal excluded
14,10,rPO,61,Tel,1.5828504374539252,1.764664167943431,25,624,624,sqrt(sum_j((FC_stimulus_ij - FC_spot_ij)^2)); diagonal excluded
14,10,rSP,64,Tel,0.8449219250677052,1.270962760146649,25,895,895,sqrt(sum_j((FC_stimulus_ij - FC_spot_ij)^2)); diagonal excluded
14,10,lHb,16,Di,2.3676084202295034,1.522054675108451,25,532,532,sqrt(sum_j((FC_stimulus_ij - FC_spot_ij)^2)); diagonal excluded
14,10,lPT,24,Di,0.4045887279983318,0.963035281806292,25,437,437,sqrt(sum_j((FC_stimulus_ij - FC_spot_ij)^2)); diagonal excluded
14,10,lPrT,26,Di,-0.760839251044076,1.2462395642168678,25,652,652,sqrt(sum_j((FC_stimulus_ij - FC_spot_ij)^2)); diagonal excluded
14,10,lTh,30,Di,-0.27932436463978083,0.7774945467465856,25,1209,1209,sqrt(sum_j((FC_stimulus_ij - FC_spot_ij)^2)); diagonal excluded
14,10,rHb,52,Di,1.269284446459516,2.876864980477463,25,452,452,sqrt(sum_j((FC_stimulus_ij - FC_spot_ij)^2)); diagonal excluded
14,10,rPT,60,Di,0.6955220273189893,0.9732646673628743,25,435,435,sqrt(sum_j((FC_stimulus_ij - FC_spot_ij)^2)); diagonal excluded
14,10,rPrT,62,Di,-0.8729101402526896,0.9975530795085789,25,624,624,sqrt(sum_j((FC_stimulus_ij - FC_spot_ij)^2)); diagonal excluded
14,10,rTh,66,Di,0.12267948011021526,1.0588433276019165,25,1386,1386,sqrt(sum_j((FC_stimulus_ij - FC_spot_ij)^2)); diagonal excluded
14,10,lTS,32,Mes,-0.038289558822681,2.220434535248149,25,251,251,sqrt(sum_j((FC_stimulus_ij - FC_spot_ij)^2)); diagonal excluded
14,10,lTeO,29,Mes,-0.22102994971595435,1.0151297688234535,25,7219,7219,sqrt(sum_j((FC_stimulus_ij - FC_spot_ij)^2)); diagonal excluded
14,10,rTS,68,Mes,-0.0707917864782934,1.2350115394389078,25,203,203,sqrt(sum_j((FC_stimulus_ij - FC_spot_ij)^2)); diagonal excluded
14,10,rTeO,65,Mes,-0.9360345644680327,0.9690565848891582,25,6806,6806,sqrt(sum_j((FC_stimulus_ij - FC_spot_ij)^2)); diagonal excluded
14,10,lCb,1,Hind,-0.23156409707923123,0.9970509541604257,25,1873,1873,sqrt(sum_j((FC_stimulus_ij - FC_spot_ij)^2)); diagonal excluded
14,10,lMON,0,Hind,-0.1885718314625819,2.7453655168276865,25,1151,1151,sqrt(sum_j((FC_stimulus_ij - FC_spot_ij)^2)); diagonal excluded
14,10,lMOS1,2,Hind,0.20229532589358945,1.291848416426498,25,1898,1898,sqrt(sum_j((FC_stimulus_ij - FC_spot_ij)^2)); diagonal excluded
14,10,lMOS2,3,Hind,-0.007147165310974443,1.429030946788166,25,1068,1068,sqrt(sum_j((FC_stimulus_ij - FC_spot_ij)^2)); diagonal excluded
14,10,lMOS3,4,Hind,-0.5280442068802194,1.2621125018709736,25,1413,1413,sqrt(sum_j((FC_stimulus_ij - FC_spot_ij)^2)); diagonal excluded
14,10,lMOS4,5,Hind,0.1781221791123736,1.197440199488716,25,1173,1173,sqrt(sum_j((FC_stimulus_ij - FC_spot_ij)^2)); diagonal excluded
14,10,lMOS5,6,Hind,0.07904857777849517,1.3672256569278258,25,1380,1380,sqrt(sum_j((FC_stimulus_ij - FC_spot_ij)^2)); diagonal excluded
14,10,lNX,35,Hind,0.5159242026090447,1.747941834244674,25,653,653,sqrt(sum_j((FC_stimulus_ij - FC_spot_ij)^2)); diagonal excluded
14,10,lRa,10,Hind,-0.07359117253107073,0.88214387541372,25,636,636,sqrt(sum_j((FC_stimulus_ij - FC_spot_ij)^2)); diagonal excluded
14,10,lT,11,Hind,-0.7772193815657938,1.3681868383062603,25,1553,1553,sqrt(sum_j((FC_stimulus_ij - FC_spot_ij)^2)); diagonal excluded
14,10,laRF,12,Hind,-0.564318946902863,1.305745453228285,25,405,405,sqrt(sum_j((FC_stimulus_ij - FC_spot_ij)^2)); diagonal excluded
14,10,limRF,13,Hind,-1.4314709184810288,1.228795982303727,25,606,606,sqrt(sum_j((FC_stimulus_ij - FC_spot_ij)^2)); diagonal excluded
14,10,lpRF,14,Hind,-0.6214145198808102,1.3570675574046607,25,745,745,sqrt(sum_j((FC_stimulus_ij - FC_spot_ij)^2)); diagonal excluded
14,10,rCb,37,Hind,-0.5336652505464933,0.9634193460504692,25,1784,1784,sqrt(sum_j((FC_stimulus_ij - FC_spot_ij)^2)); diagonal excluded
14,10,rMON,36,Hind,-0.20825183989935483,2.6821713132558966,25,1275,1275,sqrt(sum_j((FC_stimulus_ij - FC_spot_ij)^2)); diagonal excluded
14,10,rMOS1,38,Hind,0.16364639867929043,1.185001104981128,25,1923,1923,sqrt(sum_j((FC_stimulus_ij - FC_spot_ij)^2)); diagonal excluded
14,10,rMOS2,39,Hind,0.8422349936180663,1.3556663856501263,25,913,913,sqrt(sum_j((FC_stimulus_ij - FC_spot_ij)^2)); diagonal excluded
14,10,rMOS3,40,Hind,-0.5651363701456422,0.9975212011209029,25,1490,1490,sqrt(sum_j((FC_stimulus_ij - FC_spot_ij)^2)); diagonal excluded
14,10,rMOS4,41,Hind,0.12590502818072719,0.9674099104534147,25,1294,1294,sqrt(sum_j((FC_stimulus_ij - FC_spot_ij)^2)); diagonal excluded
14,10,rMOS5,42,Hind,0.14031625821006288,1.3496107957194954,25,1831,1831,sqrt(sum_j((FC_stimulus_ij - FC_spot_ij)^2)); diagonal excluded
14,10,rNX,71,Hind,-0.6893400895121092,1.9660356282725195,25,781,781,sqrt(sum_j((FC_stimulus_ij - FC_spot_ij)^2)); diagonal excluded
14,10,rRa,46,Hind,-0.7676411283127857,0.8629768987339704,25,379,379,sqrt(sum_j((FC_stimulus_ij - FC_spot_ij)^2)); diagonal excluded
14,10,rT,47,Hind,-1.0407411074881572,1.375803590548181,25,1615,1615,sqrt(sum_j((FC_stimulus_ij - FC_spot_ij)^2)); diagonal excluded
14,10,raRF,48,Hind,-0.6631233902290617,1.2599711039195873,25,457,457,sqrt(sum_j((FC_stimulus_ij - FC_spot_ij)^2)); diagonal excluded
14,10,rimRF,49,Hind,-1.54619502907132,1.0739595289623909,25,664,664,sqrt(sum_j((FC_stimulus_ij - FC_spot_ij)^2)); diagonal excluded
14,10,rpRF,50,Hind,0.10367599956677641,1.0900306498842036,25,947,947,sqrt(sum_j((FC_stimulus_ij - FC_spot_ij)^2)); diagonal excluded
14,11,lOB,20,Tel,0.8396904821626903,1.6201411464070783,25,192,192,sqrt(sum_j((FC_stimulus_ij - FC_spot_ij)^2)); diagonal excluded
14,11,lP,22,Tel,1.231407127758574,1.9060925804705238,25,1221,1221,sqrt(sum_j((FC_stimulus_ij - FC_spot_ij)^2)); diagonal excluded
14,11,lPO,25,Tel,1.5972895725725633,1.508289488443054,25,631,631,sqrt(sum_j((FC_stimulus_ij - FC_spot_ij)^2)); diagonal excluded
14,11,lSP,28,Tel,1.3712731940440057,1.9630104885435613,25,1001,1001,sqrt(sum_j((FC_stimulus_ij - FC_spot_ij)^2)); diagonal excluded
14,11,rP,58,Tel,1.6274838194004198,2.528679582360794,25,1123,1123,sqrt(sum_j((FC_stimulus_ij - FC_spot_ij)^2)); diagonal excluded
14,11,rPO,61,Tel,1.5828504374539252,1.5198772410197008,25,624,624,sqrt(sum_j((FC_stimulus_ij - FC_spot_ij)^2)); diagonal excluded
14,11,rSP,64,Tel,0.8449219250677052,2.1476042802681454,25,895,895,sqrt(sum_j((FC_stimulus_ij - FC_spot_ij)^2)); diagonal excluded
14,11,lHb,16,Di,2.3676084202295034,1.3019342561893554,25,532,532,sqrt(sum_j((FC_stimulus_ij - FC_spot_ij)^2)); diagonal excluded
14,11,lPT,24,Di,0.4045887279983318,1.1903824896268194,25,437,437,sqrt(sum_j((FC_stimulus_ij - FC_spot_ij)^2)); diagonal excluded
14,11,lPrT,26,Di,-0.760839251044076,1.2428593311742655,25,652,652,sqrt(sum_j((FC_stimulus_ij - FC_spot_ij)^2)); diagonal excluded
14,11,lTh,30,Di,-0.27932436463978083,1.1342492991127466,25,1209,1209,sqrt(sum_j((FC_stimulus_ij - FC_spot_ij)^2)); diagonal excluded
14,11,rHb,52,Di,1.269284446459516,1.4818185921527265,25,452,452,sqrt(sum_j((FC_stimulus_ij - FC_spot_ij)^2)); diagonal excluded
14,11,rPT,60,Di,0.6955220273189893,1.0491697674839975,25,435,435,sqrt(sum_j((FC_stimulus_ij - FC_spot_ij)^2)); diagonal excluded
14,11,rPrT,62,Di,-0.8729101402526896,1.3964724441025973,25,624,624,sqrt(sum_j((FC_stimulus_ij - FC_spot_ij)^2)); diagonal excluded
14,11,rTh,66,Di,0.12267948011021526,1.0108955853603436,25,1386,1386,sqrt(sum_j((FC_stimulus_ij - FC_spot_ij)^2)); diagonal excluded
14,11,lTS,32,Mes,-0.038289558822681,1.4956254311527921,25,251,251,sqrt(sum_j((FC_stimulus_ij - FC_spot_ij)^2)); diagonal excluded
14,11,lTeO,29,Mes,-0.22102994971595435,2.57767409864707,25,7219,7219,sqrt(sum_j((FC_stimulus_ij - FC_spot_ij)^2)); diagonal excluded
14,11,rTS,68,Mes,-0.0707917864782934,2.102247259779942,25,203,203,sqrt(sum_j((FC_stimulus_ij - FC_spot_ij)^2)); diagonal excluded
14,11,rTeO,65,Mes,-0.9360345644680327,1.604973583007205,25,6806,6806,sqrt(sum_j((FC_stimulus_ij - FC_spot_ij)^2)); diagonal excluded
14,11,lCb,1,Hind,-0.23156409707923123,2.698441044766325,25,1873,1873,sqrt(sum_j((FC_stimulus_ij - FC_spot_ij)^2)); diagonal excluded
14,11,lMON,0,Hind,-0.1885718314625819,3.083041941326439,25,1151,1151,sqrt(sum_j((FC_stimulus_ij - FC_spot_ij)^2)); diagonal excluded
14,11,lMOS1,2,Hind,0.20229532589358945,1.299537454849044,25,1898,1898,sqrt(sum_j((FC_stimulus_ij - FC_spot_ij)^2)); diagonal excluded
14,11,lMOS2,3,Hind,-0.007147165310974443,1.0386559307824441,25,1068,1068,sqrt(sum_j((FC_stimulus_ij - FC_spot_ij)^2)); diagonal excluded
14,11,lMOS3,4,Hind,-0.5280442068802194,1.12870930046333,25,1413,1413,sqrt(sum_j((FC_stimulus_ij - FC_spot_ij)^2)); diagonal excluded
14,11,lMOS4,5,Hind,0.1781221791123736,1.0751452141386373,25,1173,1173,sqrt(sum_j((FC_stimulus_ij - FC_spot_ij)^2)); diagonal excluded
14,11,lMOS5,6,Hind,0.07904857777849517,2.1498558540168404,25,1380,1380,sqrt(sum_j((FC_stimulus_ij - FC_spot_ij)^2)); diagonal excluded
14,11,lNX,35,Hind,0.5159242026090447,1.227140209235368,25,653,653,sqrt(sum_j((FC_stimulus_ij - FC_spot_ij)^2)); diagonal excluded
14,11,lRa,10,Hind,-0.07359117253107073,1.9031028040059674,25,636,636,sqrt(sum_j((FC_stimulus_ij - FC_spot_ij)^2)); diagonal excluded
14,11,lT,11,Hind,-0.7772193815657938,1.1775826724740746,25,1553,1553,sqrt(sum_j((FC_stimulus_ij - FC_spot_ij)^2)); diagonal excluded
14,11,laRF,12,Hind,-0.564318946902863,2.252189928094031,25,405,405,sqrt(sum_j((FC_stimulus_ij - FC_spot_ij)^2)); diagonal excluded
14,11,limRF,13,Hind,-1.4314709184810288,1.1063431080653001,25,606,606,sqrt(sum_j((FC_stimulus_ij - FC_spot_ij)^2)); diagonal excluded
14,11,lpRF,14,Hind,-0.6214145198808102,1.4953481513210536,25,745,745,sqrt(sum_j((FC_stimulus_ij - FC_spot_ij)^2)); diagonal excluded
14,11,rCb,37,Hind,-0.5336652505464933,1.5827936645736462,25,1784,1784,sqrt(sum_j((FC_stimulus_ij - FC_spot_ij)^2)); diagonal excluded
14,11,rMON,36,Hind,-0.20825183989935483,2.2219992838211526,25,1275,1275,sqrt(sum_j((FC_stimulus_ij - FC_spot_ij)^2)); diagonal excluded
14,11,rMOS1,38,Hind,0.16364639867929043,1.9096252623874526,25,1923,1923,sqrt(sum_j((FC_stimulus_ij - FC_spot_ij)^2)); diagonal excluded
14,11,rMOS2,39,Hind,0.8422349936180663,1.478787824310996,25,913,913,sqrt(sum_j((FC_stimulus_ij - FC_spot_ij)^2)); diagonal excluded
14,11,rMOS3,40,Hind,-0.5651363701456422,1.94930556540676,25,1490,1490,sqrt(sum_j((FC_stimulus_ij - FC_spot_ij)^2)); diagonal excluded
14,11,rMOS4,41,Hind,0.12590502818072719,0.9879185828037408,25,1294,1294,sqrt(sum_j((FC_stimulus_ij - FC_spot_ij)^2)); diagonal excluded
14,11,rMOS5,42,Hind,0.14031625821006288,1.1538112469496782,25,1831,1831,sqrt(sum_j((FC_stimulus_ij - FC_spot_ij)^2)); diagonal excluded
14,11,rNX,71,Hind,-0.6893400895121092,1.526910769995573,25,781,781,sqrt(sum_j((FC_stimulus_ij - FC_spot_ij)^2)); diagonal excluded
14,11,rRa,46,Hind,-0.7676411283127857,1.2190392458025048,25,379,379,sqrt(sum_j((FC_stimulus_ij - FC_spot_ij)^2)); diagonal excluded
14,11,rT,47,Hind,-1.0407411074881572,1.3060802454399867,25,1615,1615,sqrt(sum_j((FC_stimulus_ij - FC_spot_ij)^2)); diagonal excluded
14,11,raRF,48,Hind,-0.6631233902290617,1.6135244825867372,25,457,457,sqrt(sum_j((FC_stimulus_ij - FC_spot_ij)^2)); diagonal excluded
14,11,rimRF,49,Hind,-1.54619502907132,1.141666120887197,25,664,664,sqrt(sum_j((FC_stimulus_ij - FC_spot_ij)^2)); diagonal excluded
14,11,rpRF,50,Hind,0.10367599956677641,1.3839037270502148,25,947,947,sqrt(sum_j((FC_stimulus_ij - FC_spot_ij)^2)); diagonal excluded
14,12,lOB,20,Tel,0.8396904821626903,1.257928317454562,25,192,192,sqrt(sum_j((FC_stimulus_ij - FC_spot_ij)^2)); diagonal excluded
14,12,lP,22,Tel,1.231407127758574,1.5479669137562044,25,1221,1221,sqrt(sum_j((FC_stimulus_ij - FC_spot_ij)^2)); diagonal excluded
14,12,lPO,25,Tel,1.5972895725725633,1.1268135618651065,25,631,631,sqrt(sum_j((FC_stimulus_ij - FC_spot_ij)^2)); diagonal excluded
14,12,lSP,28,Tel,1.3712731940440057,1.4668322955976951,25,1001,1001,sqrt(sum_j((FC_stimulus_ij - FC_spot_ij)^2)); diagonal excluded
14,12,rP,58,Tel,1.6274838194004198,1.5966687078687314,25,1123,1123,sqrt(sum_j((FC_stimulus_ij - FC_spot_ij)^2)); diagonal excluded
14,12,rPO,61,Tel,1.5828504374539252,1.6801692548453615,25,624,624,sqrt(sum_j((FC_stimulus_ij - FC_spot_ij)^2)); diagonal excluded
14,12,rSP,64,Tel,0.8449219250677052,1.060933143964973,25,895,895,sqrt(sum_j((FC_stimulus_ij - FC_spot_ij)^2)); diagonal excluded
14,12,lHb,16,Di,2.3676084202295034,0.9900181604325855,25,532,532,sqrt(sum_j((FC_stimulus_ij - FC_spot_ij)^2)); diagonal excluded
14,12,lPT,24,Di,0.4045887279983318,1.7034647037307473,25,437,437,sqrt(sum_j((FC_stimulus_ij - FC_spot_ij)^2)); diagonal excluded
14,12,lPrT,26,Di,-0.760839251044076,1.6292639618906959,25,652,652,sqrt(sum_j((FC_stimulus_ij - FC_spot_ij)^2)); diagonal excluded
14,12,lTh,30,Di,-0.27932436463978083,1.1752627492695666,25,1209,1209,sqrt(sum_j((FC_stimulus_ij - FC_spot_ij)^2)); diagonal excluded
14,12,rHb,52,Di,1.269284446459516,1.5230818788887304,25,452,452,sqrt(sum_j((FC_stimulus_ij - FC_spot_ij)^2)); diagonal excluded
14,12,rPT,60,Di,0.6955220273189893,1.1967527227635741,25,435,435,sqrt(sum_j((FC_stimulus_ij - FC_spot_ij)^2)); diagonal excluded
14,12,rPrT,62,Di,-0.8729101402526896,1.5711457742916342,25,624,624,sqrt(sum_j((FC_stimulus_ij - FC_spot_ij)^2)); diagonal excluded
14,12,rTh,66,Di,0.12267948011021526,1.1543848035896107,25,1386,1386,sqrt(sum_j((FC_stimulus_ij - FC_spot_ij)^2)); diagonal excluded
14,12,lTS,32,Mes,-0.038289558822681,1.8493972248751236,25,251,251,sqrt(sum_j((FC_stimulus_ij - FC_spot_ij)^2)); diagonal excluded
14,12,lTeO,29,Mes,-0.22102994971595435,1.0380119008716078,25,7219,7219,sqrt(sum_j((FC_stimulus_ij - FC_spot_ij)^2)); diagonal excluded
14,12,rTS,68,Mes,-0.0707917864782934,1.6238994600605683,25,203,203,sqrt(sum_j((FC_stimulus_ij - FC_spot_ij)^2)); diagonal excluded
14,12,rTeO,65,Mes,-0.9360345644680327,1.195217451778208,25,6806,6806,sqrt(sum_j((FC_stimulus_ij - FC_spot_ij)^2)); diagonal excluded
14,12,lCb,1,Hind,-0.23156409707923123,1.8723607244332459,25,1873,1873,sqrt(sum_j((FC_stimulus_ij - FC_spot_ij)^2)); diagonal excluded
14,12,lMON,0,Hind,-0.1885718314625819,1.632839202760907,25,1151,1151,sqrt(sum_j((FC_stimulus_ij - FC_spot_ij)^2)); diagonal excluded
14,12,lMOS1,2,Hind,0.20229532589358945,2.113223573754337,25,1898,1898,sqrt(sum_j((FC_stimulus_ij - FC_spot_ij)^2)); diagonal excluded
14,12,lMOS2,3,Hind,-0.007147165310974443,1.6990602427114514,25,1068,1068,sqrt(sum_j((FC_stimulus_ij - FC_spot_ij)^2)); diagonal excluded
14,12,lMOS3,4,Hind,-0.5280442068802194,2.1063203505444097,25,1413,1413,sqrt(sum_j((FC_stimulus_ij - FC_spot_ij)^2)); diagonal excluded
14,12,lMOS4,5,Hind,0.1781221791123736,1.50729263152194,25,1173,1173,sqrt(sum_j((FC_stimulus_ij - FC_spot_ij)^2)); diagonal excluded
14,12,lMOS5,6,Hind,0.07904857777849517,1.772470883650948,25,1380,1380,sqrt(sum_j((FC_stimulus_ij - FC_spot_ij)^2)); diagonal excluded
14,12,lNX,35,Hind,0.5159242026090447,1.5505050377820686,25,653,653,sqrt(sum_j((FC_stimulus_ij - FC_spot_ij)^2)); diagonal excluded
14,12,lRa,10,Hind,-0.07359117253107073,1.5914303858679524,25,636,636,sqrt(sum_j((FC_stimulus_ij - FC_spot_ij)^2)); diagonal excluded
14,12,lT,11,Hind,-0.7772193815657938,2.021034491242037,25,1553,1553,sqrt(sum_j((FC_stimulus_ij - FC_spot_ij)^2)); diagonal excluded
14,12,laRF,12,Hind,-0.564318946902863,2.12258255895297,25,405,405,sqrt(sum_j((FC_stimulus_ij - FC_spot_ij)^2)); diagonal excluded
14,12,limRF,13,Hind,-1.4314709184810288,1.6644623451768308,25,606,606,sqrt(sum_j((FC_stimulus_ij - FC_spot_ij)^2)); diagonal excluded
14,12,lpRF,14,Hind,-0.6214145198808102,1.7381404618501048,25,745,745,sqrt(sum_j((FC_stimulus_ij - FC_spot_ij)^2)); diagonal excluded
14,12,rCb,37,Hind,-0.5336652505464933,2.6181102968980654,25,1784,1784,sqrt(sum_j((FC_stimulus_ij - FC_spot_ij)^2)); diagonal excluded
14,12,rMON,36,Hind,-0.20825183989935483,1.6252879272280571,25,1275,1275,sqrt(sum_j((FC_stimulus_ij - FC_spot_ij)^2)); diagonal excluded
14,12,rMOS1,38,Hind,0.16364639867929043,1.7645612840891498,25,1923,1923,sqrt(sum_j((FC_stimulus_ij - FC_spot_ij)^2)); diagonal excluded
14,12,rMOS2,39,Hind,0.8422349936180663,2.8127136390367466,25,913,913,sqrt(sum_j((FC_stimulus_ij - FC_spot_ij)^2)); diagonal excluded
14,12,rMOS3,40,Hind,-0.5651363701456422,2.119975161773796,25,1490,1490,sqrt(sum_j((FC_stimulus_ij - FC_spot_ij)^2)); diagonal excluded
14,12,rMOS4,41,Hind,0.12590502818072719,1.233627636356426,25,1294,1294,sqrt(sum_j((FC_stimulus_ij - FC_spot_ij)^2)); diagonal excluded
14,12,rMOS5,42,Hind,0.14031625821006288,1.4445376727705403,25,1831,1831,sqrt(sum_j((FC_stimulus_ij - FC_spot_ij)^2)); diagonal excluded
14,12,rNX,71,Hind,-0.6893400895121092,1.9345748790429562,25,781,781,sqrt(sum_j((FC_stimulus_ij - FC_spot_ij)^2)); diagonal excluded
14,12,rRa,46,Hind,-0.7676411283127857,3.1296653399806775,25,379,379,sqrt(sum_j((FC_stimulus_ij - FC_spot_ij)^2)); diagonal excluded
14,12,rT,47,Hind,-1.0407411074881572,1.4549822874327822,25,1615,1615,sqrt(sum_j((FC_stimulus_ij - FC_spot_ij)^2)); diagonal excluded
14,12,raRF,48,Hind,-0.6631233902290617,2.5679242755504244,25,457,457,sqrt(sum_j((FC_stimulus_ij - FC_spot_ij)^2)); diagonal excluded
14,12,rimRF,49,Hind,-1.54619502907132,1.4896381478759069,25,664,664,sqrt(sum_j((FC_stimulus_ij - FC_spot_ij)^2)); diagonal excluded
14,12,rpRF,50,Hind,0.10367599956677641,3.67501787079059,25,947,947,sqrt(sum_j((FC_stimulus_ij - FC_spot_ij)^2)); diagonal excluded
15,3,lOB,20,Tel,0.8396904821626903,0.563612839547936,406,26,26,sqrt(sum_j((FC_stimulus_ij - FC_spot_ij)^2)); diagonal excluded
15,3,lP,22,Tel,1.231407127758574,1.449488273033285,406,697,697,sqrt(sum_j((FC_stimulus_ij - FC_spot_ij)^2)); diagonal excluded
15,3,lPO,25,Tel,1.5972895725725633,1.1053527781276544,406,419,419,sqrt(sum_j((FC_stimulus_ij - FC_spot_ij)^2)); diagonal excluded
15,3,lSP,28,Tel,1.3712731940440057,0.8188582933557549,406,545,545,sqrt(sum_j((FC_stimulus_ij - FC_spot_ij)^2)); diagonal excluded
15,3,rP,58,Tel,1.6274838194004198,0.9994156415577272,406,706,706,sqrt(sum_j((FC_stimulus_ij - FC_spot_ij)^2)); diagonal excluded
15,3,rPO,61,Tel,1.5828504374539252,0.8765608991468383,406,372,372,sqrt(sum_j((FC_stimulus_ij - FC_spot_ij)^2)); diagonal excluded
15,3,rSP,64,Tel,0.8449219250677052,1.121796521008385,406,515,515,sqrt(sum_j((FC_stimulus_ij - FC_spot_ij)^2)); diagonal excluded
15,3,lHb,16,Di,2.3676084202295034,1.0149302461220717,406,170,170,sqrt(sum_j((FC_stimulus_ij - FC_spot_ij)^2)); diagonal excluded
15,3,lPT,24,Di,0.4045887279983318,1.601532984086202,406,345,345,sqrt(sum_j((FC_stimulus_ij - FC_spot_ij)^2)); diagonal excluded
15,3,lPrT,26,Di,-0.760839251044076,0.9891602310586525,406,349,349,sqrt(sum_j((FC_stimulus_ij - FC_spot_ij)^2)); diagonal excluded
15,3,lTh,30,Di,-0.27932436463978083,0.9244964673189356,406,1008,1008,sqrt(sum_j((FC_stimulus_ij - FC_spot_ij)^2)); diagonal excluded
15,3,rHb,52,Di,1.269284446459516,1.6366662583462008,406,198,198,sqrt(sum_j((FC_stimulus_ij - FC_spot_ij)^2)); diagonal excluded
15,3,rPT,60,Di,0.6955220273189893,1.2324309317501692,406,352,352,sqrt(sum_j((FC_stimulus_ij - FC_spot_ij)^2)); diagonal excluded
15,3,rPrT,62,Di,-0.8729101402526896,0.9285287840758356,406,406,406,sqrt(sum_j((FC_stimulus_ij - FC_spot_ij)^2)); diagonal excluded
15,3,rTh,66,Di,0.12267948011021526,0.9482651344437983,406,1027,1027,sqrt(sum_j((FC_stimulus_ij - FC_spot_ij)^2)); diagonal excluded
15,3,lTS,32,Mes,-0.038289558822681,2.2147400907055306,406,62,62,sqrt(sum_j((FC_stimulus_ij - FC_spot_ij)^2)); diagonal excluded
15,3,lTeO,29,Mes,-0.22102994971595435,2.1534011670737416,406,4238,4238,sqrt(sum_j((FC_stimulus_ij - FC_spot_ij)^2)); diagonal excluded
15,3,rTS,68,Mes,-0.0707917864782934,0.9193967858160139,406,91,91,sqrt(sum_j((FC_stimulus_ij - FC_spot_ij)^2)); diagonal excluded
15,3,rTeO,65,Mes,-0.9360345644680327,0.9270486459735122,406,4463,4463,sqrt(sum_j((FC_stimulus_ij - FC_spot_ij)^2)); diagonal excluded
15,3,lCb,1,Hind,-0.23156409707923123,0.9815859887483848,406,1485,1485,sqrt(sum_j((FC_stimulus_ij - FC_spot_ij)^2)); diagonal excluded
15,3,lMON,0,Hind,-0.1885718314625819,0.8114420062562886,406,898,898,sqrt(sum_j((FC_stimulus_ij - FC_spot_ij)^2)); diagonal excluded
15,3,lMOS1,2,Hind,0.20229532589358945,0.9531167281489086,406,1366,1366,sqrt(sum_j((FC_stimulus_ij - FC_spot_ij)^2)); diagonal excluded
15,3,lMOS2,3,Hind,-0.007147165310974443,1.0248538985667255,406,534,534,sqrt(sum_j((FC_stimulus_ij - FC_spot_ij)^2)); diagonal excluded
15,3,lMOS3,4,Hind,-0.5280442068802194,1.2824235370081227,406,1243,1243,sqrt(sum_j((FC_stimulus_ij - FC_spot_ij)^2)); diagonal excluded
15,3,lMOS4,5,Hind,0.1781221791123736,0.9471170797433058,406,944,944,sqrt(sum_j((FC_stimulus_ij - FC_spot_ij)^2)); diagonal excluded
15,3,lMOS5,6,Hind,0.07904857777849517,0.7799046771923082,406,1131,1131,sqrt(sum_j((FC_stimulus_ij - FC_spot_ij)^2)); diagonal excluded
15,3,lNX,35,Hind,0.5159242026090447,0.7669455316209218,406,442,442,sqrt(sum_j((FC_stimulus_ij - FC_spot_ij)^2)); diagonal excluded
15,3,lRa,10,Hind,-0.07359117253107073,2.3810069504055895,406,332,332,sqrt(sum_j((FC_stimulus_ij - FC_spot_ij)^2)); diagonal excluded
15,3,lT,11,Hind,-0.7772193815657938,0.8856910447759048,406,604,604,sqrt(sum_j((FC_stimulus_ij - FC_spot_ij)^2)); diagonal excluded
15,3,laRF,12,Hind,-0.564318946902863,1.0724817833081424,406,421,421,sqrt(sum_j((FC_stimulus_ij - FC_spot_ij)^2)); diagonal excluded
15,3,limRF,13,Hind,-1.4314709184810288,0.8047108889328113,406,596,596,sqrt(sum_j((FC_stimulus_ij - FC_spot_ij)^2)); diagonal excluded
15,3,lpRF,14,Hind,-0.6214145198808102,0.836834663796457,406,762,762,sqrt(sum_j((FC_stimulus_ij - FC_spot_ij)^2)); diagonal excluded
15,3,rCb,37,Hind,-0.5336652505464933,1.1336874490442246,406,1679,1679,sqrt(sum_j((FC_stimulus_ij - FC_spot_ij)^2)); diagonal excluded
15,3,rMON,36,Hind,-0.20825183989935483,1.1216065284497396,406,1007,1007,sqrt(sum_j((FC_stimulus_ij - FC_spot_ij)^2)); diagonal excluded
15,3,rMOS1,38,Hind,0.16364639867929043,1.1866354381107398,406,1276,1276,sqrt(sum_j((FC_stimulus_ij - FC_spot_ij)^2)); diagonal excluded
15,3,rMOS2,39,Hind,0.8422349936180663,0.8833471342912163,406,543,543,sqrt(sum_j((FC_stimulus_ij - FC_spot_ij)^2)); diagonal excluded
15,3,rMOS3,40,Hind,-0.5651363701456422,1.8716327438734395,406,1298,1298,sqrt(sum_j((FC_stimulus_ij - FC_spot_ij)^2)); diagonal excluded
15,3,rMOS4,41,Hind,0.12590502818072719,0.9234766953530102,406,1101,1101,sqrt(sum_j((FC_stimulus_ij - FC_spot_ij)^2)); diagonal excluded
15,3,rMOS5,42,Hind,0.14031625821006288,0.8254697156448509,406,1356,1356,sqrt(sum_j((FC_stimulus_ij - FC_spot_ij)^2)); diagonal excluded
15,3,rNX,71,Hind,-0.6893400895121092,0.7637078689927967,406,822,822,sqrt(sum_j((FC_stimulus_ij - FC_spot_ij)^2)); diagonal excluded
15,3,rRa,46,Hind,-0.7676411283127857,1.048818668087618,406,204,204,sqrt(sum_j((FC_stimulus_ij - FC_spot_ij)^2)); diagonal excluded
15,3,rT,47,Hind,-1.0407411074881572,0.9525029482902084,406,876,876,sqrt(sum_j((FC_stimulus_ij - FC_spot_ij)^2)); diagonal excluded
15,3,raRF,48,Hind,-0.6631233902290617,1.0144142822368205,406,545,545,sqrt(sum_j((FC_stimulus_ij - FC_spot_ij)^2)); diagonal excluded
15,3,rimRF,49,Hind,-1.54619502907132,0.9530082781572211,406,633,633,sqrt(sum_j((FC_stimulus_ij - FC_spot_ij)^2)); diagonal excluded
15,3,rpRF,50,Hind,0.10367599956677641,1.2122295965930938,406,861,861,sqrt(sum_j((FC_stimulus_ij - FC_spot_ij)^2)); diagonal excluded
15,9,lOB,20,Tel,0.8396904821626903,0.7388847434734029,240,26,26,sqrt(sum_j((FC_stimulus_ij - FC_spot_ij)^2)); diagonal excluded
15,9,lP,22,Tel,1.231407127758574,1.5427408404423586,240,697,697,sqrt(sum_j((FC_stimulus_ij - FC_spot_ij)^2)); diagonal excluded
15,9,lPO,25,Tel,1.5972895725725633,2.541591511977059,240,419,419,sqrt(sum_j((FC_stimulus_ij - FC_spot_ij)^2)); diagonal excluded
15,9,lSP,28,Tel,1.3712731940440057,1.4164881456886718,240,545,545,sqrt(sum_j((FC_stimulus_ij - FC_spot_ij)^2)); diagonal excluded
15,9,rP,58,Tel,1.6274838194004198,1.1720128981580005,240,706,706,sqrt(sum_j((FC_stimulus_ij - FC_spot_ij)^2)); diagonal excluded
15,9,rPO,61,Tel,1.5828504374539252,1.7252304519057542,240,372,372,sqrt(sum_j((FC_stimulus_ij - FC_spot_ij)^2)); diagonal excluded
15,9,rSP,64,Tel,0.8449219250677052,1.6817755782400474,240,515,515,sqrt(sum_j((FC_stimulus_ij - FC_spot_ij)^2)); diagonal excluded
15,9,lHb,16,Di,2.3676084202295034,1.6500710921488004,240,170,170,sqrt(sum_j((FC_stimulus_ij - FC_spot_ij)^2)); diagonal excluded
15,9,lPT,24,Di,0.4045887279983318,1.8247133354522918,240,345,345,sqrt(sum_j((FC_stimulus_ij - FC_spot_ij)^2)); diagonal excluded
15,9,lPrT,26,Di,-0.760839251044076,1.5683136088346457,240,349,349,sqrt(sum_j((FC_stimulus_ij - FC_spot_ij)^2)); diagonal excluded
15,9,lTh,30,Di,-0.27932436463978083,1.439819591823317,240,1008,1008,sqrt(sum_j((FC_stimulus_ij - FC_spot_ij)^2)); diagonal excluded
15,9,rHb,52,Di,1.269284446459516,1.247310054460739,240,198,198,sqrt(sum_j((FC_stimulus_ij - FC_spot_ij)^2)); diagonal excluded
15,9,rPT,60,Di,0.6955220273189893,1.4156002333958524,240,352,352,sqrt(sum_j((FC_stimulus_ij - FC_spot_ij)^2)); diagonal excluded
15,9,rPrT,62,Di,-0.8729101402526896,1.2861693386467288,240,406,406,sqrt(sum_j((FC_stimulus_ij - FC_spot_ij)^2)); diagonal excluded
15,9,rTh,66,Di,0.12267948011021526,1.3238677513223496,240,1027,1027,sqrt(sum_j((FC_stimulus_ij - FC_spot_ij)^2)); diagonal excluded
15,9,lTS,32,Mes,-0.038289558822681,1.043531269664775,240,62,62,sqrt(sum_j((FC_stimulus_ij - FC_spot_ij)^2)); diagonal excluded
15,9,lTeO,29,Mes,-0.22102994971595435,1.7351391922372736,240,4238,4238,sqrt(sum_j((FC_stimulus_ij - FC_spot_ij)^2)); diagonal excluded
15,9,rTS,68,Mes,-0.0707917864782934,1.6558849046930406,240,91,91,sqrt(sum_j((FC_stimulus_ij - FC_spot_ij)^2)); diagonal excluded
15,9,rTeO,65,Mes,-0.9360345644680327,2.1451411061931376,240,4463,4463,sqrt(sum_j((FC_stimulus_ij - FC_spot_ij)^2)); diagonal excluded
15,9,lCb,1,Hind,-0.23156409707923123,1.1388950042451285,240,1485,1485,sqrt(sum_j((FC_stimulus_ij - FC_spot_ij)^2)); diagonal excluded
15,9,lMON,0,Hind,-0.1885718314625819,2.444946872316821,240,898,898,sqrt(sum_j((FC_stimulus_ij - FC_spot_ij)^2)); diagonal excluded
15,9,lMOS1,2,Hind,0.20229532589358945,1.2061425022555607,240,1366,1366,sqrt(sum_j((FC_stimulus_ij - FC_spot_ij)^2)); diagonal excluded
15,9,lMOS2,3,Hind,-0.007147165310974443,1.4936073138092973,240,534,534,sqrt(sum_j((FC_stimulus_ij - FC_spot_ij)^2)); diagonal excluded
15,9,lMOS3,4,Hind,-0.5280442068802194,1.3702926799521653,240,1243,1243,sqrt(sum_j((FC_stimulus_ij - FC_spot_ij)^2)); diagonal excluded
15,9,lMOS4,5,Hind,0.1781221791123736,1.2015626214953696,240,944,944,sqrt(sum_j((FC_stimulus_ij - FC_spot_ij)^2)); diagonal excluded
15,9,lMOS5,6,Hind,0.07904857777849517,0.9563334810975211,240,1131,1131,sqrt(sum_j((FC_stimulus_ij - FC_spot_ij)^2)); diagonal excluded
15,9,lNX,35,Hind,0.5159242026090447,1.3241998568483901,240,442,442,sqrt(sum_j((FC_stimulus_ij - FC_spot_ij)^2)); diagonal excluded
15,9,lRa,10,Hind,-0.07359117253107073,2.730327180836498,240,332,332,sqrt(sum_j((FC_stimulus_ij - FC_spot_ij)^2)); diagonal excluded
15,9,lT,11,Hind,-0.7772193815657938,1.2636090790083887,240,604,604,sqrt(sum_j((FC_stimulus_ij - FC_spot_ij)^2)); diagonal excluded
15,9,laRF,12,Hind,-0.564318946902863,1.1981384566480076,240,421,421,sqrt(sum_j((FC_stimulus_ij - FC_spot_ij)^2)); diagonal excluded
15,9,limRF,13,Hind,-1.4314709184810288,1.2568768511337611,240,596,596,sqrt(sum_j((FC_stimulus_ij - FC_spot_ij)^2)); diagonal excluded
15,9,lpRF,14,Hind,-0.6214145198808102,1.1529929828890342,240,762,762,sqrt(sum_j((FC_stimulus_ij - FC_spot_ij)^2)); diagonal excluded
15,9,rCb,37,Hind,-0.5336652505464933,1.6948972895970165,240,1679,1679,sqrt(sum_j((FC_stimulus_ij - FC_spot_ij)^2)); diagonal excluded
15,9,rMON,36,Hind,-0.20825183989935483,1.3488507701270935,240,1007,1007,sqrt(sum_j((FC_stimulus_ij - FC_spot_ij)^2)); diagonal excluded
15,9,rMOS1,38,Hind,0.16364639867929043,1.1878227193961777,240,1276,1276,sqrt(sum_j((FC_stimulus_ij - FC_spot_ij)^2)); diagonal excluded
15,9,rMOS2,39,Hind,0.8422349936180663,1.3269238556660696,240,543,543,sqrt(sum_j((FC_stimulus_ij - FC_spot_ij)^2)); diagonal excluded
15,9,rMOS3,40,Hind,-0.5651363701456422,1.1643837709661058,240,1298,1298,sqrt(sum_j((FC_stimulus_ij - FC_spot_ij)^2)); diagonal excluded
15,9,rMOS4,41,Hind,0.12590502818072719,1.1157749359163907,240,1101,1101,sqrt(sum_j((FC_stimulus_ij - FC_spot_ij)^2)); diagonal excluded
15,9,rMOS5,42,Hind,0.14031625821006288,1.7413105235006878,240,1356,1356,sqrt(sum_j((FC_stimulus_ij - FC_spot_ij)^2)); diagonal excluded
15,9,rNX,71,Hind,-0.6893400895121092,1.299565603747109,240,822,822,sqrt(sum_j((FC_stimulus_ij - FC_spot_ij)^2)); diagonal excluded
15,9,rRa,46,Hind,-0.7676411283127857,1.9805797916778605,240,204,204,sqrt(sum_j((FC_stimulus_ij - FC_spot_ij)^2)); diagonal excluded
15,9,rT,47,Hind,-1.0407411074881572,1.121677582514086,240,876,876,sqrt(sum_j((FC_stimulus_ij - FC_spot_ij)^2)); diagonal excluded
15,9,raRF,48,Hind,-0.6631233902290617,1.135174042373942,240,545,545,sqrt(sum_j((FC_stimulus_ij - FC_spot_ij)^2)); diagonal excluded
15,9,rimRF,49,Hind,-1.54619502907132,1.277242335463684,240,633,633,sqrt(sum_j((FC_stimulus_ij - FC_spot_ij)^2)); diagonal excluded
15,9,rpRF,50,Hind,0.10367599956677641,1.9299884988464555,240,861,861,sqrt(sum_j((FC_stimulus_ij - FC_spot_ij)^2)); diagonal excluded
15,10,lOB,20,Tel,0.8396904821626903,0.9272459581730227,282,26,26,sqrt(sum_j((FC_stimulus_ij - FC_spot_ij)^2)); diagonal excluded
15,10,lP,22,Tel,1.231407127758574,1.1579854611256757,282,697,697,sqrt(sum_j((FC_stimulus_ij - FC_spot_ij)^2)); diagonal excluded
15,10,lPO,25,Tel,1.5972895725725633,0.9887185394050305,282,419,419,sqrt(sum_j((FC_stimulus_ij - FC_spot_ij)^2)); diagonal excluded
15,10,lSP,28,Tel,1.3712731940440057,0.8614493492419119,282,545,545,sqrt(sum_j((FC_stimulus_ij - FC_spot_ij)^2)); diagonal excluded
15,10,rP,58,Tel,1.6274838194004198,0.9753935043893568,282,706,706,sqrt(sum_j((FC_stimulus_ij - FC_spot_ij)^2)); diagonal excluded
15,10,rPO,61,Tel,1.5828504374539252,0.8639301084646243,282,372,372,sqrt(sum_j((FC_stimulus_ij - FC_spot_ij)^2)); diagonal excluded
15,10,rSP,64,Tel,0.8449219250677052,0.7719325392468503,282,515,515,sqrt(sum_j((FC_stimulus_ij - FC_spot_ij)^2)); diagonal excluded
15,10,lHb,16,Di,2.3676084202295034,0.974883170702775,282,170,170,sqrt(sum_j((FC_stimulus_ij - FC_spot_ij)^2)); diagonal excluded
15,10,lPT,24,Di,0.4045887279983318,0.9959076705221314,282,345,345,sqrt(sum_j((FC_stimulus_ij - FC_spot_ij)^2)); diagonal excluded
15,10,lPrT,26,Di,-0.760839251044076,0.9072407561473121,282,349,349,sqrt(sum_j((FC_stimulus_ij - FC_spot_ij)^2)); diagonal excluded
15,10,lTh,30,Di,-0.27932436463978083,0.9550633825311015,282,1008,1008,sqrt(sum_j((FC_stimulus_ij - FC_spot_ij)^2)); diagonal excluded
15,10,rHb,52,Di,1.269284446459516,1.141978086677772,282,198,198,sqrt(sum_j((FC_stimulus_ij - FC_spot_ij)^2)); diagonal excluded
15,10,rPT,60,Di,0.6955220273189893,0.9342963396731025,282,352,352,sqrt(sum_j((FC_stimulus_ij - FC_spot_ij)^2)); diagonal excluded
15,10,rPrT,62,Di,-0.8729101402526896,1.0014775991203664,282,406,406,sqrt(sum_j((FC_stimulus_ij - FC_spot_ij)^2)); diagonal excluded
15,10,rTh,66,Di,0.12267948011021526,1.004899803531638,282,1027,1027,sqrt(sum_j((FC_stimulus_ij - FC_spot_ij)^2)); diagonal excluded
15,10,lTS,32,Mes,-0.038289558822681,2.3638548642708437,282,62,62,sqrt(sum_j((FC_stimulus_ij - FC_spot_ij)^2)); diagonal excluded
15,10,lTeO,29,Mes,-0.22102994971595435,1.058724849683668,282,4238,4238,sqrt(sum_j((FC_stimulus_ij - FC_spot_ij)^2)); diagonal excluded
15,10,rTS,68,Mes,-0.0707917864782934,1.1372794178044,282,91,91,sqrt(sum_j((FC_stimulus_ij - FC_spot_ij)^2)); diagonal excluded
15,10,rTeO,65,Mes,-0.9360345644680327,0.9673939283526557,282,4463,4463,sqrt(sum_j((FC_stimulus_ij - FC_spot_ij)^2)); diagonal excluded
15,10,lCb,1,Hind,-0.23156409707923123,1.1213902815082342,282,1485,1485,sqrt(sum_j((FC_stimulus_ij - FC_spot_ij)^2)); diagonal excluded
15,10,lMON,0,Hind,-0.1885718314625819,3.3801567470162417,282,898,898,sqrt(sum_j((FC_stimulus_ij - FC_spot_ij)^2)); diagonal excluded
15,10,lMOS1,2,Hind,0.20229532589358945,1.033359484079477,282,1366,1366,sqrt(sum_j((FC_stimulus_ij - FC_spot_ij)^2)); diagonal excluded
15,10,lMOS2,3,Hind,-0.007147165310974443,0.9855488424188833,282,534,534,sqrt(sum_j((FC_stimulus_ij - FC_spot_ij)^2)); diagonal excluded
15,10,lMOS3,4,Hind,-0.5280442068802194,1.0473166019529687,282,1243,1243,sqrt(sum_j((FC_stimulus_ij - FC_spot_ij)^2)); diagonal excluded
15,10,lMOS4,5,Hind,0.1781221791123736,1.0272428875218442,282,944,944,sqrt(sum_j((FC_stimulus_ij - FC_spot_ij)^2)); diagonal excluded
15,10,lMOS5,6,Hind,0.07904857777849517,1.1095173588410239,282,1131,1131,sqrt(sum_j((FC_stimulus_ij - FC_spot_ij)^2)); diagonal excluded
15,10,lNX,35,Hind,0.5159242026090447,0.929924351150802,282,442,442,sqrt(sum_j((FC_stimulus_ij - FC_spot_ij)^2)); diagonal excluded
15,10,lRa,10,Hind,-0.07359117253107073,0.9787929237171794,282,332,332,sqrt(sum_j((FC_stimulus_ij - FC_spot_ij)^2)); diagonal excluded
15,10,lT,11,Hind,-0.7772193815657938,1.0231297184708197,282,604,604,sqrt(sum_j((FC_stimulus_ij - FC_spot_ij)^2)); diagonal excluded
15,10,laRF,12,Hind,-0.564318946902863,1.1164748590837943,282,421,421,sqrt(sum_j((FC_stimulus_ij - FC_spot_ij)^2)); diagonal excluded
15,10,limRF,13,Hind,-1.4314709184810288,0.9667172364135161,282,596,596,sqrt(sum_j((FC_stimulus_ij - FC_spot_ij)^2)); diagonal excluded
15,10,lpRF,14,Hind,-0.6214145198808102,1.1113149371139375,282,762,762,sqrt(sum_j((FC_stimulus_ij - FC_spot_ij)^2)); diagonal excluded
15,10,rCb,37,Hind,-0.5336652505464933,1.158198654343694,282,1679,1679,sqrt(sum_j((FC_stimulus_ij - FC_spot_ij)^2)); diagonal excluded
15,10,rMON,36,Hind,-0.20825183989935483,3.459598252682288,282,1007,1007,sqrt(sum_j((FC_stimulus_ij - FC_spot_ij)^2)); diagonal excluded
15,10,rMOS1,38,Hind,0.16364639867929043,0.9293192253833056,282,1276,1276,sqrt(sum_j((FC_stimulus_ij - FC_spot_ij)^2)); diagonal excluded
15,10,rMOS2,39,Hind,0.8422349936180663,0.8869109699061651,282,543,543,sqrt(sum_j((FC_stimulus_ij - FC_spot_ij)^2)); diagonal excluded
15,10,rMOS3,40,Hind,-0.5651363701456422,1.0252682557206771,282,1298,1298,sqrt(sum_j((FC_stimulus_ij - FC_spot_ij)^2)); diagonal excluded
15,10,rMOS4,41,Hind,0.12590502818072719,0.9990687393867079,282,1101,1101,sqrt(sum_j((FC_stimulus_ij - FC_spot_ij)^2)); diagonal excluded
15,10,rMOS5,42,Hind,0.14031625821006288,1.1250110377116145,282,1356,1356,sqrt(sum_j((FC_stimulus_ij - FC_spot_ij)^2)); diagonal excluded
15,10,rNX,71,Hind,-0.6893400895121092,1.0138676159992253,282,822,822,sqrt(sum_j((FC_stimulus_ij - FC_spot_ij)^2)); diagonal excluded
15,10,rRa,46,Hind,-0.7676411283127857,0.9386655936063334,282,204,204,sqrt(sum_j((FC_stimulus_ij - FC_spot_ij)^2)); diagonal excluded
15,10,rT,47,Hind,-1.0407411074881572,1.104943259776724,282,876,876,sqrt(sum_j((FC_stimulus_ij - FC_spot_ij)^2)); diagonal excluded
15,10,raRF,48,Hind,-0.6631233902290617,1.0181542200367117,282,545,545,sqrt(sum_j((FC_stimulus_ij - FC_spot_ij)^2)); diagonal excluded
15,10,rimRF,49,Hind,-1.54619502907132,0.9069959673509411,282,633,633,sqrt(sum_j((FC_stimulus_ij - FC_spot_ij)^2)); diagonal excluded
15,10,rpRF,50,Hind,0.10367599956677641,0.9994483831791799,282,861,861,sqrt(sum_j((FC_stimulus_ij - FC_spot_ij)^2)); diagonal excluded
15,11,lOB,20,Tel,0.8396904821626903,1.2884136919628346,240,26,26,sqrt(sum_j((FC_stimulus_ij - FC_spot_ij)^2)); diagonal excluded
15,11,lP,22,Tel,1.231407127758574,4.508167106623058,240,697,697,sqrt(sum_j((FC_stimulus_ij - FC_spot_ij)^2)); diagonal excluded
15,11,lPO,25,Tel,1.5972895725725633,4.823119264053746,240,419,419,sqrt(sum_j((FC_stimulus_ij - FC_spot_ij)^2)); diagonal excluded
15,11,lSP,28,Tel,1.3712731940440057,3.5908189161782618,240,545,545,sqrt(sum_j((FC_stimulus_ij - FC_spot_ij)^2)); diagonal excluded
15,11,rP,58,Tel,1.6274838194004198,3.6708427919991937,240,706,706,sqrt(sum_j((FC_stimulus_ij - FC_spot_ij)^2)); diagonal excluded
15,11,rPO,61,Tel,1.5828504374539252,4.783734859932146,240,372,372,sqrt(sum_j((FC_stimulus_ij - FC_spot_ij)^2)); diagonal excluded
15,11,rSP,64,Tel,0.8449219250677052,3.639826939962479,240,515,515,sqrt(sum_j((FC_stimulus_ij - FC_spot_ij)^2)); diagonal excluded
15,11,lHb,16,Di,2.3676084202295034,3.387971530933578,240,170,170,sqrt(sum_j((FC_stimulus_ij - FC_spot_ij)^2)); diagonal excluded
15,11,lPT,24,Di,0.4045887279983318,3.7940718643873366,240,345,345,sqrt(sum_j((FC_stimulus_ij - FC_spot_ij)^2)); diagonal excluded
15,11,lPrT,26,Di,-0.760839251044076,3.9365466902283854,240,349,349,sqrt(sum_j((FC_stimulus_ij - FC_spot_ij)^2)); diagonal excluded
15,11,lTh,30,Di,-0.27932436463978083,3.6035735494088352,240,1008,1008,sqrt(sum_j((FC_stimulus_ij - FC_spot_ij)^2)); diagonal excluded
15,11,rHb,52,Di,1.269284446459516,0.9588443937955545,240,198,198,sqrt(sum_j((FC_stimulus_ij - FC_spot_ij)^2)); diagonal excluded
15,11,rPT,60,Di,0.6955220273189893,3.5135364653099947,240,352,352,sqrt(sum_j((FC_stimulus_ij - FC_spot_ij)^2)); diagonal excluded
15,11,rPrT,62,Di,-0.8729101402526896,4.427845530900896,240,406,406,sqrt(sum_j((FC_stimulus_ij - FC_spot_ij)^2)); diagonal excluded
15,11,rTh,66,Di,0.12267948011021526,3.7081132223497315,240,1027,1027,sqrt(sum_j((FC_stimulus_ij - FC_spot_ij)^2)); diagonal excluded
15,11,lTS,32,Mes,-0.038289558822681,2.8632173795426943,240,62,62,sqrt(sum_j((FC_stimulus_ij - FC_spot_ij)^2)); diagonal excluded
15,11,lTeO,29,Mes,-0.22102994971595435,3.388946235977425,240,4238,4238,sqrt(sum_j((FC_stimulus_ij - FC_spot_ij)^2)); diagonal excluded
15,11,rTS,68,Mes,-0.0707917864782934,3.6144217212485787,240,91,91,sqrt(sum_j((FC_stimulus_ij - FC_spot_ij)^2)); diagonal excluded
15,11,rTeO,65,Mes,-0.9360345644680327,2.6744015161010473,240,4463,4463,sqrt(sum_j((FC_stimulus_ij - FC_spot_ij)^2)); diagonal excluded
15,11,lCb,1,Hind,-0.23156409707923123,3.625374118090359,240,1485,1485,sqrt(sum_j((FC_stimulus_ij - FC_spot_ij)^2)); diagonal excluded
15,11,lMON,0,Hind,-0.1885718314625819,1.6244326311602983,240,898,898,sqrt(sum_j((FC_stimulus_ij - FC_spot_ij)^2)); diagonal excluded
15,11,lMOS1,2,Hind,0.20229532589358945,3.682713380833373,240,1366,1366,sqrt(sum_j((FC_stimulus_ij - FC_spot_ij)^2)); diagonal excluded
15,11,lMOS2,3,Hind,-0.007147165310974443,4.196305968041004,240,534,534,sqrt(sum_j((FC_stimulus_ij - FC_spot_ij)^2)); diagonal excluded
15,11,lMOS3,4,Hind,-0.5280442068802194,4.231908551307879,240,1243,1243,sqrt(sum_j((FC_stimulus_ij - FC_spot_ij)^2)); diagonal excluded
15,11,lMOS4,5,Hind,0.1781221791123736,3.9961410443874636,240,944,944,sqrt(sum_j((FC_stimulus_ij - FC_spot_ij)^2)); diagonal excluded
15,11,lMOS5,6,Hind,0.07904857777849517,3.3505870152255306,240,1131,1131,sqrt(sum_j((FC_stimulus_ij - FC_spot_ij)^2)); diagonal excluded
15,11,lNX,35,Hind,0.5159242026090447,3.8954922021559244,240,442,442,sqrt(sum_j((FC_stimulus_ij - FC_spot_ij)^2)); diagonal excluded
15,11,lRa,10,Hind,-0.07359117253107073,3.8651960917078996,240,332,332,sqrt(sum_j((FC_stimulus_ij - FC_spot_ij)^2)); diagonal excluded
15,11,lT,11,Hind,-0.7772193815657938,3.459963546402527,240,604,604,sqrt(sum_j((FC_stimulus_ij - FC_spot_ij)^2)); diagonal excluded
15,11,laRF,12,Hind,-0.564318946902863,3.8175694515158884,240,421,421,sqrt(sum_j((FC_stimulus_ij - FC_spot_ij)^2)); diagonal excluded
15,11,limRF,13,Hind,-1.4314709184810288,4.067334151158988,240,596,596,sqrt(sum_j((FC_stimulus_ij - FC_spot_ij)^2)); diagonal excluded
15,11,lpRF,14,Hind,-0.6214145198808102,3.866205321381884,240,762,762,sqrt(sum_j((FC_stimulus_ij - FC_spot_ij)^2)); diagonal excluded
15,11,rCb,37,Hind,-0.5336652505464933,4.132038992494882,240,1679,1679,sqrt(sum_j((FC_stimulus_ij - FC_spot_ij)^2)); diagonal excluded
15,11,rMON,36,Hind,-0.20825183989935483,1.5231536627521722,240,1007,1007,sqrt(sum_j((FC_stimulus_ij - FC_spot_ij)^2)); diagonal excluded
15,11,rMOS1,38,Hind,0.16364639867929043,4.872211467714871,240,1276,1276,sqrt(sum_j((FC_stimulus_ij - FC_spot_ij)^2)); diagonal excluded
15,11,rMOS2,39,Hind,0.8422349936180663,4.656329479567524,240,543,543,sqrt(sum_j((FC_stimulus_ij - FC_spot_ij)^2)); diagonal excluded
15,11,rMOS3,40,Hind,-0.5651363701456422,5.075399154822027,240,1298,1298,sqrt(sum_j((FC_stimulus_ij - FC_spot_ij)^2)); diagonal excluded
15,11,rMOS4,41,Hind,0.12590502818072719,4.412327340257732,240,1101,1101,sqrt(sum_j((FC_stimulus_ij - FC_spot_ij)^2)); diagonal excluded
15,11,rMOS5,42,Hind,0.14031625821006288,4.106951867927844,240,1356,1356,sqrt(sum_j((FC_stimulus_ij - FC_spot_ij)^2)); diagonal excluded
15,11,rNX,71,Hind,-0.6893400895121092,3.8068955090696477,240,822,822,sqrt(sum_j((FC_stimulus_ij - FC_spot_ij)^2)); diagonal excluded
15,11,rRa,46,Hind,-0.7676411283127857,3.518395433070463,240,204,204,sqrt(sum_j((FC_stimulus_ij - FC_spot_ij)^2)); diagonal excluded
15,11,rT,47,Hind,-1.0407411074881572,3.8204014353566236,240,876,876,sqrt(sum_j((FC_stimulus_ij - FC_spot_ij)^2)); diagonal excluded
15,11,raRF,48,Hind,-0.6631233902290617,4.264866887248359,240,545,545,sqrt(sum_j((FC_stimulus_ij - FC_spot_ij)^2)); diagonal excluded
15,11,rimRF,49,Hind,-1.54619502907132,4.242924172101743,240,633,633,sqrt(sum_j((FC_stimulus_ij - FC_spot_ij)^2)); diagonal excluded
15,11,rpRF,50,Hind,0.10367599956677641,4.6720141394914325,240,861,861,sqrt(sum_j((FC_stimulus_ij - FC_spot_ij)^2)); diagonal excluded
15,12,lOB,20,Tel,0.8396904821626903,1.270603947480818,240,26,26,sqrt(sum_j((FC_stimulus_ij - FC_spot_ij)^2)); diagonal excluded
15,12,lP,22,Tel,1.231407127758574,4.083227330929405,240,697,697,sqrt(sum_j((FC_stimulus_ij - FC_spot_ij)^2)); diagonal excluded
15,12,lPO,25,Tel,1.5972895725725633,4.217535906447366,240,419,419,sqrt(sum_j((FC_stimulus_ij - FC_spot_ij)^2)); diagonal excluded
15,12,lSP,28,Tel,1.3712731940440057,3.9938343130188896,240,545,545,sqrt(sum_j((FC_stimulus_ij - FC_spot_ij)^2)); diagonal excluded
15,12,rP,58,Tel,1.6274838194004198,3.3377610990268205,240,706,706,sqrt(sum_j((FC_stimulus_ij - FC_spot_ij)^2)); diagonal excluded
15,12,rPO,61,Tel,1.5828504374539252,3.7394171057286125,240,372,372,sqrt(sum_j((FC_stimulus_ij - FC_spot_ij)^2)); diagonal excluded
15,12,rSP,64,Tel,0.8449219250677052,3.230042695416906,240,515,515,sqrt(sum_j((FC_stimulus_ij - FC_spot_ij)^2)); diagonal excluded
15,12,lHb,16,Di,2.3676084202295034,3.23257021661597,240,170,170,sqrt(sum_j((FC_stimulus_ij - FC_spot_ij)^2)); diagonal excluded
15,12,lPT,24,Di,0.4045887279983318,5.066836369637366,240,345,345,sqrt(sum_j((FC_stimulus_ij - FC_spot_ij)^2)); diagonal excluded
15,12,lPrT,26,Di,-0.760839251044076,3.8930521624757426,240,349,349,sqrt(sum_j((FC_stimulus_ij - FC_spot_ij)^2)); diagonal excluded
15,12,lTh,30,Di,-0.27932436463978083,3.684570843152415,240,1008,1008,sqrt(sum_j((FC_stimulus_ij - FC_spot_ij)^2)); diagonal excluded
15,12,rHb,52,Di,1.269284446459516,1.0506312681297445,240,198,198,sqrt(sum_j((FC_stimulus_ij - FC_spot_ij)^2)); diagonal excluded
15,12,rPT,60,Di,0.6955220273189893,4.407729944214105,240,352,352,sqrt(sum_j((FC_stimulus_ij - FC_spot_ij)^2)); diagonal excluded
15,12,rPrT,62,Di,-0.8729101402526896,4.745257008630261,240,406,406,sqrt(sum_j((FC_stimulus_ij - FC_spot_ij)^2)); diagonal excluded
15,12,rTh,66,Di,0.12267948011021526,3.828119842082522,240,1027,1027,sqrt(sum_j((FC_stimulus_ij - FC_spot_ij)^2)); diagonal excluded
15,12,lTS,32,Mes,-0.038289558822681,3.6791946344835087,240,62,62,sqrt(sum_j((FC_stimulus_ij - FC_spot_ij)^2)); diagonal excluded
15,12,lTeO,29,Mes,-0.22102994971595435,4.281244007483217,240,4238,4238,sqrt(sum_j((FC_stimulus_ij - FC_spot_ij)^2)); diagonal excluded
15,12,rTS,68,Mes,-0.0707917864782934,3.727469762599196,240,91,91,sqrt(sum_j((FC_stimulus_ij - FC_spot_ij)^2)); diagonal excluded
15,12,rTeO,65,Mes,-0.9360345644680327,3.035086591856796,240,4463,4463,sqrt(sum_j((FC_stimulus_ij - FC_spot_ij)^2)); diagonal excluded
15,12,lCb,1,Hind,-0.23156409707923123,4.5851543378955455,240,1485,1485,sqrt(sum_j((FC_stimulus_ij - FC_spot_ij)^2)); diagonal excluded
15,12,lMON,0,Hind,-0.1885718314625819,0.9963877569240334,240,898,898,sqrt(sum_j((FC_stimulus_ij - FC_spot_ij)^2)); diagonal excluded
15,12,lMOS1,2,Hind,0.20229532589358945,4.670471339147711,240,1366,1366,sqrt(sum_j((FC_stimulus_ij - FC_spot_ij)^2)); diagonal excluded
15,12,lMOS2,3,Hind,-0.007147165310974443,4.969989680439806,240,534,534,sqrt(sum_j((FC_stimulus_ij - FC_spot_ij)^2)); diagonal excluded
15,12,lMOS3,4,Hind,-0.5280442068802194,5.565209885630259,240,1243,1243,sqrt(sum_j((FC_stimulus_ij - FC_spot_ij)^2)); diagonal excluded
15,12,lMOS4,5,Hind,0.1781221791123736,4.677514339696638,240,944,944,sqrt(sum_j((FC_stimulus_ij - FC_spot_ij)^2)); diagonal excluded
15,12,lMOS5,6,Hind,0.07904857777849517,3.8038620658040965,240,1131,1131,sqrt(sum_j((FC_stimulus_ij - FC_spot_ij)^2)); diagonal excluded
15,12,lNX,35,Hind,0.5159242026090447,4.395903573954499,240,442,442,sqrt(sum_j((FC_stimulus_ij - FC_spot_ij)^2)); diagonal excluded
15,12,lRa,10,Hind,-0.07359117253107073,5.093908781675428,240,332,332,sqrt(sum_j((FC_stimulus_ij - FC_spot_ij)^2)); diagonal excluded
15,12,lT,11,Hind,-0.7772193815657938,4.2450403707222115,240,604,604,sqrt(sum_j((FC_stimulus_ij - FC_spot_ij)^2)); diagonal excluded
15,12,laRF,12,Hind,-0.564318946902863,4.847460633938689,240,421,421,sqrt(sum_j((FC_stimulus_ij - FC_spot_ij)^2)); diagonal excluded
15,12,limRF,13,Hind,-1.4314709184810288,4.223504018833782,240,596,596,sqrt(sum_j((FC_stimulus_ij - FC_spot_ij)^2)); diagonal excluded
15,12,lpRF,14,Hind,-0.6214145198808102,4.399355711915593,240,762,762,sqrt(sum_j((FC_stimulus_ij - FC_spot_ij)^2)); diagonal excluded
15,12,rCb,37,Hind,-0.5336652505464933,4.578936016634486,240,1679,1679,sqrt(sum_j((FC_stimulus_ij - FC_spot_ij)^2)); diagonal excluded
15,12,rMON,36,Hind,-0.20825183989935483,1.2652186645289019,240,1007,1007,sqrt(sum_j((FC_stimulus_ij - FC_spot_ij)^2)); diagonal excluded
15,12,rMOS1,38,Hind,0.16364639867929043,4.893928528852402,240,1276,1276,sqrt(sum_j((FC_stimulus_ij - FC_spot_ij)^2)); diagonal excluded
15,12,rMOS2,39,Hind,0.8422349936180663,3.7460107182842264,240,543,543,sqrt(sum_j((FC_stimulus_ij - FC_spot_ij)^2)); diagonal excluded
15,12,rMOS3,40,Hind,-0.5651363701456422,5.298924217850307,240,1298,1298,sqrt(sum_j((FC_stimulus_ij - FC_spot_ij)^2)); diagonal excluded
15,12,rMOS4,41,Hind,0.12590502818072719,4.093858425014807,240,1101,1101,sqrt(sum_j((FC_stimulus_ij - FC_spot_ij)^2)); diagonal excluded
15,12,rMOS5,42,Hind,0.14031625821006288,3.6339601056358783,240,1356,1356,sqrt(sum_j((FC_stimulus_ij - FC_spot_ij)^2)); diagonal excluded
15,12,rNX,71,Hind,-0.6893400895121092,3.6202569836618546,240,822,822,sqrt(sum_j((FC_stimulus_ij - FC_spot_ij)^2)); diagonal excluded
15,12,rRa,46,Hind,-0.7676411283127857,4.085111694403209,240,204,204,sqrt(sum_j((FC_stimulus_ij - FC_spot_ij)^2)); diagonal excluded
15,12,rT,47,Hind,-1.0407411074881572,3.934457560641617,240,876,876,sqrt(sum_j((FC_stimulus_ij - FC_spot_ij)^2)); diagonal excluded
15,12,raRF,48,Hind,-0.6631233902290617,4.2122767497168985,240,545,545,sqrt(sum_j((FC_stimulus_ij - FC_spot_ij)^2)); diagonal excluded
15,12,rimRF,49,Hind,-1.54619502907132,3.8382148893844126,240,633,633,sqrt(sum_j((FC_stimulus_ij - FC_spot_ij)^2)); diagonal excluded
15,12,rpRF,50,Hind,0.10367599956677641,4.140442118930036,240,861,861,sqrt(sum_j((FC_stimulus_ij - FC_spot_ij)^2)); diagonal excluded
16,3,lOB,20,Tel,0.8396904821626903,1.5693549898495034,343,330,330,sqrt(sum_j((FC_stimulus_ij - FC_spot_ij)^2)); diagonal excluded
16,3,lP,22,Tel,1.231407127758574,2.3410894891806646,343,875,875,sqrt(sum_j((FC_stimulus_ij - FC_spot_ij)^2)); diagonal excluded
16,3,lPO,25,Tel,1.5972895725725633,1.7624014026406474,343,568,568,sqrt(sum_j((FC_stimulus_ij - FC_spot_ij)^2)); diagonal excluded
16,3,lSP,28,Tel,1.3712731940440057,1.5246703307434517,343,822,822,sqrt(sum_j((FC_stimulus_ij - FC_spot_ij)^2)); diagonal excluded
16,3,rP,58,Tel,1.6274838194004198,2.204153955920054,343,703,703,sqrt(sum_j((FC_stimulus_ij - FC_spot_ij)^2)); diagonal excluded
16,3,rPO,61,Tel,1.5828504374539252,1.5854250839577881,343,514,514,sqrt(sum_j((FC_stimulus_ij - FC_spot_ij)^2)); diagonal excluded
16,3,rSP,64,Tel,0.8449219250677052,1.6165824189270281,343,614,614,sqrt(sum_j((FC_stimulus_ij - FC_spot_ij)^2)); diagonal excluded
16,3,lHb,16,Di,2.3676084202295034,1.310388509584365,343,285,285,sqrt(sum_j((FC_stimulus_ij - FC_spot_ij)^2)); diagonal excluded
16,3,lPT,24,Di,0.4045887279983318,1.249484069984453,343,380,380,sqrt(sum_j((FC_stimulus_ij - FC_spot_ij)^2)); diagonal excluded
16,3,lPrT,26,Di,-0.760839251044076,2.0138728459453645,343,339,339,sqrt(sum_j((FC_stimulus_ij - FC_spot_ij)^2)); diagonal excluded
16,3,lTh,30,Di,-0.27932436463978083,1.7409762542529463,343,941,941,sqrt(sum_j((FC_stimulus_ij - FC_spot_ij)^2)); diagonal excluded
16,3,rHb,52,Di,1.269284446459516,1.4672046378238373,343,289,289,sqrt(sum_j((FC_stimulus_ij - FC_spot_ij)^2)); diagonal excluded
16,3,rPT,60,Di,0.6955220273189893,1.5771693560781916,343,423,423,sqrt(sum_j((FC_stimulus_ij - FC_spot_ij)^2)); diagonal excluded
16,3,rPrT,62,Di,-0.8729101402526896,1.9866385435969873,343,444,444,sqrt(sum_j((FC_stimulus_ij - FC_spot_ij)^2)); diagonal excluded
16,3,rTh,66,Di,0.12267948011021526,1.8526339015435451,343,1123,1123,sqrt(sum_j((FC_stimulus_ij - FC_spot_ij)^2)); diagonal excluded
16,3,lTS,32,Mes,-0.038289558822681,1.7704998211248797,343,212,212,sqrt(sum_j((FC_stimulus_ij - FC_spot_ij)^2)); diagonal excluded
16,3,lTeO,29,Mes,-0.22102994971595435,1.7038279716576679,343,6165,6165,sqrt(sum_j((FC_stimulus_ij - FC_spot_ij)^2)); diagonal excluded
16,3,rTS,68,Mes,-0.0707917864782934,1.6537853667441273,343,98,98,sqrt(sum_j((FC_stimulus_ij - FC_spot_ij)^2)); diagonal excluded
16,3,rTeO,65,Mes,-0.9360345644680327,1.7052321140264979,343,6402,6402,sqrt(sum_j((FC_stimulus_ij - FC_spot_ij)^2)); diagonal excluded
16,3,lCb,1,Hind,-0.23156409707923123,1.2758705319841763,343,1796,1796,sqrt(sum_j((FC_stimulus_ij - FC_spot_ij)^2)); diagonal excluded
16,3,lMON,0,Hind,-0.1885718314625819,1.667763390673213,343,979,979,sqrt(sum_j((FC_stimulus_ij - FC_spot_ij)^2)); diagonal excluded
16,3,lMOS1,2,Hind,0.20229532589358945,1.629262137121344,343,1451,1451,sqrt(sum_j((FC_stimulus_ij - FC_spot_ij)^2)); diagonal excluded
16,3,lMOS2,3,Hind,-0.007147165310974443,1.629637805492881,343,563,563,sqrt(sum_j((FC_stimulus_ij - FC_spot_ij)^2)); diagonal excluded
16,3,lMOS3,4,Hind,-0.5280442068802194,1.9356570921195257,343,1343,1343,sqrt(sum_j((FC_stimulus_ij - FC_spot_ij)^2)); diagonal excluded
16,3,lMOS4,5,Hind,0.1781221791123736,1.5197017201390939,343,1047,1047,sqrt(sum_j((FC_stimulus_ij - FC_spot_ij)^2)); diagonal excluded
16,3,lMOS5,6,Hind,0.07904857777849517,2.046957721127655,343,1227,1227,sqrt(sum_j((FC_stimulus_ij - FC_spot_ij)^2)); diagonal excluded
16,3,lNX,35,Hind,0.5159242026090447,1.6565198608917788,343,658,658,sqrt(sum_j((FC_stimulus_ij - FC_spot_ij)^2)); diagonal excluded
16,3,lRa,10,Hind,-0.07359117253107073,2.0169140416898887,343,342,342,sqrt(sum_j((FC_stimulus_ij - FC_spot_ij)^2)); diagonal excluded
16,3,lT,11,Hind,-0.7772193815657938,1.3759948859080153,343,1109,1109,sqrt(sum_j((FC_stimulus_ij - FC_spot_ij)^2)); diagonal excluded
16,3,laRF,12,Hind,-0.564318946902863,1.5976765739068273,343,421,421,sqrt(sum_j((FC_stimulus_ij - FC_spot_ij)^2)); diagonal excluded
16,3,limRF,13,Hind,-1.4314709184810288,1.5165360488480562,343,570,570,sqrt(sum_j((FC_stimulus_ij - FC_spot_ij)^2)); diagonal excluded
16,3,lpRF,14,Hind,-0.6214145198808102,1.5646760430336886,343,752,752,sqrt(sum_j((FC_stimulus_ij - FC_spot_ij)^2)); diagonal excluded
16,3,rCb,37,Hind,-0.5336652505464933,1.7131156952201763,343,1998,1998,sqrt(sum_j((FC_stimulus_ij - FC_spot_ij)^2)); diagonal excluded
16,3,rMON,36,Hind,-0.20825183989935483,1.8518666727700108,343,1277,1277,sqrt(sum_j((FC_stimulus_ij - FC_spot_ij)^2)); diagonal excluded
16,3,rMOS1,38,Hind,0.16364639867929043,1.3099842843059666,343,1425,1425,sqrt(sum_j((FC_stimulus_ij - FC_spot_ij)^2)); diagonal excluded
16,3,rMOS2,39,Hind,0.8422349936180663,1.0285215689882603,343,609,609,sqrt(sum_j((FC_stimulus_ij - FC_spot_ij)^2)); diagonal excluded
16,3,rMOS3,40,Hind,-0.5651363701456422,1.676305485240112,343,1433,1433,sqrt(sum_j((FC_stimulus_ij - FC_spot_ij)^2)); diagonal excluded
16,3,rMOS4,41,Hind,0.12590502818072719,1.5733933859901386,343,1423,1423,sqrt(sum_j((FC_stimulus_ij - FC_spot_ij)^2)); diagonal excluded
16,3,rMOS5,42,Hind,0.14031625821006288,2.1141448641995146,343,1751,1751,sqrt(sum_j((FC_stimulus_ij - FC_spot_ij)^2)); diagonal excluded
16,3,rNX,71,Hind,-0.6893400895121092,1.7785024722293048,343,618,618,sqrt(sum_j((FC_stimulus_ij - FC_spot_ij)^2)); diagonal excluded
16,3,rRa,46,Hind,-0.7676411283127857,1.2543818954731596,343,202,202,sqrt(sum_j((FC_stimulus_ij - FC_spot_ij)^2)); diagonal excluded
16,3,rT,47,Hind,-1.0407411074881572,1.4769336696952364,343,1238,1238,sqrt(sum_j((FC_stimulus_ij - FC_spot_ij)^2)); diagonal excluded
16,3,raRF,48,Hind,-0.6631233902290617,1.8594759449997729,343,387,387,sqrt(sum_j((FC_stimulus_ij - FC_spot_ij)^2)); diagonal excluded
16,3,rimRF,49,Hind,-1.54619502907132,1.2174403359486325,343,499,499,sqrt(sum_j((FC_stimulus_ij - FC_spot_ij)^2)); diagonal excluded
16,3,rpRF,50,Hind,0.10367599956677641,1.0647763108063113,343,804,804,sqrt(sum_j((FC_stimulus_ij - FC_spot_ij)^2)); diagonal excluded
16,4,lOB,20,Tel,0.8396904821626903,4.76456528290713,9,330,330,sqrt(sum_j((FC_stimulus_ij - FC_spot_ij)^2)); diagonal excluded
16,4,lP,22,Tel,1.231407127758574,3.6957799641906806,9,875,875,sqrt(sum_j((FC_stimulus_ij - FC_spot_ij)^2)); diagonal excluded
16,4,lPO,25,Tel,1.5972895725725633,3.0871993221622462,9,568,568,sqrt(sum_j((FC_stimulus_ij - FC_spot_ij)^2)); diagonal excluded
16,4,lSP,28,Tel,1.3712731940440057,5.096083885897245,9,822,822,sqrt(sum_j((FC_stimulus_ij - FC_spot_ij)^2)); diagonal excluded
16,4,rP,58,Tel,1.6274838194004198,3.6009960581149634,9,703,703,sqrt(sum_j((FC_stimulus_ij - FC_spot_ij)^2)); diagonal excluded
16,4,rPO,61,Tel,1.5828504374539252,3.8705513544540224,9,514,514,sqrt(sum_j((FC_stimulus_ij - FC_spot_ij)^2)); diagonal excluded
16,4,rSP,64,Tel,0.8449219250677052,4.630219607844585,9,614,614,sqrt(sum_j((FC_stimulus_ij - FC_spot_ij)^2)); diagonal excluded
16,4,lHb,16,Di,2.3676084202295034,4.559062922009452,9,285,285,sqrt(sum_j((FC_stimulus_ij - FC_spot_ij)^2)); diagonal excluded
16,4,lPT,24,Di,0.4045887279983318,3.8495533272898594,9,380,380,sqrt(sum_j((FC_stimulus_ij - FC_spot_ij)^2)); diagonal excluded
16,4,lPrT,26,Di,-0.760839251044076,3.1197913530161103,9,339,339,sqrt(sum_j((FC_stimulus_ij - FC_spot_ij)^2)); diagonal excluded
16,4,lTh,30,Di,-0.27932436463978083,3.068978468550653,9,941,941,sqrt(sum_j((FC_stimulus_ij - FC_spot_ij)^2)); diagonal excluded
16,4,rHb,52,Di,1.269284446459516,5.0678560080215105,9,289,289,sqrt(sum_j((FC_stimulus_ij - FC_spot_ij)^2)); diagonal excluded
16,4,rPT,60,Di,0.6955220273189893,3.7619805259899404,9,423,423,sqrt(sum_j((FC_stimulus_ij - FC_spot_ij)^2)); diagonal excluded
16,4,rPrT,62,Di,-0.8729101402526896,3.199415744661477,9,444,444,sqrt(sum_j((FC_stimulus_ij - FC_spot_ij)^2)); diagonal excluded
16,4,rTh,66,Di,0.12267948011021526,4.193965246817388,9,1123,1123,sqrt(sum_j((FC_stimulus_ij - FC_spot_ij)^2)); diagonal excluded
16,4,lTS,32,Mes,-0.038289558822681,4.255070568248554,9,212,212,sqrt(sum_j((FC_stimulus_ij - FC_spot_ij)^2)); diagonal excluded
16,4,lTeO,29,Mes,-0.22102994971595435,4.038128106830712,9,6165,6165,sqrt(sum_j((FC_stimulus_ij - FC_spot_ij)^2)); diagonal excluded
16,4,rTS,68,Mes,-0.0707917864782934,3.7229279820764765,9,98,98,sqrt(sum_j((FC_stimulus_ij - FC_spot_ij)^2)); diagonal excluded
16,4,rTeO,65,Mes,-0.9360345644680327,3.99189061328788,9,6402,6402,sqrt(sum_j((FC_stimulus_ij - FC_spot_ij)^2)); diagonal excluded
16,4,lCb,1,Hind,-0.23156409707923123,3.4087286505422263,9,1796,1796,sqrt(sum_j((FC_stimulus_ij - FC_spot_ij)^2)); diagonal excluded
16,4,lMON,0,Hind,-0.1885718314625819,3.970473741814951,9,979,979,sqrt(sum_j((FC_stimulus_ij - FC_spot_ij)^2)); diagonal excluded
16,4,lMOS1,2,Hind,0.20229532589358945,3.7654934854532565,9,1451,1451,sqrt(sum_j((FC_stimulus_ij - FC_spot_ij)^2)); diagonal excluded
16,4,lMOS2,3,Hind,-0.007147165310974443,4.372736934589934,9,563,563,sqrt(sum_j((FC_stimulus_ij - FC_spot_ij)^2)); diagonal excluded
16,4,lMOS3,4,Hind,-0.5280442068802194,3.615787913971738,9,1343,1343,sqrt(sum_j((FC_stimulus_ij - FC_spot_ij)^2)); diagonal excluded
16,4,lMOS4,5,Hind,0.1781221791123736,3.2922378754502963,9,1047,1047,sqrt(sum_j((FC_stimulus_ij - FC_spot_ij)^2)); diagonal excluded
16,4,lMOS5,6,Hind,0.07904857777849517,3.516116001803817,9,1227,1227,sqrt(sum_j((FC_stimulus_ij - FC_spot_ij)^2)); diagonal excluded
16,4,lNX,35,Hind,0.5159242026090447,3.8922978085749365,9,658,658,sqrt(sum_j((FC_stimulus_ij - FC_spot_ij)^2)); diagonal excluded
16,4,lRa,10,Hind,-0.07359117253107073,2.1604198349618793,9,342,342,sqrt(sum_j((FC_stimulus_ij - FC_spot_ij)^2)); diagonal excluded
16,4,lT,11,Hind,-0.7772193815657938,3.7402058141245758,9,1109,1109,sqrt(sum_j((FC_stimulus_ij - FC_spot_ij)^2)); diagonal excluded
16,4,laRF,12,Hind,-0.564318946902863,2.874520736905036,9,421,421,sqrt(sum_j((FC_stimulus_ij - FC_spot_ij)^2)); diagonal excluded
16,4,limRF,13,Hind,-1.4314709184810288,4.1237237789095085,9,570,570,sqrt(sum_j((FC_stimulus_ij - FC_spot_ij)^2)); diagonal excluded
16,4,lpRF,14,Hind,-0.6214145198808102,4.453950331804913,9,752,752,sqrt(sum_j((FC_stimulus_ij - FC_spot_ij)^2)); diagonal excluded
16,4,rCb,37,Hind,-0.5336652505464933,2.696365396688056,9,1998,1998,sqrt(sum_j((FC_stimulus_ij - FC_spot_ij)^2)); diagonal excluded
16,4,rMON,36,Hind,-0.20825183989935483,3.936601056708187,9,1277,1277,sqrt(sum_j((FC_stimulus_ij - FC_spot_ij)^2)); diagonal excluded
16,4,rMOS1,38,Hind,0.16364639867929043,4.332228806761439,9,1425,1425,sqrt(sum_j((FC_stimulus_ij - FC_spot_ij)^2)); diagonal excluded
16,4,rMOS2,39,Hind,0.8422349936180663,3.8407830618160803,9,609,609,sqrt(sum_j((FC_stimulus_ij - FC_spot_ij)^2)); diagonal excluded
16,4,rMOS3,40,Hind,-0.5651363701456422,2.4903111500605024,9,1433,1433,sqrt(sum_j((FC_stimulus_ij - FC_spot_ij)^2)); diagonal excluded
16,4,rMOS4,41,Hind,0.12590502818072719,3.241905561213381,9,1423,1423,sqrt(sum_j((FC_stimulus_ij - FC_spot_ij)^2)); diagonal excluded
16,4,rMOS5,42,Hind,0.14031625821006288,3.2867775836157938,9,1751,1751,sqrt(sum_j((FC_stimulus_ij - FC_spot_ij)^2)); diagonal excluded
16,4,rNX,71,Hind,-0.6893400895121092,3.2654361732480846,9,618,618,sqrt(sum_j((FC_stimulus_ij - FC_spot_ij)^2)); diagonal excluded
16,4,rRa,46,Hind,-0.7676411283127857,4.97379517437106,9,202,202,sqrt(sum_j((FC_stimulus_ij - FC_spot_ij)^2)); diagonal excluded
16,4,rT,47,Hind,-1.0407411074881572,3.24767204042679,9,1238,1238,sqrt(sum_j((FC_stimulus_ij - FC_spot_ij)^2)); diagonal excluded
16,4,raRF,48,Hind,-0.6631233902290617,3.589446733610653,9,387,387,sqrt(sum_j((FC_stimulus_ij - FC_spot_ij)^2)); diagonal excluded
16,4,rimRF,49,Hind,-1.54619502907132,3.9455417193443494,9,499,499,sqrt(sum_j((FC_stimulus_ij - FC_spot_ij)^2)); diagonal excluded
16,4,rpRF,50,Hind,0.10367599956677641,3.6535516962726495,9,804,804,sqrt(sum_j((FC_stimulus_ij - FC_spot_ij)^2)); diagonal excluded
16,9,lOB,20,Tel,0.8396904821626903,2.4432931933630773,80,330,330,sqrt(sum_j((FC_stimulus_ij - FC_spot_ij)^2)); diagonal excluded
16,9,lP,22,Tel,1.231407127758574,2.173383156234187,80,875,875,sqrt(sum_j((FC_stimulus_ij - FC_spot_ij)^2)); diagonal excluded
16,9,lPO,25,Tel,1.5972895725725633,2.1148264500270826,80,568,568,sqrt(sum_j((FC_stimulus_ij - FC_spot_ij)^2)); diagonal excluded
16,9,lSP,28,Tel,1.3712731940440057,2.106055013940888,80,822,822,sqrt(sum_j((FC_stimulus_ij - FC_spot_ij)^2)); diagonal excluded
16,9,rP,58,Tel,1.6274838194004198,2.314433768922883,80,703,703,sqrt(sum_j((FC_stimulus_ij - FC_spot_ij)^2)); diagonal excluded
16,9,rPO,61,Tel,1.5828504374539252,1.519188083853046,80,514,514,sqrt(sum_j((FC_stimulus_ij - FC_spot_ij)^2)); diagonal excluded
16,9,rSP,64,Tel,0.8449219250677052,2.202153129749957,80,614,614,sqrt(sum_j((FC_stimulus_ij - FC_spot_ij)^2)); diagonal excluded
16,9,lHb,16,Di,2.3676084202295034,1.9677520854441746,80,285,285,sqrt(sum_j((FC_stimulus_ij - FC_spot_ij)^2)); diagonal excluded
16,9,lPT,24,Di,0.4045887279983318,2.5033051541110933,80,380,380,sqrt(sum_j((FC_stimulus_ij - FC_spot_ij)^2)); diagonal excluded
16,9,lPrT,26,Di,-0.760839251044076,2.301032043433055,80,339,339,sqrt(sum_j((FC_stimulus_ij - FC_spot_ij)^2)); diagonal excluded
16,9,lTh,30,Di,-0.27932436463978083,2.774013486931288,80,941,941,sqrt(sum_j((FC_stimulus_ij - FC_spot_ij)^2)); diagonal excluded
16,9,rHb,52,Di,1.269284446459516,1.8865942955751775,80,289,289,sqrt(sum_j((FC_stimulus_ij - FC_spot_ij)^2)); diagonal excluded
16,9,rPT,60,Di,0.6955220273189893,2.275357862950808,80,423,423,sqrt(sum_j((FC_stimulus_ij - FC_spot_ij)^2)); diagonal excluded
16,9,rPrT,62,Di,-0.8729101402526896,2.302520490383595,80,444,444,sqrt(sum_j((FC_stimulus_ij - FC_spot_ij)^2)); diagonal excluded
16,9,rTh,66,Di,0.12267948011021526,2.4664252094358767,80,1123,1123,sqrt(sum_j((FC_stimulus_ij - FC_spot_ij)^2)); diagonal excluded
16,9,lTS,32,Mes,-0.038289558822681,1.8193733365679088,80,212,212,sqrt(sum_j((FC_stimulus_ij - FC_spot_ij)^2)); diagonal excluded
16,9,lTeO,29,Mes,-0.22102994971595435,1.8442266973041577,80,6165,6165,sqrt(sum_j((FC_stimulus_ij - FC_spot_ij)^2)); diagonal excluded
16,9,rTS,68,Mes,-0.0707917864782934,1.587919879168634,80,98,98,sqrt(sum_j((FC_stimulus_ij - FC_spot_ij)^2)); diagonal excluded
16,9,rTeO,65,Mes,-0.9360345644680327,1.4429694760064429,80,6402,6402,sqrt(sum_j((FC_stimulus_ij - FC_spot_ij)^2)); diagonal excluded
16,9,lCb,1,Hind,-0.23156409707923123,1.2469048588435303,80,1796,1796,sqrt(sum_j((FC_stimulus_ij - FC_spot_ij)^2)); diagonal excluded
16,9,lMON,0,Hind,-0.1885718314625819,1.7205679346902563,80,979,979,sqrt(sum_j((FC_stimulus_ij - FC_spot_ij)^2)); diagonal excluded
16,9,lMOS1,2,Hind,0.20229532589358945,1.504210783197348,80,1451,1451,sqrt(sum_j((FC_stimulus_ij - FC_spot_ij)^2)); diagonal excluded
16,9,lMOS2,3,Hind,-0.007147165310974443,1.971618253938152,80,563,563,sqrt(sum_j((FC_stimulus_ij - FC_spot_ij)^2)); diagonal excluded
16,9,lMOS3,4,Hind,-0.5280442068802194,2.1850315183870843,80,1343,1343,sqrt(sum_j((FC_stimulus_ij - FC_spot_ij)^2)); diagonal excluded
16,9,lMOS4,5,Hind,0.1781221791123736,1.9470212029906415,80,1047,1047,sqrt(sum_j((FC_stimulus_ij - FC_spot_ij)^2)); diagonal excluded
16,9,lMOS5,6,Hind,0.07904857777849517,2.5157747888110844,80,1227,1227,sqrt(sum_j((FC_stimulus_ij - FC_spot_ij)^2)); diagonal excluded
16,9,lNX,35,Hind,0.5159242026090447,2.2237377939989624,80,658,658,sqrt(sum_j((FC_stimulus_ij - FC_spot_ij)^2)); diagonal excluded
16,9,lRa,10,Hind,-0.07359117253107073,1.5526510449715005,80,342,342,sqrt(sum_j((FC_stimulus_ij - FC_spot_ij)^2)); diagonal excluded
16,9,lT,11,Hind,-0.7772193815657938,1.5964471270314176,80,1109,1109,sqrt(sum_j((FC_stimulus_ij - FC_spot_ij)^2)); diagonal excluded
16,9,laRF,12,Hind,-0.564318946902863,1.8124723816770156,80,421,421,sqrt(sum_j((FC_stimulus_ij - FC_spot_ij)^2)); diagonal excluded
16,9,limRF,13,Hind,-1.4314709184810288,1.941030758758549,80,570,570,sqrt(sum_j((FC_stimulus_ij - FC_spot_ij)^2)); diagonal excluded
16,9,lpRF,14,Hind,-0.6214145198808102,2.315588464915972,80,752,752,sqrt(sum_j((FC_stimulus_ij - FC_spot_ij)^2)); diagonal excluded
16,9,rCb,37,Hind,-0.5336652505464933,2.238905475925804,80,1998,1998,sqrt(sum_j((FC_stimulus_ij - FC_spot_ij)^2)); diagonal excluded
16,9,rMON,36,Hind,-0.20825183989935483,1.8683768846081659,80,1277,1277,sqrt(sum_j((FC_stimulus_ij - FC_spot_ij)^2)); diagonal excluded
16,9,rMOS1,38,Hind,0.16364639867929043,1.4280826379859397,80,1425,1425,sqrt(sum_j((FC_stimulus_ij - FC_spot_ij)^2)); diagonal excluded
16,9,rMOS2,39,Hind,0.8422349936180663,1.504006736426734,80,609,609,sqrt(sum_j((FC_stimulus_ij - FC_spot_ij)^2)); diagonal excluded
16,9,rMOS3,40,Hind,-0.5651363701456422,1.8454362885950768,80,1433,1433,sqrt(sum_j((FC_stimulus_ij - FC_spot_ij)^2)); diagonal excluded
16,9,rMOS4,41,Hind,0.12590502818072719,0.9802160725931383,80,1423,1423,sqrt(sum_j((FC_stimulus_ij - FC_spot_ij)^2)); diagonal excluded
16,9,rMOS5,42,Hind,0.14031625821006288,1.5214099794203568,80,1751,1751,sqrt(sum_j((FC_stimulus_ij - FC_spot_ij)^2)); diagonal excluded
16,9,rNX,71,Hind,-0.6893400895121092,1.161620587910199,80,618,618,sqrt(sum_j((FC_stimulus_ij - FC_spot_ij)^2)); diagonal excluded
16,9,rRa,46,Hind,-0.7676411283127857,1.5151302631041768,80,202,202,sqrt(sum_j((FC_stimulus_ij - FC_spot_ij)^2)); diagonal excluded
16,9,rT,47,Hind,-1.0407411074881572,1.3333179267406827,80,1238,1238,sqrt(sum_j((FC_stimulus_ij - FC_spot_ij)^2)); diagonal excluded
16,9,raRF,48,Hind,-0.6631233902290617,1.223443065272939,80,387,387,sqrt(sum_j((FC_stimulus_ij - FC_spot_ij)^2)); diagonal excluded
16,9,rimRF,49,Hind,-1.54619502907132,0.816354887632134,80,499,499,sqrt(sum_j((FC_stimulus_ij - FC_spot_ij)^2)); diagonal excluded
16,9,rpRF,50,Hind,0.10367599956677641,1.239348118223012,80,804,804,sqrt(sum_j((FC_stimulus_ij - FC_spot_ij)^2)); diagonal excluded
16,10,lOB,20,Tel,0.8396904821626903,2.079215337567149,80,330,330,sqrt(sum_j((FC_stimulus_ij - FC_spot_ij)^2)); diagonal excluded
16,10,lP,22,Tel,1.231407127758574,2.971313417237217,80,875,875,sqrt(sum_j((FC_stimulus_ij - FC_spot_ij)^2)); diagonal excluded
16,10,lPO,25,Tel,1.5972895725725633,3.141158481083568,80,568,568,sqrt(sum_j((FC_stimulus_ij - FC_spot_ij)^2)); diagonal excluded
16,10,lSP,28,Tel,1.3712731940440057,2.6494730823003687,80,822,822,sqrt(sum_j((FC_stimulus_ij - FC_spot_ij)^2)); diagonal excluded
16,10,rP,58,Tel,1.6274838194004198,2.2512031622231423,80,703,703,sqrt(sum_j((FC_stimulus_ij - FC_spot_ij)^2)); diagonal excluded
16,10,rPO,61,Tel,1.5828504374539252,2.614014355138468,80,514,514,sqrt(sum_j((FC_stimulus_ij - FC_spot_ij)^2)); diagonal excluded
16,10,rSP,64,Tel,0.8449219250677052,2.7785563212410005,80,614,614,sqrt(sum_j((FC_stimulus_ij - FC_spot_ij)^2)); diagonal excluded
16,10,lHb,16,Di,2.3676084202295034,1.353920445229778,80,285,285,sqrt(sum_j((FC_stimulus_ij - FC_spot_ij)^2)); diagonal excluded
16,10,lPT,24,Di,0.4045887279983318,1.3573441151319836,80,380,380,sqrt(sum_j((FC_stimulus_ij - FC_spot_ij)^2)); diagonal excluded
16,10,lPrT,26,Di,-0.760839251044076,2.447580373933759,80,339,339,sqrt(sum_j((FC_stimulus_ij - FC_spot_ij)^2)); diagonal excluded
16,10,lTh,30,Di,-0.27932436463978083,1.7007275167728022,80,941,941,sqrt(sum_j((FC_stimulus_ij - FC_spot_ij)^2)); diagonal excluded
16,10,rHb,52,Di,1.269284446459516,1.7689181524405104,80,289,289,sqrt(sum_j((FC_stimulus_ij - FC_spot_ij)^2)); diagonal excluded
16,10,rPT,60,Di,0.6955220273189893,1.7732100042466594,80,423,423,sqrt(sum_j((FC_stimulus_ij - FC_spot_ij)^2)); diagonal excluded
16,10,rPrT,62,Di,-0.8729101402526896,2.5222955501841318,80,444,444,sqrt(sum_j((FC_stimulus_ij - FC_spot_ij)^2)); diagonal excluded
16,10,rTh,66,Di,0.12267948011021526,1.9513103815599637,80,1123,1123,sqrt(sum_j((FC_stimulus_ij - FC_spot_ij)^2)); diagonal excluded
16,10,lTS,32,Mes,-0.038289558822681,1.6553602437182,80,212,212,sqrt(sum_j((FC_stimulus_ij - FC_spot_ij)^2)); diagonal excluded
16,10,lTeO,29,Mes,-0.22102994971595435,2.307936266711365,80,6165,6165,sqrt(sum_j((FC_stimulus_ij - FC_spot_ij)^2)); diagonal excluded
16,10,rTS,68,Mes,-0.0707917864782934,1.140713641075588,80,98,98,sqrt(sum_j((FC_stimulus_ij - FC_spot_ij)^2)); diagonal excluded
16,10,rTeO,65,Mes,-0.9360345644680327,2.2433926841194722,80,6402,6402,sqrt(sum_j((FC_stimulus_ij - FC_spot_ij)^2)); diagonal excluded
16,10,lCb,1,Hind,-0.23156409707923123,2.550769660275891,80,1796,1796,sqrt(sum_j((FC_stimulus_ij - FC_spot_ij)^2)); diagonal excluded
16,10,lMON,0,Hind,-0.1885718314625819,2.688937980532462,80,979,979,sqrt(sum_j((FC_stimulus_ij - FC_spot_ij)^2)); diagonal excluded
16,10,lMOS1,2,Hind,0.20229532589358945,2.0876862427108325,80,1451,1451,sqrt(sum_j((FC_stimulus_ij - FC_spot_ij)^2)); diagonal excluded
16,10,lMOS2,3,Hind,-0.007147165310974443,2.3731652316264475,80,563,563,sqrt(sum_j((FC_stimulus_ij - FC_spot_ij)^2)); diagonal excluded
16,10,lMOS3,4,Hind,-0.5280442068802194,2.0906151166856963,80,1343,1343,sqrt(sum_j((FC_stimulus_ij - FC_spot_ij)^2)); diagonal excluded
16,10,lMOS4,5,Hind,0.1781221791123736,2.1230222124140594,80,1047,1047,sqrt(sum_j((FC_stimulus_ij - FC_spot_ij)^2)); diagonal excluded
16,10,lMOS5,6,Hind,0.07904857777849517,1.7113176124376102,80,1227,1227,sqrt(sum_j((FC_stimulus_ij - FC_spot_ij)^2)); diagonal excluded
16,10,lNX,35,Hind,0.5159242026090447,2.265445340267131,80,658,658,sqrt(sum_j((FC_stimulus_ij - FC_spot_ij)^2)); diagonal excluded
16,10,lRa,10,Hind,-0.07359117253107073,2.800141557629385,80,342,342,sqrt(sum_j((FC_stimulus_ij - FC_spot_ij)^2)); diagonal excluded
16,10,lT,11,Hind,-0.7772193815657938,2.095884301687573,80,1109,1109,sqrt(sum_j((FC_stimulus_ij - FC_spot_ij)^2)); diagonal excluded
16,10,laRF,12,Hind,-0.564318946902863,2.2199137881786455,80,421,421,sqrt(sum_j((FC_stimulus_ij - FC_spot_ij)^2)); diagonal excluded
16,10,limRF,13,Hind,-1.4314709184810288,2.013070129107813,80,570,570,sqrt(sum_j((FC_stimulus_ij - FC_spot_ij)^2)); diagonal excluded
16,10,lpRF,14,Hind,-0.6214145198808102,2.70105640929165,80,752,752,sqrt(sum_j((FC_stimulus_ij - FC_spot_ij)^2)); diagonal excluded
16,10,rCb,37,Hind,-0.5336652505464933,2.4428132219131182,80,1998,1998,sqrt(sum_j((FC_stimulus_ij - FC_spot_ij)^2)); diagonal excluded
16,10,rMON,36,Hind,-0.20825183989935483,3.362159454098928,80,1277,1277,sqrt(sum_j((FC_stimulus_ij - FC_spot_ij)^2)); diagonal excluded
16,10,rMOS1,38,Hind,0.16364639867929043,1.9272616656383037,80,1425,1425,sqrt(sum_j((FC_stimulus_ij - FC_spot_ij)^2)); diagonal excluded
16,10,rMOS2,39,Hind,0.8422349936180663,2.3474649554161653,80,609,609,sqrt(sum_j((FC_stimulus_ij - FC_spot_ij)^2)); diagonal excluded
16,10,rMOS3,40,Hind,-0.5651363701456422,2.159103551434854,80,1433,1433,sqrt(sum_j((FC_stimulus_ij - FC_spot_ij)^2)); diagonal excluded
16,10,rMOS4,41,Hind,0.12590502818072719,2.2375497728271587,80,1423,1423,sqrt(sum_j((FC_stimulus_ij - FC_spot_ij)^2)); diagonal excluded
16,10,rMOS5,42,Hind,0.14031625821006288,1.8599640821531314,80,1751,1751,sqrt(sum_j((FC_stimulus_ij - FC_spot_ij)^2)); diagonal excluded
16,10,rNX,71,Hind,-0.6893400895121092,3.211127698167037,80,618,618,sqrt(sum_j((FC_stimulus_ij - FC_spot_ij)^2)); diagonal excluded
16,10,rRa,46,Hind,-0.7676411283127857,2.7495163349258864,80,202,202,sqrt(sum_j((FC_stimulus_ij - FC_spot_ij)^2)); diagonal excluded
16,10,rT,47,Hind,-1.0407411074881572,1.9276322308551248,80,1238,1238,sqrt(sum_j((FC_stimulus_ij - FC_spot_ij)^2)); diagonal excluded
16,10,raRF,48,Hind,-0.6631233902290617,2.532036828994648,80,387,387,sqrt(sum_j((FC_stimulus_ij - FC_spot_ij)^2)); diagonal excluded
16,10,rimRF,49,Hind,-1.54619502907132,2.194134394452265,80,499,499,sqrt(sum_j((FC_stimulus_ij - FC_spot_ij)^2)); diagonal excluded
16,10,rpRF,50,Hind,0.10367599956677641,3.701016538226724,80,804,804,sqrt(sum_j((FC_stimulus_ij - FC_spot_ij)^2)); diagonal excluded
16,11,lOB,20,Tel,0.8396904821626903,2.1262542628664525,80,330,330,sqrt(sum_j((FC_stimulus_ij - FC_spot_ij)^2)); diagonal excluded
16,11,lP,22,Tel,1.231407127758574,2.441110915945343,80,875,875,sqrt(sum_j((FC_stimulus_ij - FC_spot_ij)^2)); diagonal excluded
16,11,lPO,25,Tel,1.5972895725725633,2.475225406629097,80,568,568,sqrt(sum_j((FC_stimulus_ij - FC_spot_ij)^2)); diagonal excluded
16,11,lSP,28,Tel,1.3712731940440057,1.962872706563741,80,822,822,sqrt(sum_j((FC_stimulus_ij - FC_spot_ij)^2)); diagonal excluded
16,11,rP,58,Tel,1.6274838194004198,2.616577456620736,80,703,703,sqrt(sum_j((FC_stimulus_ij - FC_spot_ij)^2)); diagonal excluded
16,11,rPO,61,Tel,1.5828504374539252,2.088166362845403,80,514,514,sqrt(sum_j((FC_stimulus_ij - FC_spot_ij)^2)); diagonal excluded
16,11,rSP,64,Tel,0.8449219250677052,2.3092929398230067,80,614,614,sqrt(sum_j((FC_stimulus_ij - FC_spot_ij)^2)); diagonal excluded
16,11,lHb,16,Di,2.3676084202295034,2.276377099669011,80,285,285,sqrt(sum_j((FC_stimulus_ij - FC_spot_ij)^2)); diagonal excluded
16,11,lPT,24,Di,0.4045887279983318,1.5639935151725857,80,380,380,sqrt(sum_j((FC_stimulus_ij - FC_spot_ij)^2)); diagonal excluded
16,11,lPrT,26,Di,-0.760839251044076,1.4863472548525585,80,339,339,sqrt(sum_j((FC_stimulus_ij - FC_spot_ij)^2)); diagonal excluded
16,11,lTh,30,Di,-0.27932436463978083,1.8919442268890938,80,941,941,sqrt(sum_j((FC_stimulus_ij - FC_spot_ij)^2)); diagonal excluded
16,11,rHb,52,Di,1.269284446459516,1.8549774095886886,80,289,289,sqrt(sum_j((FC_stimulus_ij - FC_spot_ij)^2)); diagonal excluded
16,11,rPT,60,Di,0.6955220273189893,1.5913208014936202,80,423,423,sqrt(sum_j((FC_stimulus_ij - FC_spot_ij)^2)); diagonal excluded
16,11,rPrT,62,Di,-0.8729101402526896,2.0446155751425374,80,444,444,sqrt(sum_j((FC_stimulus_ij - FC_spot_ij)^2)); diagonal excluded
16,11,rTh,66,Di,0.12267948011021526,1.6673042880691846,80,1123,1123,sqrt(sum_j((FC_stimulus_ij - FC_spot_ij)^2)); diagonal excluded
16,11,lTS,32,Mes,-0.038289558822681,2.274994788407008,80,212,212,sqrt(sum_j((FC_stimulus_ij - FC_spot_ij)^2)); diagonal excluded
16,11,lTeO,29,Mes,-0.22102994971595435,1.7080737874394398,80,6165,6165,sqrt(sum_j((FC_stimulus_ij - FC_spot_ij)^2)); diagonal excluded
16,11,rTS,68,Mes,-0.0707917864782934,1.7391846271084153,80,98,98,sqrt(sum_j((FC_stimulus_ij - FC_spot_ij)^2)); diagonal excluded
16,11,rTeO,65,Mes,-0.9360345644680327,1.8242384043357616,80,6402,6402,sqrt(sum_j((FC_stimulus_ij - FC_spot_ij)^2)); diagonal excluded
16,11,lCb,1,Hind,-0.23156409707923123,1.7680157457613976,80,1796,1796,sqrt(sum_j((FC_stimulus_ij - FC_spot_ij)^2)); diagonal excluded
16,11,lMON,0,Hind,-0.1885718314625819,2.36516145316664,80,979,979,sqrt(sum_j((FC_stimulus_ij - FC_spot_ij)^2)); diagonal excluded
16,11,lMOS1,2,Hind,0.20229532589358945,1.6449079019130215,80,1451,1451,sqrt(sum_j((FC_stimulus_ij - FC_spot_ij)^2)); diagonal excluded
16,11,lMOS2,3,Hind,-0.007147165310974443,1.9865369129905295,80,563,563,sqrt(sum_j((FC_stimulus_ij - FC_spot_ij)^2)); diagonal excluded
16,11,lMOS3,4,Hind,-0.5280442068802194,1.4271698093442595,80,1343,1343,sqrt(sum_j((FC_stimulus_ij - FC_spot_ij)^2)); diagonal excluded
16,11,lMOS4,5,Hind,0.1781221791123736,1.8039894145245794,80,1047,1047,sqrt(sum_j((FC_stimulus_ij - FC_spot_ij)^2)); diagonal excluded
16,11,lMOS5,6,Hind,0.07904857777849517,1.3157995725424607,80,1227,1227,sqrt(sum_j((FC_stimulus_ij - FC_spot_ij)^2)); diagonal excluded
16,11,lNX,35,Hind,0.5159242026090447,1.689896291597251,80,658,658,sqrt(sum_j((FC_stimulus_ij - FC_spot_ij)^2)); diagonal excluded
16,11,lRa,10,Hind,-0.07359117253107073,2.1531668361477028,80,342,342,sqrt(sum_j((FC_stimulus_ij - FC_spot_ij)^2)); diagonal excluded
16,11,lT,11,Hind,-0.7772193815657938,1.4651999893128576,80,1109,1109,sqrt(sum_j((FC_stimulus_ij - FC_spot_ij)^2)); diagonal excluded
16,11,laRF,12,Hind,-0.564318946902863,1.5820082276433436,80,421,421,sqrt(sum_j((FC_stimulus_ij - FC_spot_ij)^2)); diagonal excluded
16,11,limRF,13,Hind,-1.4314709184810288,1.633526021819529,80,570,570,sqrt(sum_j((FC_stimulus_ij - FC_spot_ij)^2)); diagonal excluded
16,11,lpRF,14,Hind,-0.6214145198808102,2.1786569455295397,80,752,752,sqrt(sum_j((FC_stimulus_ij - FC_spot_ij)^2)); diagonal excluded
16,11,rCb,37,Hind,-0.5336652505464933,2.1836061496012835,80,1998,1998,sqrt(sum_j((FC_stimulus_ij - FC_spot_ij)^2)); diagonal excluded
16,11,rMON,36,Hind,-0.20825183989935483,2.383754136883309,80,1277,1277,sqrt(sum_j((FC_stimulus_ij - FC_spot_ij)^2)); diagonal excluded
16,11,rMOS1,38,Hind,0.16364639867929043,1.635295485482009,80,1425,1425,sqrt(sum_j((FC_stimulus_ij - FC_spot_ij)^2)); diagonal excluded
16,11,rMOS2,39,Hind,0.8422349936180663,1.8110465929464277,80,609,609,sqrt(sum_j((FC_stimulus_ij - FC_spot_ij)^2)); diagonal excluded
16,11,rMOS3,40,Hind,-0.5651363701456422,1.5869901437572587,80,1433,1433,sqrt(sum_j((FC_stimulus_ij - FC_spot_ij)^2)); diagonal excluded
16,11,rMOS4,41,Hind,0.12590502818072719,1.7873426468137565,80,1423,1423,sqrt(sum_j((FC_stimulus_ij - FC_spot_ij)^2)); diagonal excluded
16,11,rMOS5,42,Hind,0.14031625821006288,1.8449323668924016,80,1751,1751,sqrt(sum_j((FC_stimulus_ij - FC_spot_ij)^2)); diagonal excluded
16,11,rNX,71,Hind,-0.6893400895121092,2.3109318065007267,80,618,618,sqrt(sum_j((FC_stimulus_ij - FC_spot_ij)^2)); diagonal excluded
16,11,rRa,46,Hind,-0.7676411283127857,1.8838681708285345,80,202,202,sqrt(sum_j((FC_stimulus_ij - FC_spot_ij)^2)); diagonal excluded
16,11,rT,47,Hind,-1.0407411074881572,1.5043111453554623,80,1238,1238,sqrt(sum_j((FC_stimulus_ij - FC_spot_ij)^2)); diagonal excluded
16,11,raRF,48,Hind,-0.6631233902290617,2.1540595476177953,80,387,387,sqrt(sum_j((FC_stimulus_ij - FC_spot_ij)^2)); diagonal excluded
16,11,rimRF,49,Hind,-1.54619502907132,1.5538439621442122,80,499,499,sqrt(sum_j((FC_stimulus_ij - FC_spot_ij)^2)); diagonal excluded
16,11,rpRF,50,Hind,0.10367599956677641,2.3411353159574864,80,804,804,sqrt(sum_j((FC_stimulus_ij - FC_spot_ij)^2)); diagonal excluded
16,12,lOB,20,Tel,0.8396904821626903,1.5485951877740727,80,330,330,sqrt(sum_j((FC_stimulus_ij - FC_spot_ij)^2)); diagonal excluded
16,12,lP,22,Tel,1.231407127758574,1.7466383097685498,80,875,875,sqrt(sum_j((FC_stimulus_ij - FC_spot_ij)^2)); diagonal excluded
16,12,lPO,25,Tel,1.5972895725725633,1.761437151955195,80,568,568,sqrt(sum_j((FC_stimulus_ij - FC_spot_ij)^2)); diagonal excluded
16,12,lSP,28,Tel,1.3712731940440057,1.4360387433961466,80,822,822,sqrt(sum_j((FC_stimulus_ij - FC_spot_ij)^2)); diagonal excluded
16,12,rP,58,Tel,1.6274838194004198,1.9705018859125907,80,703,703,sqrt(sum_j((FC_stimulus_ij - FC_spot_ij)^2)); diagonal excluded
16,12,rPO,61,Tel,1.5828504374539252,2.4349847323221407,80,514,514,sqrt(sum_j((FC_stimulus_ij - FC_spot_ij)^2)); diagonal excluded
16,12,rSP,64,Tel,0.8449219250677052,1.71161687931488,80,614,614,sqrt(sum_j((FC_stimulus_ij - FC_spot_ij)^2)); diagonal excluded
16,12,lHb,16,Di,2.3676084202295034,2.4689974518639195,80,285,285,sqrt(sum_j((FC_stimulus_ij - FC_spot_ij)^2)); diagonal excluded
16,12,lPT,24,Di,0.4045887279983318,1.1189494387786514,80,380,380,sqrt(sum_j((FC_stimulus_ij - FC_spot_ij)^2)); diagonal excluded
16,12,lPrT,26,Di,-0.760839251044076,1.6066252340500033,80,339,339,sqrt(sum_j((FC_stimulus_ij - FC_spot_ij)^2)); diagonal excluded
16,12,lTh,30,Di,-0.27932436463978083,1.2623093418872275,80,941,941,sqrt(sum_j((FC_stimulus_ij - FC_spot_ij)^2)); diagonal excluded
16,12,rHb,52,Di,1.269284446459516,1.6878006652315167,80,289,289,sqrt(sum_j((FC_stimulus_ij - FC_spot_ij)^2)); diagonal excluded
16,12,rPT,60,Di,0.6955220273189893,1.2919324429057726,80,423,423,sqrt(sum_j((FC_stimulus_ij - FC_spot_ij)^2)); diagonal excluded
16,12,rPrT,62,Di,-0.8729101402526896,1.3098768048951066,80,444,444,sqrt(sum_j((FC_stimulus_ij - FC_spot_ij)^2)); diagonal excluded
16,12,rTh,66,Di,0.12267948011021526,1.2326918963386466,80,1123,1123,sqrt(sum_j((FC_stimulus_ij - FC_spot_ij)^2)); diagonal excluded
16,12,lTS,32,Mes,-0.038289558822681,1.9764273581726834,80,212,212,sqrt(sum_j((FC_stimulus_ij - FC_spot_ij)^2)); diagonal excluded
16,12,lTeO,29,Mes,-0.22102994971595435,1.355107130490307,80,6165,6165,sqrt(sum_j((FC_stimulus_ij - FC_spot_ij)^2)); diagonal excluded
16,12,rTS,68,Mes,-0.0707917864782934,2.7309268623793432,80,98,98,sqrt(sum_j((FC_stimulus_ij - FC_spot_ij)^2)); diagonal excluded
16,12,rTeO,65,Mes,-0.9360345644680327,1.2906431647362837,80,6402,6402,sqrt(sum_j((FC_stimulus_ij - FC_spot_ij)^2)); diagonal excluded
16,12,lCb,1,Hind,-0.23156409707923123,1.7998925085883444,80,1796,1796,sqrt(sum_j((FC_stimulus_ij - FC_spot_ij)^2)); diagonal excluded
16,12,lMON,0,Hind,-0.1885718314625819,2.9637433037115737,80,979,979,sqrt(sum_j((FC_stimulus_ij - FC_spot_ij)^2)); diagonal excluded
16,12,lMOS1,2,Hind,0.20229532589358945,1.398696408563647,80,1451,1451,sqrt(sum_j((FC_stimulus_ij - FC_spot_ij)^2)); diagonal excluded
16,12,lMOS2,3,Hind,-0.007147165310974443,1.5890052575872395,80,563,563,sqrt(sum_j((FC_stimulus_ij - FC_spot_ij)^2)); diagonal excluded
16,12,lMOS3,4,Hind,-0.5280442068802194,1.3302097472325838,80,1343,1343,sqrt(sum_j((FC_stimulus_ij - FC_spot_ij)^2)); diagonal excluded
16,12,lMOS4,5,Hind,0.1781221791123736,1.6514021676598456,80,1047,1047,sqrt(sum_j((FC_stimulus_ij - FC_spot_ij)^2)); diagonal excluded
16,12,lMOS5,6,Hind,0.07904857777849517,1.8354879844006418,80,1227,1227,sqrt(sum_j((FC_stimulus_ij - FC_spot_ij)^2)); diagonal excluded
16,12,lNX,35,Hind,0.5159242026090447,1.6986575679135956,80,658,658,sqrt(sum_j((FC_stimulus_ij - FC_spot_ij)^2)); diagonal excluded
16,12,lRa,10,Hind,-0.07359117253107073,1.5079867698698812,80,342,342,sqrt(sum_j((FC_stimulus_ij - FC_spot_ij)^2)); diagonal excluded
16,12,lT,11,Hind,-0.7772193815657938,1.5538389094822802,80,1109,1109,sqrt(sum_j((FC_stimulus_ij - FC_spot_ij)^2)); diagonal excluded
16,12,laRF,12,Hind,-0.564318946902863,1.5958410690412685,80,421,421,sqrt(sum_j((FC_stimulus_ij - FC_spot_ij)^2)); diagonal excluded
16,12,limRF,13,Hind,-1.4314709184810288,1.4830096210462116,80,570,570,sqrt(sum_j((FC_stimulus_ij - FC_spot_ij)^2)); diagonal excluded
16,12,lpRF,14,Hind,-0.6214145198808102,2.0135840161740224,80,752,752,sqrt(sum_j((FC_stimulus_ij - FC_spot_ij)^2)); diagonal excluded
16,12,rCb,37,Hind,-0.5336652505464933,1.955255091300211,80,1998,1998,sqrt(sum_j((FC_stimulus_ij - FC_spot_ij)^2)); diagonal excluded
16,12,rMON,36,Hind,-0.20825183989935483,2.4102493392583058,80,1277,1277,sqrt(sum_j((FC_stimulus_ij - FC_spot_ij)^2)); diagonal excluded
16,12,rMOS1,38,Hind,0.16364639867929043,1.5081947280744539,80,1425,1425,sqrt(sum_j((FC_stimulus_ij - FC_spot_ij)^2)); diagonal excluded
16,12,rMOS2,39,Hind,0.8422349936180663,1.8202972093233292,80,609,609,sqrt(sum_j((FC_stimulus_ij - FC_spot_ij)^2)); diagonal excluded
16,12,rMOS3,40,Hind,-0.5651363701456422,1.2352492894537674,80,1433,1433,sqrt(sum_j((FC_stimulus_ij - FC_spot_ij)^2)); diagonal excluded
16,12,rMOS4,41,Hind,0.12590502818072719,1.4261245218660343,80,1423,1423,sqrt(sum_j((FC_stimulus_ij - FC_spot_ij)^2)); diagonal excluded
16,12,rMOS5,42,Hind,0.14031625821006288,2.0176081986377756,80,1751,1751,sqrt(sum_j((FC_stimulus_ij - FC_spot_ij)^2)); diagonal excluded
16,12,rNX,71,Hind,-0.6893400895121092,1.8573691008302495,80,618,618,sqrt(sum_j((FC_stimulus_ij - FC_spot_ij)^2)); diagonal excluded
16,12,rRa,46,Hind,-0.7676411283127857,1.3652076949645422,80,202,202,sqrt(sum_j((FC_stimulus_ij - FC_spot_ij)^2)); diagonal excluded
16,12,rT,47,Hind,-1.0407411074881572,1.2470207680332979,80,1238,1238,sqrt(sum_j((FC_stimulus_ij - FC_spot_ij)^2)); diagonal excluded
16,12,raRF,48,Hind,-0.6631233902290617,1.5749469749431515,80,387,387,sqrt(sum_j((FC_stimulus_ij - FC_spot_ij)^2)); diagonal excluded
16,12,rimRF,49,Hind,-1.54619502907132,1.5127036660724467,80,499,499,sqrt(sum_j((FC_stimulus_ij - FC_spot_ij)^2)); diagonal excluded
16,12,rpRF,50,Hind,0.10367599956677641,2.0950288050075003,80,804,804,sqrt(sum_j((FC_stimulus_ij - FC_spot_ij)^2)); diagonal excluded
17,3,lOB,20,Tel,0.8396904821626903,1.322576940459824,848,213,213,sqrt(sum_j((FC_stimulus_ij - FC_spot_ij)^2)); diagonal excluded
17,3,lP,22,Tel,1.231407127758574,0.996087690098749,848,859,859,sqrt(sum_j((FC_stimulus_ij - FC_spot_ij)^2)); diagonal excluded
17,3,lPO,25,Tel,1.5972895725725633,1.3465113418834687,848,558,558,sqrt(sum_j((FC_stimulus_ij - FC_spot_ij)^2)); diagonal excluded
17,3,lSP,28,Tel,1.3712731940440057,1.0023701965484153,848,804,804,sqrt(sum_j((FC_stimulus_ij - FC_spot_ij)^2)); diagonal excluded
17,3,rP,58,Tel,1.6274838194004198,1.2759982329201187,848,1036,1036,sqrt(sum_j((FC_stimulus_ij - FC_spot_ij)^2)); diagonal excluded
17,3,rPO,61,Tel,1.5828504374539252,1.2816107708549334,848,530,530,sqrt(sum_j((FC_stimulus_ij - FC_spot_ij)^2)); diagonal excluded
17,3,rSP,64,Tel,0.8449219250677052,1.0750664444367835,848,789,789,sqrt(sum_j((FC_stimulus_ij - FC_spot_ij)^2)); diagonal excluded
17,3,lHb,16,Di,2.3676084202295034,1.1189991890628022,848,420,420,sqrt(sum_j((FC_stimulus_ij - FC_spot_ij)^2)); diagonal excluded
17,3,lPT,24,Di,0.4045887279983318,1.3650540386942305,848,320,320,sqrt(sum_j((FC_stimulus_ij - FC_spot_ij)^2)); diagonal excluded
17,3,lPrT,26,Di,-0.760839251044076,1.2159592134447943,848,384,384,sqrt(sum_j((FC_stimulus_ij - FC_spot_ij)^2)); diagonal excluded
17,3,lTh,30,Di,-0.27932436463978083,1.3486737518890244,848,764,764,sqrt(sum_j((FC_stimulus_ij - FC_spot_ij)^2)); diagonal excluded
17,3,rHb,52,Di,1.269284446459516,1.8722556917678672,848,349,349,sqrt(sum_j((FC_stimulus_ij - FC_spot_ij)^2)); diagonal excluded
17,3,rPT,60,Di,0.6955220273189893,1.012738056327505,848,350,350,sqrt(sum_j((FC_stimulus_ij - FC_spot_ij)^2)); diagonal excluded
17,3,rPrT,62,Di,-0.8729101402526896,1.1309659186361356,848,507,507,sqrt(sum_j((FC_stimulus_ij - FC_spot_ij)^2)); diagonal excluded
17,3,rTh,66,Di,0.12267948011021526,1.222476523217917,848,1006,1006,sqrt(sum_j((FC_stimulus_ij - FC_spot_ij)^2)); diagonal excluded
17,3,lTS,32,Mes,-0.038289558822681,0.9214955092317111,848,353,353,sqrt(sum_j((FC_stimulus_ij - FC_spot_ij)^2)); diagonal excluded
17,3,lTeO,29,Mes,-0.22102994971595435,1.4658587577528917,848,7904,7904,sqrt(sum_j((FC_stimulus_ij - FC_spot_ij)^2)); diagonal excluded
17,3,rTS,68,Mes,-0.0707917864782934,1.2306671130743003,848,145,145,sqrt(sum_j((FC_stimulus_ij - FC_spot_ij)^2)); diagonal excluded
17,3,rTeO,65,Mes,-0.9360345644680327,2.1207897947037972,848,7951,7951,sqrt(sum_j((FC_stimulus_ij - FC_spot_ij)^2)); diagonal excluded
17,3,lCb,1,Hind,-0.23156409707923123,1.634060369899659,848,2094,2094,sqrt(sum_j((FC_stimulus_ij - FC_spot_ij)^2)); diagonal excluded
17,3,lMON,0,Hind,-0.1885718314625819,2.915050390968035,848,814,814,sqrt(sum_j((FC_stimulus_ij - FC_spot_ij)^2)); diagonal excluded
17,3,lMOS1,2,Hind,0.20229532589358945,1.591614082692284,848,1271,1271,sqrt(sum_j((FC_stimulus_ij - FC_spot_ij)^2)); diagonal excluded
17,3,lMOS2,3,Hind,-0.007147165310974443,1.610658504746436,848,373,373,sqrt(sum_j((FC_stimulus_ij - FC_spot_ij)^2)); diagonal excluded
17,3,lMOS3,4,Hind,-0.5280442068802194,1.2899918803219828,848,1049,1049,sqrt(sum_j((FC_stimulus_ij - FC_spot_ij)^2)); diagonal excluded
17,3,lMOS4,5,Hind,0.1781221791123736,1.1118140997095731,848,897,897,sqrt(sum_j((FC_stimulus_ij - FC_spot_ij)^2)); diagonal excluded
17,3,lMOS5,6,Hind,0.07904857777849517,1.1669411600515016,848,997,997,sqrt(sum_j((FC_stimulus_ij - FC_spot_ij)^2)); diagonal excluded
17,3,lNX,35,Hind,0.5159242026090447,2.7149968032194085,848,289,289,sqrt(sum_j((FC_stimulus_ij - FC_spot_ij)^2)); diagonal excluded
17,3,lRa,10,Hind,-0.07359117253107073,1.0518965853901654,848,308,308,sqrt(sum_j((FC_stimulus_ij - FC_spot_ij)^2)); diagonal excluded
17,3,lT,11,Hind,-0.7772193815657938,1.1841721566653576,848,1187,1187,sqrt(sum_j((FC_stimulus_ij - FC_spot_ij)^2)); diagonal excluded
17,3,laRF,12,Hind,-0.564318946902863,1.1268535707456728,848,360,360,sqrt(sum_j((FC_stimulus_ij - FC_spot_ij)^2)); diagonal excluded
17,3,limRF,13,Hind,-1.4314709184810288,1.698867961059056,848,427,427,sqrt(sum_j((FC_stimulus_ij - FC_spot_ij)^2)); diagonal excluded
17,3,lpRF,14,Hind,-0.6214145198808102,1.575647407775734,848,659,659,sqrt(sum_j((FC_stimulus_ij - FC_spot_ij)^2)); diagonal excluded
17,3,rCb,37,Hind,-0.5336652505464933,1.1928484862215847,848,2225,2225,sqrt(sum_j((FC_stimulus_ij - FC_spot_ij)^2)); diagonal excluded
17,3,rMON,36,Hind,-0.20825183989935483,1.950291773743683,848,960,960,sqrt(sum_j((FC_stimulus_ij - FC_spot_ij)^2)); diagonal excluded
17,3,rMOS1,38,Hind,0.16364639867929043,1.068641917943439,848,1381,1381,sqrt(sum_j((FC_stimulus_ij - FC_spot_ij)^2)); diagonal excluded
17,3,rMOS2,39,Hind,0.8422349936180663,1.0869052054964305,848,388,388,sqrt(sum_j((FC_stimulus_ij - FC_spot_ij)^2)); diagonal excluded
17,3,rMOS3,40,Hind,-0.5651363701456422,1.0195463781251668,848,1340,1340,sqrt(sum_j((FC_stimulus_ij - FC_spot_ij)^2)); diagonal excluded
17,3,rMOS4,41,Hind,0.12590502818072719,1.2598324805582393,848,1159,1159,sqrt(sum_j((FC_stimulus_ij - FC_spot_ij)^2)); diagonal excluded
17,3,rMOS5,42,Hind,0.14031625821006288,1.1020460857695507,848,1456,1456,sqrt(sum_j((FC_stimulus_ij - FC_spot_ij)^2)); diagonal excluded
17,3,rNX,71,Hind,-0.6893400895121092,1.0654222152344475,848,587,587,sqrt(sum_j((FC_stimulus_ij - FC_spot_ij)^2)); diagonal excluded
17,3,rRa,46,Hind,-0.7676411283127857,1.1066068704321457,848,224,224,sqrt(sum_j((FC_stimulus_ij - FC_spot_ij)^2)); diagonal excluded
17,3,rT,47,Hind,-1.0407411074881572,1.22815621413311,848,1185,1185,sqrt(sum_j((FC_stimulus_ij - FC_spot_ij)^2)); diagonal excluded
17,3,raRF,48,Hind,-0.6631233902290617,1.2846895878733733,848,228,228,sqrt(sum_j((FC_stimulus_ij - FC_spot_ij)^2)); diagonal excluded
17,3,rimRF,49,Hind,-1.54619502907132,1.136327911025171,848,298,298,sqrt(sum_j((FC_stimulus_ij - FC_spot_ij)^2)); diagonal excluded
17,3,rpRF,50,Hind,0.10367599956677641,0.9582318264729901,848,560,560,sqrt(sum_j((FC_stimulus_ij - FC_spot_ij)^2)); diagonal excluded
17,9,lOB,20,Tel,0.8396904821626903,1.4501314880238056,192,213,213,sqrt(sum_j((FC_stimulus_ij - FC_spot_ij)^2)); diagonal excluded
17,9,lP,22,Tel,1.231407127758574,0.9818022222600127,192,859,859,sqrt(sum_j((FC_stimulus_ij - FC_spot_ij)^2)); diagonal excluded
17,9,lPO,25,Tel,1.5972895725725633,0.990657777710329,192,558,558,sqrt(sum_j((FC_stimulus_ij - FC_spot_ij)^2)); diagonal excluded
17,9,lSP,28,Tel,1.3712731940440057,1.1434166094140732,192,804,804,sqrt(sum_j((FC_stimulus_ij - FC_spot_ij)^2)); diagonal excluded
17,9,rP,58,Tel,1.6274838194004198,1.0937446932760873,192,1036,1036,sqrt(sum_j((FC_stimulus_ij - FC_spot_ij)^2)); diagonal excluded
17,9,rPO,61,Tel,1.5828504374539252,1.3457752031577601,192,530,530,sqrt(sum_j((FC_stimulus_ij - FC_spot_ij)^2)); diagonal excluded
17,9,rSP,64,Tel,0.8449219250677052,1.2158329040390037,192,789,789,sqrt(sum_j((FC_stimulus_ij - FC_spot_ij)^2)); diagonal excluded
17,9,lHb,16,Di,2.3676084202295034,1.0812471184062489,192,420,420,sqrt(sum_j((FC_stimulus_ij - FC_spot_ij)^2)); diagonal excluded
17,9,lPT,24,Di,0.4045887279983318,1.3380385491702955,192,320,320,sqrt(sum_j((FC_stimulus_ij - FC_spot_ij)^2)); diagonal excluded
17,9,lPrT,26,Di,-0.760839251044076,1.0661529394483462,192,384,384,sqrt(sum_j((FC_stimulus_ij - FC_spot_ij)^2)); diagonal excluded
17,9,lTh,30,Di,-0.27932436463978083,0.9571508789719917,192,764,764,sqrt(sum_j((FC_stimulus_ij - FC_spot_ij)^2)); diagonal excluded
17,9,rHb,52,Di,1.269284446459516,1.3627434167795822,192,349,349,sqrt(sum_j((FC_stimulus_ij - FC_spot_ij)^2)); diagonal excluded
17,9,rPT,60,Di,0.6955220273189893,1.1491038435094731,192,350,350,sqrt(sum_j((FC_stimulus_ij - FC_spot_ij)^2)); diagonal excluded
17,9,rPrT,62,Di,-0.8729101402526896,1.1063323850602433,192,507,507,sqrt(sum_j((FC_stimulus_ij - FC_spot_ij)^2)); diagonal excluded
17,9,rTh,66,Di,0.12267948011021526,1.1695675380809651,192,1006,1006,sqrt(sum_j((FC_stimulus_ij - FC_spot_ij)^2)); diagonal excluded
17,9,lTS,32,Mes,-0.038289558822681,1.003562157880969,192,353,353,sqrt(sum_j((FC_stimulus_ij - FC_spot_ij)^2)); diagonal excluded
17,9,lTeO,29,Mes,-0.22102994971595435,1.1958833894667817,192,7904,7904,sqrt(sum_j((FC_stimulus_ij - FC_spot_ij)^2)); diagonal excluded
17,9,rTS,68,Mes,-0.0707917864782934,1.0447483423495303,192,145,145,sqrt(sum_j((FC_stimulus_ij - FC_spot_ij)^2)); diagonal excluded
17,9,rTeO,65,Mes,-0.9360345644680327,1.1864950737695865,192,7951,7951,sqrt(sum_j((FC_stimulus_ij - FC_spot_ij)^2)); diagonal excluded
17,9,lCb,1,Hind,-0.23156409707923123,1.910064464483103,192,2094,2094,sqrt(sum_j((FC_stimulus_ij - FC_spot_ij)^2)); diagonal excluded
17,9,lMON,0,Hind,-0.1885718314625819,1.124704493595416,192,814,814,sqrt(sum_j((FC_stimulus_ij - FC_spot_ij)^2)); diagonal excluded
17,9,lMOS1,2,Hind,0.20229532589358945,1.1806754395932977,192,1271,1271,sqrt(sum_j((FC_stimulus_ij - FC_spot_ij)^2)); diagonal excluded
17,9,lMOS2,3,Hind,-0.007147165310974443,1.4384698623587393,192,373,373,sqrt(sum_j((FC_stimulus_ij - FC_spot_ij)^2)); diagonal excluded
17,9,lMOS3,4,Hind,-0.5280442068802194,0.9666357314135366,192,1049,1049,sqrt(sum_j((FC_stimulus_ij - FC_spot_ij)^2)); diagonal excluded
17,9,lMOS4,5,Hind,0.1781221791123736,0.8077265570781813,192,897,897,sqrt(sum_j((FC_stimulus_ij - FC_spot_ij)^2)); diagonal excluded
17,9,lMOS5,6,Hind,0.07904857777849517,1.059445304798214,192,997,997,sqrt(sum_j((FC_stimulus_ij - FC_spot_ij)^2)); diagonal excluded
17,9,lNX,35,Hind,0.5159242026090447,1.4187842054401962,192,289,289,sqrt(sum_j((FC_stimulus_ij - FC_spot_ij)^2)); diagonal excluded
17,9,lRa,10,Hind,-0.07359117253107073,1.02079435396162,192,308,308,sqrt(sum_j((FC_stimulus_ij - FC_spot_ij)^2)); diagonal excluded
17,9,lT,11,Hind,-0.7772193815657938,0.8532115965236776,192,1187,1187,sqrt(sum_j((FC_stimulus_ij - FC_spot_ij)^2)); diagonal excluded
17,9,laRF,12,Hind,-0.564318946902863,0.9785615761025089,192,360,360,sqrt(sum_j((FC_stimulus_ij - FC_spot_ij)^2)); diagonal excluded
17,9,limRF,13,Hind,-1.4314709184810288,0.983900111054413,192,427,427,sqrt(sum_j((FC_stimulus_ij - FC_spot_ij)^2)); diagonal excluded
17,9,lpRF,14,Hind,-0.6214145198808102,1.232868562462706,192,659,659,sqrt(sum_j((FC_stimulus_ij - FC_spot_ij)^2)); diagonal excluded
17,9,rCb,37,Hind,-0.5336652505464933,1.2416802043587187,192,2225,2225,sqrt(sum_j((FC_stimulus_ij - FC_spot_ij)^2)); diagonal excluded
17,9,rMON,36,Hind,-0.20825183989935483,1.596291617443869,192,960,960,sqrt(sum_j((FC_stimulus_ij - FC_spot_ij)^2)); diagonal excluded
17,9,rMOS1,38,Hind,0.16364639867929043,0.9914381466667471,192,1381,1381,sqrt(sum_j((FC_stimulus_ij - FC_spot_ij)^2)); diagonal excluded
17,9,rMOS2,39,Hind,0.8422349936180663,1.2229098673689507,192,388,388,sqrt(sum_j((FC_stimulus_ij - FC_spot_ij)^2)); diagonal excluded
17,9,rMOS3,40,Hind,-0.5651363701456422,1.047151054575434,192,1340,1340,sqrt(sum_j((FC_stimulus_ij - FC_spot_ij)^2)); diagonal excluded
17,9,rMOS4,41,Hind,0.12590502818072719,0.9462692866973585,192,1159,1159,sqrt(sum_j((FC_stimulus_ij - FC_spot_ij)^2)); diagonal excluded
17,9,rMOS5,42,Hind,0.14031625821006288,1.4873855376521652,192,1456,1456,sqrt(sum_j((FC_stimulus_ij - FC_spot_ij)^2)); diagonal excluded
17,9,rNX,71,Hind,-0.6893400895121092,1.2755226949278289,192,587,587,sqrt(sum_j((FC_stimulus_ij - FC_spot_ij)^2)); diagonal excluded
17,9,rRa,46,Hind,-0.7676411283127857,1.1122448806955354,192,224,224,sqrt(sum_j((FC_stimulus_ij - FC_spot_ij)^2)); diagonal excluded
17,9,rT,47,Hind,-1.0407411074881572,1.0039179807009055,192,1185,1185,sqrt(sum_j((FC_stimulus_ij - FC_spot_ij)^2)); diagonal excluded
17,9,raRF,48,Hind,-0.6631233902290617,0.9014906824012671,192,228,228,sqrt(sum_j((FC_stimulus_ij - FC_spot_ij)^2)); diagonal excluded
17,9,rimRF,49,Hind,-1.54619502907132,1.190907579468839,192,298,298,sqrt(sum_j((FC_stimulus_ij - FC_spot_ij)^2)); diagonal excluded
17,9,rpRF,50,Hind,0.10367599956677641,1.2028308298138912,192,560,560,sqrt(sum_j((FC_stimulus_ij - FC_spot_ij)^2)); diagonal excluded
17,10,lOB,20,Tel,0.8396904821626903,2.141855945831139,192,213,213,sqrt(sum_j((FC_stimulus_ij - FC_spot_ij)^2)); diagonal excluded
17,10,lP,22,Tel,1.231407127758574,2.2012228440474413,192,859,859,sqrt(sum_j((FC_stimulus_ij - FC_spot_ij)^2)); diagonal excluded
17,10,lPO,25,Tel,1.5972895725725633,2.407274688944088,192,558,558,sqrt(sum_j((FC_stimulus_ij - FC_spot_ij)^2)); diagonal excluded
17,10,lSP,28,Tel,1.3712731940440057,2.145445552096312,192,804,804,sqrt(sum_j((FC_stimulus_ij - FC_spot_ij)^2)); diagonal excluded
17,10,rP,58,Tel,1.6274838194004198,2.462761333909688,192,1036,1036,sqrt(sum_j((FC_stimulus_ij - FC_spot_ij)^2)); diagonal excluded
17,10,rPO,61,Tel,1.5828504374539252,2.309873631870836,192,530,530,sqrt(sum_j((FC_stimulus_ij - FC_spot_ij)^2)); diagonal excluded
17,10,rSP,64,Tel,0.8449219250677052,2.3293094619931325,192,789,789,sqrt(sum_j((FC_stimulus_ij - FC_spot_ij)^2)); diagonal excluded
17,10,lHb,16,Di,2.3676084202295034,2.0756425945703842,192,420,420,sqrt(sum_j((FC_stimulus_ij - FC_spot_ij)^2)); diagonal excluded
17,10,lPT,24,Di,0.4045887279983318,1.9906261797823823,192,320,320,sqrt(sum_j((FC_stimulus_ij - FC_spot_ij)^2)); diagonal excluded
17,10,lPrT,26,Di,-0.760839251044076,1.9192996012717245,192,384,384,sqrt(sum_j((FC_stimulus_ij - FC_spot_ij)^2)); diagonal excluded
17,10,lTh,30,Di,-0.27932436463978083,2.4353235307863272,192,764,764,sqrt(sum_j((FC_stimulus_ij - FC_spot_ij)^2)); diagonal excluded
17,10,rHb,52,Di,1.269284446459516,3.308815807968415,192,349,349,sqrt(sum_j((FC_stimulus_ij - FC_spot_ij)^2)); diagonal excluded
17,10,rPT,60,Di,0.6955220273189893,2.17544486931441,192,350,350,sqrt(sum_j((FC_stimulus_ij - FC_spot_ij)^2)); diagonal excluded
17,10,rPrT,62,Di,-0.8729101402526896,2.1045434998860513,192,507,507,sqrt(sum_j((FC_stimulus_ij - FC_spot_ij)^2)); diagonal excluded
17,10,rTh,66,Di,0.12267948011021526,2.0650909051482067,192,1006,1006,sqrt(sum_j((FC_stimulus_ij - FC_spot_ij)^2)); diagonal excluded
17,10,lTS,32,Mes,-0.038289558822681,1.4545177037499397,192,353,353,sqrt(sum_j((FC_stimulus_ij - FC_spot_ij)^2)); diagonal excluded
17,10,lTeO,29,Mes,-0.22102994971595435,2.9479244658596033,192,7904,7904,sqrt(sum_j((FC_stimulus_ij - FC_spot_ij)^2)); diagonal excluded
17,10,rTS,68,Mes,-0.0707917864782934,2.085033068916175,192,145,145,sqrt(sum_j((FC_stimulus_ij - FC_spot_ij)^2)); diagonal excluded
17,10,rTeO,65,Mes,-0.9360345644680327,3.393949680965675,192,7951,7951,sqrt(sum_j((FC_stimulus_ij - FC_spot_ij)^2)); diagonal excluded
17,10,lCb,1,Hind,-0.23156409707923123,2.5174763239472013,192,2094,2094,sqrt(sum_j((FC_stimulus_ij - FC_spot_ij)^2)); diagonal excluded
17,10,lMON,0,Hind,-0.1885718314625819,4.8683008155149095,192,814,814,sqrt(sum_j((FC_stimulus_ij - FC_spot_ij)^2)); diagonal excluded
17,10,lMOS1,2,Hind,0.20229532589358945,2.70291550802449,192,1271,1271,sqrt(sum_j((FC_stimulus_ij - FC_spot_ij)^2)); diagonal excluded
17,10,lMOS2,3,Hind,-0.007147165310974443,3.0317962165444317,192,373,373,sqrt(sum_j((FC_stimulus_ij - FC_spot_ij)^2)); diagonal excluded
17,10,lMOS3,4,Hind,-0.5280442068802194,2.3957363045267313,192,1049,1049,sqrt(sum_j((FC_stimulus_ij - FC_spot_ij)^2)); diagonal excluded
17,10,lMOS4,5,Hind,0.1781221791123736,2.3128431531353,192,897,897,sqrt(sum_j((FC_stimulus_ij - FC_spot_ij)^2)); diagonal excluded
17,10,lMOS5,6,Hind,0.07904857777849517,2.731016905194756,192,997,997,sqrt(sum_j((FC_stimulus_ij - FC_spot_ij)^2)); diagonal excluded
17,10,lNX,35,Hind,0.5159242026090447,4.335285910165214,192,289,289,sqrt(sum_j((FC_stimulus_ij - FC_spot_ij)^2)); diagonal excluded
17,10,lRa,10,Hind,-0.07359117253107073,2.185622573384124,192,308,308,sqrt(sum_j((FC_stimulus_ij - FC_spot_ij)^2)); diagonal excluded
17,10,lT,11,Hind,-0.7772193815657938,2.038019929352319,192,1187,1187,sqrt(sum_j((FC_stimulus_ij - FC_spot_ij)^2)); diagonal excluded
17,10,laRF,12,Hind,-0.564318946902863,2.2858997729508785,192,360,360,sqrt(sum_j((FC_stimulus_ij - FC_spot_ij)^2)); diagonal excluded
17,10,limRF,13,Hind,-1.4314709184810288,2.784051828391403,192,427,427,sqrt(sum_j((FC_stimulus_ij - FC_spot_ij)^2)); diagonal excluded
17,10,lpRF,14,Hind,-0.6214145198808102,3.243616894939853,192,659,659,sqrt(sum_j((FC_stimulus_ij - FC_spot_ij)^2)); diagonal excluded
17,10,rCb,37,Hind,-0.5336652505464933,2.2601074528921705,192,2225,2225,sqrt(sum_j((FC_stimulus_ij - FC_spot_ij)^2)); diagonal excluded
17,10,rMON,36,Hind,-0.20825183989935483,3.9188164095922167,192,960,960,sqrt(sum_j((FC_stimulus_ij - FC_spot_ij)^2)); diagonal excluded
17,10,rMOS1,38,Hind,0.16364639867929043,1.9843610537264498,192,1381,1381,sqrt(sum_j((FC_stimulus_ij - FC_spot_ij)^2)); diagonal excluded
17,10,rMOS2,39,Hind,0.8422349936180663,1.9220442377901163,192,388,388,sqrt(sum_j((FC_stimulus_ij - FC_spot_ij)^2)); diagonal excluded
17,10,rMOS3,40,Hind,-0.5651363701456422,2.4011378951981626,192,1340,1340,sqrt(sum_j((FC_stimulus_ij - FC_spot_ij)^2)); diagonal excluded
17,10,rMOS4,41,Hind,0.12590502818072719,2.415515514891546,192,1159,1159,sqrt(sum_j((FC_stimulus_ij - FC_spot_ij)^2)); diagonal excluded
17,10,rMOS5,42,Hind,0.14031625821006288,2.4609143501880095,192,1456,1456,sqrt(sum_j((FC_stimulus_ij - FC_spot_ij)^2)); diagonal excluded
17,10,rNX,71,Hind,-0.6893400895121092,2.294149067404372,192,587,587,sqrt(sum_j((FC_stimulus_ij - FC_spot_ij)^2)); diagonal excluded
17,10,rRa,46,Hind,-0.7676411283127857,2.2944427619376317,192,224,224,sqrt(sum_j((FC_stimulus_ij - FC_spot_ij)^2)); diagonal excluded
17,10,rT,47,Hind,-1.0407411074881572,2.0357286808121215,192,1185,1185,sqrt(sum_j((FC_stimulus_ij - FC_spot_ij)^2)); diagonal excluded
17,10,raRF,48,Hind,-0.6631233902290617,2.302222958298091,192,228,228,sqrt(sum_j((FC_stimulus_ij - FC_spot_ij)^2)); diagonal excluded
17,10,rimRF,49,Hind,-1.54619502907132,2.0004818476525705,192,298,298,sqrt(sum_j((FC_stimulus_ij - FC_spot_ij)^2)); diagonal excluded
17,10,rpRF,50,Hind,0.10367599956677641,2.0260118020810367,192,560,560,sqrt(sum_j((FC_stimulus_ij - FC_spot_ij)^2)); diagonal excluded
17,11,lOB,20,Tel,0.8396904821626903,1.6690194005269872,192,213,213,sqrt(sum_j((FC_stimulus_ij - FC_spot_ij)^2)); diagonal excluded
17,11,lP,22,Tel,1.231407127758574,2.480612395464673,192,859,859,sqrt(sum_j((FC_stimulus_ij - FC_spot_ij)^2)); diagonal excluded
17,11,lPO,25,Tel,1.5972895725725633,1.241691642496204,192,558,558,sqrt(sum_j((FC_stimulus_ij - FC_spot_ij)^2)); diagonal excluded
17,11,lSP,28,Tel,1.3712731940440057,2.038897408403003,192,804,804,sqrt(sum_j((FC_stimulus_ij - FC_spot_ij)^2)); diagonal excluded
17,11,rP,58,Tel,1.6274838194004198,1.733978612343221,192,1036,1036,sqrt(sum_j((FC_stimulus_ij - FC_spot_ij)^2)); diagonal excluded
17,11,rPO,61,Tel,1.5828504374539252,1.2742086338202951,192,530,530,sqrt(sum_j((FC_stimulus_ij - FC_spot_ij)^2)); diagonal excluded
17,11,rSP,64,Tel,0.8449219250677052,1.466125065331387,192,789,789,sqrt(sum_j((FC_stimulus_ij - FC_spot_ij)^2)); diagonal excluded
17,11,lHb,16,Di,2.3676084202295034,1.0947245429652255,192,420,420,sqrt(sum_j((FC_stimulus_ij - FC_spot_ij)^2)); diagonal excluded
17,11,lPT,24,Di,0.4045887279983318,2.186432913548995,192,320,320,sqrt(sum_j((FC_stimulus_ij - FC_spot_ij)^2)); diagonal excluded
17,11,lPrT,26,Di,-0.760839251044076,1.3625956497062357,192,384,384,sqrt(sum_j((FC_stimulus_ij - FC_spot_ij)^2)); diagonal excluded
17,11,lTh,30,Di,-0.27932436463978083,1.2459611758773643,192,764,764,sqrt(sum_j((FC_stimulus_ij - FC_spot_ij)^2)); diagonal excluded
17,11,rHb,52,Di,1.269284446459516,1.5278809581193062,192,349,349,sqrt(sum_j((FC_stimulus_ij - FC_spot_ij)^2)); diagonal excluded
17,11,rPT,60,Di,0.6955220273189893,1.5322843015484127,192,350,350,sqrt(sum_j((FC_stimulus_ij - FC_spot_ij)^2)); diagonal excluded
17,11,rPrT,62,Di,-0.8729101402526896,1.4200496356471255,192,507,507,sqrt(sum_j((FC_stimulus_ij - FC_spot_ij)^2)); diagonal excluded
17,11,rTh,66,Di,0.12267948011021526,1.4384561254469406,192,1006,1006,sqrt(sum_j((FC_stimulus_ij - FC_spot_ij)^2)); diagonal excluded
17,11,lTS,32,Mes,-0.038289558822681,1.0594147741306363,192,353,353,sqrt(sum_j((FC_stimulus_ij - FC_spot_ij)^2)); diagonal excluded
17,11,lTeO,29,Mes,-0.22102994971595435,1.0470082272844132,192,7904,7904,sqrt(sum_j((FC_stimulus_ij - FC_spot_ij)^2)); diagonal excluded
17,11,rTS,68,Mes,-0.0707917864782934,1.246227737497361,192,145,145,sqrt(sum_j((FC_stimulus_ij - FC_spot_ij)^2)); diagonal excluded
17,11,rTeO,65,Mes,-0.9360345644680327,1.107492587086258,192,7951,7951,sqrt(sum_j((FC_stimulus_ij - FC_spot_ij)^2)); diagonal excluded
17,11,lCb,1,Hind,-0.23156409707923123,1.0211295339128776,192,2094,2094,sqrt(sum_j((FC_stimulus_ij - FC_spot_ij)^2)); diagonal excluded
17,11,lMON,0,Hind,-0.1885718314625819,1.9641438395709985,192,814,814,sqrt(sum_j((FC_stimulus_ij - FC_spot_ij)^2)); diagonal excluded
17,11,lMOS1,2,Hind,0.20229532589358945,1.2932585028135943,192,1271,1271,sqrt(sum_j((FC_stimulus_ij - FC_spot_ij)^2)); diagonal excluded
17,11,lMOS2,3,Hind,-0.007147165310974443,1.6076858753466616,192,373,373,sqrt(sum_j((FC_stimulus_ij - FC_spot_ij)^2)); diagonal excluded
17,11,lMOS3,4,Hind,-0.5280442068802194,1.08384659324086,192,1049,1049,sqrt(sum_j((FC_stimulus_ij - FC_spot_ij)^2)); diagonal excluded
17,11,lMOS4,5,Hind,0.1781221791123736,1.194074140605937,192,897,897,sqrt(sum_j((FC_stimulus_ij - FC_spot_ij)^2)); diagonal excluded
17,11,lMOS5,6,Hind,0.07904857777849517,1.187531216856689,192,997,997,sqrt(sum_j((FC_stimulus_ij - FC_spot_ij)^2)); diagonal excluded
17,11,lNX,35,Hind,0.5159242026090447,1.6038653611483324,192,289,289,sqrt(sum_j((FC_stimulus_ij - FC_spot_ij)^2)); diagonal excluded
17,11,lRa,10,Hind,-0.07359117253107073,1.7291247409700212,192,308,308,sqrt(sum_j((FC_stimulus_ij - FC_spot_ij)^2)); diagonal excluded
17,11,lT,11,Hind,-0.7772193815657938,1.1550723025351752,192,1187,1187,sqrt(sum_j((FC_stimulus_ij - FC_spot_ij)^2)); diagonal excluded
17,11,laRF,12,Hind,-0.564318946902863,1.5360835212192685,192,360,360,sqrt(sum_j((FC_stimulus_ij - FC_spot_ij)^2)); diagonal excluded
17,11,limRF,13,Hind,-1.4314709184810288,1.233784649352417,192,427,427,sqrt(sum_j((FC_stimulus_ij - FC_spot_ij)^2)); diagonal excluded
17,11,lpRF,14,Hind,-0.6214145198808102,1.6709135871926175,192,659,659,sqrt(sum_j((FC_stimulus_ij - FC_spot_ij)^2)); diagonal excluded
17,11,rCb,37,Hind,-0.5336652505464933,1.0564269707652068,192,2225,2225,sqrt(sum_j((FC_stimulus_ij - FC_spot_ij)^2)); diagonal excluded
17,11,rMON,36,Hind,-0.20825183989935483,0.7744291458703723,192,960,960,sqrt(sum_j((FC_stimulus_ij - FC_spot_ij)^2)); diagonal excluded
17,11,rMOS1,38,Hind,0.16364639867929043,1.7383522722903468,192,1381,1381,sqrt(sum_j((FC_stimulus_ij - FC_spot_ij)^2)); diagonal excluded
17,11,rMOS2,39,Hind,0.8422349936180663,1.38087208464307,192,388,388,sqrt(sum_j((FC_stimulus_ij - FC_spot_ij)^2)); diagonal excluded
17,11,rMOS3,40,Hind,-0.5651363701456422,1.7858144250788714,192,1340,1340,sqrt(sum_j((FC_stimulus_ij - FC_spot_ij)^2)); diagonal excluded
17,11,rMOS4,41,Hind,0.12590502818072719,1.2656916058615715,192,1159,1159,sqrt(sum_j((FC_stimulus_ij - FC_spot_ij)^2)); diagonal excluded
17,11,rMOS5,42,Hind,0.14031625821006288,1.8920852175424698,192,1456,1456,sqrt(sum_j((FC_stimulus_ij - FC_spot_ij)^2)); diagonal excluded
17,11,rNX,71,Hind,-0.6893400895121092,0.998359441470888,192,587,587,sqrt(sum_j((FC_stimulus_ij - FC_spot_ij)^2)); diagonal excluded
17,11,rRa,46,Hind,-0.7676411283127857,1.302763296686454,192,224,224,sqrt(sum_j((FC_stimulus_ij - FC_spot_ij)^2)); diagonal excluded
17,11,rT,47,Hind,-1.0407411074881572,1.5128001263640305,192,1185,1185,sqrt(sum_j((FC_stimulus_ij - FC_spot_ij)^2)); diagonal excluded
17,11,raRF,48,Hind,-0.6631233902290617,1.5280313400244254,192,228,228,sqrt(sum_j((FC_stimulus_ij - FC_spot_ij)^2)); diagonal excluded
17,11,rimRF,49,Hind,-1.54619502907132,1.4585679563753506,192,298,298,sqrt(sum_j((FC_stimulus_ij - FC_spot_ij)^2)); diagonal excluded
17,11,rpRF,50,Hind,0.10367599956677641,1.3360961171421801,192,560,560,sqrt(sum_j((FC_stimulus_ij - FC_spot_ij)^2)); diagonal excluded
17,12,lOB,20,Tel,0.8396904821626903,1.3031211374640512,192,213,213,sqrt(sum_j((FC_stimulus_ij - FC_spot_ij)^2)); diagonal excluded
17,12,lP,22,Tel,1.231407127758574,1.144630458436886,192,859,859,sqrt(sum_j((FC_stimulus_ij - FC_spot_ij)^2)); diagonal excluded
17,12,lPO,25,Tel,1.5972895725725633,0.9751291486483142,192,558,558,sqrt(sum_j((FC_stimulus_ij - FC_spot_ij)^2)); diagonal excluded
17,12,lSP,28,Tel,1.3712731940440057,2.171718394485494,192,804,804,sqrt(sum_j((FC_stimulus_ij - FC_spot_ij)^2)); diagonal excluded
17,12,rP,58,Tel,1.6274838194004198,1.1326188258967722,192,1036,1036,sqrt(sum_j((FC_stimulus_ij - FC_spot_ij)^2)); diagonal excluded
17,12,rPO,61,Tel,1.5828504374539252,1.1995025277155869,192,530,530,sqrt(sum_j((FC_stimulus_ij - FC_spot_ij)^2)); diagonal excluded
17,12,rSP,64,Tel,0.8449219250677052,1.7567191264823299,192,789,789,sqrt(sum_j((FC_stimulus_ij - FC_spot_ij)^2)); diagonal excluded
17,12,lHb,16,Di,2.3676084202295034,1.354237427805062,192,420,420,sqrt(sum_j((FC_stimulus_ij - FC_spot_ij)^2)); diagonal excluded
17,12,lPT,24,Di,0.4045887279983318,1.328587340624685,192,320,320,sqrt(sum_j((FC_stimulus_ij - FC_spot_ij)^2)); diagonal excluded
17,12,lPrT,26,Di,-0.760839251044076,1.7608932580223966,192,384,384,sqrt(sum_j((FC_stimulus_ij - FC_spot_ij)^2)); diagonal excluded
17,12,lTh,30,Di,-0.27932436463978083,1.3213674374483146,192,764,764,sqrt(sum_j((FC_stimulus_ij - FC_spot_ij)^2)); diagonal excluded
17,12,rHb,52,Di,1.269284446459516,2.0282448802452127,192,349,349,sqrt(sum_j((FC_stimulus_ij - FC_spot_ij)^2)); diagonal excluded
17,12,rPT,60,Di,0.6955220273189893,1.2419167619559006,192,350,350,sqrt(sum_j((FC_stimulus_ij - FC_spot_ij)^2)); diagonal excluded
17,12,rPrT,62,Di,-0.8729101402526896,1.5257264544839568,192,507,507,sqrt(sum_j((FC_stimulus_ij - FC_spot_ij)^2)); diagonal excluded
17,12,rTh,66,Di,0.12267948011021526,1.25580965777209,192,1006,1006,sqrt(sum_j((FC_stimulus_ij - FC_spot_ij)^2)); diagonal excluded
17,12,lTS,32,Mes,-0.038289558822681,1.109126696017507,192,353,353,sqrt(sum_j((FC_stimulus_ij - FC_spot_ij)^2)); diagonal excluded
17,12,lTeO,29,Mes,-0.22102994971595435,1.768932338745421,192,7904,7904,sqrt(sum_j((FC_stimulus_ij - FC_spot_ij)^2)); diagonal excluded
17,12,rTS,68,Mes,-0.0707917864782934,1.0793488185566749,192,145,145,sqrt(sum_j((FC_stimulus_ij - FC_spot_ij)^2)); diagonal excluded
17,12,rTeO,65,Mes,-0.9360345644680327,1.1969447174061156,192,7951,7951,sqrt(sum_j((FC_stimulus_ij - FC_spot_ij)^2)); diagonal excluded
17,12,lCb,1,Hind,-0.23156409707923123,1.955851112521185,192,2094,2094,sqrt(sum_j((FC_stimulus_ij - FC_spot_ij)^2)); diagonal excluded
17,12,lMON,0,Hind,-0.1885718314625819,2.148034656527393,192,814,814,sqrt(sum_j((FC_stimulus_ij - FC_spot_ij)^2)); diagonal excluded
17,12,lMOS1,2,Hind,0.20229532589358945,1.3681471603343003,192,1271,1271,sqrt(sum_j((FC_stimulus_ij - FC_spot_ij)^2)); diagonal excluded
17,12,lMOS2,3,Hind,-0.007147165310974443,1.6792417453190926,192,373,373,sqrt(sum_j((FC_stimulus_ij - FC_spot_ij)^2)); diagonal excluded
17,12,lMOS3,4,Hind,-0.5280442068802194,1.3421353604112936,192,1049,1049,sqrt(sum_j((FC_stimulus_ij - FC_spot_ij)^2)); diagonal excluded
17,12,lMOS4,5,Hind,0.1781221791123736,1.4228540826173333,192,897,897,sqrt(sum_j((FC_stimulus_ij - FC_spot_ij)^2)); diagonal excluded
17,12,lMOS5,6,Hind,0.07904857777849517,1.7020377439269347,192,997,997,sqrt(sum_j((FC_stimulus_ij - FC_spot_ij)^2)); diagonal excluded
17,12,lNX,35,Hind,0.5159242026090447,2.8598867383431332,192,289,289,sqrt(sum_j((FC_stimulus_ij - FC_spot_ij)^2)); diagonal excluded
17,12,lRa,10,Hind,-0.07359117253107073,2.08638431073476,192,308,308,sqrt(sum_j((FC_stimulus_ij - FC_spot_ij)^2)); diagonal excluded
17,12,lT,11,Hind,-0.7772193815657938,1.4040764953576854,192,1187,1187,sqrt(sum_j((FC_stimulus_ij - FC_spot_ij)^2)); diagonal excluded
17,12,laRF,12,Hind,-0.564318946902863,1.4692532201908246,192,360,360,sqrt(sum_j((FC_stimulus_ij - FC_spot_ij)^2)); diagonal excluded
17,12,limRF,13,Hind,-1.4314709184810288,1.439224950292449,192,427,427,sqrt(sum_j((FC_stimulus_ij - FC_spot_ij)^2)); diagonal excluded
17,12,lpRF,14,Hind,-0.6214145198808102,1.7749179991105968,192,659,659,sqrt(sum_j((FC_stimulus_ij - FC_spot_ij)^2)); diagonal excluded
17,12,rCb,37,Hind,-0.5336652505464933,1.4607113264118101,192,2225,2225,sqrt(sum_j((FC_stimulus_ij - FC_spot_ij)^2)); diagonal excluded
17,12,rMON,36,Hind,-0.20825183989935483,3.0737306547124255,192,960,960,sqrt(sum_j((FC_stimulus_ij - FC_spot_ij)^2)); diagonal excluded
17,12,rMOS1,38,Hind,0.16364639867929043,1.705611122011799,192,1381,1381,sqrt(sum_j((FC_stimulus_ij - FC_spot_ij)^2)); diagonal excluded
17,12,rMOS2,39,Hind,0.8422349936180663,1.4390943723532617,192,388,388,sqrt(sum_j((FC_stimulus_ij - FC_spot_ij)^2)); diagonal excluded
17,12,rMOS3,40,Hind,-0.5651363701456422,1.7224299616006946,192,1340,1340,sqrt(sum_j((FC_stimulus_ij - FC_spot_ij)^2)); diagonal excluded
17,12,rMOS4,41,Hind,0.12590502818072719,1.4309800827743797,192,1159,1159,sqrt(sum_j((FC_stimulus_ij - FC_spot_ij)^2)); diagonal excluded
17,12,rMOS5,42,Hind,0.14031625821006288,1.1821445833944146,192,1456,1456,sqrt(sum_j((FC_stimulus_ij - FC_spot_ij)^2)); diagonal excluded
17,12,rNX,71,Hind,-0.6893400895121092,0.9976914349414706,192,587,587,sqrt(sum_j((FC_stimulus_ij - FC_spot_ij)^2)); diagonal excluded
17,12,rRa,46,Hind,-0.7676411283127857,2.1875868501716784,192,224,224,sqrt(sum_j((FC_stimulus_ij - FC_spot_ij)^2)); diagonal excluded
17,12,rT,47,Hind,-1.0407411074881572,1.649654190942246,192,1185,1185,sqrt(sum_j((FC_stimulus_ij - FC_spot_ij)^2)); diagonal excluded
17,12,raRF,48,Hind,-0.6631233902290617,1.357094132010597,192,228,228,sqrt(sum_j((FC_stimulus_ij - FC_spot_ij)^2)); diagonal excluded
17,12,rimRF,49,Hind,-1.54619502907132,1.5017676452946838,192,298,298,sqrt(sum_j((FC_stimulus_ij - FC_spot_ij)^2)); diagonal excluded
17,12,rpRF,50,Hind,0.10367599956677641,1.5378829707155832,192,560,560,sqrt(sum_j((FC_stimulus_ij - FC_spot_ij)^2)); diagonal excluded
18,3,lOB,20,Tel,0.8396904821626903,1.1124106211184959,848,33,33,sqrt(sum_j((FC_stimulus_ij - FC_spot_ij)^2)); diagonal excluded
18,3,lP,22,Tel,1.231407127758574,3.6974382035951816,848,785,785,sqrt(sum_j((FC_stimulus_ij - FC_spot_ij)^2)); diagonal excluded
18,3,lPO,25,Tel,1.5972895725725633,3.8982538714476505,848,463,463,sqrt(sum_j((FC_stimulus_ij - FC_spot_ij)^2)); diagonal excluded
18,3,lSP,28,Tel,1.3712731940440057,4.085145670160627,848,564,564,sqrt(sum_j((FC_stimulus_ij - FC_spot_ij)^2)); diagonal excluded
18,3,rP,58,Tel,1.6274838194004198,2.9985074897653856,848,892,892,sqrt(sum_j((FC_stimulus_ij - FC_spot_ij)^2)); diagonal excluded
18,3,rPO,61,Tel,1.5828504374539252,3.3248799342044038,848,477,477,sqrt(sum_j((FC_stimulus_ij - FC_spot_ij)^2)); diagonal excluded
18,3,rSP,64,Tel,0.8449219250677052,2.972147680697995,848,564,564,sqrt(sum_j((FC_stimulus_ij - FC_spot_ij)^2)); diagonal excluded
18,3,lHb,16,Di,2.3676084202295034,3.3994709069672213,848,254,254,sqrt(sum_j((FC_stimulus_ij - FC_spot_ij)^2)); diagonal excluded
18,3,lPT,24,Di,0.4045887279983318,3.6554153131614675,848,313,313,sqrt(sum_j((FC_stimulus_ij - FC_spot_ij)^2)); diagonal excluded
18,3,lPrT,26,Di,-0.760839251044076,3.542249061666594,848,303,303,sqrt(sum_j((FC_stimulus_ij - FC_spot_ij)^2)); diagonal excluded
18,3,lTh,30,Di,-0.27932436463978083,3.224097839576007,848,792,792,sqrt(sum_j((FC_stimulus_ij - FC_spot_ij)^2)); diagonal excluded
18,3,rHb,52,Di,1.269284446459516,3.225738216289192,848,229,229,sqrt(sum_j((FC_stimulus_ij - FC_spot_ij)^2)); diagonal excluded
18,3,rPT,60,Di,0.6955220273189893,2.646316846860304,848,335,335,sqrt(sum_j((FC_stimulus_ij - FC_spot_ij)^2)); diagonal excluded
18,3,rPrT,62,Di,-0.8729101402526896,2.8838410882425305,848,414,414,sqrt(sum_j((FC_stimulus_ij - FC_spot_ij)^2)); diagonal excluded
18,3,rTh,66,Di,0.12267948011021526,2.5764739669818693,848,1070,1070,sqrt(sum_j((FC_stimulus_ij - FC_spot_ij)^2)); diagonal excluded
18,3,lTS,32,Mes,-0.038289558822681,1.442148010012033,848,232,232,sqrt(sum_j((FC_stimulus_ij - FC_spot_ij)^2)); diagonal excluded
18,3,lTeO,29,Mes,-0.22102994971595435,2.055353639321553,848,6511,6511,sqrt(sum_j((FC_stimulus_ij - FC_spot_ij)^2)); diagonal excluded
18,3,rTS,68,Mes,-0.0707917864782934,2.6842503855596913,848,217,217,sqrt(sum_j((FC_stimulus_ij - FC_spot_ij)^2)); diagonal excluded
18,3,rTeO,65,Mes,-0.9360345644680327,2.134517033664477,848,5927,5927,sqrt(sum_j((FC_stimulus_ij - FC_spot_ij)^2)); diagonal excluded
18,3,lCb,1,Hind,-0.23156409707923123,2.495059610669919,848,1910,1910,sqrt(sum_j((FC_stimulus_ij - FC_spot_ij)^2)); diagonal excluded
18,3,lMON,0,Hind,-0.1885718314625819,2.0810151558211354,848,778,778,sqrt(sum_j((FC_stimulus_ij - FC_spot_ij)^2)); diagonal excluded
18,3,lMOS1,2,Hind,0.20229532589358945,2.8983974751245016,848,1293,1293,sqrt(sum_j((FC_stimulus_ij - FC_spot_ij)^2)); diagonal excluded
18,3,lMOS2,3,Hind,-0.007147165310974443,3.9860973696473745,848,520,520,sqrt(sum_j((FC_stimulus_ij - FC_spot_ij)^2)); diagonal excluded
18,3,lMOS3,4,Hind,-0.5280442068802194,2.7509644148746064,848,1090,1090,sqrt(sum_j((FC_stimulus_ij - FC_spot_ij)^2)); diagonal excluded
18,3,lMOS4,5,Hind,0.1781221791123736,3.4632691944545484,848,852,852,sqrt(sum_j((FC_stimulus_ij - FC_spot_ij)^2)); diagonal excluded
18,3,lMOS5,6,Hind,0.07904857777849517,2.6251602169708956,848,1066,1066,sqrt(sum_j((FC_stimulus_ij - FC_spot_ij)^2)); diagonal excluded
18,3,lNX,35,Hind,0.5159242026090447,3.9083435094905603,848,729,729,sqrt(sum_j((FC_stimulus_ij - FC_spot_ij)^2)); diagonal excluded
18,3,lRa,10,Hind,-0.07359117253107073,1.8298199474489463,848,316,316,sqrt(sum_j((FC_stimulus_ij - FC_spot_ij)^2)); diagonal excluded
18,3,lT,11,Hind,-0.7772193815657938,3.142949930544907,848,921,921,sqrt(sum_j((FC_stimulus_ij - FC_spot_ij)^2)); diagonal excluded
18,3,laRF,12,Hind,-0.564318946902863,3.4145982729350366,848,468,468,sqrt(sum_j((FC_stimulus_ij - FC_spot_ij)^2)); diagonal excluded
18,3,limRF,13,Hind,-1.4314709184810288,3.2598831508085504,848,567,567,sqrt(sum_j((FC_stimulus_ij - FC_spot_ij)^2)); diagonal excluded
18,3,lpRF,14,Hind,-0.6214145198808102,4.021108517210255,848,842,842,sqrt(sum_j((FC_stimulus_ij - FC_spot_ij)^2)); diagonal excluded
18,3,rCb,37,Hind,-0.5336652505464933,2.9317885175490854,848,1991,1991,sqrt(sum_j((FC_stimulus_ij - FC_spot_ij)^2)); diagonal excluded
18,3,rMON,36,Hind,-0.20825183989935483,1.003741156403044,848,881,881,sqrt(sum_j((FC_stimulus_ij - FC_spot_ij)^2)); diagonal excluded
18,3,rMOS1,38,Hind,0.16364639867929043,2.6767443427171886,848,1356,1356,sqrt(sum_j((FC_stimulus_ij - FC_spot_ij)^2)); diagonal excluded
18,3,rMOS2,39,Hind,0.8422349936180663,3.190716263257412,848,421,421,sqrt(sum_j((FC_stimulus_ij - FC_spot_ij)^2)); diagonal excluded
18,3,rMOS3,40,Hind,-0.5651363701456422,2.261889330377218,848,1156,1156,sqrt(sum_j((FC_stimulus_ij - FC_spot_ij)^2)); diagonal excluded
18,3,rMOS4,41,Hind,0.12590502818072719,2.991741746013372,848,975,975,sqrt(sum_j((FC_stimulus_ij - FC_spot_ij)^2)); diagonal excluded
18,3,rMOS5,42,Hind,0.14031625821006288,2.3927164145538176,848,1240,1240,sqrt(sum_j((FC_stimulus_ij - FC_spot_ij)^2)); diagonal excluded
18,3,rNX,71,Hind,-0.6893400895121092,3.472729151429788,848,710,710,sqrt(sum_j((FC_stimulus_ij - FC_spot_ij)^2)); diagonal excluded
18,3,rRa,46,Hind,-0.7676411283127857,1.1228275557408312,848,192,192,sqrt(sum_j((FC_stimulus_ij - FC_spot_ij)^2)); diagonal excluded
18,3,rT,47,Hind,-1.0407411074881572,2.842201268075367,848,979,979,sqrt(sum_j((FC_stimulus_ij - FC_spot_ij)^2)); diagonal excluded
18,3,raRF,48,Hind,-0.6631233902290617,2.7327446146218795,848,507,507,sqrt(sum_j((FC_stimulus_ij - FC_spot_ij)^2)); diagonal excluded
18,3,rimRF,49,Hind,-1.54619502907132,2.713747468885834,848,522,522,sqrt(sum_j((FC_stimulus_ij - FC_spot_ij)^2)); diagonal excluded
18,3,rpRF,50,Hind,0.10367599956677641,2.771326284395328,848,834,834,sqrt(sum_j((FC_stimulus_ij - FC_spot_ij)^2)); diagonal excluded
18,9,lOB,20,Tel,0.8396904821626903,1.5340465015965952,192,33,33,sqrt(sum_j((FC_stimulus_ij - FC_spot_ij)^2)); diagonal excluded
18,9,lP,22,Tel,1.231407127758574,1.7080689274834553,192,785,785,sqrt(sum_j((FC_stimulus_ij - FC_spot_ij)^2)); diagonal excluded
18,9,lPO,25,Tel,1.5972895725725633,1.1126415884863343,192,463,463,sqrt(sum_j((FC_stimulus_ij - FC_spot_ij)^2)); diagonal excluded
18,9,lSP,28,Tel,1.3712731940440057,1.4356386495762583,192,564,564,sqrt(sum_j((FC_stimulus_ij - FC_spot_ij)^2)); diagonal excluded
18,9,rP,58,Tel,1.6274838194004198,2.295114477165661,192,892,892,sqrt(sum_j((FC_stimulus_ij - FC_spot_ij)^2)); diagonal excluded
18,9,rPO,61,Tel,1.5828504374539252,1.3836939392085423,192,477,477,sqrt(sum_j((FC_stimulus_ij - FC_spot_ij)^2)); diagonal excluded
18,9,rSP,64,Tel,0.8449219250677052,2.44011435394742,192,564,564,sqrt(sum_j((FC_stimulus_ij - FC_spot_ij)^2)); diagonal excluded
18,9,lHb,16,Di,2.3676084202295034,2.37028348169952,192,254,254,sqrt(sum_j((FC_stimulus_ij - FC_spot_ij)^2)); diagonal excluded
18,9,lPT,24,Di,0.4045887279983318,2.1747596996192997,192,313,313,sqrt(sum_j((FC_stimulus_ij - FC_spot_ij)^2)); diagonal excluded
18,9,lPrT,26,Di,-0.760839251044076,1.8376716486667948,192,303,303,sqrt(sum_j((FC_stimulus_ij - FC_spot_ij)^2)); diagonal excluded
18,9,lTh,30,Di,-0.27932436463978083,1.4539323355971645,192,792,792,sqrt(sum_j((FC_stimulus_ij - FC_spot_ij)^2)); diagonal excluded
18,9,rHb,52,Di,1.269284446459516,1.6634081327998582,192,229,229,sqrt(sum_j((FC_stimulus_ij - FC_spot_ij)^2)); diagonal excluded
18,9,rPT,60,Di,0.6955220273189893,2.3110577437652116,192,335,335,sqrt(sum_j((FC_stimulus_ij - FC_spot_ij)^2)); diagonal excluded
18,9,rPrT,62,Di,-0.8729101402526896,2.0569785603467743,192,414,414,sqrt(sum_j((FC_stimulus_ij - FC_spot_ij)^2)); diagonal excluded
18,9,rTh,66,Di,0.12267948011021526,2.2875300662311426,192,1070,1070,sqrt(sum_j((FC_stimulus_ij - FC_spot_ij)^2)); diagonal excluded
18,9,lTS,32,Mes,-0.038289558822681,1.5029138052289797,192,232,232,sqrt(sum_j((FC_stimulus_ij - FC_spot_ij)^2)); diagonal excluded
18,9,lTeO,29,Mes,-0.22102994971595435,2.123314606894702,192,6511,6511,sqrt(sum_j((FC_stimulus_ij - FC_spot_ij)^2)); diagonal excluded
18,9,rTS,68,Mes,-0.0707917864782934,1.5339058692513825,192,217,217,sqrt(sum_j((FC_stimulus_ij - FC_spot_ij)^2)); diagonal excluded
18,9,rTeO,65,Mes,-0.9360345644680327,1.8911252082581131,192,5927,5927,sqrt(sum_j((FC_stimulus_ij - FC_spot_ij)^2)); diagonal excluded
18,9,lCb,1,Hind,-0.23156409707923123,2.0313688747934058,192,1910,1910,sqrt(sum_j((FC_stimulus_ij - FC_spot_ij)^2)); diagonal excluded
18,9,lMON,0,Hind,-0.1885718314625819,1.4052055606105784,192,778,778,sqrt(sum_j((FC_stimulus_ij - FC_spot_ij)^2)); diagonal excluded
18,9,lMOS1,2,Hind,0.20229532589358945,1.9841883016177975,192,1293,1293,sqrt(sum_j((FC_stimulus_ij - FC_spot_ij)^2)); diagonal excluded
18,9,lMOS2,3,Hind,-0.007147165310974443,1.3419015507646037,192,520,520,sqrt(sum_j((FC_stimulus_ij - FC_spot_ij)^2)); diagonal excluded
18,9,lMOS3,4,Hind,-0.5280442068802194,1.9898082956992782,192,1090,1090,sqrt(sum_j((FC_stimulus_ij - FC_spot_ij)^2)); diagonal excluded
18,9,lMOS4,5,Hind,0.1781221791123736,1.486277793431248,192,852,852,sqrt(sum_j((FC_stimulus_ij - FC_spot_ij)^2)); diagonal excluded
18,9,lMOS5,6,Hind,0.07904857777849517,2.8093850880450395,192,1066,1066,sqrt(sum_j((FC_stimulus_ij - FC_spot_ij)^2)); diagonal excluded
18,9,lNX,35,Hind,0.5159242026090447,3.046471855965924,192,729,729,sqrt(sum_j((FC_stimulus_ij - FC_spot_ij)^2)); diagonal excluded
18,9,lRa,10,Hind,-0.07359117253107073,3.5275957466946366,192,316,316,sqrt(sum_j((FC_stimulus_ij - FC_spot_ij)^2)); diagonal excluded
18,9,lT,11,Hind,-0.7772193815657938,1.4963846727790318,192,921,921,sqrt(sum_j((FC_stimulus_ij - FC_spot_ij)^2)); diagonal excluded
18,9,laRF,12,Hind,-0.564318946902863,1.7440906498883784,192,468,468,sqrt(sum_j((FC_stimulus_ij - FC_spot_ij)^2)); diagonal excluded
18,9,limRF,13,Hind,-1.4314709184810288,1.9447719861813744,192,567,567,sqrt(sum_j((FC_stimulus_ij - FC_spot_ij)^2)); diagonal excluded
18,9,lpRF,14,Hind,-0.6214145198808102,1.3912875127731323,192,842,842,sqrt(sum_j((FC_stimulus_ij - FC_spot_ij)^2)); diagonal excluded
18,9,rCb,37,Hind,-0.5336652505464933,1.4382960750580407,192,1991,1991,sqrt(sum_j((FC_stimulus_ij - FC_spot_ij)^2)); diagonal excluded
18,9,rMON,36,Hind,-0.20825183989935483,1.5292593088596147,192,881,881,sqrt(sum_j((FC_stimulus_ij - FC_spot_ij)^2)); diagonal excluded
18,9,rMOS1,38,Hind,0.16364639867929043,2.713022575342978,192,1356,1356,sqrt(sum_j((FC_stimulus_ij - FC_spot_ij)^2)); diagonal excluded
18,9,rMOS2,39,Hind,0.8422349936180663,2.054328119062034,192,421,421,sqrt(sum_j((FC_stimulus_ij - FC_spot_ij)^2)); diagonal excluded
18,9,rMOS3,40,Hind,-0.5651363701456422,2.7637228458658676,192,1156,1156,sqrt(sum_j((FC_stimulus_ij - FC_spot_ij)^2)); diagonal excluded
18,9,rMOS4,41,Hind,0.12590502818072719,2.207671934807738,192,975,975,sqrt(sum_j((FC_stimulus_ij - FC_spot_ij)^2)); diagonal excluded
18,9,rMOS5,42,Hind,0.14031625821006288,2.1550282473258906,192,1240,1240,sqrt(sum_j((FC_stimulus_ij - FC_spot_ij)^2)); diagonal excluded
18,9,rNX,71,Hind,-0.6893400895121092,3.5261965204817454,192,710,710,sqrt(sum_j((FC_stimulus_ij - FC_spot_ij)^2)); diagonal excluded
18,9,rRa,46,Hind,-0.7676411283127857,3.231627754162489,192,192,192,sqrt(sum_j((FC_stimulus_ij - FC_spot_ij)^2)); diagonal excluded
18,9,rT,47,Hind,-1.0407411074881572,2.163537936835812,192,979,979,sqrt(sum_j((FC_stimulus_ij - FC_spot_ij)^2)); diagonal excluded
18,9,raRF,48,Hind,-0.6631233902290617,1.7843303989091965,192,507,507,sqrt(sum_j((FC_stimulus_ij - FC_spot_ij)^2)); diagonal excluded
18,9,rimRF,49,Hind,-1.54619502907132,2.1388842407030633,192,522,522,sqrt(sum_j((FC_stimulus_ij - FC_spot_ij)^2)); diagonal excluded
18,9,rpRF,50,Hind,0.10367599956677641,2.3585590536105605,192,834,834,sqrt(sum_j((FC_stimulus_ij - FC_spot_ij)^2)); diagonal excluded
18,10,lOB,20,Tel,0.8396904821626903,0.6732645637668874,192,33,33,sqrt(sum_j((FC_stimulus_ij - FC_spot_ij)^2)); diagonal excluded
18,10,lP,22,Tel,1.231407127758574,4.71119024123367,192,785,785,sqrt(sum_j((FC_stimulus_ij - FC_spot_ij)^2)); diagonal excluded
18,10,lPO,25,Tel,1.5972895725725633,4.766028464112304,192,463,463,sqrt(sum_j((FC_stimulus_ij - FC_spot_ij)^2)); diagonal excluded
18,10,lSP,28,Tel,1.3712731940440057,5.041214041781611,192,564,564,sqrt(sum_j((FC_stimulus_ij - FC_spot_ij)^2)); diagonal excluded
18,10,rP,58,Tel,1.6274838194004198,3.648715727886705,192,892,892,sqrt(sum_j((FC_stimulus_ij - FC_spot_ij)^2)); diagonal excluded
18,10,rPO,61,Tel,1.5828504374539252,4.169267410753019,192,477,477,sqrt(sum_j((FC_stimulus_ij - FC_spot_ij)^2)); diagonal excluded
18,10,rSP,64,Tel,0.8449219250677052,3.9020547240975105,192,564,564,sqrt(sum_j((FC_stimulus_ij - FC_spot_ij)^2)); diagonal excluded
18,10,lHb,16,Di,2.3676084202295034,4.5288382832651015,192,254,254,sqrt(sum_j((FC_stimulus_ij - FC_spot_ij)^2)); diagonal excluded
18,10,lPT,24,Di,0.4045887279983318,4.4383587746021345,192,313,313,sqrt(sum_j((FC_stimulus_ij - FC_spot_ij)^2)); diagonal excluded
18,10,lPrT,26,Di,-0.760839251044076,4.268110668380208,192,303,303,sqrt(sum_j((FC_stimulus_ij - FC_spot_ij)^2)); diagonal excluded
18,10,lTh,30,Di,-0.27932436463978083,3.891455533667126,192,792,792,sqrt(sum_j((FC_stimulus_ij - FC_spot_ij)^2)); diagonal excluded
18,10,rHb,52,Di,1.269284446459516,4.616798030669575,192,229,229,sqrt(sum_j((FC_stimulus_ij - FC_spot_ij)^2)); diagonal excluded
18,10,rPT,60,Di,0.6955220273189893,3.6510980691661046,192,335,335,sqrt(sum_j((FC_stimulus_ij - FC_spot_ij)^2)); diagonal excluded
18,10,rPrT,62,Di,-0.8729101402526896,3.56908888560745,192,414,414,sqrt(sum_j((FC_stimulus_ij - FC_spot_ij)^2)); diagonal excluded
18,10,rTh,66,Di,0.12267948011021526,3.418836510928174,192,1070,1070,sqrt(sum_j((FC_stimulus_ij - FC_spot_ij)^2)); diagonal excluded
18,10,lTS,32,Mes,-0.038289558822681,2.027157768412984,192,232,232,sqrt(sum_j((FC_stimulus_ij - FC_spot_ij)^2)); diagonal excluded
18,10,lTeO,29,Mes,-0.22102994971595435,3.3758497217002814,192,6511,6511,sqrt(sum_j((FC_stimulus_ij - FC_spot_ij)^2)); diagonal excluded
18,10,rTS,68,Mes,-0.0707917864782934,3.419990521381679,192,217,217,sqrt(sum_j((FC_stimulus_ij - FC_spot_ij)^2)); diagonal excluded
18,10,rTeO,65,Mes,-0.9360345644680327,2.869537416736959,192,5927,5927,sqrt(sum_j((FC_stimulus_ij - FC_spot_ij)^2)); diagonal excluded
18,10,lCb,1,Hind,-0.23156409707923123,3.7286123523136436,192,1910,1910,sqrt(sum_j((FC_stimulus_ij - FC_spot_ij)^2)); diagonal excluded
18,10,lMON,0,Hind,-0.1885718314625819,1.277413904720372,192,778,778,sqrt(sum_j((FC_stimulus_ij - FC_spot_ij)^2)); diagonal excluded
18,10,lMOS1,2,Hind,0.20229532589358945,3.8121673352899847,192,1293,1293,sqrt(sum_j((FC_stimulus_ij - FC_spot_ij)^2)); diagonal excluded
18,10,lMOS2,3,Hind,-0.007147165310974443,4.935471630414602,192,520,520,sqrt(sum_j((FC_stimulus_ij - FC_spot_ij)^2)); diagonal excluded
18,10,lMOS3,4,Hind,-0.5280442068802194,3.943915683541937,192,1090,1090,sqrt(sum_j((FC_stimulus_ij - FC_spot_ij)^2)); diagonal excluded
18,10,lMOS4,5,Hind,0.1781221791123736,4.001879071061203,192,852,852,sqrt(sum_j((FC_stimulus_ij - FC_spot_ij)^2)); diagonal excluded
18,10,lMOS5,6,Hind,0.07904857777849517,4.047447005217024,192,1066,1066,sqrt(sum_j((FC_stimulus_ij - FC_spot_ij)^2)); diagonal excluded
18,10,lNX,35,Hind,0.5159242026090447,4.664301831914824,192,729,729,sqrt(sum_j((FC_stimulus_ij - FC_spot_ij)^2)); diagonal excluded
18,10,lRa,10,Hind,-0.07359117253107073,4.041734421608735,192,316,316,sqrt(sum_j((FC_stimulus_ij - FC_spot_ij)^2)); diagonal excluded
18,10,lT,11,Hind,-0.7772193815657938,3.6333376450939157,192,921,921,sqrt(sum_j((FC_stimulus_ij - FC_spot_ij)^2)); diagonal excluded
18,10,laRF,12,Hind,-0.564318946902863,4.137629428677405,192,468,468,sqrt(sum_j((FC_stimulus_ij - FC_spot_ij)^2)); diagonal excluded
18,10,limRF,13,Hind,-1.4314709184810288,3.6766132724008798,192,567,567,sqrt(sum_j((FC_stimulus_ij - FC_spot_ij)^2)); diagonal excluded
18,10,lpRF,14,Hind,-0.6214145198808102,5.169788769921924,192,842,842,sqrt(sum_j((FC_stimulus_ij - FC_spot_ij)^2)); diagonal excluded
18,10,rCb,37,Hind,-0.5336652505464933,3.8884534480180384,192,1991,1991,sqrt(sum_j((FC_stimulus_ij - FC_spot_ij)^2)); diagonal excluded
18,10,rMON,36,Hind,-0.20825183989935483,1.2071223814447787,192,881,881,sqrt(sum_j((FC_stimulus_ij - FC_spot_ij)^2)); diagonal excluded
18,10,rMOS1,38,Hind,0.16364639867929043,3.6853324505570764,192,1356,1356,sqrt(sum_j((FC_stimulus_ij - FC_spot_ij)^2)); diagonal excluded
18,10,rMOS2,39,Hind,0.8422349936180663,3.9052929946861354,192,421,421,sqrt(sum_j((FC_stimulus_ij - FC_spot_ij)^2)); diagonal excluded
18,10,rMOS3,40,Hind,-0.5651363701456422,3.4315362921820673,192,1156,1156,sqrt(sum_j((FC_stimulus_ij - FC_spot_ij)^2)); diagonal excluded
18,10,rMOS4,41,Hind,0.12590502818072719,3.760329604344962,192,975,975,sqrt(sum_j((FC_stimulus_ij - FC_spot_ij)^2)); diagonal excluded
18,10,rMOS5,42,Hind,0.14031625821006288,4.017800663277186,192,1240,1240,sqrt(sum_j((FC_stimulus_ij - FC_spot_ij)^2)); diagonal excluded
18,10,rNX,71,Hind,-0.6893400895121092,4.325307770640087,192,710,710,sqrt(sum_j((FC_stimulus_ij - FC_spot_ij)^2)); diagonal excluded
18,10,rRa,46,Hind,-0.7676411283127857,3.9698607780836257,192,192,192,sqrt(sum_j((FC_stimulus_ij - FC_spot_ij)^2)); diagonal excluded
18,10,rT,47,Hind,-1.0407411074881572,3.4690254737922968,192,979,979,sqrt(sum_j((FC_stimulus_ij - FC_spot_ij)^2)); diagonal excluded
18,10,raRF,48,Hind,-0.6631233902290617,3.410332500639519,192,507,507,sqrt(sum_j((FC_stimulus_ij - FC_spot_ij)^2)); diagonal excluded
18,10,rimRF,49,Hind,-1.54619502907132,3.352746796484454,192,522,522,sqrt(sum_j((FC_stimulus_ij - FC_spot_ij)^2)); diagonal excluded
18,10,rpRF,50,Hind,0.10367599956677641,4.101001025262976,192,834,834,sqrt(sum_j((FC_stimulus_ij - FC_spot_ij)^2)); diagonal excluded
18,11,lOB,20,Tel,0.8396904821626903,1.3833236521960501,192,33,33,sqrt(sum_j((FC_stimulus_ij - FC_spot_ij)^2)); diagonal excluded
18,11,lP,22,Tel,1.231407127758574,1.3304768427381495,192,785,785,sqrt(sum_j((FC_stimulus_ij - FC_spot_ij)^2)); diagonal excluded
18,11,lPO,25,Tel,1.5972895725725633,1.6942729768728666,192,463,463,sqrt(sum_j((FC_stimulus_ij - FC_spot_ij)^2)); diagonal excluded
18,11,lSP,28,Tel,1.3712731940440057,1.377845946584248,192,564,564,sqrt(sum_j((FC_stimulus_ij - FC_spot_ij)^2)); diagonal excluded
18,11,rP,58,Tel,1.6274838194004198,1.7004363616664968,192,892,892,sqrt(sum_j((FC_stimulus_ij - FC_spot_ij)^2)); diagonal excluded
18,11,rPO,61,Tel,1.5828504374539252,1.6448912766781045,192,477,477,sqrt(sum_j((FC_stimulus_ij - FC_spot_ij)^2)); diagonal excluded
18,11,rSP,64,Tel,0.8449219250677052,1.5904613184805896,192,564,564,sqrt(sum_j((FC_stimulus_ij - FC_spot_ij)^2)); diagonal excluded
18,11,lHb,16,Di,2.3676084202295034,2.6222997436153324,192,254,254,sqrt(sum_j((FC_stimulus_ij - FC_spot_ij)^2)); diagonal excluded
18,11,lPT,24,Di,0.4045887279983318,1.3755311264228065,192,313,313,sqrt(sum_j((FC_stimulus_ij - FC_spot_ij)^2)); diagonal excluded
18,11,lPrT,26,Di,-0.760839251044076,2.8630389014242854,192,303,303,sqrt(sum_j((FC_stimulus_ij - FC_spot_ij)^2)); diagonal excluded
18,11,lTh,30,Di,-0.27932436463978083,1.5715956102680388,192,792,792,sqrt(sum_j((FC_stimulus_ij - FC_spot_ij)^2)); diagonal excluded
18,11,rHb,52,Di,1.269284446459516,2.4052544531951896,192,229,229,sqrt(sum_j((FC_stimulus_ij - FC_spot_ij)^2)); diagonal excluded
18,11,rPT,60,Di,0.6955220273189893,1.780962742890523,192,335,335,sqrt(sum_j((FC_stimulus_ij - FC_spot_ij)^2)); diagonal excluded
18,11,rPrT,62,Di,-0.8729101402526896,2.159618328982558,192,414,414,sqrt(sum_j((FC_stimulus_ij - FC_spot_ij)^2)); diagonal excluded
18,11,rTh,66,Di,0.12267948011021526,1.792170089058122,192,1070,1070,sqrt(sum_j((FC_stimulus_ij - FC_spot_ij)^2)); diagonal excluded
18,11,lTS,32,Mes,-0.038289558822681,1.5692135053915408,192,232,232,sqrt(sum_j((FC_stimulus_ij - FC_spot_ij)^2)); diagonal excluded
18,11,lTeO,29,Mes,-0.22102994971595435,2.0430163788006577,192,6511,6511,sqrt(sum_j((FC_stimulus_ij - FC_spot_ij)^2)); diagonal excluded
18,11,rTS,68,Mes,-0.0707917864782934,1.414085876993002,192,217,217,sqrt(sum_j((FC_stimulus_ij - FC_spot_ij)^2)); diagonal excluded
18,11,rTeO,65,Mes,-0.9360345644680327,1.6001196593067244,192,5927,5927,sqrt(sum_j((FC_stimulus_ij - FC_spot_ij)^2)); diagonal excluded
18,11,lCb,1,Hind,-0.23156409707923123,1.7037105043268945,192,1910,1910,sqrt(sum_j((FC_stimulus_ij - FC_spot_ij)^2)); diagonal excluded
18,11,lMON,0,Hind,-0.1885718314625819,0.9359896997016877,192,778,778,sqrt(sum_j((FC_stimulus_ij - FC_spot_ij)^2)); diagonal excluded
18,11,lMOS1,2,Hind,0.20229532589358945,1.6821158277706314,192,1293,1293,sqrt(sum_j((FC_stimulus_ij - FC_spot_ij)^2)); diagonal excluded
18,11,lMOS2,3,Hind,-0.007147165310974443,1.9416998957848413,192,520,520,sqrt(sum_j((FC_stimulus_ij - FC_spot_ij)^2)); diagonal excluded
18,11,lMOS3,4,Hind,-0.5280442068802194,1.3084106207918924,192,1090,1090,sqrt(sum_j((FC_stimulus_ij - FC_spot_ij)^2)); diagonal excluded
18,11,lMOS4,5,Hind,0.1781221791123736,1.0860032401742188,192,852,852,sqrt(sum_j((FC_stimulus_ij - FC_spot_ij)^2)); diagonal excluded
18,11,lMOS5,6,Hind,0.07904857777849517,2.829226385609386,192,1066,1066,sqrt(sum_j((FC_stimulus_ij - FC_spot_ij)^2)); diagonal excluded
18,11,lNX,35,Hind,0.5159242026090447,2.2132063987170696,192,729,729,sqrt(sum_j((FC_stimulus_ij - FC_spot_ij)^2)); diagonal excluded
18,11,lRa,10,Hind,-0.07359117253107073,2.525977118971288,192,316,316,sqrt(sum_j((FC_stimulus_ij - FC_spot_ij)^2)); diagonal excluded
18,11,lT,11,Hind,-0.7772193815657938,1.8555170055197268,192,921,921,sqrt(sum_j((FC_stimulus_ij - FC_spot_ij)^2)); diagonal excluded
18,11,laRF,12,Hind,-0.564318946902863,1.612801603708117,192,468,468,sqrt(sum_j((FC_stimulus_ij - FC_spot_ij)^2)); diagonal excluded
18,11,limRF,13,Hind,-1.4314709184810288,1.2371351383719407,192,567,567,sqrt(sum_j((FC_stimulus_ij - FC_spot_ij)^2)); diagonal excluded
18,11,lpRF,14,Hind,-0.6214145198808102,1.8040048162675772,192,842,842,sqrt(sum_j((FC_stimulus_ij - FC_spot_ij)^2)); diagonal excluded
18,11,rCb,37,Hind,-0.5336652505464933,1.8281047282436629,192,1991,1991,sqrt(sum_j((FC_stimulus_ij - FC_spot_ij)^2)); diagonal excluded
18,11,rMON,36,Hind,-0.20825183989935483,1.4707584536869351,192,881,881,sqrt(sum_j((FC_stimulus_ij - FC_spot_ij)^2)); diagonal excluded
18,11,rMOS1,38,Hind,0.16364639867929043,2.5203979299780435,192,1356,1356,sqrt(sum_j((FC_stimulus_ij - FC_spot_ij)^2)); diagonal excluded
18,11,rMOS2,39,Hind,0.8422349936180663,1.8326138423070912,192,421,421,sqrt(sum_j((FC_stimulus_ij - FC_spot_ij)^2)); diagonal excluded
18,11,rMOS3,40,Hind,-0.5651363701456422,2.7315474584694113,192,1156,1156,sqrt(sum_j((FC_stimulus_ij - FC_spot_ij)^2)); diagonal excluded
18,11,rMOS4,41,Hind,0.12590502818072719,2.0970143743853846,192,975,975,sqrt(sum_j((FC_stimulus_ij - FC_spot_ij)^2)); diagonal excluded
18,11,rMOS5,42,Hind,0.14031625821006288,1.4647658291177559,192,1240,1240,sqrt(sum_j((FC_stimulus_ij - FC_spot_ij)^2)); diagonal excluded
18,11,rNX,71,Hind,-0.6893400895121092,3.0672911947784725,192,710,710,sqrt(sum_j((FC_stimulus_ij - FC_spot_ij)^2)); diagonal excluded
18,11,rRa,46,Hind,-0.7676411283127857,2.0755061863034667,192,192,192,sqrt(sum_j((FC_stimulus_ij - FC_spot_ij)^2)); diagonal excluded
18,11,rT,47,Hind,-1.0407411074881572,1.5411992856307966,192,979,979,sqrt(sum_j((FC_stimulus_ij - FC_spot_ij)^2)); diagonal excluded
18,11,raRF,48,Hind,-0.6631233902290617,2.4634527946093145,192,507,507,sqrt(sum_j((FC_stimulus_ij - FC_spot_ij)^2)); diagonal excluded
18,11,rimRF,49,Hind,-1.54619502907132,1.6003741686745114,192,522,522,sqrt(sum_j((FC_stimulus_ij - FC_spot_ij)^2)); diagonal excluded
18,11,rpRF,50,Hind,0.10367599956677641,2.0115373484490733,192,834,834,sqrt(sum_j((FC_stimulus_ij - FC_spot_ij)^2)); diagonal excluded
18,12,lOB,20,Tel,0.8396904821626903,1.7157588847461707,192,33,33,sqrt(sum_j((FC_stimulus_ij - FC_spot_ij)^2)); diagonal excluded
18,12,lP,22,Tel,1.231407127758574,2.469429201068814,192,785,785,sqrt(sum_j((FC_stimulus_ij - FC_spot_ij)^2)); diagonal excluded
18,12,lPO,25,Tel,1.5972895725725633,2.0053194456903527,192,463,463,sqrt(sum_j((FC_stimulus_ij - FC_spot_ij)^2)); diagonal excluded
18,12,lSP,28,Tel,1.3712731940440057,2.845922235966399,192,564,564,sqrt(sum_j((FC_stimulus_ij - FC_spot_ij)^2)); diagonal excluded
18,12,rP,58,Tel,1.6274838194004198,2.0354858755894147,192,892,892,sqrt(sum_j((FC_stimulus_ij - FC_spot_ij)^2)); diagonal excluded
18,12,rPO,61,Tel,1.5828504374539252,1.742150852869576,192,477,477,sqrt(sum_j((FC_stimulus_ij - FC_spot_ij)^2)); diagonal excluded
18,12,rSP,64,Tel,0.8449219250677052,1.978512062094449,192,564,564,sqrt(sum_j((FC_stimulus_ij - FC_spot_ij)^2)); diagonal excluded
18,12,lHb,16,Di,2.3676084202295034,2.8211297970909337,192,254,254,sqrt(sum_j((FC_stimulus_ij - FC_spot_ij)^2)); diagonal excluded
18,12,lPT,24,Di,0.4045887279983318,2.619726215395388,192,313,313,sqrt(sum_j((FC_stimulus_ij - FC_spot_ij)^2)); diagonal excluded
18,12,lPrT,26,Di,-0.760839251044076,2.298770297457716,192,303,303,sqrt(sum_j((FC_stimulus_ij - FC_spot_ij)^2)); diagonal excluded
18,12,lTh,30,Di,-0.27932436463978083,2.5204626748213323,192,792,792,sqrt(sum_j((FC_stimulus_ij - FC_spot_ij)^2)); diagonal excluded
18,12,rHb,52,Di,1.269284446459516,2.3204521113182497,192,229,229,sqrt(sum_j((FC_stimulus_ij - FC_spot_ij)^2)); diagonal excluded
18,12,rPT,60,Di,0.6955220273189893,2.0487644891292667,192,335,335,sqrt(sum_j((FC_stimulus_ij - FC_spot_ij)^2)); diagonal excluded
18,12,rPrT,62,Di,-0.8729101402526896,1.303980085235605,192,414,414,sqrt(sum_j((FC_stimulus_ij - FC_spot_ij)^2)); diagonal excluded
18,12,rTh,66,Di,0.12267948011021526,1.286935911466197,192,1070,1070,sqrt(sum_j((FC_stimulus_ij - FC_spot_ij)^2)); diagonal excluded
18,12,lTS,32,Mes,-0.038289558822681,1.38788694771792,192,232,232,sqrt(sum_j((FC_stimulus_ij - FC_spot_ij)^2)); diagonal excluded
18,12,lTeO,29,Mes,-0.22102994971595435,1.6027669702346916,192,6511,6511,sqrt(sum_j((FC_stimulus_ij - FC_spot_ij)^2)); diagonal excluded
18,12,rTS,68,Mes,-0.0707917864782934,1.4854307690074728,192,217,217,sqrt(sum_j((FC_stimulus_ij - FC_spot_ij)^2)); diagonal excluded
18,12,rTeO,65,Mes,-0.9360345644680327,1.4511242275353522,192,5927,5927,sqrt(sum_j((FC_stimulus_ij - FC_spot_ij)^2)); diagonal excluded
18,12,lCb,1,Hind,-0.23156409707923123,2.1646144449311144,192,1910,1910,sqrt(sum_j((FC_stimulus_ij - FC_spot_ij)^2)); diagonal excluded
18,12,lMON,0,Hind,-0.1885718314625819,1.0496413138391203,192,778,778,sqrt(sum_j((FC_stimulus_ij - FC_spot_ij)^2)); diagonal excluded
18,12,lMOS1,2,Hind,0.20229532589358945,2.2315642163625204,192,1293,1293,sqrt(sum_j((FC_stimulus_ij - FC_spot_ij)^2)); diagonal excluded
18,12,lMOS2,3,Hind,-0.007147165310974443,2.5775354615276886,192,520,520,sqrt(sum_j((FC_stimulus_ij - FC_spot_ij)^2)); diagonal excluded
18,12,lMOS3,4,Hind,-0.5280442068802194,2.173477309260504,192,1090,1090,sqrt(sum_j((FC_stimulus_ij - FC_spot_ij)^2)); diagonal excluded
18,12,lMOS4,5,Hind,0.1781221791123736,2.366630980879709,192,852,852,sqrt(sum_j((FC_stimulus_ij - FC_spot_ij)^2)); diagonal excluded
18,12,lMOS5,6,Hind,0.07904857777849517,1.475320281882142,192,1066,1066,sqrt(sum_j((FC_stimulus_ij - FC_spot_ij)^2)); diagonal excluded
18,12,lNX,35,Hind,0.5159242026090447,1.2834379138708247,192,729,729,sqrt(sum_j((FC_stimulus_ij - FC_spot_ij)^2)); diagonal excluded
18,12,lRa,10,Hind,-0.07359117253107073,2.00070742390933,192,316,316,sqrt(sum_j((FC_stimulus_ij - FC_spot_ij)^2)); diagonal excluded
18,12,lT,11,Hind,-0.7772193815657938,1.8530595572612805,192,921,921,sqrt(sum_j((FC_stimulus_ij - FC_spot_ij)^2)); diagonal excluded
18,12,laRF,12,Hind,-0.564318946902863,2.3338493497064627,192,468,468,sqrt(sum_j((FC_stimulus_ij - FC_spot_ij)^2)); diagonal excluded
18,12,limRF,13,Hind,-1.4314709184810288,2.176069601760517,192,567,567,sqrt(sum_j((FC_stimulus_ij - FC_spot_ij)^2)); diagonal excluded
18,12,lpRF,14,Hind,-0.6214145198808102,2.7598143322022772,192,842,842,sqrt(sum_j((FC_stimulus_ij - FC_spot_ij)^2)); diagonal excluded
18,12,rCb,37,Hind,-0.5336652505464933,1.4545040793578488,192,1991,1991,sqrt(sum_j((FC_stimulus_ij - FC_spot_ij)^2)); diagonal excluded
18,12,rMON,36,Hind,-0.20825183989935483,1.0880563772491099,192,881,881,sqrt(sum_j((FC_stimulus_ij - FC_spot_ij)^2)); diagonal excluded
18,12,rMOS1,38,Hind,0.16364639867929043,2.273384651949721,192,1356,1356,sqrt(sum_j((FC_stimulus_ij - FC_spot_ij)^2)); diagonal excluded
18,12,rMOS2,39,Hind,0.8422349936180663,2.2611856324871513,192,421,421,sqrt(sum_j((FC_stimulus_ij - FC_spot_ij)^2)); diagonal excluded
18,12,rMOS3,40,Hind,-0.5651363701456422,1.529364284823404,192,1156,1156,sqrt(sum_j((FC_stimulus_ij - FC_spot_ij)^2)); diagonal excluded
18,12,rMOS4,41,Hind,0.12590502818072719,1.8441968920075813,192,975,975,sqrt(sum_j((FC_stimulus_ij - FC_spot_ij)^2)); diagonal excluded
18,12,rMOS5,42,Hind,0.14031625821006288,1.3176240378850281,192,1240,1240,sqrt(sum_j((FC_stimulus_ij - FC_spot_ij)^2)); diagonal excluded
18,12,rNX,71,Hind,-0.6893400895121092,1.677532922997077,192,710,710,sqrt(sum_j((FC_stimulus_ij - FC_spot_ij)^2)); diagonal excluded
18,12,rRa,46,Hind,-0.7676411283127857,2.5432107081708573,192,192,192,sqrt(sum_j((FC_stimulus_ij - FC_spot_ij)^2)); diagonal excluded
18,12,rT,47,Hind,-1.0407411074881572,2.2237801758304614,192,979,979,sqrt(sum_j((FC_stimulus_ij - FC_spot_ij)^2)); diagonal excluded
18,12,raRF,48,Hind,-0.6631233902290617,1.492658413494824,192,507,507,sqrt(sum_j((FC_stimulus_ij - FC_spot_ij)^2)); diagonal excluded
18,12,rimRF,49,Hind,-1.54619502907132,1.4158662145113814,192,522,522,sqrt(sum_j((FC_stimulus_ij - FC_spot_ij)^2)); diagonal excluded
18,12,rpRF,50,Hind,0.10367599956677641,1.3485801720892003,192,834,834,sqrt(sum_j((FC_stimulus_ij - FC_spot_ij)^2)); diagonal excluded
