Subject,StimulusIndex,Region,RegionID,Division,PostDCA,NeuronCount,FCV,NTimepoints,NWindows,TraceSource,FCVDefinition,WindowSize,Overlap
12,0,lOB,20,Tel,0.8396904821626903,223,0.15438378399773936,44,5,stim_data,std of sliding-window FC; same stimulus-index timepoints concatenated,20,15
12,0,lP,22,Tel,1.231407127758574,933,0.38937747070492795,44,5,stim_data,std of sliding-window FC; same stimulus-index timepoints concatenated,20,15
12,0,lPO,25,Tel,1.5972895725725633,425,0.22469591446728046,44,5,stim_data,std of sliding-window FC; same stimulus-index timepoints concatenated,20,15
12,0,lSP,28,Tel,1.3712731940440057,679,0.44674659817476864,44,5,stim_data,std of sliding-window FC; same stimulus-index timepoints concatenated,20,15
12,0,rP,58,Tel,1.6274838194004198,976,0.22348179845107738,44,5,stim_data,std of sliding-window FC; same stimulus-index timepoints concatenated,20,15
12,0,rPO,61,Tel,1.5828504374539252,382,0.17860464284366454,44,5,stim_data,std of sliding-window FC; same stimulus-index timepoints concatenated,20,15
12,0,rSP,64,Tel,0.8449219250677052,658,0.3302624817822118,44,5,stim_data,std of sliding-window FC; same stimulus-index timepoints concatenated,20,15
12,0,lHb,16,Di,2.3676084202295034,309,0.3551368407392652,44,5,stim_data,std of sliding-window FC; same stimulus-index timepoints concatenated,20,15
12,0,lPT,24,Di,0.4045887279983318,379,0.30485036466517595,44,5,stim_data,std of sliding-window FC; same stimulus-index timepoints concatenated,20,15
12,0,lPrT,26,Di,-0.760839251044076,407,0.2375012101993031,44,5,stim_data,std of sliding-window FC; same stimulus-index timepoints concatenated,20,15
12,0,lTh,30,Di,-0.27932436463978083,1186,0.4217133530475822,44,5,stim_data,std of sliding-window FC; same stimulus-index timepoints concatenated,20,15
12,0,rHb,52,Di,1.269284446459516,260,0.4518665701260073,44,5,stim_data,std of sliding-window FC; same stimulus-index timepoints concatenated,20,15
12,0,rPT,60,Di,0.6955220273189893,407,0.24178565047733871,44,5,stim_data,std of sliding-window FC; same stimulus-index timepoints concatenated,20,15
12,0,rPrT,62,Di,-0.8729101402526896,577,0.20848110601567793,44,5,stim_data,std of sliding-window FC; same stimulus-index timepoints concatenated,20,15
12,0,rTh,66,Di,0.12267948011021526,1297,0.21667018466215895,44,5,stim_data,std of sliding-window FC; same stimulus-index timepoints concatenated,20,15
12,0,lTS,32,Mes,-0.038289558822681,404,0.36649295066487714,44,5,stim_data,std of sliding-window FC; same stimulus-index timepoints concatenated,20,15
12,0,lTeO,29,Mes,-0.22102994971595435,6182,0.4003400304038637,44,5,stim_data,std of sliding-window FC; same stimulus-index timepoints concatenated,20,15
12,0,rTS,68,Mes,-0.0707917864782934,130,0.34640140917572215,44,5,stim_data,std of sliding-window FC; same stimulus-index timepoints concatenated,20,15
12,0,rTeO,65,Mes,-0.9360345644680327,7358,0.5456245159383911,44,5,stim_data,std of sliding-window FC; same stimulus-index timepoints concatenated,20,15
12,0,lCb,1,Hind,-0.23156409707923123,1625,0.23282723375298706,44,5,stim_data,std of sliding-window FC; same stimulus-index timepoints concatenated,20,15
12,0,lMON,0,Hind,-0.1885718314625819,863,0.20695606357266882,44,5,stim_data,std of sliding-window FC; same stimulus-index timepoints concatenated,20,15
12,0,lMOS1,2,Hind,0.20229532589358945,1419,0.18469654925830906,44,5,stim_data,std of sliding-window FC; same stimulus-index timepoints concatenated,20,15
12,0,lMOS2,3,Hind,-0.007147165310974443,558,0.2850867064356681,44,5,stim_data,std of sliding-window FC; same stimulus-index timepoints concatenated,20,15
12,0,lMOS3,4,Hind,-0.5280442068802194,1297,0.18748110273609342,44,5,stim_data,std of sliding-window FC; same stimulus-index timepoints concatenated,20,15
12,0,lMOS4,5,Hind,0.1781221791123736,882,0.1951840922899616,44,5,stim_data,std of sliding-window FC; same stimulus-index timepoints concatenated,20,15
12,0,lMOS5,6,Hind,0.07904857777849517,1182,0.19452615594609937,44,5,stim_data,std of sliding-window FC; same stimulus-index timepoints concatenated,20,15
12,0,lNX,35,Hind,0.5159242026090447,381,0.3007124680277583,44,5,stim_data,std of sliding-window FC; same stimulus-index timepoints concatenated,20,15
12,0,lRa,10,Hind,-0.07359117253107073,254,0.15482309846867703,44,5,stim_data,std of sliding-window FC; same stimulus-index timepoints concatenated,20,15
12,0,lT,11,Hind,-0.7772193815657938,1266,0.18111133769329305,44,5,stim_data,std of sliding-window FC; same stimulus-index timepoints concatenated,20,15
12,0,laRF,12,Hind,-0.564318946902863,264,0.19110059399444548,44,5,stim_data,std of sliding-window FC; same stimulus-index timepoints concatenated,20,15
12,0,limRF,13,Hind,-1.4314709184810288,382,0.2277636892766777,44,5,stim_data,std of sliding-window FC; same stimulus-index timepoints concatenated,20,15
12,0,lpRF,14,Hind,-0.6214145198808102,485,0.24908192745319824,44,5,stim_data,std of sliding-window FC; same stimulus-index timepoints concatenated,20,15
12,0,rCb,37,Hind,-0.5336652505464933,1685,0.1757438227588576,44,5,stim_data,std of sliding-window FC; same stimulus-index timepoints concatenated,20,15
12,0,rMON,36,Hind,-0.20825183989935483,1120,0.17901634998269522,44,5,stim_data,std of sliding-window FC; same stimulus-index timepoints concatenated,20,15
12,0,rMOS1,38,Hind,0.16364639867929043,1483,0.1677537144932231,44,5,stim_data,std of sliding-window FC; same stimulus-index timepoints concatenated,20,15
12,0,rMOS2,39,Hind,0.8422349936180663,554,0.19953437420029993,44,5,stim_data,std of sliding-window FC; same stimulus-index timepoints concatenated,20,15
12,0,rMOS3,40,Hind,-0.5651363701456422,1496,0.19859702649859381,44,5,stim_data,std of sliding-window FC; same stimulus-index timepoints concatenated,20,15
12,0,rMOS4,41,Hind,0.12590502818072719,1113,0.17467693546080942,44,5,stim_data,std of sliding-window FC; same stimulus-index timepoints concatenated,20,15
12,0,rMOS5,42,Hind,0.14031625821006288,1530,0.1616251759575812,44,5,stim_data,std of sliding-window FC; same stimulus-index timepoints concatenated,20,15
12,0,rNX,71,Hind,-0.6893400895121092,484,0.15573761745121434,44,5,stim_data,std of sliding-window FC; same stimulus-index timepoints concatenated,20,15
12,0,rRa,46,Hind,-0.7676411283127857,201,0.15980278447854965,44,5,stim_data,std of sliding-window FC; same stimulus-index timepoints concatenated,20,15
12,0,rT,47,Hind,-1.0407411074881572,1437,0.19045309527205284,44,5,stim_data,std of sliding-window FC; same stimulus-index timepoints concatenated,20,15
12,0,raRF,48,Hind,-0.6631233902290617,208,0.16738711380114532,44,5,stim_data,std of sliding-window FC; same stimulus-index timepoints concatenated,20,15
12,0,rimRF,49,Hind,-1.54619502907132,436,0.17979993341509432,44,5,stim_data,std of sliding-window FC; same stimulus-index timepoints concatenated,20,15
12,0,rpRF,50,Hind,0.10367599956677641,535,0.19106927039071414,44,5,stim_data,std of sliding-window FC; same stimulus-index timepoints concatenated,20,15
12,3,lOB,20,Tel,0.8396904821626903,223,0.5074692158233068,1196,236,stim_data,std of sliding-window FC; same stimulus-index timepoints concatenated,20,15
12,3,lP,22,Tel,1.231407127758574,933,0.3539799146991107,1196,236,stim_data,std of sliding-window FC; same stimulus-index timepoints concatenated,20,15
12,3,lPO,25,Tel,1.5972895725725633,425,0.3261146268717631,1196,236,stim_data,std of sliding-window FC; same stimulus-index timepoints concatenated,20,15
12,3,lSP,28,Tel,1.3712731940440057,679,0.3220522689304812,1196,236,stim_data,std of sliding-window FC; same stimulus-index timepoints concatenated,20,15
12,3,rP,58,Tel,1.6274838194004198,976,0.37966912607179476,1196,236,stim_data,std of sliding-window FC; same stimulus-index timepoints concatenated,20,15
12,3,rPO,61,Tel,1.5828504374539252,382,0.33211332322400494,1196,236,stim_data,std of sliding-window FC; same stimulus-index timepoints concatenated,20,15
12,3,rSP,64,Tel,0.8449219250677052,658,0.32157613671664736,1196,236,stim_data,std of sliding-window FC; same stimulus-index timepoints concatenated,20,15
12,3,lHb,16,Di,2.3676084202295034,309,0.39773604927002426,1196,236,stim_data,std of sliding-window FC; same stimulus-index timepoints concatenated,20,15
12,3,lPT,24,Di,0.4045887279983318,379,0.32546041097888256,1196,236,stim_data,std of sliding-window FC; same stimulus-index timepoints concatenated,20,15
12,3,lPrT,26,Di,-0.760839251044076,407,0.2882053388327858,1196,236,stim_data,std of sliding-window FC; same stimulus-index timepoints concatenated,20,15
12,3,lTh,30,Di,-0.27932436463978083,1186,0.3107421695447318,1196,236,stim_data,std of sliding-window FC; same stimulus-index timepoints concatenated,20,15
12,3,rHb,52,Di,1.269284446459516,260,0.3222378646804481,1196,236,stim_data,std of sliding-window FC; same stimulus-index timepoints concatenated,20,15
12,3,rPT,60,Di,0.6955220273189893,407,0.3140996024669059,1196,236,stim_data,std of sliding-window FC; same stimulus-index timepoints concatenated,20,15
12,3,rPrT,62,Di,-0.8729101402526896,577,0.29037046113499193,1196,236,stim_data,std of sliding-window FC; same stimulus-index timepoints concatenated,20,15
12,3,rTh,66,Di,0.12267948011021526,1297,0.31790620368614847,1196,236,stim_data,std of sliding-window FC; same stimulus-index timepoints concatenated,20,15
12,3,lTS,32,Mes,-0.038289558822681,404,0.3553042861567291,1196,236,stim_data,std of sliding-window FC; same stimulus-index timepoints concatenated,20,15
12,3,lTeO,29,Mes,-0.22102994971595435,6182,0.35037186409720655,1196,236,stim_data,std of sliding-window FC; same stimulus-index timepoints concatenated,20,15
12,3,rTS,68,Mes,-0.0707917864782934,130,0.3311986971772931,1196,236,stim_data,std of sliding-window FC; same stimulus-index timepoints concatenated,20,15
12,3,rTeO,65,Mes,-0.9360345644680327,7358,0.3494108376882323,1196,236,stim_data,std of sliding-window FC; same stimulus-index timepoints concatenated,20,15
12,3,lCb,1,Hind,-0.23156409707923123,1625,0.3342646581834064,1196,236,stim_data,std of sliding-window FC; same stimulus-index timepoints concatenated,20,15
12,3,lMON,0,Hind,-0.1885718314625819,863,0.4115050667638514,1196,236,stim_data,std of sliding-window FC; same stimulus-index timepoints concatenated,20,15
12,3,lMOS1,2,Hind,0.20229532589358945,1419,0.29272656637935784,1196,236,stim_data,std of sliding-window FC; same stimulus-index timepoints concatenated,20,15
12,3,lMOS2,3,Hind,-0.007147165310974443,558,0.4065608072784976,1196,236,stim_data,std of sliding-window FC; same stimulus-index timepoints concatenated,20,15
12,3,lMOS3,4,Hind,-0.5280442068802194,1297,0.2905169939569378,1196,236,stim_data,std of sliding-window FC; same stimulus-index timepoints concatenated,20,15
12,3,lMOS4,5,Hind,0.1781221791123736,882,0.39255664447921695,1196,236,stim_data,std of sliding-window FC; same stimulus-index timepoints concatenated,20,15
12,3,lMOS5,6,Hind,0.07904857777849517,1182,0.46983221469979614,1196,236,stim_data,std of sliding-window FC; same stimulus-index timepoints concatenated,20,15
12,3,lNX,35,Hind,0.5159242026090447,381,0.39152284128870163,1196,236,stim_data,std of sliding-window FC; same stimulus-index timepoints concatenated,20,15
12,3,lRa,10,Hind,-0.07359117253107073,254,0.567914767017459,1196,236,stim_data,std of sliding-window FC; same stimulus-index timepoints concatenated,20,15
12,3,lT,11,Hind,-0.7772193815657938,1266,0.2978710923000297,1196,236,stim_data,std of sliding-window FC; same stimulus-index timepoints concatenated,20,15
12,3,laRF,12,Hind,-0.564318946902863,264,0.3564073596443799,1196,236,stim_data,std of sliding-window FC; same stimulus-index timepoints concatenated,20,15
12,3,limRF,13,Hind,-1.4314709184810288,382,0.32259131508818445,1196,236,stim_data,std of sliding-window FC; same stimulus-index timepoints concatenated,20,15
12,3,lpRF,14,Hind,-0.6214145198808102,485,0.35595946186269994,1196,236,stim_data,std of sliding-window FC; same stimulus-index timepoints concatenated,20,15
12,3,rCb,37,Hind,-0.5336652505464933,1685,0.3029660655481999,1196,236,stim_data,std of sliding-window FC; same stimulus-index timepoints concatenated,20,15
12,3,rMON,36,Hind,-0.20825183989935483,1120,0.3910227284477218,1196,236,stim_data,std of sliding-window FC; same stimulus-index timepoints concatenated,20,15
12,3,rMOS1,38,Hind,0.16364639867929043,1483,0.29942946978398166,1196,236,stim_data,std of sliding-window FC; same stimulus-index timepoints concatenated,20,15
12,3,rMOS2,39,Hind,0.8422349936180663,554,0.32294297438070885,1196,236,stim_data,std of sliding-window FC; same stimulus-index timepoints concatenated,20,15
12,3,rMOS3,40,Hind,-0.5651363701456422,1496,0.33666169565387283,1196,236,stim_data,std of sliding-window FC; same stimulus-index timepoints concatenated,20,15
12,3,rMOS4,41,Hind,0.12590502818072719,1113,0.3366911547637972,1196,236,stim_data,std of sliding-window FC; same stimulus-index timepoints concatenated,20,15
12,3,rMOS5,42,Hind,0.14031625821006288,1530,0.45294320028798807,1196,236,stim_data,std of sliding-window FC; same stimulus-index timepoints concatenated,20,15
12,3,rNX,71,Hind,-0.6893400895121092,484,0.43410162597784835,1196,236,stim_data,std of sliding-window FC; same stimulus-index timepoints concatenated,20,15
12,3,rRa,46,Hind,-0.7676411283127857,201,0.5809561899308121,1196,236,stim_data,std of sliding-window FC; same stimulus-index timepoints concatenated,20,15
12,3,rT,47,Hind,-1.0407411074881572,1437,0.28349011767089716,1196,236,stim_data,std of sliding-window FC; same stimulus-index timepoints concatenated,20,15
12,3,raRF,48,Hind,-0.6631233902290617,208,0.291887369471931,1196,236,stim_data,std of sliding-window FC; same stimulus-index timepoints concatenated,20,15
12,3,rimRF,49,Hind,-1.54619502907132,436,0.3333063380177203,1196,236,stim_data,std of sliding-window FC; same stimulus-index timepoints concatenated,20,15
12,3,rpRF,50,Hind,0.10367599956677641,535,0.3800653622973091,1196,236,stim_data,std of sliding-window FC; same stimulus-index timepoints concatenated,20,15
12,9,lOB,20,Tel,0.8396904821626903,223,0.4604766824438611,150,27,stim_data,std of sliding-window FC; same stimulus-index timepoints concatenated,20,15
12,9,lP,22,Tel,1.231407127758574,933,0.3446785318275881,150,27,stim_data,std of sliding-window FC; same stimulus-index timepoints concatenated,20,15
12,9,lPO,25,Tel,1.5972895725725633,425,0.3014653584048143,150,27,stim_data,std of sliding-window FC; same stimulus-index timepoints concatenated,20,15
12,9,lSP,28,Tel,1.3712731940440057,679,0.3495885664911485,150,27,stim_data,std of sliding-window FC; same stimulus-index timepoints concatenated,20,15
12,9,rP,58,Tel,1.6274838194004198,976,0.41974567977133054,150,27,stim_data,std of sliding-window FC; same stimulus-index timepoints concatenated,20,15
12,9,rPO,61,Tel,1.5828504374539252,382,0.2915798512088985,150,27,stim_data,std of sliding-window FC; same stimulus-index timepoints concatenated,20,15
12,9,rSP,64,Tel,0.8449219250677052,658,0.2739597559159264,150,27,stim_data,std of sliding-window FC; same stimulus-index timepoints concatenated,20,15
12,9,lHb,16,Di,2.3676084202295034,309,0.32475208425446556,150,27,stim_data,std of sliding-window FC; same stimulus-index timepoints concatenated,20,15
12,9,lPT,24,Di,0.4045887279983318,379,0.28563661354504455,150,27,stim_data,std of sliding-window FC; same stimulus-index timepoints concatenated,20,15
12,9,lPrT,26,Di,-0.760839251044076,407,0.28151033934343134,150,27,stim_data,std of sliding-window FC; same stimulus-index timepoints concatenated,20,15
12,9,lTh,30,Di,-0.27932436463978083,1186,0.4134576749486682,150,27,stim_data,std of sliding-window FC; same stimulus-index timepoints concatenated,20,15
12,9,rHb,52,Di,1.269284446459516,260,0.31312805502120655,150,27,stim_data,std of sliding-window FC; same stimulus-index timepoints concatenated,20,15
12,9,rPT,60,Di,0.6955220273189893,407,0.2812394008847294,150,27,stim_data,std of sliding-window FC; same stimulus-index timepoints concatenated,20,15
12,9,rPrT,62,Di,-0.8729101402526896,577,0.2778236507374721,150,27,stim_data,std of sliding-window FC; same stimulus-index timepoints concatenated,20,15
12,9,rTh,66,Di,0.12267948011021526,1297,0.33641827359479604,150,27,stim_data,std of sliding-window FC; same stimulus-index timepoints concatenated,20,15
12,9,lTS,32,Mes,-0.038289558822681,404,0.37989322985288587,150,27,stim_data,std of sliding-window FC; same stimulus-index timepoints concatenated,20,15
12,9,lTeO,29,Mes,-0.22102994971595435,6182,0.41701715603467465,150,27,stim_data,std of sliding-window FC; same stimulus-index timepoints concatenated,20,15
12,9,rTS,68,Mes,-0.0707917864782934,130,0.3220014771627899,150,27,stim_data,std of sliding-window FC; same stimulus-index timepoints concatenated,20,15
12,9,rTeO,65,Mes,-0.9360345644680327,7358,0.41538489791487154,150,27,stim_data,std of sliding-window FC; same stimulus-index timepoints concatenated,20,15
12,9,lCb,1,Hind,-0.23156409707923123,1625,0.3197722980355457,150,27,stim_data,std of sliding-window FC; same stimulus-index timepoints concatenated,20,15
12,9,lMON,0,Hind,-0.1885718314625819,863,0.3753351995851801,150,27,stim_data,std of sliding-window FC; same stimulus-index timepoints concatenated,20,15
12,9,lMOS1,2,Hind,0.20229532589358945,1419,0.267915881117692,150,27,stim_data,std of sliding-window FC; same stimulus-index timepoints concatenated,20,15
12,9,lMOS2,3,Hind,-0.007147165310974443,558,0.3685019026966675,150,27,stim_data,std of sliding-window FC; same stimulus-index timepoints concatenated,20,15
12,9,lMOS3,4,Hind,-0.5280442068802194,1297,0.28277995265655514,150,27,stim_data,std of sliding-window FC; same stimulus-index timepoints concatenated,20,15
12,9,lMOS4,5,Hind,0.1781221791123736,882,0.40043541791890613,150,27,stim_data,std of sliding-window FC; same stimulus-index timepoints concatenated,20,15
12,9,lMOS5,6,Hind,0.07904857777849517,1182,0.4528046229630721,150,27,stim_data,std of sliding-window FC; same stimulus-index timepoints concatenated,20,15
12,9,lNX,35,Hind,0.5159242026090447,381,0.36285628105761636,150,27,stim_data,std of sliding-window FC; same stimulus-index timepoints concatenated,20,15
12,9,lRa,10,Hind,-0.07359117253107073,254,0.3926001916401642,150,27,stim_data,std of sliding-window FC; same stimulus-index timepoints concatenated,20,15
12,9,lT,11,Hind,-0.7772193815657938,1266,0.2960034567682198,150,27,stim_data,std of sliding-window FC; same stimulus-index timepoints concatenated,20,15
12,9,laRF,12,Hind,-0.564318946902863,264,0.36782043880881526,150,27,stim_data,std of sliding-window FC; same stimulus-index timepoints concatenated,20,15
12,9,limRF,13,Hind,-1.4314709184810288,382,0.32037636348296394,150,27,stim_data,std of sliding-window FC; same stimulus-index timepoints concatenated,20,15
12,9,lpRF,14,Hind,-0.6214145198808102,485,0.33814222708443853,150,27,stim_data,std of sliding-window FC; same stimulus-index timepoints concatenated,20,15
12,9,rCb,37,Hind,-0.5336652505464933,1685,0.36464977518926145,150,27,stim_data,std of sliding-window FC; same stimulus-index timepoints concatenated,20,15
12,9,rMON,36,Hind,-0.20825183989935483,1120,0.3702025279341992,150,27,stim_data,std of sliding-window FC; same stimulus-index timepoints concatenated,20,15
12,9,rMOS1,38,Hind,0.16364639867929043,1483,0.2816213066490662,150,27,stim_data,std of sliding-window FC; same stimulus-index timepoints concatenated,20,15
12,9,rMOS2,39,Hind,0.8422349936180663,554,0.3598644086784128,150,27,stim_data,std of sliding-window FC; same stimulus-index timepoints concatenated,20,15
12,9,rMOS3,40,Hind,-0.5651363701456422,1496,0.2917445163036926,150,27,stim_data,std of sliding-window FC; same stimulus-index timepoints concatenated,20,15
12,9,rMOS4,41,Hind,0.12590502818072719,1113,0.36841974103930736,150,27,stim_data,std of sliding-window FC; same stimulus-index timepoints concatenated,20,15
12,9,rMOS5,42,Hind,0.14031625821006288,1530,0.44898407681331315,150,27,stim_data,std of sliding-window FC; same stimulus-index timepoints concatenated,20,15
12,9,rNX,71,Hind,-0.6893400895121092,484,0.37800593877117983,150,27,stim_data,std of sliding-window FC; same stimulus-index timepoints concatenated,20,15
12,9,rRa,46,Hind,-0.7676411283127857,201,0.3650293269374265,150,27,stim_data,std of sliding-window FC; same stimulus-index timepoints concatenated,20,15
12,9,rT,47,Hind,-1.0407411074881572,1437,0.2881488855156908,150,27,stim_data,std of sliding-window FC; same stimulus-index timepoints concatenated,20,15
12,9,raRF,48,Hind,-0.6631233902290617,208,0.2670244656869736,150,27,stim_data,std of sliding-window FC; same stimulus-index timepoints concatenated,20,15
12,9,rimRF,49,Hind,-1.54619502907132,436,0.31111469154419136,150,27,stim_data,std of sliding-window FC; same stimulus-index timepoints concatenated,20,15
12,9,rpRF,50,Hind,0.10367599956677641,535,0.29506116245561254,150,27,stim_data,std of sliding-window FC; same stimulus-index timepoints concatenated,20,15
12,10,lOB,20,Tel,0.8396904821626903,223,0.5085034966720299,150,27,stim_data,std of sliding-window FC; same stimulus-index timepoints concatenated,20,15
12,10,lP,22,Tel,1.231407127758574,933,0.23802992452372962,150,27,stim_data,std of sliding-window FC; same stimulus-index timepoints concatenated,20,15
12,10,lPO,25,Tel,1.5972895725725633,425,0.19653905507780323,150,27,stim_data,std of sliding-window FC; same stimulus-index timepoints concatenated,20,15
12,10,lSP,28,Tel,1.3712731940440057,679,0.18691253118838735,150,27,stim_data,std of sliding-window FC; same stimulus-index timepoints concatenated,20,15
12,10,rP,58,Tel,1.6274838194004198,976,0.302445237249306,150,27,stim_data,std of sliding-window FC; same stimulus-index timepoints concatenated,20,15
12,10,rPO,61,Tel,1.5828504374539252,382,0.1751106810679635,150,27,stim_data,std of sliding-window FC; same stimulus-index timepoints concatenated,20,15
12,10,rSP,64,Tel,0.8449219250677052,658,0.1945717272124262,150,27,stim_data,std of sliding-window FC; same stimulus-index timepoints concatenated,20,15
12,10,lHb,16,Di,2.3676084202295034,309,0.3928622701366964,150,27,stim_data,std of sliding-window FC; same stimulus-index timepoints concatenated,20,15
12,10,lPT,24,Di,0.4045887279983318,379,0.2336906149068237,150,27,stim_data,std of sliding-window FC; same stimulus-index timepoints concatenated,20,15
12,10,lPrT,26,Di,-0.760839251044076,407,0.16840153717807105,150,27,stim_data,std of sliding-window FC; same stimulus-index timepoints concatenated,20,15
12,10,lTh,30,Di,-0.27932436463978083,1186,0.19495060480169554,150,27,stim_data,std of sliding-window FC; same stimulus-index timepoints concatenated,20,15
12,10,rHb,52,Di,1.269284446459516,260,0.18337136725720923,150,27,stim_data,std of sliding-window FC; same stimulus-index timepoints concatenated,20,15
12,10,rPT,60,Di,0.6955220273189893,407,0.26927975735782517,150,27,stim_data,std of sliding-window FC; same stimulus-index timepoints concatenated,20,15
12,10,rPrT,62,Di,-0.8729101402526896,577,0.17028684751615958,150,27,stim_data,std of sliding-window FC; same stimulus-index timepoints concatenated,20,15
12,10,rTh,66,Di,0.12267948011021526,1297,0.31964094889929884,150,27,stim_data,std of sliding-window FC; same stimulus-index timepoints concatenated,20,15
12,10,lTS,32,Mes,-0.038289558822681,404,0.3054246699616719,150,27,stim_data,std of sliding-window FC; same stimulus-index timepoints concatenated,20,15
12,10,lTeO,29,Mes,-0.22102994971595435,6182,0.3492058802593315,150,27,stim_data,std of sliding-window FC; same stimulus-index timepoints concatenated,20,15
12,10,rTS,68,Mes,-0.0707917864782934,130,0.2503282607886526,150,27,stim_data,std of sliding-window FC; same stimulus-index timepoints concatenated,20,15
12,10,rTeO,65,Mes,-0.9360345644680327,7358,0.32907340006992375,150,27,stim_data,std of sliding-window FC; same stimulus-index timepoints concatenated,20,15
12,10,lCb,1,Hind,-0.23156409707923123,1625,0.1995694400683736,150,27,stim_data,std of sliding-window FC; same stimulus-index timepoints concatenated,20,15
12,10,lMON,0,Hind,-0.1885718314625819,863,0.31985570479394165,150,27,stim_data,std of sliding-window FC; same stimulus-index timepoints concatenated,20,15
12,10,lMOS1,2,Hind,0.20229532589358945,1419,0.18983450044036826,150,27,stim_data,std of sliding-window FC; same stimulus-index timepoints concatenated,20,15
12,10,lMOS2,3,Hind,-0.007147165310974443,558,0.164961661393946,150,27,stim_data,std of sliding-window FC; same stimulus-index timepoints concatenated,20,15
12,10,lMOS3,4,Hind,-0.5280442068802194,1297,0.2345403834710189,150,27,stim_data,std of sliding-window FC; same stimulus-index timepoints concatenated,20,15
12,10,lMOS4,5,Hind,0.1781221791123736,882,0.19172597399146882,150,27,stim_data,std of sliding-window FC; same stimulus-index timepoints concatenated,20,15
12,10,lMOS5,6,Hind,0.07904857777849517,1182,0.21940879102846947,150,27,stim_data,std of sliding-window FC; same stimulus-index timepoints concatenated,20,15
12,10,lNX,35,Hind,0.5159242026090447,381,0.17202496558541844,150,27,stim_data,std of sliding-window FC; same stimulus-index timepoints concatenated,20,15
12,10,lRa,10,Hind,-0.07359117253107073,254,0.39777102607185344,150,27,stim_data,std of sliding-window FC; same stimulus-index timepoints concatenated,20,15
12,10,lT,11,Hind,-0.7772193815657938,1266,0.1779077420968655,150,27,stim_data,std of sliding-window FC; same stimulus-index timepoints concatenated,20,15
12,10,laRF,12,Hind,-0.564318946902863,264,0.3710573687047416,150,27,stim_data,std of sliding-window FC; same stimulus-index timepoints concatenated,20,15
12,10,limRF,13,Hind,-1.4314709184810288,382,0.2542897480757948,150,27,stim_data,std of sliding-window FC; same stimulus-index timepoints concatenated,20,15
12,10,lpRF,14,Hind,-0.6214145198808102,485,0.1736018693004645,150,27,stim_data,std of sliding-window FC; same stimulus-index timepoints concatenated,20,15
12,10,rCb,37,Hind,-0.5336652505464933,1685,0.1659867859124529,150,27,stim_data,std of sliding-window FC; same stimulus-index timepoints concatenated,20,15
12,10,rMON,36,Hind,-0.20825183989935483,1120,0.33405561692073205,150,27,stim_data,std of sliding-window FC; same stimulus-index timepoints concatenated,20,15
12,10,rMOS1,38,Hind,0.16364639867929043,1483,0.16277156813232743,150,27,stim_data,std of sliding-window FC; same stimulus-index timepoints concatenated,20,15
12,10,rMOS2,39,Hind,0.8422349936180663,554,0.20595680369418307,150,27,stim_data,std of sliding-window FC; same stimulus-index timepoints concatenated,20,15
12,10,rMOS3,40,Hind,-0.5651363701456422,1496,0.1667902337639938,150,27,stim_data,std of sliding-window FC; same stimulus-index timepoints concatenated,20,15
12,10,rMOS4,41,Hind,0.12590502818072719,1113,0.16792567150335475,150,27,stim_data,std of sliding-window FC; same stimulus-index timepoints concatenated,20,15
12,10,rMOS5,42,Hind,0.14031625821006288,1530,0.20310141834717454,150,27,stim_data,std of sliding-window FC; same stimulus-index timepoints concatenated,20,15
12,10,rNX,71,Hind,-0.6893400895121092,484,0.19553940085996163,150,27,stim_data,std of sliding-window FC; same stimulus-index timepoints concatenated,20,15
12,10,rRa,46,Hind,-0.7676411283127857,201,0.417918428858402,150,27,stim_data,std of sliding-window FC; same stimulus-index timepoints concatenated,20,15
12,10,rT,47,Hind,-1.0407411074881572,1437,0.1720528710363227,150,27,stim_data,std of sliding-window FC; same stimulus-index timepoints concatenated,20,15
12,10,raRF,48,Hind,-0.6631233902290617,208,0.18811524483550723,150,27,stim_data,std of sliding-window FC; same stimulus-index timepoints concatenated,20,15
12,10,rimRF,49,Hind,-1.54619502907132,436,0.17826897626017016,150,27,stim_data,std of sliding-window FC; same stimulus-index timepoints concatenated,20,15
12,10,rpRF,50,Hind,0.10367599956677641,535,0.16343122231674978,150,27,stim_data,std of sliding-window FC; same stimulus-index timepoints concatenated,20,15
12,11,lOB,20,Tel,0.8396904821626903,223,0.5117788377348899,150,27,stim_data,std of sliding-window FC; same stimulus-index timepoints concatenated,20,15
12,11,lP,22,Tel,1.231407127758574,933,0.17256196361537296,150,27,stim_data,std of sliding-window FC; same stimulus-index timepoints concatenated,20,15
12,11,lPO,25,Tel,1.5972895725725633,425,0.1305878877986402,150,27,stim_data,std of sliding-window FC; same stimulus-index timepoints concatenated,20,15
12,11,lSP,28,Tel,1.3712731940440057,679,0.31071026278091235,150,27,stim_data,std of sliding-window FC; same stimulus-index timepoints concatenated,20,15
12,11,rP,58,Tel,1.6274838194004198,976,0.35011002779104283,150,27,stim_data,std of sliding-window FC; same stimulus-index timepoints concatenated,20,15
12,11,rPO,61,Tel,1.5828504374539252,382,0.1419884341610215,150,27,stim_data,std of sliding-window FC; same stimulus-index timepoints concatenated,20,15
12,11,rSP,64,Tel,0.8449219250677052,658,0.2210047261714552,150,27,stim_data,std of sliding-window FC; same stimulus-index timepoints concatenated,20,15
12,11,lHb,16,Di,2.3676084202295034,309,0.11263422517047897,150,27,stim_data,std of sliding-window FC; same stimulus-index timepoints concatenated,20,15
12,11,lPT,24,Di,0.4045887279983318,379,0.11580268299006931,150,27,stim_data,std of sliding-window FC; same stimulus-index timepoints concatenated,20,15
12,11,lPrT,26,Di,-0.760839251044076,407,0.10941825735818514,150,27,stim_data,std of sliding-window FC; same stimulus-index timepoints concatenated,20,15
12,11,lTh,30,Di,-0.27932436463978083,1186,0.11793656309044888,150,27,stim_data,std of sliding-window FC; same stimulus-index timepoints concatenated,20,15
12,11,rHb,52,Di,1.269284446459516,260,0.12620731507552196,150,27,stim_data,std of sliding-window FC; same stimulus-index timepoints concatenated,20,15
12,11,rPT,60,Di,0.6955220273189893,407,0.10728784133416859,150,27,stim_data,std of sliding-window FC; same stimulus-index timepoints concatenated,20,15
12,11,rPrT,62,Di,-0.8729101402526896,577,0.10701984467316583,150,27,stim_data,std of sliding-window FC; same stimulus-index timepoints concatenated,20,15
12,11,rTh,66,Di,0.12267948011021526,1297,0.1461195544477342,150,27,stim_data,std of sliding-window FC; same stimulus-index timepoints concatenated,20,15
12,11,lTS,32,Mes,-0.038289558822681,404,0.2876065884910528,150,27,stim_data,std of sliding-window FC; same stimulus-index timepoints concatenated,20,15
12,11,lTeO,29,Mes,-0.22102994971595435,6182,0.24012013785224806,150,27,stim_data,std of sliding-window FC; same stimulus-index timepoints concatenated,20,15
12,11,rTS,68,Mes,-0.0707917864782934,130,0.1810042523275407,150,27,stim_data,std of sliding-window FC; same stimulus-index timepoints concatenated,20,15
12,11,rTeO,65,Mes,-0.9360345644680327,7358,0.22308606695077654,150,27,stim_data,std of sliding-window FC; same stimulus-index timepoints concatenated,20,15
12,11,lCb,1,Hind,-0.23156409707923123,1625,0.11038551355424277,150,27,stim_data,std of sliding-window FC; same stimulus-index timepoints concatenated,20,15
12,11,lMON,0,Hind,-0.1885718314625819,863,0.28826088354655893,150,27,stim_data,std of sliding-window FC; same stimulus-index timepoints concatenated,20,15
12,11,lMOS1,2,Hind,0.20229532589358945,1419,0.1108866701452747,150,27,stim_data,std of sliding-window FC; same stimulus-index timepoints concatenated,20,15
12,11,lMOS2,3,Hind,-0.007147165310974443,558,0.11103927580862548,150,27,stim_data,std of sliding-window FC; same stimulus-index timepoints concatenated,20,15
12,11,lMOS3,4,Hind,-0.5280442068802194,1297,0.13982274353059207,150,27,stim_data,std of sliding-window FC; same stimulus-index timepoints concatenated,20,15
12,11,lMOS4,5,Hind,0.1781221791123736,882,0.11853267074662893,150,27,stim_data,std of sliding-window FC; same stimulus-index timepoints concatenated,20,15
12,11,lMOS5,6,Hind,0.07904857777849517,1182,0.16099124379646995,150,27,stim_data,std of sliding-window FC; same stimulus-index timepoints concatenated,20,15
12,11,lNX,35,Hind,0.5159242026090447,381,0.12951788657171204,150,27,stim_data,std of sliding-window FC; same stimulus-index timepoints concatenated,20,15
12,11,lRa,10,Hind,-0.07359117253107073,254,0.30212768359707703,150,27,stim_data,std of sliding-window FC; same stimulus-index timepoints concatenated,20,15
12,11,lT,11,Hind,-0.7772193815657938,1266,0.10718001676749496,150,27,stim_data,std of sliding-window FC; same stimulus-index timepoints concatenated,20,15
12,11,laRF,12,Hind,-0.564318946902863,264,0.13891082341358868,150,27,stim_data,std of sliding-window FC; same stimulus-index timepoints concatenated,20,15
12,11,limRF,13,Hind,-1.4314709184810288,382,0.12977875350064627,150,27,stim_data,std of sliding-window FC; same stimulus-index timepoints concatenated,20,15
12,11,lpRF,14,Hind,-0.6214145198808102,485,0.12644913556873355,150,27,stim_data,std of sliding-window FC; same stimulus-index timepoints concatenated,20,15
12,11,rCb,37,Hind,-0.5336652505464933,1685,0.10325526138576674,150,27,stim_data,std of sliding-window FC; same stimulus-index timepoints concatenated,20,15
12,11,rMON,36,Hind,-0.20825183989935483,1120,0.31875442092124745,150,27,stim_data,std of sliding-window FC; same stimulus-index timepoints concatenated,20,15
12,11,rMOS1,38,Hind,0.16364639867929043,1483,0.10910400400093533,150,27,stim_data,std of sliding-window FC; same stimulus-index timepoints concatenated,20,15
12,11,rMOS2,39,Hind,0.8422349936180663,554,0.11651478794135671,150,27,stim_data,std of sliding-window FC; same stimulus-index timepoints concatenated,20,15
12,11,rMOS3,40,Hind,-0.5651363701456422,1496,0.1061871867229258,150,27,stim_data,std of sliding-window FC; same stimulus-index timepoints concatenated,20,15
12,11,rMOS4,41,Hind,0.12590502818072719,1113,0.11101505539329805,150,27,stim_data,std of sliding-window FC; same stimulus-index timepoints concatenated,20,15
12,11,rMOS5,42,Hind,0.14031625821006288,1530,0.1283157467560001,150,27,stim_data,std of sliding-window FC; same stimulus-index timepoints concatenated,20,15
12,11,rNX,71,Hind,-0.6893400895121092,484,0.157292118346517,150,27,stim_data,std of sliding-window FC; same stimulus-index timepoints concatenated,20,15
12,11,rRa,46,Hind,-0.7676411283127857,201,0.2103009331604631,150,27,stim_data,std of sliding-window FC; same stimulus-index timepoints concatenated,20,15
12,11,rT,47,Hind,-1.0407411074881572,1437,0.10378246065620332,150,27,stim_data,std of sliding-window FC; same stimulus-index timepoints concatenated,20,15
12,11,raRF,48,Hind,-0.6631233902290617,208,0.10624099541110116,150,27,stim_data,std of sliding-window FC; same stimulus-index timepoints concatenated,20,15
12,11,rimRF,49,Hind,-1.54619502907132,436,0.1156812365247419,150,27,stim_data,std of sliding-window FC; same stimulus-index timepoints concatenated,20,15
12,11,rpRF,50,Hind,0.10367599956677641,535,0.15974194355824978,150,27,stim_data,std of sliding-window FC; same stimulus-index timepoints concatenated,20,15
12,12,lOB,20,Tel,0.8396904821626903,223,0.5033665428504359,150,27,stim_data,std of sliding-window FC; same stimulus-index timepoints concatenated,20,15
12,12,lP,22,Tel,1.231407127758574,933,0.14210453605649145,150,27,stim_data,std of sliding-window FC; same stimulus-index timepoints concatenated,20,15
12,12,lPO,25,Tel,1.5972895725725633,425,0.14668717806348236,150,27,stim_data,std of sliding-window FC; same stimulus-index timepoints concatenated,20,15
12,12,lSP,28,Tel,1.3712731940440057,679,0.17412696448696863,150,27,stim_data,std of sliding-window FC; same stimulus-index timepoints concatenated,20,15
12,12,rP,58,Tel,1.6274838194004198,976,0.2603236036648051,150,27,stim_data,std of sliding-window FC; same stimulus-index timepoints concatenated,20,15
12,12,rPO,61,Tel,1.5828504374539252,382,0.1580271437757056,150,27,stim_data,std of sliding-window FC; same stimulus-index timepoints concatenated,20,15
12,12,rSP,64,Tel,0.8449219250677052,658,0.15018624479412565,150,27,stim_data,std of sliding-window FC; same stimulus-index timepoints concatenated,20,15
12,12,lHb,16,Di,2.3676084202295034,309,0.18083369177588568,150,27,stim_data,std of sliding-window FC; same stimulus-index timepoints concatenated,20,15
12,12,lPT,24,Di,0.4045887279983318,379,0.1841803012917248,150,27,stim_data,std of sliding-window FC; same stimulus-index timepoints concatenated,20,15
12,12,lPrT,26,Di,-0.760839251044076,407,0.13175107740766345,150,27,stim_data,std of sliding-window FC; same stimulus-index timepoints concatenated,20,15
12,12,lTh,30,Di,-0.27932436463978083,1186,0.17930898107047435,150,27,stim_data,std of sliding-window FC; same stimulus-index timepoints concatenated,20,15
12,12,rHb,52,Di,1.269284446459516,260,0.2279023672171259,150,27,stim_data,std of sliding-window FC; same stimulus-index timepoints concatenated,20,15
12,12,rPT,60,Di,0.6955220273189893,407,0.18298460142921574,150,27,stim_data,std of sliding-window FC; same stimulus-index timepoints concatenated,20,15
12,12,rPrT,62,Di,-0.8729101402526896,577,0.17941586873775386,150,27,stim_data,std of sliding-window FC; same stimulus-index timepoints concatenated,20,15
12,12,rTh,66,Di,0.12267948011021526,1297,0.22715134960549307,150,27,stim_data,std of sliding-window FC; same stimulus-index timepoints concatenated,20,15
12,12,lTS,32,Mes,-0.038289558822681,404,0.3463596964529409,150,27,stim_data,std of sliding-window FC; same stimulus-index timepoints concatenated,20,15
12,12,lTeO,29,Mes,-0.22102994971595435,6182,0.2975202397209478,150,27,stim_data,std of sliding-window FC; same stimulus-index timepoints concatenated,20,15
12,12,rTS,68,Mes,-0.0707917864782934,130,0.34126970668426987,150,27,stim_data,std of sliding-window FC; same stimulus-index timepoints concatenated,20,15
12,12,rTeO,65,Mes,-0.9360345644680327,7358,0.34759673516128603,150,27,stim_data,std of sliding-window FC; same stimulus-index timepoints concatenated,20,15
12,12,lCb,1,Hind,-0.23156409707923123,1625,0.13168421982625325,150,27,stim_data,std of sliding-window FC; same stimulus-index timepoints concatenated,20,15
12,12,lMON,0,Hind,-0.1885718314625819,863,0.2804857759210939,150,27,stim_data,std of sliding-window FC; same stimulus-index timepoints concatenated,20,15
12,12,lMOS1,2,Hind,0.20229532589358945,1419,0.1342862500795747,150,27,stim_data,std of sliding-window FC; same stimulus-index timepoints concatenated,20,15
12,12,lMOS2,3,Hind,-0.007147165310974443,558,0.13227518886331063,150,27,stim_data,std of sliding-window FC; same stimulus-index timepoints concatenated,20,15
12,12,lMOS3,4,Hind,-0.5280442068802194,1297,0.13384245302322648,150,27,stim_data,std of sliding-window FC; same stimulus-index timepoints concatenated,20,15
12,12,lMOS4,5,Hind,0.1781221791123736,882,0.1318369585112735,150,27,stim_data,std of sliding-window FC; same stimulus-index timepoints concatenated,20,15
12,12,lMOS5,6,Hind,0.07904857777849517,1182,0.1506517266060879,150,27,stim_data,std of sliding-window FC; same stimulus-index timepoints concatenated,20,15
12,12,lNX,35,Hind,0.5159242026090447,381,0.14334118321873435,150,27,stim_data,std of sliding-window FC; same stimulus-index timepoints concatenated,20,15
12,12,lRa,10,Hind,-0.07359117253107073,254,0.1650460844373543,150,27,stim_data,std of sliding-window FC; same stimulus-index timepoints concatenated,20,15
12,12,lT,11,Hind,-0.7772193815657938,1266,0.1269400135758084,150,27,stim_data,std of sliding-window FC; same stimulus-index timepoints concatenated,20,15
12,12,laRF,12,Hind,-0.564318946902863,264,0.13296403718301864,150,27,stim_data,std of sliding-window FC; same stimulus-index timepoints concatenated,20,15
12,12,limRF,13,Hind,-1.4314709184810288,382,0.1267224043825286,150,27,stim_data,std of sliding-window FC; same stimulus-index timepoints concatenated,20,15
12,12,lpRF,14,Hind,-0.6214145198808102,485,0.13648800206305525,150,27,stim_data,std of sliding-window FC; same stimulus-index timepoints concatenated,20,15
12,12,rCb,37,Hind,-0.5336652505464933,1685,0.1360434733191952,150,27,stim_data,std of sliding-window FC; same stimulus-index timepoints concatenated,20,15
12,12,rMON,36,Hind,-0.20825183989935483,1120,0.29261581075362236,150,27,stim_data,std of sliding-window FC; same stimulus-index timepoints concatenated,20,15
12,12,rMOS1,38,Hind,0.16364639867929043,1483,0.12250854894153126,150,27,stim_data,std of sliding-window FC; same stimulus-index timepoints concatenated,20,15
12,12,rMOS2,39,Hind,0.8422349936180663,554,0.12924075601094162,150,27,stim_data,std of sliding-window FC; same stimulus-index timepoints concatenated,20,15
12,12,rMOS3,40,Hind,-0.5651363701456422,1496,0.21783900897422806,150,27,stim_data,std of sliding-window FC; same stimulus-index timepoints concatenated,20,15
12,12,rMOS4,41,Hind,0.12590502818072719,1113,0.11815677976137491,150,27,stim_data,std of sliding-window FC; same stimulus-index timepoints concatenated,20,15
12,12,rMOS5,42,Hind,0.14031625821006288,1530,0.15906926210185426,150,27,stim_data,std of sliding-window FC; same stimulus-index timepoints concatenated,20,15
12,12,rNX,71,Hind,-0.6893400895121092,484,0.13498801143857636,150,27,stim_data,std of sliding-window FC; same stimulus-index timepoints concatenated,20,15
12,12,rRa,46,Hind,-0.7676411283127857,201,0.40106124102740726,150,27,stim_data,std of sliding-window FC; same stimulus-index timepoints concatenated,20,15
12,12,rT,47,Hind,-1.0407411074881572,1437,0.11719295911002549,150,27,stim_data,std of sliding-window FC; same stimulus-index timepoints concatenated,20,15
12,12,raRF,48,Hind,-0.6631233902290617,208,0.12310917905149908,150,27,stim_data,std of sliding-window FC; same stimulus-index timepoints concatenated,20,15
12,12,rimRF,49,Hind,-1.54619502907132,436,0.11614924727366337,150,27,stim_data,std of sliding-window FC; same stimulus-index timepoints concatenated,20,15
12,12,rpRF,50,Hind,0.10367599956677641,535,0.13227555257588866,150,27,stim_data,std of sliding-window FC; same stimulus-index timepoints concatenated,20,15
13,0,lOB,20,Tel,0.8396904821626903,254,0.0,20,1,stim_data,std of sliding-window FC; same stimulus-index timepoints concatenated,20,15
13,0,lP,22,Tel,1.231407127758574,1563,0.0,20,1,stim_data,std of sliding-window FC; same stimulus-index timepoints concatenated,20,15
13,0,lPO,25,Tel,1.5972895725725633,557,0.0,20,1,stim_data,std of sliding-window FC; same stimulus-index timepoints concatenated,20,15
13,0,lSP,28,Tel,1.3712731940440057,988,0.0,20,1,stim_data,std of sliding-window FC; same stimulus-index timepoints concatenated,20,15
13,0,rP,58,Tel,1.6274838194004198,1354,0.0,20,1,stim_data,std of sliding-window FC; same stimulus-index timepoints concatenated,20,15
13,0,rPO,61,Tel,1.5828504374539252,624,0.0,20,1,stim_data,std of sliding-window FC; same stimulus-index timepoints concatenated,20,15
13,0,rSP,64,Tel,0.8449219250677052,1066,0.0,20,1,stim_data,std of sliding-window FC; same stimulus-index timepoints concatenated,20,15
13,0,lHb,16,Di,2.3676084202295034,556,0.0,20,1,stim_data,std of sliding-window FC; same stimulus-index timepoints concatenated,20,15
13,0,lPT,24,Di,0.4045887279983318,420,0.0,20,1,stim_data,std of sliding-window FC; same stimulus-index timepoints concatenated,20,15
13,0,lPrT,26,Di,-0.760839251044076,541,0.0,20,1,stim_data,std of sliding-window FC; same stimulus-index timepoints concatenated,20,15
13,0,lTh,30,Di,-0.27932436463978083,901,0.0,20,1,stim_data,std of sliding-window FC; same stimulus-index timepoints concatenated,20,15
13,0,rHb,52,Di,1.269284446459516,466,0.0,20,1,stim_data,std of sliding-window FC; same stimulus-index timepoints concatenated,20,15
13,0,rPT,60,Di,0.6955220273189893,499,0.0,20,1,stim_data,std of sliding-window FC; same stimulus-index timepoints concatenated,20,15
13,0,rPrT,62,Di,-0.8729101402526896,493,0.0,20,1,stim_data,std of sliding-window FC; same stimulus-index timepoints concatenated,20,15
13,0,rTh,66,Di,0.12267948011021526,1300,0.0,20,1,stim_data,std of sliding-window FC; same stimulus-index timepoints concatenated,20,15
13,0,lTS,32,Mes,-0.038289558822681,118,0.0,20,1,stim_data,std of sliding-window FC; same stimulus-index timepoints concatenated,20,15
13,0,lTeO,29,Mes,-0.22102994971595435,7514,0.0,20,1,stim_data,std of sliding-window FC; same stimulus-index timepoints concatenated,20,15
13,0,rTS,68,Mes,-0.0707917864782934,144,0.0,20,1,stim_data,std of sliding-window FC; same stimulus-index timepoints concatenated,20,15
13,0,rTeO,65,Mes,-0.9360345644680327,7228,0.0,20,1,stim_data,std of sliding-window FC; same stimulus-index timepoints concatenated,20,15
13,0,lCb,1,Hind,-0.23156409707923123,1875,0.0,20,1,stim_data,std of sliding-window FC; same stimulus-index timepoints concatenated,20,15
13,0,lMON,0,Hind,-0.1885718314625819,1012,0.0,20,1,stim_data,std of sliding-window FC; same stimulus-index timepoints concatenated,20,15
13,0,lMOS1,2,Hind,0.20229532589358945,1217,0.0,20,1,stim_data,std of sliding-window FC; same stimulus-index timepoints concatenated,20,15
13,0,lMOS2,3,Hind,-0.007147165310974443,627,0.0,20,1,stim_data,std of sliding-window FC; same stimulus-index timepoints concatenated,20,15
13,0,lMOS3,4,Hind,-0.5280442068802194,1262,0.0,20,1,stim_data,std of sliding-window FC; same stimulus-index timepoints concatenated,20,15
13,0,lMOS4,5,Hind,0.1781221791123736,967,0.0,20,1,stim_data,std of sliding-window FC; same stimulus-index timepoints concatenated,20,15
13,0,lMOS5,6,Hind,0.07904857777849517,1257,0.0,20,1,stim_data,std of sliding-window FC; same stimulus-index timepoints concatenated,20,15
13,0,lNX,35,Hind,0.5159242026090447,340,0.0,20,1,stim_data,std of sliding-window FC; same stimulus-index timepoints concatenated,20,15
13,0,lRa,10,Hind,-0.07359117253107073,382,0.0,20,1,stim_data,std of sliding-window FC; same stimulus-index timepoints concatenated,20,15
13,0,lT,11,Hind,-0.7772193815657938,1384,0.0,20,1,stim_data,std of sliding-window FC; same stimulus-index timepoints concatenated,20,15
13,0,laRF,12,Hind,-0.564318946902863,603,0.0,20,1,stim_data,std of sliding-window FC; same stimulus-index timepoints concatenated,20,15
13,0,limRF,13,Hind,-1.4314709184810288,814,0.0,20,1,stim_data,std of sliding-window FC; same stimulus-index timepoints concatenated,20,15
13,0,lpRF,14,Hind,-0.6214145198808102,953,0.0,20,1,stim_data,std of sliding-window FC; same stimulus-index timepoints concatenated,20,15
13,0,rCb,37,Hind,-0.5336652505464933,1969,0.0,20,1,stim_data,std of sliding-window FC; same stimulus-index timepoints concatenated,20,15
13,0,rMON,36,Hind,-0.20825183989935483,1179,0.0,20,1,stim_data,std of sliding-window FC; same stimulus-index timepoints concatenated,20,15
13,0,rMOS1,38,Hind,0.16364639867929043,1455,0.0,20,1,stim_data,std of sliding-window FC; same stimulus-index timepoints concatenated,20,15
13,0,rMOS2,39,Hind,0.8422349936180663,648,0.0,20,1,stim_data,std of sliding-window FC; same stimulus-index timepoints concatenated,20,15
13,0,rMOS3,40,Hind,-0.5651363701456422,1513,0.0,20,1,stim_data,std of sliding-window FC; same stimulus-index timepoints concatenated,20,15
13,0,rMOS4,41,Hind,0.12590502818072719,1291,0.0,20,1,stim_data,std of sliding-window FC; same stimulus-index timepoints concatenated,20,15
13,0,rMOS5,42,Hind,0.14031625821006288,1685,0.0,20,1,stim_data,std of sliding-window FC; same stimulus-index timepoints concatenated,20,15
13,0,rNX,71,Hind,-0.6893400895121092,449,0.0,20,1,stim_data,std of sliding-window FC; same stimulus-index timepoints concatenated,20,15
13,0,rRa,46,Hind,-0.7676411283127857,231,0.0,20,1,stim_data,std of sliding-window FC; same stimulus-index timepoints concatenated,20,15
13,0,rT,47,Hind,-1.0407411074881572,1382,0.0,20,1,stim_data,std of sliding-window FC; same stimulus-index timepoints concatenated,20,15
13,0,raRF,48,Hind,-0.6631233902290617,704,0.0,20,1,stim_data,std of sliding-window FC; same stimulus-index timepoints concatenated,20,15
13,0,rimRF,49,Hind,-1.54619502907132,777,0.0,20,1,stim_data,std of sliding-window FC; same stimulus-index timepoints concatenated,20,15
13,0,rpRF,50,Hind,0.10367599956677641,1043,0.0,20,1,stim_data,std of sliding-window FC; same stimulus-index timepoints concatenated,20,15
13,3,lOB,20,Tel,0.8396904821626903,254,0.4027460632794904,590,115,stim_data,std of sliding-window FC; same stimulus-index timepoints concatenated,20,15
13,3,lP,22,Tel,1.231407127758574,1563,0.36411865655501435,590,115,stim_data,std of sliding-window FC; same stimulus-index timepoints concatenated,20,15
13,3,lPO,25,Tel,1.5972895725725633,557,0.3681395285582419,590,115,stim_data,std of sliding-window FC; same stimulus-index timepoints concatenated,20,15
13,3,lSP,28,Tel,1.3712731940440057,988,0.3937173424919873,590,115,stim_data,std of sliding-window FC; same stimulus-index timepoints concatenated,20,15
13,3,rP,58,Tel,1.6274838194004198,1354,0.38598433398189536,590,115,stim_data,std of sliding-window FC; same stimulus-index timepoints concatenated,20,15
13,3,rPO,61,Tel,1.5828504374539252,624,0.3634442507218006,590,115,stim_data,std of sliding-window FC; same stimulus-index timepoints concatenated,20,15
13,3,rSP,64,Tel,0.8449219250677052,1066,0.37891037618444906,590,115,stim_data,std of sliding-window FC; same stimulus-index timepoints concatenated,20,15
13,3,lHb,16,Di,2.3676084202295034,556,0.34539892069157596,590,115,stim_data,std of sliding-window FC; same stimulus-index timepoints concatenated,20,15
13,3,lPT,24,Di,0.4045887279983318,420,0.31054770330623066,590,115,stim_data,std of sliding-window FC; same stimulus-index timepoints concatenated,20,15
13,3,lPrT,26,Di,-0.760839251044076,541,0.30680001584980776,590,115,stim_data,std of sliding-window FC; same stimulus-index timepoints concatenated,20,15
13,3,lTh,30,Di,-0.27932436463978083,901,0.29739391365303725,590,115,stim_data,std of sliding-window FC; same stimulus-index timepoints concatenated,20,15
13,3,rHb,52,Di,1.269284446459516,466,0.3672664141039542,590,115,stim_data,std of sliding-window FC; same stimulus-index timepoints concatenated,20,15
13,3,rPT,60,Di,0.6955220273189893,499,0.3233605575795847,590,115,stim_data,std of sliding-window FC; same stimulus-index timepoints concatenated,20,15
13,3,rPrT,62,Di,-0.8729101402526896,493,0.3099723537470948,590,115,stim_data,std of sliding-window FC; same stimulus-index timepoints concatenated,20,15
13,3,rTh,66,Di,0.12267948011021526,1300,0.3306858189176611,590,115,stim_data,std of sliding-window FC; same stimulus-index timepoints concatenated,20,15
13,3,lTS,32,Mes,-0.038289558822681,118,0.32593273846534593,590,115,stim_data,std of sliding-window FC; same stimulus-index timepoints concatenated,20,15
13,3,lTeO,29,Mes,-0.22102994971595435,7514,0.36069729188104716,590,115,stim_data,std of sliding-window FC; same stimulus-index timepoints concatenated,20,15
13,3,rTS,68,Mes,-0.0707917864782934,144,0.2937895530018328,590,115,stim_data,std of sliding-window FC; same stimulus-index timepoints concatenated,20,15
13,3,rTeO,65,Mes,-0.9360345644680327,7228,0.3668543995778647,590,115,stim_data,std of sliding-window FC; same stimulus-index timepoints concatenated,20,15
13,3,lCb,1,Hind,-0.23156409707923123,1875,0.36732942768076704,590,115,stim_data,std of sliding-window FC; same stimulus-index timepoints concatenated,20,15
13,3,lMON,0,Hind,-0.1885718314625819,1012,0.33858877033208395,590,115,stim_data,std of sliding-window FC; same stimulus-index timepoints concatenated,20,15
13,3,lMOS1,2,Hind,0.20229532589358945,1217,0.3460579785811125,590,115,stim_data,std of sliding-window FC; same stimulus-index timepoints concatenated,20,15
13,3,lMOS2,3,Hind,-0.007147165310974443,627,0.33101858033286935,590,115,stim_data,std of sliding-window FC; same stimulus-index timepoints concatenated,20,15
13,3,lMOS3,4,Hind,-0.5280442068802194,1262,0.4343854823893277,590,115,stim_data,std of sliding-window FC; same stimulus-index timepoints concatenated,20,15
13,3,lMOS4,5,Hind,0.1781221791123736,967,0.37941308850256594,590,115,stim_data,std of sliding-window FC; same stimulus-index timepoints concatenated,20,15
13,3,lMOS5,6,Hind,0.07904857777849517,1257,0.38198561893556987,590,115,stim_data,std of sliding-window FC; same stimulus-index timepoints concatenated,20,15
13,3,lNX,35,Hind,0.5159242026090447,340,0.3149394586173843,590,115,stim_data,std of sliding-window FC; same stimulus-index timepoints concatenated,20,15
13,3,lRa,10,Hind,-0.07359117253107073,382,0.3148433041699007,590,115,stim_data,std of sliding-window FC; same stimulus-index timepoints concatenated,20,15
13,3,lT,11,Hind,-0.7772193815657938,1384,0.3088639184148903,590,115,stim_data,std of sliding-window FC; same stimulus-index timepoints concatenated,20,15
13,3,laRF,12,Hind,-0.564318946902863,603,0.3709244698286259,590,115,stim_data,std of sliding-window FC; same stimulus-index timepoints concatenated,20,15
13,3,limRF,13,Hind,-1.4314709184810288,814,0.3286762587886008,590,115,stim_data,std of sliding-window FC; same stimulus-index timepoints concatenated,20,15
13,3,lpRF,14,Hind,-0.6214145198808102,953,0.3687529338597613,590,115,stim_data,std of sliding-window FC; same stimulus-index timepoints concatenated,20,15
13,3,rCb,37,Hind,-0.5336652505464933,1969,0.3698547895436354,590,115,stim_data,std of sliding-window FC; same stimulus-index timepoints concatenated,20,15
13,3,rMON,36,Hind,-0.20825183989935483,1179,0.3440362279286934,590,115,stim_data,std of sliding-window FC; same stimulus-index timepoints concatenated,20,15
13,3,rMOS1,38,Hind,0.16364639867929043,1455,0.36789496527928506,590,115,stim_data,std of sliding-window FC; same stimulus-index timepoints concatenated,20,15
13,3,rMOS2,39,Hind,0.8422349936180663,648,0.315747927569925,590,115,stim_data,std of sliding-window FC; same stimulus-index timepoints concatenated,20,15
13,3,rMOS3,40,Hind,-0.5651363701456422,1513,0.3830006759173099,590,115,stim_data,std of sliding-window FC; same stimulus-index timepoints concatenated,20,15
13,3,rMOS4,41,Hind,0.12590502818072719,1291,0.33677863135492064,590,115,stim_data,std of sliding-window FC; same stimulus-index timepoints concatenated,20,15
13,3,rMOS5,42,Hind,0.14031625821006288,1685,0.36019842634603333,590,115,stim_data,std of sliding-window FC; same stimulus-index timepoints concatenated,20,15
13,3,rNX,71,Hind,-0.6893400895121092,449,0.3085118597651365,590,115,stim_data,std of sliding-window FC; same stimulus-index timepoints concatenated,20,15
13,3,rRa,46,Hind,-0.7676411283127857,231,0.35662464680740186,590,115,stim_data,std of sliding-window FC; same stimulus-index timepoints concatenated,20,15
13,3,rT,47,Hind,-1.0407411074881572,1382,0.3079767689867486,590,115,stim_data,std of sliding-window FC; same stimulus-index timepoints concatenated,20,15
13,3,raRF,48,Hind,-0.6631233902290617,704,0.33940349582873025,590,115,stim_data,std of sliding-window FC; same stimulus-index timepoints concatenated,20,15
13,3,rimRF,49,Hind,-1.54619502907132,777,0.30097023085705105,590,115,stim_data,std of sliding-window FC; same stimulus-index timepoints concatenated,20,15
13,3,rpRF,50,Hind,0.10367599956677641,1043,0.3258033983172161,590,115,stim_data,std of sliding-window FC; same stimulus-index timepoints concatenated,20,15
13,9,lOB,20,Tel,0.8396904821626903,254,0.2899047367679083,50,7,stim_data,std of sliding-window FC; same stimulus-index timepoints concatenated,20,15
13,9,lP,22,Tel,1.231407127758574,1563,0.2092921995163928,50,7,stim_data,std of sliding-window FC; same stimulus-index timepoints concatenated,20,15
13,9,lPO,25,Tel,1.5972895725725633,557,0.19347023975102037,50,7,stim_data,std of sliding-window FC; same stimulus-index timepoints concatenated,20,15
13,9,lSP,28,Tel,1.3712731940440057,988,0.233746928475657,50,7,stim_data,std of sliding-window FC; same stimulus-index timepoints concatenated,20,15
13,9,rP,58,Tel,1.6274838194004198,1354,0.2214290104756823,50,7,stim_data,std of sliding-window FC; same stimulus-index timepoints concatenated,20,15
13,9,rPO,61,Tel,1.5828504374539252,624,0.2160555506152079,50,7,stim_data,std of sliding-window FC; same stimulus-index timepoints concatenated,20,15
13,9,rSP,64,Tel,0.8449219250677052,1066,0.19711033501675582,50,7,stim_data,std of sliding-window FC; same stimulus-index timepoints concatenated,20,15
13,9,lHb,16,Di,2.3676084202295034,556,0.17276347873031905,50,7,stim_data,std of sliding-window FC; same stimulus-index timepoints concatenated,20,15
13,9,lPT,24,Di,0.4045887279983318,420,0.12492963978168858,50,7,stim_data,std of sliding-window FC; same stimulus-index timepoints concatenated,20,15
13,9,lPrT,26,Di,-0.760839251044076,541,0.10599752699119115,50,7,stim_data,std of sliding-window FC; same stimulus-index timepoints concatenated,20,15
13,9,lTh,30,Di,-0.27932436463978083,901,0.16072507248219964,50,7,stim_data,std of sliding-window FC; same stimulus-index timepoints concatenated,20,15
13,9,rHb,52,Di,1.269284446459516,466,0.21049856800284905,50,7,stim_data,std of sliding-window FC; same stimulus-index timepoints concatenated,20,15
13,9,rPT,60,Di,0.6955220273189893,499,0.12890236169427527,50,7,stim_data,std of sliding-window FC; same stimulus-index timepoints concatenated,20,15
13,9,rPrT,62,Di,-0.8729101402526896,493,0.12893218982525265,50,7,stim_data,std of sliding-window FC; same stimulus-index timepoints concatenated,20,15
13,9,rTh,66,Di,0.12267948011021526,1300,0.15556931040076236,50,7,stim_data,std of sliding-window FC; same stimulus-index timepoints concatenated,20,15
13,9,lTS,32,Mes,-0.038289558822681,118,0.14856771599203406,50,7,stim_data,std of sliding-window FC; same stimulus-index timepoints concatenated,20,15
13,9,lTeO,29,Mes,-0.22102994971595435,7514,0.13626023187765046,50,7,stim_data,std of sliding-window FC; same stimulus-index timepoints concatenated,20,15
13,9,rTS,68,Mes,-0.0707917864782934,144,0.12930219200115878,50,7,stim_data,std of sliding-window FC; same stimulus-index timepoints concatenated,20,15
13,9,rTeO,65,Mes,-0.9360345644680327,7228,0.16595977509436716,50,7,stim_data,std of sliding-window FC; same stimulus-index timepoints concatenated,20,15
13,9,lCb,1,Hind,-0.23156409707923123,1875,0.19266337150289695,50,7,stim_data,std of sliding-window FC; same stimulus-index timepoints concatenated,20,15
13,9,lMON,0,Hind,-0.1885718314625819,1012,0.25802642985014285,50,7,stim_data,std of sliding-window FC; same stimulus-index timepoints concatenated,20,15
13,9,lMOS1,2,Hind,0.20229532589358945,1217,0.1159247708387337,50,7,stim_data,std of sliding-window FC; same stimulus-index timepoints concatenated,20,15
13,9,lMOS2,3,Hind,-0.007147165310974443,627,0.19741573137300242,50,7,stim_data,std of sliding-window FC; same stimulus-index timepoints concatenated,20,15
13,9,lMOS3,4,Hind,-0.5280442068802194,1262,0.11463052088844877,50,7,stim_data,std of sliding-window FC; same stimulus-index timepoints concatenated,20,15
13,9,lMOS4,5,Hind,0.1781221791123736,967,0.19703481876934903,50,7,stim_data,std of sliding-window FC; same stimulus-index timepoints concatenated,20,15
13,9,lMOS5,6,Hind,0.07904857777849517,1257,0.2743638102425538,50,7,stim_data,std of sliding-window FC; same stimulus-index timepoints concatenated,20,15
13,9,lNX,35,Hind,0.5159242026090447,340,0.17086486885677823,50,7,stim_data,std of sliding-window FC; same stimulus-index timepoints concatenated,20,15
13,9,lRa,10,Hind,-0.07359117253107073,382,0.17465696784738366,50,7,stim_data,std of sliding-window FC; same stimulus-index timepoints concatenated,20,15
13,9,lT,11,Hind,-0.7772193815657938,1384,0.16841086143311276,50,7,stim_data,std of sliding-window FC; same stimulus-index timepoints concatenated,20,15
13,9,laRF,12,Hind,-0.564318946902863,603,0.21683565605132069,50,7,stim_data,std of sliding-window FC; same stimulus-index timepoints concatenated,20,15
13,9,limRF,13,Hind,-1.4314709184810288,814,0.20725854976929117,50,7,stim_data,std of sliding-window FC; same stimulus-index timepoints concatenated,20,15
13,9,lpRF,14,Hind,-0.6214145198808102,953,0.2045925568950608,50,7,stim_data,std of sliding-window FC; same stimulus-index timepoints concatenated,20,15
13,9,rCb,37,Hind,-0.5336652505464933,1969,0.17771627369432938,50,7,stim_data,std of sliding-window FC; same stimulus-index timepoints concatenated,20,15
13,9,rMON,36,Hind,-0.20825183989935483,1179,0.1877945610760646,50,7,stim_data,std of sliding-window FC; same stimulus-index timepoints concatenated,20,15
13,9,rMOS1,38,Hind,0.16364639867929043,1455,0.13770968689336585,50,7,stim_data,std of sliding-window FC; same stimulus-index timepoints concatenated,20,15
13,9,rMOS2,39,Hind,0.8422349936180663,648,0.1736400203814716,50,7,stim_data,std of sliding-window FC; same stimulus-index timepoints concatenated,20,15
13,9,rMOS3,40,Hind,-0.5651363701456422,1513,0.15617723220006546,50,7,stim_data,std of sliding-window FC; same stimulus-index timepoints concatenated,20,15
13,9,rMOS4,41,Hind,0.12590502818072719,1291,0.1500086143513643,50,7,stim_data,std of sliding-window FC; same stimulus-index timepoints concatenated,20,15
13,9,rMOS5,42,Hind,0.14031625821006288,1685,0.1895391997657531,50,7,stim_data,std of sliding-window FC; same stimulus-index timepoints concatenated,20,15
13,9,rNX,71,Hind,-0.6893400895121092,449,0.17800571000911017,50,7,stim_data,std of sliding-window FC; same stimulus-index timepoints concatenated,20,15
13,9,rRa,46,Hind,-0.7676411283127857,231,0.185344041331203,50,7,stim_data,std of sliding-window FC; same stimulus-index timepoints concatenated,20,15
13,9,rT,47,Hind,-1.0407411074881572,1382,0.11560900936966197,50,7,stim_data,std of sliding-window FC; same stimulus-index timepoints concatenated,20,15
13,9,raRF,48,Hind,-0.6631233902290617,704,0.1872160924572772,50,7,stim_data,std of sliding-window FC; same stimulus-index timepoints concatenated,20,15
13,9,rimRF,49,Hind,-1.54619502907132,777,0.21081226418755278,50,7,stim_data,std of sliding-window FC; same stimulus-index timepoints concatenated,20,15
13,9,rpRF,50,Hind,0.10367599956677641,1043,0.19438962789668776,50,7,stim_data,std of sliding-window FC; same stimulus-index timepoints concatenated,20,15
13,10,lOB,20,Tel,0.8396904821626903,254,0.3063635437077122,50,7,stim_data,std of sliding-window FC; same stimulus-index timepoints concatenated,20,15
13,10,lP,22,Tel,1.231407127758574,1563,0.2745860968110978,50,7,stim_data,std of sliding-window FC; same stimulus-index timepoints concatenated,20,15
13,10,lPO,25,Tel,1.5972895725725633,557,0.2990907300729282,50,7,stim_data,std of sliding-window FC; same stimulus-index timepoints concatenated,20,15
13,10,lSP,28,Tel,1.3712731940440057,988,0.28680541484810296,50,7,stim_data,std of sliding-window FC; same stimulus-index timepoints concatenated,20,15
13,10,rP,58,Tel,1.6274838194004198,1354,0.3158336653349742,50,7,stim_data,std of sliding-window FC; same stimulus-index timepoints concatenated,20,15
13,10,rPO,61,Tel,1.5828504374539252,624,0.2927602231559947,50,7,stim_data,std of sliding-window FC; same stimulus-index timepoints concatenated,20,15
13,10,rSP,64,Tel,0.8449219250677052,1066,0.24242199692618416,50,7,stim_data,std of sliding-window FC; same stimulus-index timepoints concatenated,20,15
13,10,lHb,16,Di,2.3676084202295034,556,0.21047387662650038,50,7,stim_data,std of sliding-window FC; same stimulus-index timepoints concatenated,20,15
13,10,lPT,24,Di,0.4045887279983318,420,0.23393831048911926,50,7,stim_data,std of sliding-window FC; same stimulus-index timepoints concatenated,20,15
13,10,lPrT,26,Di,-0.760839251044076,541,0.1830135020151564,50,7,stim_data,std of sliding-window FC; same stimulus-index timepoints concatenated,20,15
13,10,lTh,30,Di,-0.27932436463978083,901,0.20755546575321027,50,7,stim_data,std of sliding-window FC; same stimulus-index timepoints concatenated,20,15
13,10,rHb,52,Di,1.269284446459516,466,0.2761705437780113,50,7,stim_data,std of sliding-window FC; same stimulus-index timepoints concatenated,20,15
13,10,rPT,60,Di,0.6955220273189893,499,0.20224019842199906,50,7,stim_data,std of sliding-window FC; same stimulus-index timepoints concatenated,20,15
13,10,rPrT,62,Di,-0.8729101402526896,493,0.17588939509961976,50,7,stim_data,std of sliding-window FC; same stimulus-index timepoints concatenated,20,15
13,10,rTh,66,Di,0.12267948011021526,1300,0.21141299856831172,50,7,stim_data,std of sliding-window FC; same stimulus-index timepoints concatenated,20,15
13,10,lTS,32,Mes,-0.038289558822681,118,0.16189600447579727,50,7,stim_data,std of sliding-window FC; same stimulus-index timepoints concatenated,20,15
13,10,lTeO,29,Mes,-0.22102994971595435,7514,0.22392245572945724,50,7,stim_data,std of sliding-window FC; same stimulus-index timepoints concatenated,20,15
13,10,rTS,68,Mes,-0.0707917864782934,144,0.16361569926061567,50,7,stim_data,std of sliding-window FC; same stimulus-index timepoints concatenated,20,15
13,10,rTeO,65,Mes,-0.9360345644680327,7228,0.1972110555795323,50,7,stim_data,std of sliding-window FC; same stimulus-index timepoints concatenated,20,15
13,10,lCb,1,Hind,-0.23156409707923123,1875,0.2101184863960406,50,7,stim_data,std of sliding-window FC; same stimulus-index timepoints concatenated,20,15
13,10,lMON,0,Hind,-0.1885718314625819,1012,0.24069158272804925,50,7,stim_data,std of sliding-window FC; same stimulus-index timepoints concatenated,20,15
13,10,lMOS1,2,Hind,0.20229532589358945,1217,0.14268123898068905,50,7,stim_data,std of sliding-window FC; same stimulus-index timepoints concatenated,20,15
13,10,lMOS2,3,Hind,-0.007147165310974443,627,0.21031888567913104,50,7,stim_data,std of sliding-window FC; same stimulus-index timepoints concatenated,20,15
13,10,lMOS3,4,Hind,-0.5280442068802194,1262,0.12549562764845468,50,7,stim_data,std of sliding-window FC; same stimulus-index timepoints concatenated,20,15
13,10,lMOS4,5,Hind,0.1781221791123736,967,0.22802674747455176,50,7,stim_data,std of sliding-window FC; same stimulus-index timepoints concatenated,20,15
13,10,lMOS5,6,Hind,0.07904857777849517,1257,0.22585680843868916,50,7,stim_data,std of sliding-window FC; same stimulus-index timepoints concatenated,20,15
13,10,lNX,35,Hind,0.5159242026090447,340,0.24988356932905334,50,7,stim_data,std of sliding-window FC; same stimulus-index timepoints concatenated,20,15
13,10,lRa,10,Hind,-0.07359117253107073,382,0.1953219012053771,50,7,stim_data,std of sliding-window FC; same stimulus-index timepoints concatenated,20,15
13,10,lT,11,Hind,-0.7772193815657938,1384,0.1690440244247702,50,7,stim_data,std of sliding-window FC; same stimulus-index timepoints concatenated,20,15
13,10,laRF,12,Hind,-0.564318946902863,603,0.15539905307345755,50,7,stim_data,std of sliding-window FC; same stimulus-index timepoints concatenated,20,15
13,10,limRF,13,Hind,-1.4314709184810288,814,0.219453674870217,50,7,stim_data,std of sliding-window FC; same stimulus-index timepoints concatenated,20,15
13,10,lpRF,14,Hind,-0.6214145198808102,953,0.18317400339980178,50,7,stim_data,std of sliding-window FC; same stimulus-index timepoints concatenated,20,15
13,10,rCb,37,Hind,-0.5336652505464933,1969,0.22523687917555507,50,7,stim_data,std of sliding-window FC; same stimulus-index timepoints concatenated,20,15
13,10,rMON,36,Hind,-0.20825183989935483,1179,0.21303691161155322,50,7,stim_data,std of sliding-window FC; same stimulus-index timepoints concatenated,20,15
13,10,rMOS1,38,Hind,0.16364639867929043,1455,0.128876824027767,50,7,stim_data,std of sliding-window FC; same stimulus-index timepoints concatenated,20,15
13,10,rMOS2,39,Hind,0.8422349936180663,648,0.21778102676721023,50,7,stim_data,std of sliding-window FC; same stimulus-index timepoints concatenated,20,15
13,10,rMOS3,40,Hind,-0.5651363701456422,1513,0.1475484610382849,50,7,stim_data,std of sliding-window FC; same stimulus-index timepoints concatenated,20,15
13,10,rMOS4,41,Hind,0.12590502818072719,1291,0.14460149154494847,50,7,stim_data,std of sliding-window FC; same stimulus-index timepoints concatenated,20,15
13,10,rMOS5,42,Hind,0.14031625821006288,1685,0.20643180170953734,50,7,stim_data,std of sliding-window FC; same stimulus-index timepoints concatenated,20,15
13,10,rNX,71,Hind,-0.6893400895121092,449,0.20959200976679987,50,7,stim_data,std of sliding-window FC; same stimulus-index timepoints concatenated,20,15
13,10,rRa,46,Hind,-0.7676411283127857,231,0.19094551810117474,50,7,stim_data,std of sliding-window FC; same stimulus-index timepoints concatenated,20,15
13,10,rT,47,Hind,-1.0407411074881572,1382,0.2001989047696848,50,7,stim_data,std of sliding-window FC; same stimulus-index timepoints concatenated,20,15
13,10,raRF,48,Hind,-0.6631233902290617,704,0.21418874550753506,50,7,stim_data,std of sliding-window FC; same stimulus-index timepoints concatenated,20,15
13,10,rimRF,49,Hind,-1.54619502907132,777,0.2473942615313813,50,7,stim_data,std of sliding-window FC; same stimulus-index timepoints concatenated,20,15
13,10,rpRF,50,Hind,0.10367599956677641,1043,0.17066095137459206,50,7,stim_data,std of sliding-window FC; same stimulus-index timepoints concatenated,20,15
13,11,lOB,20,Tel,0.8396904821626903,254,0.23672105198562068,50,7,stim_data,std of sliding-window FC; same stimulus-index timepoints concatenated,20,15
13,11,lP,22,Tel,1.231407127758574,1563,0.27147024322581953,50,7,stim_data,std of sliding-window FC; same stimulus-index timepoints concatenated,20,15
13,11,lPO,25,Tel,1.5972895725725633,557,0.22221509996151162,50,7,stim_data,std of sliding-window FC; same stimulus-index timepoints concatenated,20,15
13,11,lSP,28,Tel,1.3712731940440057,988,0.2878539267185168,50,7,stim_data,std of sliding-window FC; same stimulus-index timepoints concatenated,20,15
13,11,rP,58,Tel,1.6274838194004198,1354,0.2234659364046507,50,7,stim_data,std of sliding-window FC; same stimulus-index timepoints concatenated,20,15
13,11,rPO,61,Tel,1.5828504374539252,624,0.2069613991534539,50,7,stim_data,std of sliding-window FC; same stimulus-index timepoints concatenated,20,15
13,11,rSP,64,Tel,0.8449219250677052,1066,0.2663390060177943,50,7,stim_data,std of sliding-window FC; same stimulus-index timepoints concatenated,20,15
13,11,lHb,16,Di,2.3676084202295034,556,0.2164742630844182,50,7,stim_data,std of sliding-window FC; same stimulus-index timepoints concatenated,20,15
13,11,lPT,24,Di,0.4045887279983318,420,0.16699437348783402,50,7,stim_data,std of sliding-window FC; same stimulus-index timepoints concatenated,20,15
13,11,lPrT,26,Di,-0.760839251044076,541,0.17851382545665365,50,7,stim_data,std of sliding-window FC; same stimulus-index timepoints concatenated,20,15
13,11,lTh,30,Di,-0.27932436463978083,901,0.1543141027562127,50,7,stim_data,std of sliding-window FC; same stimulus-index timepoints concatenated,20,15
13,11,rHb,52,Di,1.269284446459516,466,0.1916690718950411,50,7,stim_data,std of sliding-window FC; same stimulus-index timepoints concatenated,20,15
13,11,rPT,60,Di,0.6955220273189893,499,0.24690888007791403,50,7,stim_data,std of sliding-window FC; same stimulus-index timepoints concatenated,20,15
13,11,rPrT,62,Di,-0.8729101402526896,493,0.13847297945625656,50,7,stim_data,std of sliding-window FC; same stimulus-index timepoints concatenated,20,15
13,11,rTh,66,Di,0.12267948011021526,1300,0.17802601108545776,50,7,stim_data,std of sliding-window FC; same stimulus-index timepoints concatenated,20,15
13,11,lTS,32,Mes,-0.038289558822681,118,0.16386350455600668,50,7,stim_data,std of sliding-window FC; same stimulus-index timepoints concatenated,20,15
13,11,lTeO,29,Mes,-0.22102994971595435,7514,0.20928210554697832,50,7,stim_data,std of sliding-window FC; same stimulus-index timepoints concatenated,20,15
13,11,rTS,68,Mes,-0.0707917864782934,144,0.14701869007460672,50,7,stim_data,std of sliding-window FC; same stimulus-index timepoints concatenated,20,15
13,11,rTeO,65,Mes,-0.9360345644680327,7228,0.23276021850906245,50,7,stim_data,std of sliding-window FC; same stimulus-index timepoints concatenated,20,15
13,11,lCb,1,Hind,-0.23156409707923123,1875,0.20000907033422763,50,7,stim_data,std of sliding-window FC; same stimulus-index timepoints concatenated,20,15
13,11,lMON,0,Hind,-0.1885718314625819,1012,0.2184198659301802,50,7,stim_data,std of sliding-window FC; same stimulus-index timepoints concatenated,20,15
13,11,lMOS1,2,Hind,0.20229532589358945,1217,0.2129426443429485,50,7,stim_data,std of sliding-window FC; same stimulus-index timepoints concatenated,20,15
13,11,lMOS2,3,Hind,-0.007147165310974443,627,0.19040445531490366,50,7,stim_data,std of sliding-window FC; same stimulus-index timepoints concatenated,20,15
13,11,lMOS3,4,Hind,-0.5280442068802194,1262,0.2551223273653015,50,7,stim_data,std of sliding-window FC; same stimulus-index timepoints concatenated,20,15
13,11,lMOS4,5,Hind,0.1781221791123736,967,0.25192381272841385,50,7,stim_data,std of sliding-window FC; same stimulus-index timepoints concatenated,20,15
13,11,lMOS5,6,Hind,0.07904857777849517,1257,0.2443563025022408,50,7,stim_data,std of sliding-window FC; same stimulus-index timepoints concatenated,20,15
13,11,lNX,35,Hind,0.5159242026090447,340,0.24600386490642345,50,7,stim_data,std of sliding-window FC; same stimulus-index timepoints concatenated,20,15
13,11,lRa,10,Hind,-0.07359117253107073,382,0.21394874450628285,50,7,stim_data,std of sliding-window FC; same stimulus-index timepoints concatenated,20,15
13,11,lT,11,Hind,-0.7772193815657938,1384,0.19636146106664423,50,7,stim_data,std of sliding-window FC; same stimulus-index timepoints concatenated,20,15
13,11,laRF,12,Hind,-0.564318946902863,603,0.2322268774608691,50,7,stim_data,std of sliding-window FC; same stimulus-index timepoints concatenated,20,15
13,11,limRF,13,Hind,-1.4314709184810288,814,0.2106728120186285,50,7,stim_data,std of sliding-window FC; same stimulus-index timepoints concatenated,20,15
13,11,lpRF,14,Hind,-0.6214145198808102,953,0.23167593089601013,50,7,stim_data,std of sliding-window FC; same stimulus-index timepoints concatenated,20,15
13,11,rCb,37,Hind,-0.5336652505464933,1969,0.2069772194610479,50,7,stim_data,std of sliding-window FC; same stimulus-index timepoints concatenated,20,15
13,11,rMON,36,Hind,-0.20825183989935483,1179,0.20182060525202344,50,7,stim_data,std of sliding-window FC; same stimulus-index timepoints concatenated,20,15
13,11,rMOS1,38,Hind,0.16364639867929043,1455,0.12631553139737448,50,7,stim_data,std of sliding-window FC; same stimulus-index timepoints concatenated,20,15
13,11,rMOS2,39,Hind,0.8422349936180663,648,0.16501468058312838,50,7,stim_data,std of sliding-window FC; same stimulus-index timepoints concatenated,20,15
13,11,rMOS3,40,Hind,-0.5651363701456422,1513,0.12643443628722473,50,7,stim_data,std of sliding-window FC; same stimulus-index timepoints concatenated,20,15
13,11,rMOS4,41,Hind,0.12590502818072719,1291,0.16685601973556266,50,7,stim_data,std of sliding-window FC; same stimulus-index timepoints concatenated,20,15
13,11,rMOS5,42,Hind,0.14031625821006288,1685,0.2406946098230237,50,7,stim_data,std of sliding-window FC; same stimulus-index timepoints concatenated,20,15
13,11,rNX,71,Hind,-0.6893400895121092,449,0.25998452480100376,50,7,stim_data,std of sliding-window FC; same stimulus-index timepoints concatenated,20,15
13,11,rRa,46,Hind,-0.7676411283127857,231,0.19618919784758512,50,7,stim_data,std of sliding-window FC; same stimulus-index timepoints concatenated,20,15
13,11,rT,47,Hind,-1.0407411074881572,1382,0.1891479033134239,50,7,stim_data,std of sliding-window FC; same stimulus-index timepoints concatenated,20,15
13,11,raRF,48,Hind,-0.6631233902290617,704,0.16087769864786322,50,7,stim_data,std of sliding-window FC; same stimulus-index timepoints concatenated,20,15
13,11,rimRF,49,Hind,-1.54619502907132,777,0.20329521764207034,50,7,stim_data,std of sliding-window FC; same stimulus-index timepoints concatenated,20,15
13,11,rpRF,50,Hind,0.10367599956677641,1043,0.15140982101855496,50,7,stim_data,std of sliding-window FC; same stimulus-index timepoints concatenated,20,15
13,12,lOB,20,Tel,0.8396904821626903,254,0.24800980929099448,50,7,stim_data,std of sliding-window FC; same stimulus-index timepoints concatenated,20,15
13,12,lP,22,Tel,1.231407127758574,1563,0.2730537162164332,50,7,stim_data,std of sliding-window FC; same stimulus-index timepoints concatenated,20,15
13,12,lPO,25,Tel,1.5972895725725633,557,0.22987470596872128,50,7,stim_data,std of sliding-window FC; same stimulus-index timepoints concatenated,20,15
13,12,lSP,28,Tel,1.3712731940440057,988,0.26794587646582735,50,7,stim_data,std of sliding-window FC; same stimulus-index timepoints concatenated,20,15
13,12,rP,58,Tel,1.6274838194004198,1354,0.22215783695009092,50,7,stim_data,std of sliding-window FC; same stimulus-index timepoints concatenated,20,15
13,12,rPO,61,Tel,1.5828504374539252,624,0.2283229449476968,50,7,stim_data,std of sliding-window FC; same stimulus-index timepoints concatenated,20,15
13,12,rSP,64,Tel,0.8449219250677052,1066,0.22757031920581935,50,7,stim_data,std of sliding-window FC; same stimulus-index timepoints concatenated,20,15
13,12,lHb,16,Di,2.3676084202295034,556,0.17132067067548185,50,7,stim_data,std of sliding-window FC; same stimulus-index timepoints concatenated,20,15
13,12,lPT,24,Di,0.4045887279983318,420,0.13807833394235616,50,7,stim_data,std of sliding-window FC; same stimulus-index timepoints concatenated,20,15
13,12,lPrT,26,Di,-0.760839251044076,541,0.16861000722496539,50,7,stim_data,std of sliding-window FC; same stimulus-index timepoints concatenated,20,15
13,12,lTh,30,Di,-0.27932436463978083,901,0.178252235862414,50,7,stim_data,std of sliding-window FC; same stimulus-index timepoints concatenated,20,15
13,12,rHb,52,Di,1.269284446459516,466,0.21482741398726138,50,7,stim_data,std of sliding-window FC; same stimulus-index timepoints concatenated,20,15
13,12,rPT,60,Di,0.6955220273189893,499,0.18596544861955835,50,7,stim_data,std of sliding-window FC; same stimulus-index timepoints concatenated,20,15
13,12,rPrT,62,Di,-0.8729101402526896,493,0.23015410505914347,50,7,stim_data,std of sliding-window FC; same stimulus-index timepoints concatenated,20,15
13,12,rTh,66,Di,0.12267948011021526,1300,0.1837261434927308,50,7,stim_data,std of sliding-window FC; same stimulus-index timepoints concatenated,20,15
13,12,lTS,32,Mes,-0.038289558822681,118,0.14313258835503648,50,7,stim_data,std of sliding-window FC; same stimulus-index timepoints concatenated,20,15
13,12,lTeO,29,Mes,-0.22102994971595435,7514,0.19519397333839725,50,7,stim_data,std of sliding-window FC; same stimulus-index timepoints concatenated,20,15
13,12,rTS,68,Mes,-0.0707917864782934,144,0.1913607146623502,50,7,stim_data,std of sliding-window FC; same stimulus-index timepoints concatenated,20,15
13,12,rTeO,65,Mes,-0.9360345644680327,7228,0.2250315031902315,50,7,stim_data,std of sliding-window FC; same stimulus-index timepoints concatenated,20,15
13,12,lCb,1,Hind,-0.23156409707923123,1875,0.16887174204550448,50,7,stim_data,std of sliding-window FC; same stimulus-index timepoints concatenated,20,15
13,12,lMON,0,Hind,-0.1885718314625819,1012,0.2099575702608355,50,7,stim_data,std of sliding-window FC; same stimulus-index timepoints concatenated,20,15
13,12,lMOS1,2,Hind,0.20229532589358945,1217,0.1420792315998366,50,7,stim_data,std of sliding-window FC; same stimulus-index timepoints concatenated,20,15
13,12,lMOS2,3,Hind,-0.007147165310974443,627,0.20463693757693074,50,7,stim_data,std of sliding-window FC; same stimulus-index timepoints concatenated,20,15
13,12,lMOS3,4,Hind,-0.5280442068802194,1262,0.1391182525524529,50,7,stim_data,std of sliding-window FC; same stimulus-index timepoints concatenated,20,15
13,12,lMOS4,5,Hind,0.1781221791123736,967,0.19696453926003096,50,7,stim_data,std of sliding-window FC; same stimulus-index timepoints concatenated,20,15
13,12,lMOS5,6,Hind,0.07904857777849517,1257,0.2029116238422964,50,7,stim_data,std of sliding-window FC; same stimulus-index timepoints concatenated,20,15
13,12,lNX,35,Hind,0.5159242026090447,340,0.20262386989718814,50,7,stim_data,std of sliding-window FC; same stimulus-index timepoints concatenated,20,15
13,12,lRa,10,Hind,-0.07359117253107073,382,0.20136303828167126,50,7,stim_data,std of sliding-window FC; same stimulus-index timepoints concatenated,20,15
13,12,lT,11,Hind,-0.7772193815657938,1384,0.1701934549005323,50,7,stim_data,std of sliding-window FC; same stimulus-index timepoints concatenated,20,15
13,12,laRF,12,Hind,-0.564318946902863,603,0.1589442822232778,50,7,stim_data,std of sliding-window FC; same stimulus-index timepoints concatenated,20,15
13,12,limRF,13,Hind,-1.4314709184810288,814,0.22226577847938908,50,7,stim_data,std of sliding-window FC; same stimulus-index timepoints concatenated,20,15
13,12,lpRF,14,Hind,-0.6214145198808102,953,0.20079318518252662,50,7,stim_data,std of sliding-window FC; same stimulus-index timepoints concatenated,20,15
13,12,rCb,37,Hind,-0.5336652505464933,1969,0.2635442493604702,50,7,stim_data,std of sliding-window FC; same stimulus-index timepoints concatenated,20,15
13,12,rMON,36,Hind,-0.20825183989935483,1179,0.2034229887298534,50,7,stim_data,std of sliding-window FC; same stimulus-index timepoints concatenated,20,15
13,12,rMOS1,38,Hind,0.16364639867929043,1455,0.2578824549723003,50,7,stim_data,std of sliding-window FC; same stimulus-index timepoints concatenated,20,15
13,12,rMOS2,39,Hind,0.8422349936180663,648,0.22020930433150632,50,7,stim_data,std of sliding-window FC; same stimulus-index timepoints concatenated,20,15
13,12,rMOS3,40,Hind,-0.5651363701456422,1513,0.2588144170638102,50,7,stim_data,std of sliding-window FC; same stimulus-index timepoints concatenated,20,15
13,12,rMOS4,41,Hind,0.12590502818072719,1291,0.20590490796732225,50,7,stim_data,std of sliding-window FC; same stimulus-index timepoints concatenated,20,15
13,12,rMOS5,42,Hind,0.14031625821006288,1685,0.21665601107889582,50,7,stim_data,std of sliding-window FC; same stimulus-index timepoints concatenated,20,15
13,12,rNX,71,Hind,-0.6893400895121092,449,0.19747134177805103,50,7,stim_data,std of sliding-window FC; same stimulus-index timepoints concatenated,20,15
13,12,rRa,46,Hind,-0.7676411283127857,231,0.2257896356491261,50,7,stim_data,std of sliding-window FC; same stimulus-index timepoints concatenated,20,15
13,12,rT,47,Hind,-1.0407411074881572,1382,0.23767478912038095,50,7,stim_data,std of sliding-window FC; same stimulus-index timepoints concatenated,20,15
13,12,raRF,48,Hind,-0.6631233902290617,704,0.2115201525302318,50,7,stim_data,std of sliding-window FC; same stimulus-index timepoints concatenated,20,15
13,12,rimRF,49,Hind,-1.54619502907132,777,0.21045422656898952,50,7,stim_data,std of sliding-window FC; same stimulus-index timepoints concatenated,20,15
13,12,rpRF,50,Hind,0.10367599956677641,1043,0.2110870323318026,50,7,stim_data,std of sliding-window FC; same stimulus-index timepoints concatenated,20,15
14,0,lOB,20,Tel,0.8396904821626903,192,0.0,21,1,stim_data,std of sliding-window FC; same stimulus-index timepoints concatenated,20,15
14,0,lP,22,Tel,1.231407127758574,1221,0.0,21,1,stim_data,std of sliding-window FC; same stimulus-index timepoints concatenated,20,15
14,0,lPO,25,Tel,1.5972895725725633,631,0.0,21,1,stim_data,std of sliding-window FC; same stimulus-index timepoints concatenated,20,15
14,0,lSP,28,Tel,1.3712731940440057,1001,0.0,21,1,stim_data,std of sliding-window FC; same stimulus-index timepoints concatenated,20,15
14,0,rP,58,Tel,1.6274838194004198,1123,0.0,21,1,stim_data,std of sliding-window FC; same stimulus-index timepoints concatenated,20,15
14,0,rPO,61,Tel,1.5828504374539252,624,0.0,21,1,stim_data,std of sliding-window FC; same stimulus-index timepoints concatenated,20,15
14,0,rSP,64,Tel,0.8449219250677052,895,0.0,21,1,stim_data,std of sliding-window FC; same stimulus-index timepoints concatenated,20,15
14,0,lHb,16,Di,2.3676084202295034,532,0.0,21,1,stim_data,std of sliding-window FC; same stimulus-index timepoints concatenated,20,15
14,0,lPT,24,Di,0.4045887279983318,437,0.0,21,1,stim_data,std of sliding-window FC; same stimulus-index timepoints concatenated,20,15
14,0,lPrT,26,Di,-0.760839251044076,652,0.0,21,1,stim_data,std of sliding-window FC; same stimulus-index timepoints concatenated,20,15
14,0,lTh,30,Di,-0.27932436463978083,1209,0.0,21,1,stim_data,std of sliding-window FC; same stimulus-index timepoints concatenated,20,15
14,0,rHb,52,Di,1.269284446459516,452,0.0,21,1,stim_data,std of sliding-window FC; same stimulus-index timepoints concatenated,20,15
14,0,rPT,60,Di,0.6955220273189893,435,0.0,21,1,stim_data,std of sliding-window FC; same stimulus-index timepoints concatenated,20,15
14,0,rPrT,62,Di,-0.8729101402526896,624,0.0,21,1,stim_data,std of sliding-window FC; same stimulus-index timepoints concatenated,20,15
14,0,rTh,66,Di,0.12267948011021526,1386,0.0,21,1,stim_data,std of sliding-window FC; same stimulus-index timepoints concatenated,20,15
14,0,lTS,32,Mes,-0.038289558822681,251,0.0,21,1,stim_data,std of sliding-window FC; same stimulus-index timepoints concatenated,20,15
14,0,lTeO,29,Mes,-0.22102994971595435,7219,0.0,21,1,stim_data,std of sliding-window FC; same stimulus-index timepoints concatenated,20,15
14,0,rTS,68,Mes,-0.0707917864782934,203,0.0,21,1,stim_data,std of sliding-window FC; same stimulus-index timepoints concatenated,20,15
14,0,rTeO,65,Mes,-0.9360345644680327,6806,0.0,21,1,stim_data,std of sliding-window FC; same stimulus-index timepoints concatenated,20,15
14,0,lCb,1,Hind,-0.23156409707923123,1873,0.0,21,1,stim_data,std of sliding-window FC; same stimulus-index timepoints concatenated,20,15
14,0,lMON,0,Hind,-0.1885718314625819,1151,0.0,21,1,stim_data,std of sliding-window FC; same stimulus-index timepoints concatenated,20,15
14,0,lMOS1,2,Hind,0.20229532589358945,1898,0.0,21,1,stim_data,std of sliding-window FC; same stimulus-index timepoints concatenated,20,15
14,0,lMOS2,3,Hind,-0.007147165310974443,1068,0.0,21,1,stim_data,std of sliding-window FC; same stimulus-index timepoints concatenated,20,15
14,0,lMOS3,4,Hind,-0.5280442068802194,1413,0.0,21,1,stim_data,std of sliding-window FC; same stimulus-index timepoints concatenated,20,15
14,0,lMOS4,5,Hind,0.1781221791123736,1173,0.0,21,1,stim_data,std of sliding-window FC; same stimulus-index timepoints concatenated,20,15
14,0,lMOS5,6,Hind,0.07904857777849517,1380,0.0,21,1,stim_data,std of sliding-window FC; same stimulus-index timepoints concatenated,20,15
14,0,lNX,35,Hind,0.5159242026090447,653,0.0,21,1,stim_data,std of sliding-window FC; same stimulus-index timepoints concatenated,20,15
14,0,lRa,10,Hind,-0.07359117253107073,636,0.0,21,1,stim_data,std of sliding-window FC; same stimulus-index timepoints concatenated,20,15
14,0,lT,11,Hind,-0.7772193815657938,1553,0.0,21,1,stim_data,std of sliding-window FC; same stimulus-index timepoints concatenated,20,15
14,0,laRF,12,Hind,-0.564318946902863,405,0.0,21,1,stim_data,std of sliding-window FC; same stimulus-index timepoints concatenated,20,15
14,0,limRF,13,Hind,-1.4314709184810288,606,0.0,21,1,stim_data,std of sliding-window FC; same stimulus-index timepoints concatenated,20,15
14,0,lpRF,14,Hind,-0.6214145198808102,745,0.0,21,1,stim_data,std of sliding-window FC; same stimulus-index timepoints concatenated,20,15
14,0,rCb,37,Hind,-0.5336652505464933,1784,0.0,21,1,stim_data,std of sliding-window FC; same stimulus-index timepoints concatenated,20,15
14,0,rMON,36,Hind,-0.20825183989935483,1275,0.0,21,1,stim_data,std of sliding-window FC; same stimulus-index timepoints concatenated,20,15
14,0,rMOS1,38,Hind,0.16364639867929043,1923,0.0,21,1,stim_data,std of sliding-window FC; same stimulus-index timepoints concatenated,20,15
14,0,rMOS2,39,Hind,0.8422349936180663,913,0.0,21,1,stim_data,std of sliding-window FC; same stimulus-index timepoints concatenated,20,15
14,0,rMOS3,40,Hind,-0.5651363701456422,1490,0.0,21,1,stim_data,std of sliding-window FC; same stimulus-index timepoints concatenated,20,15
14,0,rMOS4,41,Hind,0.12590502818072719,1294,0.0,21,1,stim_data,std of sliding-window FC; same stimulus-index timepoints concatenated,20,15
14,0,rMOS5,42,Hind,0.14031625821006288,1831,0.0,21,1,stim_data,std of sliding-window FC; same stimulus-index timepoints concatenated,20,15
14,0,rNX,71,Hind,-0.6893400895121092,781,0.0,21,1,stim_data,std of sliding-window FC; same stimulus-index timepoints concatenated,20,15
14,0,rRa,46,Hind,-0.7676411283127857,379,0.0,21,1,stim_data,std of sliding-window FC; same stimulus-index timepoints concatenated,20,15
14,0,rT,47,Hind,-1.0407411074881572,1615,0.0,21,1,stim_data,std of sliding-window FC; same stimulus-index timepoints concatenated,20,15
14,0,raRF,48,Hind,-0.6631233902290617,457,0.0,21,1,stim_data,std of sliding-window FC; same stimulus-index timepoints concatenated,20,15
14,0,rimRF,49,Hind,-1.54619502907132,664,0.0,21,1,stim_data,std of sliding-window FC; same stimulus-index timepoints concatenated,20,15
14,0,rpRF,50,Hind,0.10367599956677641,947,0.0,21,1,stim_data,std of sliding-window FC; same stimulus-index timepoints concatenated,20,15
14,3,lOB,20,Tel,0.8396904821626903,192,0.45172113534160396,669,130,stim_data,std of sliding-window FC; same stimulus-index timepoints concatenated,20,15
14,3,lP,22,Tel,1.231407127758574,1221,0.3935530815806392,669,130,stim_data,std of sliding-window FC; same stimulus-index timepoints concatenated,20,15
14,3,lPO,25,Tel,1.5972895725725633,631,0.29081322057393594,669,130,stim_data,std of sliding-window FC; same stimulus-index timepoints concatenated,20,15
14,3,lSP,28,Tel,1.3712731940440057,1001,0.38971230581253324,669,130,stim_data,std of sliding-window FC; same stimulus-index timepoints concatenated,20,15
14,3,rP,58,Tel,1.6274838194004198,1123,0.4104512079700849,669,130,stim_data,std of sliding-window FC; same stimulus-index timepoints concatenated,20,15
14,3,rPO,61,Tel,1.5828504374539252,624,0.3063218070573342,669,130,stim_data,std of sliding-window FC; same stimulus-index timepoints concatenated,20,15
14,3,rSP,64,Tel,0.8449219250677052,895,0.3532601770820429,669,130,stim_data,std of sliding-window FC; same stimulus-index timepoints concatenated,20,15
14,3,lHb,16,Di,2.3676084202295034,532,0.38410807639005284,669,130,stim_data,std of sliding-window FC; same stimulus-index timepoints concatenated,20,15
14,3,lPT,24,Di,0.4045887279983318,437,0.33001779508068263,669,130,stim_data,std of sliding-window FC; same stimulus-index timepoints concatenated,20,15
14,3,lPrT,26,Di,-0.760839251044076,652,0.31294197616923025,669,130,stim_data,std of sliding-window FC; same stimulus-index timepoints concatenated,20,15
14,3,lTh,30,Di,-0.27932436463978083,1209,0.2745960767038605,669,130,stim_data,std of sliding-window FC; same stimulus-index timepoints concatenated,20,15
14,3,rHb,52,Di,1.269284446459516,452,0.39079133363134383,669,130,stim_data,std of sliding-window FC; same stimulus-index timepoints concatenated,20,15
14,3,rPT,60,Di,0.6955220273189893,435,0.31053431366106987,669,130,stim_data,std of sliding-window FC; same stimulus-index timepoints concatenated,20,15
14,3,rPrT,62,Di,-0.8729101402526896,624,0.2936670439620407,669,130,stim_data,std of sliding-window FC; same stimulus-index timepoints concatenated,20,15
14,3,rTh,66,Di,0.12267948011021526,1386,0.2679683840548036,669,130,stim_data,std of sliding-window FC; same stimulus-index timepoints concatenated,20,15
14,3,lTS,32,Mes,-0.038289558822681,251,0.37802391650380096,669,130,stim_data,std of sliding-window FC; same stimulus-index timepoints concatenated,20,15
14,3,lTeO,29,Mes,-0.22102994971595435,7219,0.29530074118179866,669,130,stim_data,std of sliding-window FC; same stimulus-index timepoints concatenated,20,15
14,3,rTS,68,Mes,-0.0707917864782934,203,0.3733894765501603,669,130,stim_data,std of sliding-window FC; same stimulus-index timepoints concatenated,20,15
14,3,rTeO,65,Mes,-0.9360345644680327,6806,0.3507962141778486,669,130,stim_data,std of sliding-window FC; same stimulus-index timepoints concatenated,20,15
14,3,lCb,1,Hind,-0.23156409707923123,1873,0.3306237375719197,669,130,stim_data,std of sliding-window FC; same stimulus-index timepoints concatenated,20,15
14,3,lMON,0,Hind,-0.1885718314625819,1151,0.34059908417023715,669,130,stim_data,std of sliding-window FC; same stimulus-index timepoints concatenated,20,15
14,3,lMOS1,2,Hind,0.20229532589358945,1898,0.2868335003763256,669,130,stim_data,std of sliding-window FC; same stimulus-index timepoints concatenated,20,15
14,3,lMOS2,3,Hind,-0.007147165310974443,1068,0.3389464507565432,669,130,stim_data,std of sliding-window FC; same stimulus-index timepoints concatenated,20,15
14,3,lMOS3,4,Hind,-0.5280442068802194,1413,0.3486906808999002,669,130,stim_data,std of sliding-window FC; same stimulus-index timepoints concatenated,20,15
14,3,lMOS4,5,Hind,0.1781221791123736,1173,0.2735028382037843,669,130,stim_data,std of sliding-window FC; same stimulus-index timepoints concatenated,20,15
14,3,lMOS5,6,Hind,0.07904857777849517,1380,0.34390091709706316,669,130,stim_data,std of sliding-window FC; same stimulus-index timepoints concatenated,20,15
14,3,lNX,35,Hind,0.5159242026090447,653,0.3247125826009233,669,130,stim_data,std of sliding-window FC; same stimulus-index timepoints concatenated,20,15
14,3,lRa,10,Hind,-0.07359117253107073,636,0.34150152663245237,669,130,stim_data,std of sliding-window FC; same stimulus-index timepoints concatenated,20,15
14,3,lT,11,Hind,-0.7772193815657938,1553,0.3251333087200305,669,130,stim_data,std of sliding-window FC; same stimulus-index timepoints concatenated,20,15
14,3,laRF,12,Hind,-0.564318946902863,405,0.3447039242074625,669,130,stim_data,std of sliding-window FC; same stimulus-index timepoints concatenated,20,15
14,3,limRF,13,Hind,-1.4314709184810288,606,0.27989429671976535,669,130,stim_data,std of sliding-window FC; same stimulus-index timepoints concatenated,20,15
14,3,lpRF,14,Hind,-0.6214145198808102,745,0.3056694546488586,669,130,stim_data,std of sliding-window FC; same stimulus-index timepoints concatenated,20,15
14,3,rCb,37,Hind,-0.5336652505464933,1784,0.35700463971064383,669,130,stim_data,std of sliding-window FC; same stimulus-index timepoints concatenated,20,15
14,3,rMON,36,Hind,-0.20825183989935483,1275,0.34466898003388136,669,130,stim_data,std of sliding-window FC; same stimulus-index timepoints concatenated,20,15
14,3,rMOS1,38,Hind,0.16364639867929043,1923,0.29738546910322206,669,130,stim_data,std of sliding-window FC; same stimulus-index timepoints concatenated,20,15
14,3,rMOS2,39,Hind,0.8422349936180663,913,0.28839340139139413,669,130,stim_data,std of sliding-window FC; same stimulus-index timepoints concatenated,20,15
14,3,rMOS3,40,Hind,-0.5651363701456422,1490,0.3191496065929825,669,130,stim_data,std of sliding-window FC; same stimulus-index timepoints concatenated,20,15
14,3,rMOS4,41,Hind,0.12590502818072719,1294,0.27160517239425924,669,130,stim_data,std of sliding-window FC; same stimulus-index timepoints concatenated,20,15
14,3,rMOS5,42,Hind,0.14031625821006288,1831,0.31163006024978496,669,130,stim_data,std of sliding-window FC; same stimulus-index timepoints concatenated,20,15
14,3,rNX,71,Hind,-0.6893400895121092,781,0.36214852387859947,669,130,stim_data,std of sliding-window FC; same stimulus-index timepoints concatenated,20,15
14,3,rRa,46,Hind,-0.7676411283127857,379,0.3651966272563268,669,130,stim_data,std of sliding-window FC; same stimulus-index timepoints concatenated,20,15
14,3,rT,47,Hind,-1.0407411074881572,1615,0.30214206368908825,669,130,stim_data,std of sliding-window FC; same stimulus-index timepoints concatenated,20,15
14,3,raRF,48,Hind,-0.6631233902290617,457,0.2837331129246347,669,130,stim_data,std of sliding-window FC; same stimulus-index timepoints concatenated,20,15
14,3,rimRF,49,Hind,-1.54619502907132,664,0.26388478553268374,669,130,stim_data,std of sliding-window FC; same stimulus-index timepoints concatenated,20,15
14,3,rpRF,50,Hind,0.10367599956677641,947,0.274933618259591,669,130,stim_data,std of sliding-window FC; same stimulus-index timepoints concatenated,20,15
14,9,lOB,20,Tel,0.8396904821626903,192,0.023448943001847886,25,2,stim_data,std of sliding-window FC; same stimulus-index timepoints concatenated,20,15
14,9,lP,22,Tel,1.231407127758574,1221,0.05923725403129044,25,2,stim_data,std of sliding-window FC; same stimulus-index timepoints concatenated,20,15
14,9,lPO,25,Tel,1.5972895725725633,631,0.024399262619737006,25,2,stim_data,std of sliding-window FC; same stimulus-index timepoints concatenated,20,15
14,9,lSP,28,Tel,1.3712731940440057,1001,0.041029901836236525,25,2,stim_data,std of sliding-window FC; same stimulus-index timepoints concatenated,20,15
14,9,rP,58,Tel,1.6274838194004198,1123,0.044996594032863664,25,2,stim_data,std of sliding-window FC; same stimulus-index timepoints concatenated,20,15
14,9,rPO,61,Tel,1.5828504374539252,624,0.026627913664573913,25,2,stim_data,std of sliding-window FC; same stimulus-index timepoints concatenated,20,15
14,9,rSP,64,Tel,0.8449219250677052,895,0.03910046265063942,25,2,stim_data,std of sliding-window FC; same stimulus-index timepoints concatenated,20,15
14,9,lHb,16,Di,2.3676084202295034,532,0.07868595220788183,25,2,stim_data,std of sliding-window FC; same stimulus-index timepoints concatenated,20,15
14,9,lPT,24,Di,0.4045887279983318,437,0.03478512886131468,25,2,stim_data,std of sliding-window FC; same stimulus-index timepoints concatenated,20,15
14,9,lPrT,26,Di,-0.760839251044076,652,0.051028748106554396,25,2,stim_data,std of sliding-window FC; same stimulus-index timepoints concatenated,20,15
14,9,lTh,30,Di,-0.27932436463978083,1209,0.028403690686382287,25,2,stim_data,std of sliding-window FC; same stimulus-index timepoints concatenated,20,15
14,9,rHb,52,Di,1.269284446459516,452,0.028173490564069172,25,2,stim_data,std of sliding-window FC; same stimulus-index timepoints concatenated,20,15
14,9,rPT,60,Di,0.6955220273189893,435,0.02556556447028174,25,2,stim_data,std of sliding-window FC; same stimulus-index timepoints concatenated,20,15
14,9,rPrT,62,Di,-0.8729101402526896,624,0.038217022676699554,25,2,stim_data,std of sliding-window FC; same stimulus-index timepoints concatenated,20,15
14,9,rTh,66,Di,0.12267948011021526,1386,0.027479335646355563,25,2,stim_data,std of sliding-window FC; same stimulus-index timepoints concatenated,20,15
14,9,lTS,32,Mes,-0.038289558822681,251,0.06879599288030928,25,2,stim_data,std of sliding-window FC; same stimulus-index timepoints concatenated,20,15
14,9,lTeO,29,Mes,-0.22102994971595435,7219,0.03493533891149441,25,2,stim_data,std of sliding-window FC; same stimulus-index timepoints concatenated,20,15
14,9,rTS,68,Mes,-0.0707917864782934,203,0.09381314264925412,25,2,stim_data,std of sliding-window FC; same stimulus-index timepoints concatenated,20,15
14,9,rTeO,65,Mes,-0.9360345644680327,6806,0.03200641224348459,25,2,stim_data,std of sliding-window FC; same stimulus-index timepoints concatenated,20,15
14,9,lCb,1,Hind,-0.23156409707923123,1873,0.03146692592481951,25,2,stim_data,std of sliding-window FC; same stimulus-index timepoints concatenated,20,15
14,9,lMON,0,Hind,-0.1885718314625819,1151,0.034898908284231415,25,2,stim_data,std of sliding-window FC; same stimulus-index timepoints concatenated,20,15
14,9,lMOS1,2,Hind,0.20229532589358945,1898,0.05092207843142093,25,2,stim_data,std of sliding-window FC; same stimulus-index timepoints concatenated,20,15
14,9,lMOS2,3,Hind,-0.007147165310974443,1068,0.042400839434912775,25,2,stim_data,std of sliding-window FC; same stimulus-index timepoints concatenated,20,15
14,9,lMOS3,4,Hind,-0.5280442068802194,1413,0.07470053284085827,25,2,stim_data,std of sliding-window FC; same stimulus-index timepoints concatenated,20,15
14,9,lMOS4,5,Hind,0.1781221791123736,1173,0.0448824024820294,25,2,stim_data,std of sliding-window FC; same stimulus-index timepoints concatenated,20,15
14,9,lMOS5,6,Hind,0.07904857777849517,1380,0.03611008179153495,25,2,stim_data,std of sliding-window FC; same stimulus-index timepoints concatenated,20,15
14,9,lNX,35,Hind,0.5159242026090447,653,0.08347133613697764,25,2,stim_data,std of sliding-window FC; same stimulus-index timepoints concatenated,20,15
14,9,lRa,10,Hind,-0.07359117253107073,636,0.05094112867941023,25,2,stim_data,std of sliding-window FC; same stimulus-index timepoints concatenated,20,15
14,9,lT,11,Hind,-0.7772193815657938,1553,0.03406563062511637,25,2,stim_data,std of sliding-window FC; same stimulus-index timepoints concatenated,20,15
14,9,laRF,12,Hind,-0.564318946902863,405,0.05650095850177206,25,2,stim_data,std of sliding-window FC; same stimulus-index timepoints concatenated,20,15
14,9,limRF,13,Hind,-1.4314709184810288,606,0.054338982472626765,25,2,stim_data,std of sliding-window FC; same stimulus-index timepoints concatenated,20,15
14,9,lpRF,14,Hind,-0.6214145198808102,745,0.05828859676602565,25,2,stim_data,std of sliding-window FC; same stimulus-index timepoints concatenated,20,15
14,9,rCb,37,Hind,-0.5336652505464933,1784,0.037668097979119325,25,2,stim_data,std of sliding-window FC; same stimulus-index timepoints concatenated,20,15
14,9,rMON,36,Hind,-0.20825183989935483,1275,0.03844485349949644,25,2,stim_data,std of sliding-window FC; same stimulus-index timepoints concatenated,20,15
14,9,rMOS1,38,Hind,0.16364639867929043,1923,0.03597929509162915,25,2,stim_data,std of sliding-window FC; same stimulus-index timepoints concatenated,20,15
14,9,rMOS2,39,Hind,0.8422349936180663,913,0.03174978400362145,25,2,stim_data,std of sliding-window FC; same stimulus-index timepoints concatenated,20,15
14,9,rMOS3,40,Hind,-0.5651363701456422,1490,0.029756882841402887,25,2,stim_data,std of sliding-window FC; same stimulus-index timepoints concatenated,20,15
14,9,rMOS4,41,Hind,0.12590502818072719,1294,0.04037350599354072,25,2,stim_data,std of sliding-window FC; same stimulus-index timepoints concatenated,20,15
14,9,rMOS5,42,Hind,0.14031625821006288,1831,0.051921571967830135,25,2,stim_data,std of sliding-window FC; same stimulus-index timepoints concatenated,20,15
14,9,rNX,71,Hind,-0.6893400895121092,781,0.0564122841563448,25,2,stim_data,std of sliding-window FC; same stimulus-index timepoints concatenated,20,15
14,9,rRa,46,Hind,-0.7676411283127857,379,0.050637507720849136,25,2,stim_data,std of sliding-window FC; same stimulus-index timepoints concatenated,20,15
14,9,rT,47,Hind,-1.0407411074881572,1615,0.02731069497259582,25,2,stim_data,std of sliding-window FC; same stimulus-index timepoints concatenated,20,15
14,9,raRF,48,Hind,-0.6631233902290617,457,0.034730422567704554,25,2,stim_data,std of sliding-window FC; same stimulus-index timepoints concatenated,20,15
14,9,rimRF,49,Hind,-1.54619502907132,664,0.034762403667121515,25,2,stim_data,std of sliding-window FC; same stimulus-index timepoints concatenated,20,15
14,9,rpRF,50,Hind,0.10367599956677641,947,0.03076215106411602,25,2,stim_data,std of sliding-window FC; same stimulus-index timepoints concatenated,20,15
14,10,lOB,20,Tel,0.8396904821626903,192,0.17703345692596406,25,2,stim_data,std of sliding-window FC; same stimulus-index timepoints concatenated,20,15
14,10,lP,22,Tel,1.231407127758574,1221,0.16656917586227396,25,2,stim_data,std of sliding-window FC; same stimulus-index timepoints concatenated,20,15
14,10,lPO,25,Tel,1.5972895725725633,631,0.13614711679689218,25,2,stim_data,std of sliding-window FC; same stimulus-index timepoints concatenated,20,15
14,10,lSP,28,Tel,1.3712731940440057,1001,0.14092421449143877,25,2,stim_data,std of sliding-window FC; same stimulus-index timepoints concatenated,20,15
14,10,rP,58,Tel,1.6274838194004198,1123,0.12235535795578723,25,2,stim_data,std of sliding-window FC; same stimulus-index timepoints concatenated,20,15
14,10,rPO,61,Tel,1.5828504374539252,624,0.18113331308998418,25,2,stim_data,std of sliding-window FC; same stimulus-index timepoints concatenated,20,15
14,10,rSP,64,Tel,0.8449219250677052,895,0.17070809400348347,25,2,stim_data,std of sliding-window FC; same stimulus-index timepoints concatenated,20,15
14,10,lHb,16,Di,2.3676084202295034,532,0.0942029379005286,25,2,stim_data,std of sliding-window FC; same stimulus-index timepoints concatenated,20,15
14,10,lPT,24,Di,0.4045887279983318,437,0.051318759919216646,25,2,stim_data,std of sliding-window FC; same stimulus-index timepoints concatenated,20,15
14,10,lPrT,26,Di,-0.760839251044076,652,0.04800756562827935,25,2,stim_data,std of sliding-window FC; same stimulus-index timepoints concatenated,20,15
14,10,lTh,30,Di,-0.27932436463978083,1209,0.062223857515400854,25,2,stim_data,std of sliding-window FC; same stimulus-index timepoints concatenated,20,15
14,10,rHb,52,Di,1.269284446459516,452,0.0710900709977844,25,2,stim_data,std of sliding-window FC; same stimulus-index timepoints concatenated,20,15
14,10,rPT,60,Di,0.6955220273189893,435,0.0661978144693572,25,2,stim_data,std of sliding-window FC; same stimulus-index timepoints concatenated,20,15
14,10,rPrT,62,Di,-0.8729101402526896,624,0.05234226804735618,25,2,stim_data,std of sliding-window FC; same stimulus-index timepoints concatenated,20,15
14,10,rTh,66,Di,0.12267948011021526,1386,0.0857548071499433,25,2,stim_data,std of sliding-window FC; same stimulus-index timepoints concatenated,20,15
14,10,lTS,32,Mes,-0.038289558822681,251,0.05115823234131209,25,2,stim_data,std of sliding-window FC; same stimulus-index timepoints concatenated,20,15
14,10,lTeO,29,Mes,-0.22102994971595435,7219,0.13023823898201614,25,2,stim_data,std of sliding-window FC; same stimulus-index timepoints concatenated,20,15
14,10,rTS,68,Mes,-0.0707917864782934,203,0.08056279270611516,25,2,stim_data,std of sliding-window FC; same stimulus-index timepoints concatenated,20,15
14,10,rTeO,65,Mes,-0.9360345644680327,6806,0.08888658179173108,25,2,stim_data,std of sliding-window FC; same stimulus-index timepoints concatenated,20,15
14,10,lCb,1,Hind,-0.23156409707923123,1873,0.06111241046333809,25,2,stim_data,std of sliding-window FC; same stimulus-index timepoints concatenated,20,15
14,10,lMON,0,Hind,-0.1885718314625819,1151,0.16434824689164615,25,2,stim_data,std of sliding-window FC; same stimulus-index timepoints concatenated,20,15
14,10,lMOS1,2,Hind,0.20229532589358945,1898,0.04258765043385622,25,2,stim_data,std of sliding-window FC; same stimulus-index timepoints concatenated,20,15
14,10,lMOS2,3,Hind,-0.007147165310974443,1068,0.04846504624309825,25,2,stim_data,std of sliding-window FC; same stimulus-index timepoints concatenated,20,15
14,10,lMOS3,4,Hind,-0.5280442068802194,1413,0.042524470709748435,25,2,stim_data,std of sliding-window FC; same stimulus-index timepoints concatenated,20,15
14,10,lMOS4,5,Hind,0.1781221791123736,1173,0.06033180124688038,25,2,stim_data,std of sliding-window FC; same stimulus-index timepoints concatenated,20,15
14,10,lMOS5,6,Hind,0.07904857777849517,1380,0.07943946248281071,25,2,stim_data,std of sliding-window FC; same stimulus-index timepoints concatenated,20,15
14,10,lNX,35,Hind,0.5159242026090447,653,0.0385881456817312,25,2,stim_data,std of sliding-window FC; same stimulus-index timepoints concatenated,20,15
14,10,lRa,10,Hind,-0.07359117253107073,636,0.0673746418070761,25,2,stim_data,std of sliding-window FC; same stimulus-index timepoints concatenated,20,15
14,10,lT,11,Hind,-0.7772193815657938,1553,0.03841909167332112,25,2,stim_data,std of sliding-window FC; same stimulus-index timepoints concatenated,20,15
14,10,laRF,12,Hind,-0.564318946902863,405,0.031051691575854176,25,2,stim_data,std of sliding-window FC; same stimulus-index timepoints concatenated,20,15
14,10,limRF,13,Hind,-1.4314709184810288,606,0.04474485789966631,25,2,stim_data,std of sliding-window FC; same stimulus-index timepoints concatenated,20,15
14,10,lpRF,14,Hind,-0.6214145198808102,745,0.04581226471487114,25,2,stim_data,std of sliding-window FC; same stimulus-index timepoints concatenated,20,15
14,10,rCb,37,Hind,-0.5336652505464933,1784,0.06542224226776956,25,2,stim_data,std of sliding-window FC; same stimulus-index timepoints concatenated,20,15
14,10,rMON,36,Hind,-0.20825183989935483,1275,0.11634442696661268,25,2,stim_data,std of sliding-window FC; same stimulus-index timepoints concatenated,20,15
14,10,rMOS1,38,Hind,0.16364639867929043,1923,0.038954665187032916,25,2,stim_data,std of sliding-window FC; same stimulus-index timepoints concatenated,20,15
14,10,rMOS2,39,Hind,0.8422349936180663,913,0.0352219572664225,25,2,stim_data,std of sliding-window FC; same stimulus-index timepoints concatenated,20,15
14,10,rMOS3,40,Hind,-0.5651363701456422,1490,0.053886937255695155,25,2,stim_data,std of sliding-window FC; same stimulus-index timepoints concatenated,20,15
14,10,rMOS4,41,Hind,0.12590502818072719,1294,0.06268417102127738,25,2,stim_data,std of sliding-window FC; same stimulus-index timepoints concatenated,20,15
14,10,rMOS5,42,Hind,0.14031625821006288,1831,0.07731146382407154,25,2,stim_data,std of sliding-window FC; same stimulus-index timepoints concatenated,20,15
14,10,rNX,71,Hind,-0.6893400895121092,781,0.050440210425769634,25,2,stim_data,std of sliding-window FC; same stimulus-index timepoints concatenated,20,15
14,10,rRa,46,Hind,-0.7676411283127857,379,0.07784494461525954,25,2,stim_data,std of sliding-window FC; same stimulus-index timepoints concatenated,20,15
14,10,rT,47,Hind,-1.0407411074881572,1615,0.04640870656016442,25,2,stim_data,std of sliding-window FC; same stimulus-index timepoints concatenated,20,15
14,10,raRF,48,Hind,-0.6631233902290617,457,0.03598395760847825,25,2,stim_data,std of sliding-window FC; same stimulus-index timepoints concatenated,20,15
14,10,rimRF,49,Hind,-1.54619502907132,664,0.05160046671422123,25,2,stim_data,std of sliding-window FC; same stimulus-index timepoints concatenated,20,15
14,10,rpRF,50,Hind,0.10367599956677641,947,0.05623603699374806,25,2,stim_data,std of sliding-window FC; same stimulus-index timepoints concatenated,20,15
14,11,lOB,20,Tel,0.8396904821626903,192,0.08567545079070195,25,2,stim_data,std of sliding-window FC; same stimulus-index timepoints concatenated,20,15
14,11,lP,22,Tel,1.231407127758574,1221,0.08141168339680062,25,2,stim_data,std of sliding-window FC; same stimulus-index timepoints concatenated,20,15
14,11,lPO,25,Tel,1.5972895725725633,631,0.06893017137157686,25,2,stim_data,std of sliding-window FC; same stimulus-index timepoints concatenated,20,15
14,11,lSP,28,Tel,1.3712731940440057,1001,0.08182132564763261,25,2,stim_data,std of sliding-window FC; same stimulus-index timepoints concatenated,20,15
14,11,rP,58,Tel,1.6274838194004198,1123,0.13574405411151705,25,2,stim_data,std of sliding-window FC; same stimulus-index timepoints concatenated,20,15
14,11,rPO,61,Tel,1.5828504374539252,624,0.05410336618098052,25,2,stim_data,std of sliding-window FC; same stimulus-index timepoints concatenated,20,15
14,11,rSP,64,Tel,0.8449219250677052,895,0.09763285313510474,25,2,stim_data,std of sliding-window FC; same stimulus-index timepoints concatenated,20,15
14,11,lHb,16,Di,2.3676084202295034,532,0.038144102666356774,25,2,stim_data,std of sliding-window FC; same stimulus-index timepoints concatenated,20,15
14,11,lPT,24,Di,0.4045887279983318,437,0.10073210384645775,25,2,stim_data,std of sliding-window FC; same stimulus-index timepoints concatenated,20,15
14,11,lPrT,26,Di,-0.760839251044076,652,0.09223103598528466,25,2,stim_data,std of sliding-window FC; same stimulus-index timepoints concatenated,20,15
14,11,lTh,30,Di,-0.27932436463978083,1209,0.10960817221322988,25,2,stim_data,std of sliding-window FC; same stimulus-index timepoints concatenated,20,15
14,11,rHb,52,Di,1.269284446459516,452,0.16019378294111553,25,2,stim_data,std of sliding-window FC; same stimulus-index timepoints concatenated,20,15
14,11,rPT,60,Di,0.6955220273189893,435,0.07970488655451886,25,2,stim_data,std of sliding-window FC; same stimulus-index timepoints concatenated,20,15
14,11,rPrT,62,Di,-0.8729101402526896,624,0.04693684188443239,25,2,stim_data,std of sliding-window FC; same stimulus-index timepoints concatenated,20,15
14,11,rTh,66,Di,0.12267948011021526,1386,0.08415502512473641,25,2,stim_data,std of sliding-window FC; same stimulus-index timepoints concatenated,20,15
14,11,lTS,32,Mes,-0.038289558822681,251,0.0688805045718956,25,2,stim_data,std of sliding-window FC; same stimulus-index timepoints concatenated,20,15
14,11,lTeO,29,Mes,-0.22102994971595435,7219,0.2121059891052827,25,2,stim_data,std of sliding-window FC; same stimulus-index timepoints concatenated,20,15
14,11,rTS,68,Mes,-0.0707917864782934,203,0.07451109497045799,25,2,stim_data,std of sliding-window FC; same stimulus-index timepoints concatenated,20,15
14,11,rTeO,65,Mes,-0.9360345644680327,6806,0.03767982217861363,25,2,stim_data,std of sliding-window FC; same stimulus-index timepoints concatenated,20,15
14,11,lCb,1,Hind,-0.23156409707923123,1873,0.20718626504095983,25,2,stim_data,std of sliding-window FC; same stimulus-index timepoints concatenated,20,15
14,11,lMON,0,Hind,-0.1885718314625819,1151,0.16973071279757868,25,2,stim_data,std of sliding-window FC; same stimulus-index timepoints concatenated,20,15
14,11,lMOS1,2,Hind,0.20229532589358945,1898,0.12896191731939918,25,2,stim_data,std of sliding-window FC; same stimulus-index timepoints concatenated,20,15
14,11,lMOS2,3,Hind,-0.007147165310974443,1068,0.08028608440210463,25,2,stim_data,std of sliding-window FC; same stimulus-index timepoints concatenated,20,15
14,11,lMOS3,4,Hind,-0.5280442068802194,1413,0.11565334160518971,25,2,stim_data,std of sliding-window FC; same stimulus-index timepoints concatenated,20,15
14,11,lMOS4,5,Hind,0.1781221791123736,1173,0.049341934170202606,25,2,stim_data,std of sliding-window FC; same stimulus-index timepoints concatenated,20,15
14,11,lMOS5,6,Hind,0.07904857777849517,1380,0.06742657941263981,25,2,stim_data,std of sliding-window FC; same stimulus-index timepoints concatenated,20,15
14,11,lNX,35,Hind,0.5159242026090447,653,0.1297717582642507,25,2,stim_data,std of sliding-window FC; same stimulus-index timepoints concatenated,20,15
14,11,lRa,10,Hind,-0.07359117253107073,636,0.12632991949371158,25,2,stim_data,std of sliding-window FC; same stimulus-index timepoints concatenated,20,15
14,11,lT,11,Hind,-0.7772193815657938,1553,0.13340625201902329,25,2,stim_data,std of sliding-window FC; same stimulus-index timepoints concatenated,20,15
14,11,laRF,12,Hind,-0.564318946902863,405,0.1132863225915613,25,2,stim_data,std of sliding-window FC; same stimulus-index timepoints concatenated,20,15
14,11,limRF,13,Hind,-1.4314709184810288,606,0.1316999792785412,25,2,stim_data,std of sliding-window FC; same stimulus-index timepoints concatenated,20,15
14,11,lpRF,14,Hind,-0.6214145198808102,745,0.143201977736129,25,2,stim_data,std of sliding-window FC; same stimulus-index timepoints concatenated,20,15
14,11,rCb,37,Hind,-0.5336652505464933,1784,0.09525196624648075,25,2,stim_data,std of sliding-window FC; same stimulus-index timepoints concatenated,20,15
14,11,rMON,36,Hind,-0.20825183989935483,1275,0.12696610492689475,25,2,stim_data,std of sliding-window FC; same stimulus-index timepoints concatenated,20,15
14,11,rMOS1,38,Hind,0.16364639867929043,1923,0.06834794924678599,25,2,stim_data,std of sliding-window FC; same stimulus-index timepoints concatenated,20,15
14,11,rMOS2,39,Hind,0.8422349936180663,913,0.08558414530851224,25,2,stim_data,std of sliding-window FC; same stimulus-index timepoints concatenated,20,15
14,11,rMOS3,40,Hind,-0.5651363701456422,1490,0.040759837707311036,25,2,stim_data,std of sliding-window FC; same stimulus-index timepoints concatenated,20,15
14,11,rMOS4,41,Hind,0.12590502818072719,1294,0.07012303144691771,25,2,stim_data,std of sliding-window FC; same stimulus-index timepoints concatenated,20,15
14,11,rMOS5,42,Hind,0.14031625821006288,1831,0.06974778589435428,25,2,stim_data,std of sliding-window FC; same stimulus-index timepoints concatenated,20,15
14,11,rNX,71,Hind,-0.6893400895121092,781,0.09666132492742734,25,2,stim_data,std of sliding-window FC; same stimulus-index timepoints concatenated,20,15
14,11,rRa,46,Hind,-0.7676411283127857,379,0.1021414912249469,25,2,stim_data,std of sliding-window FC; same stimulus-index timepoints concatenated,20,15
14,11,rT,47,Hind,-1.0407411074881572,1615,0.046036130848705614,25,2,stim_data,std of sliding-window FC; same stimulus-index timepoints concatenated,20,15
14,11,raRF,48,Hind,-0.6631233902290617,457,0.03499520188851224,25,2,stim_data,std of sliding-window FC; same stimulus-index timepoints concatenated,20,15
14,11,rimRF,49,Hind,-1.54619502907132,664,0.09867538984801381,25,2,stim_data,std of sliding-window FC; same stimulus-index timepoints concatenated,20,15
14,11,rpRF,50,Hind,0.10367599956677641,947,0.11437212749766777,25,2,stim_data,std of sliding-window FC; same stimulus-index timepoints concatenated,20,15
14,12,lOB,20,Tel,0.8396904821626903,192,0.02956086922452181,25,2,stim_data,std of sliding-window FC; same stimulus-index timepoints concatenated,20,15
14,12,lP,22,Tel,1.231407127758574,1221,0.11756894326493886,25,2,stim_data,std of sliding-window FC; same stimulus-index timepoints concatenated,20,15
14,12,lPO,25,Tel,1.5972895725725633,631,0.033832704917805836,25,2,stim_data,std of sliding-window FC; same stimulus-index timepoints concatenated,20,15
14,12,lSP,28,Tel,1.3712731940440057,1001,0.03517419623686468,25,2,stim_data,std of sliding-window FC; same stimulus-index timepoints concatenated,20,15
14,12,rP,58,Tel,1.6274838194004198,1123,0.06462645975164488,25,2,stim_data,std of sliding-window FC; same stimulus-index timepoints concatenated,20,15
14,12,rPO,61,Tel,1.5828504374539252,624,0.06656906475384086,25,2,stim_data,std of sliding-window FC; same stimulus-index timepoints concatenated,20,15
14,12,rSP,64,Tel,0.8449219250677052,895,0.041138942965418236,25,2,stim_data,std of sliding-window FC; same stimulus-index timepoints concatenated,20,15
14,12,lHb,16,Di,2.3676084202295034,532,0.040920679638909815,25,2,stim_data,std of sliding-window FC; same stimulus-index timepoints concatenated,20,15
14,12,lPT,24,Di,0.4045887279983318,437,0.03636518525777113,25,2,stim_data,std of sliding-window FC; same stimulus-index timepoints concatenated,20,15
14,12,lPrT,26,Di,-0.760839251044076,652,0.066802349941889,25,2,stim_data,std of sliding-window FC; same stimulus-index timepoints concatenated,20,15
14,12,lTh,30,Di,-0.27932436463978083,1209,0.06088509346436974,25,2,stim_data,std of sliding-window FC; same stimulus-index timepoints concatenated,20,15
14,12,rHb,52,Di,1.269284446459516,452,0.2066419005744054,25,2,stim_data,std of sliding-window FC; same stimulus-index timepoints concatenated,20,15
14,12,rPT,60,Di,0.6955220273189893,435,0.05324205441388679,25,2,stim_data,std of sliding-window FC; same stimulus-index timepoints concatenated,20,15
14,12,rPrT,62,Di,-0.8729101402526896,624,0.08553989120063929,25,2,stim_data,std of sliding-window FC; same stimulus-index timepoints concatenated,20,15
14,12,rTh,66,Di,0.12267948011021526,1386,0.07724374442006704,25,2,stim_data,std of sliding-window FC; same stimulus-index timepoints concatenated,20,15
14,12,lTS,32,Mes,-0.038289558822681,251,0.06258620113096186,25,2,stim_data,std of sliding-window FC; same stimulus-index timepoints concatenated,20,15
14,12,lTeO,29,Mes,-0.22102994971595435,7219,0.06753167355446293,25,2,stim_data,std of sliding-window FC; same stimulus-index timepoints concatenated,20,15
14,12,rTS,68,Mes,-0.0707917864782934,203,0.08611227731444622,25,2,stim_data,std of sliding-window FC; same stimulus-index timepoints concatenated,20,15
14,12,rTeO,65,Mes,-0.9360345644680327,6806,0.07834625823145565,25,2,stim_data,std of sliding-window FC; same stimulus-index timepoints concatenated,20,15
14,12,lCb,1,Hind,-0.23156409707923123,1873,0.04779779476549811,25,2,stim_data,std of sliding-window FC; same stimulus-index timepoints concatenated,20,15
14,12,lMON,0,Hind,-0.1885718314625819,1151,0.05346789104595761,25,2,stim_data,std of sliding-window FC; same stimulus-index timepoints concatenated,20,15
14,12,lMOS1,2,Hind,0.20229532589358945,1898,0.033674084815685595,25,2,stim_data,std of sliding-window FC; same stimulus-index timepoints concatenated,20,15
14,12,lMOS2,3,Hind,-0.007147165310974443,1068,0.047153154972317354,25,2,stim_data,std of sliding-window FC; same stimulus-index timepoints concatenated,20,15
14,12,lMOS3,4,Hind,-0.5280442068802194,1413,0.03497193677972838,25,2,stim_data,std of sliding-window FC; same stimulus-index timepoints concatenated,20,15
14,12,lMOS4,5,Hind,0.1781221791123736,1173,0.030290848421977743,25,2,stim_data,std of sliding-window FC; same stimulus-index timepoints concatenated,20,15
14,12,lMOS5,6,Hind,0.07904857777849517,1380,0.041064415861767074,25,2,stim_data,std of sliding-window FC; same stimulus-index timepoints concatenated,20,15
14,12,lNX,35,Hind,0.5159242026090447,653,0.0669849256744136,25,2,stim_data,std of sliding-window FC; same stimulus-index timepoints concatenated,20,15
14,12,lRa,10,Hind,-0.07359117253107073,636,0.05075455024760606,25,2,stim_data,std of sliding-window FC; same stimulus-index timepoints concatenated,20,15
14,12,lT,11,Hind,-0.7772193815657938,1553,0.03424394368622766,25,2,stim_data,std of sliding-window FC; same stimulus-index timepoints concatenated,20,15
14,12,laRF,12,Hind,-0.564318946902863,405,0.06355924502505234,25,2,stim_data,std of sliding-window FC; same stimulus-index timepoints concatenated,20,15
14,12,limRF,13,Hind,-1.4314709184810288,606,0.05527803698190574,25,2,stim_data,std of sliding-window FC; same stimulus-index timepoints concatenated,20,15
14,12,lpRF,14,Hind,-0.6214145198808102,745,0.04857434515778069,25,2,stim_data,std of sliding-window FC; same stimulus-index timepoints concatenated,20,15
14,12,rCb,37,Hind,-0.5336652505464933,1784,0.06958364239921302,25,2,stim_data,std of sliding-window FC; same stimulus-index timepoints concatenated,20,15
14,12,rMON,36,Hind,-0.20825183989935483,1275,0.06102945717563107,25,2,stim_data,std of sliding-window FC; same stimulus-index timepoints concatenated,20,15
14,12,rMOS1,38,Hind,0.16364639867929043,1923,0.07099080037114645,25,2,stim_data,std of sliding-window FC; same stimulus-index timepoints concatenated,20,15
14,12,rMOS2,39,Hind,0.8422349936180663,913,0.11026844233697876,25,2,stim_data,std of sliding-window FC; same stimulus-index timepoints concatenated,20,15
14,12,rMOS3,40,Hind,-0.5651363701456422,1490,0.057994995283363,25,2,stim_data,std of sliding-window FC; same stimulus-index timepoints concatenated,20,15
14,12,rMOS4,41,Hind,0.12590502818072719,1294,0.033868685534429004,25,2,stim_data,std of sliding-window FC; same stimulus-index timepoints concatenated,20,15
14,12,rMOS5,42,Hind,0.14031625821006288,1831,0.027850554923029756,25,2,stim_data,std of sliding-window FC; same stimulus-index timepoints concatenated,20,15
14,12,rNX,71,Hind,-0.6893400895121092,781,0.06934027513419623,25,2,stim_data,std of sliding-window FC; same stimulus-index timepoints concatenated,20,15
14,12,rRa,46,Hind,-0.7676411283127857,379,0.059670488481461774,25,2,stim_data,std of sliding-window FC; same stimulus-index timepoints concatenated,20,15
14,12,rT,47,Hind,-1.0407411074881572,1615,0.07867977399157554,25,2,stim_data,std of sliding-window FC; same stimulus-index timepoints concatenated,20,15
14,12,raRF,48,Hind,-0.6631233902290617,457,0.07853458955337754,25,2,stim_data,std of sliding-window FC; same stimulus-index timepoints concatenated,20,15
14,12,rimRF,49,Hind,-1.54619502907132,664,0.030202407330668115,25,2,stim_data,std of sliding-window FC; same stimulus-index timepoints concatenated,20,15
14,12,rpRF,50,Hind,0.10367599956677641,947,0.19036736669595625,25,2,stim_data,std of sliding-window FC; same stimulus-index timepoints concatenated,20,15
15,3,lOB,20,Tel,0.8396904821626903,26,0.4523965853822476,406,78,stim_data,std of sliding-window FC; same stimulus-index timepoints concatenated,20,15
15,3,lP,22,Tel,1.231407127758574,697,0.4476638367112631,406,78,stim_data,std of sliding-window FC; same stimulus-index timepoints concatenated,20,15
15,3,lPO,25,Tel,1.5972895725725633,419,0.47244746386279585,406,78,stim_data,std of sliding-window FC; same stimulus-index timepoints concatenated,20,15
15,3,lSP,28,Tel,1.3712731940440057,545,0.45931295489218904,406,78,stim_data,std of sliding-window FC; same stimulus-index timepoints concatenated,20,15
15,3,rP,58,Tel,1.6274838194004198,706,0.46370838203605175,406,78,stim_data,std of sliding-window FC; same stimulus-index timepoints concatenated,20,15
15,3,rPO,61,Tel,1.5828504374539252,372,0.4862145578190574,406,78,stim_data,std of sliding-window FC; same stimulus-index timepoints concatenated,20,15
15,3,rSP,64,Tel,0.8449219250677052,515,0.4328749674378807,406,78,stim_data,std of sliding-window FC; same stimulus-index timepoints concatenated,20,15
15,3,lHb,16,Di,2.3676084202295034,170,0.45090053679804676,406,78,stim_data,std of sliding-window FC; same stimulus-index timepoints concatenated,20,15
15,3,lPT,24,Di,0.4045887279983318,345,0.4276043562279012,406,78,stim_data,std of sliding-window FC; same stimulus-index timepoints concatenated,20,15
15,3,lPrT,26,Di,-0.760839251044076,349,0.44146348160547455,406,78,stim_data,std of sliding-window FC; same stimulus-index timepoints concatenated,20,15
15,3,lTh,30,Di,-0.27932436463978083,1008,0.42575865809841923,406,78,stim_data,std of sliding-window FC; same stimulus-index timepoints concatenated,20,15
15,3,rHb,52,Di,1.269284446459516,198,0.48352981351380236,406,78,stim_data,std of sliding-window FC; same stimulus-index timepoints concatenated,20,15
15,3,rPT,60,Di,0.6955220273189893,352,0.4089293324721883,406,78,stim_data,std of sliding-window FC; same stimulus-index timepoints concatenated,20,15
15,3,rPrT,62,Di,-0.8729101402526896,406,0.46092827248977386,406,78,stim_data,std of sliding-window FC; same stimulus-index timepoints concatenated,20,15
15,3,rTh,66,Di,0.12267948011021526,1027,0.45713136718751635,406,78,stim_data,std of sliding-window FC; same stimulus-index timepoints concatenated,20,15
15,3,lTS,32,Mes,-0.038289558822681,62,0.4273233656670303,406,78,stim_data,std of sliding-window FC; same stimulus-index timepoints concatenated,20,15
15,3,lTeO,29,Mes,-0.22102994971595435,4238,0.4278377459917968,406,78,stim_data,std of sliding-window FC; same stimulus-index timepoints concatenated,20,15
15,3,rTS,68,Mes,-0.0707917864782934,91,0.4192689431942073,406,78,stim_data,std of sliding-window FC; same stimulus-index timepoints concatenated,20,15
15,3,rTeO,65,Mes,-0.9360345644680327,4463,0.4291286466222163,406,78,stim_data,std of sliding-window FC; same stimulus-index timepoints concatenated,20,15
15,3,lCb,1,Hind,-0.23156409707923123,1485,0.4241850433801712,406,78,stim_data,std of sliding-window FC; same stimulus-index timepoints concatenated,20,15
15,3,lMON,0,Hind,-0.1885718314625819,898,0.40652593295757045,406,78,stim_data,std of sliding-window FC; same stimulus-index timepoints concatenated,20,15
15,3,lMOS1,2,Hind,0.20229532589358945,1366,0.45133558091480624,406,78,stim_data,std of sliding-window FC; same stimulus-index timepoints concatenated,20,15
15,3,lMOS2,3,Hind,-0.007147165310974443,534,0.46070539059471416,406,78,stim_data,std of sliding-window FC; same stimulus-index timepoints concatenated,20,15
15,3,lMOS3,4,Hind,-0.5280442068802194,1243,0.4465507569793846,406,78,stim_data,std of sliding-window FC; same stimulus-index timepoints concatenated,20,15
15,3,lMOS4,5,Hind,0.1781221791123736,944,0.439017885834674,406,78,stim_data,std of sliding-window FC; same stimulus-index timepoints concatenated,20,15
15,3,lMOS5,6,Hind,0.07904857777849517,1131,0.47916006107418846,406,78,stim_data,std of sliding-window FC; same stimulus-index timepoints concatenated,20,15
15,3,lNX,35,Hind,0.5159242026090447,442,0.4766781913664664,406,78,stim_data,std of sliding-window FC; same stimulus-index timepoints concatenated,20,15
15,3,lRa,10,Hind,-0.07359117253107073,332,0.4848037572263367,406,78,stim_data,std of sliding-window FC; same stimulus-index timepoints concatenated,20,15
15,3,lT,11,Hind,-0.7772193815657938,604,0.440924567431669,406,78,stim_data,std of sliding-window FC; same stimulus-index timepoints concatenated,20,15
15,3,laRF,12,Hind,-0.564318946902863,421,0.46491028909390236,406,78,stim_data,std of sliding-window FC; same stimulus-index timepoints concatenated,20,15
15,3,limRF,13,Hind,-1.4314709184810288,596,0.4553249400145402,406,78,stim_data,std of sliding-window FC; same stimulus-index timepoints concatenated,20,15
15,3,lpRF,14,Hind,-0.6214145198808102,762,0.44803791745056964,406,78,stim_data,std of sliding-window FC; same stimulus-index timepoints concatenated,20,15
15,3,rCb,37,Hind,-0.5336652505464933,1679,0.4554560760615358,406,78,stim_data,std of sliding-window FC; same stimulus-index timepoints concatenated,20,15
15,3,rMON,36,Hind,-0.20825183989935483,1007,0.40510381032097514,406,78,stim_data,std of sliding-window FC; same stimulus-index timepoints concatenated,20,15
15,3,rMOS1,38,Hind,0.16364639867929043,1276,0.4514020901897007,406,78,stim_data,std of sliding-window FC; same stimulus-index timepoints concatenated,20,15
15,3,rMOS2,39,Hind,0.8422349936180663,543,0.4322912096290326,406,78,stim_data,std of sliding-window FC; same stimulus-index timepoints concatenated,20,15
15,3,rMOS3,40,Hind,-0.5651363701456422,1298,0.4366435664011216,406,78,stim_data,std of sliding-window FC; same stimulus-index timepoints concatenated,20,15
15,3,rMOS4,41,Hind,0.12590502818072719,1101,0.4371724376708657,406,78,stim_data,std of sliding-window FC; same stimulus-index timepoints concatenated,20,15
15,3,rMOS5,42,Hind,0.14031625821006288,1356,0.4801878821061443,406,78,stim_data,std of sliding-window FC; same stimulus-index timepoints concatenated,20,15
15,3,rNX,71,Hind,-0.6893400895121092,822,0.4791423980213519,406,78,stim_data,std of sliding-window FC; same stimulus-index timepoints concatenated,20,15
15,3,rRa,46,Hind,-0.7676411283127857,204,0.44567376052958935,406,78,stim_data,std of sliding-window FC; same stimulus-index timepoints concatenated,20,15
15,3,rT,47,Hind,-1.0407411074881572,876,0.4252065490092645,406,78,stim_data,std of sliding-window FC; same stimulus-index timepoints concatenated,20,15
15,3,raRF,48,Hind,-0.6631233902290617,545,0.430545134403836,406,78,stim_data,std of sliding-window FC; same stimulus-index timepoints concatenated,20,15
15,3,rimRF,49,Hind,-1.54619502907132,633,0.44777970494121894,406,78,stim_data,std of sliding-window FC; same stimulus-index timepoints concatenated,20,15
15,3,rpRF,50,Hind,0.10367599956677641,861,0.42220271116435665,406,78,stim_data,std of sliding-window FC; same stimulus-index timepoints concatenated,20,15
15,9,lOB,20,Tel,0.8396904821626903,26,0.5083726754574497,240,45,stim_data,std of sliding-window FC; same stimulus-index timepoints concatenated,20,15
15,9,lP,22,Tel,1.231407127758574,697,0.45143486764477675,240,45,stim_data,std of sliding-window FC; same stimulus-index timepoints concatenated,20,15
15,9,lPO,25,Tel,1.5972895725725633,419,0.48372791055897574,240,45,stim_data,std of sliding-window FC; same stimulus-index timepoints concatenated,20,15
15,9,lSP,28,Tel,1.3712731940440057,545,0.4595463733364695,240,45,stim_data,std of sliding-window FC; same stimulus-index timepoints concatenated,20,15
15,9,rP,58,Tel,1.6274838194004198,706,0.44303221560226197,240,45,stim_data,std of sliding-window FC; same stimulus-index timepoints concatenated,20,15
15,9,rPO,61,Tel,1.5828504374539252,372,0.5050656977436238,240,45,stim_data,std of sliding-window FC; same stimulus-index timepoints concatenated,20,15
15,9,rSP,64,Tel,0.8449219250677052,515,0.45502898127562735,240,45,stim_data,std of sliding-window FC; same stimulus-index timepoints concatenated,20,15
15,9,lHb,16,Di,2.3676084202295034,170,0.44856231294433874,240,45,stim_data,std of sliding-window FC; same stimulus-index timepoints concatenated,20,15
15,9,lPT,24,Di,0.4045887279983318,345,0.4720243988805692,240,45,stim_data,std of sliding-window FC; same stimulus-index timepoints concatenated,20,15
15,9,lPrT,26,Di,-0.760839251044076,349,0.42838243516254093,240,45,stim_data,std of sliding-window FC; same stimulus-index timepoints concatenated,20,15
15,9,lTh,30,Di,-0.27932436463978083,1008,0.41959235944308265,240,45,stim_data,std of sliding-window FC; same stimulus-index timepoints concatenated,20,15
15,9,rHb,52,Di,1.269284446459516,198,0.4871299398394914,240,45,stim_data,std of sliding-window FC; same stimulus-index timepoints concatenated,20,15
15,9,rPT,60,Di,0.6955220273189893,352,0.4318576583912239,240,45,stim_data,std of sliding-window FC; same stimulus-index timepoints concatenated,20,15
15,9,rPrT,62,Di,-0.8729101402526896,406,0.42909904655836173,240,45,stim_data,std of sliding-window FC; same stimulus-index timepoints concatenated,20,15
15,9,rTh,66,Di,0.12267948011021526,1027,0.45909119148872324,240,45,stim_data,std of sliding-window FC; same stimulus-index timepoints concatenated,20,15
15,9,lTS,32,Mes,-0.038289558822681,62,0.4234588393398912,240,45,stim_data,std of sliding-window FC; same stimulus-index timepoints concatenated,20,15
15,9,lTeO,29,Mes,-0.22102994971595435,4238,0.43766020377471465,240,45,stim_data,std of sliding-window FC; same stimulus-index timepoints concatenated,20,15
15,9,rTS,68,Mes,-0.0707917864782934,91,0.3764373588094436,240,45,stim_data,std of sliding-window FC; same stimulus-index timepoints concatenated,20,15
15,9,rTeO,65,Mes,-0.9360345644680327,4463,0.47895372094415534,240,45,stim_data,std of sliding-window FC; same stimulus-index timepoints concatenated,20,15
15,9,lCb,1,Hind,-0.23156409707923123,1485,0.4288495013642868,240,45,stim_data,std of sliding-window FC; same stimulus-index timepoints concatenated,20,15
15,9,lMON,0,Hind,-0.1885718314625819,898,0.40293999343618675,240,45,stim_data,std of sliding-window FC; same stimulus-index timepoints concatenated,20,15
15,9,lMOS1,2,Hind,0.20229532589358945,1366,0.45534190776466743,240,45,stim_data,std of sliding-window FC; same stimulus-index timepoints concatenated,20,15
15,9,lMOS2,3,Hind,-0.007147165310974443,534,0.37722827676953175,240,45,stim_data,std of sliding-window FC; same stimulus-index timepoints concatenated,20,15
15,9,lMOS3,4,Hind,-0.5280442068802194,1243,0.48634359729478244,240,45,stim_data,std of sliding-window FC; same stimulus-index timepoints concatenated,20,15
15,9,lMOS4,5,Hind,0.1781221791123736,944,0.4153844647954347,240,45,stim_data,std of sliding-window FC; same stimulus-index timepoints concatenated,20,15
15,9,lMOS5,6,Hind,0.07904857777849517,1131,0.4349136065270854,240,45,stim_data,std of sliding-window FC; same stimulus-index timepoints concatenated,20,15
15,9,lNX,35,Hind,0.5159242026090447,442,0.41544964610852003,240,45,stim_data,std of sliding-window FC; same stimulus-index timepoints concatenated,20,15
15,9,lRa,10,Hind,-0.07359117253107073,332,0.45552763382789646,240,45,stim_data,std of sliding-window FC; same stimulus-index timepoints concatenated,20,15
15,9,lT,11,Hind,-0.7772193815657938,604,0.40876870681990424,240,45,stim_data,std of sliding-window FC; same stimulus-index timepoints concatenated,20,15
15,9,laRF,12,Hind,-0.564318946902863,421,0.4211031892123744,240,45,stim_data,std of sliding-window FC; same stimulus-index timepoints concatenated,20,15
15,9,limRF,13,Hind,-1.4314709184810288,596,0.3890189453883161,240,45,stim_data,std of sliding-window FC; same stimulus-index timepoints concatenated,20,15
15,9,lpRF,14,Hind,-0.6214145198808102,762,0.4006074175089749,240,45,stim_data,std of sliding-window FC; same stimulus-index timepoints concatenated,20,15
15,9,rCb,37,Hind,-0.5336652505464933,1679,0.42014554540785903,240,45,stim_data,std of sliding-window FC; same stimulus-index timepoints concatenated,20,15
15,9,rMON,36,Hind,-0.20825183989935483,1007,0.39600754258538157,240,45,stim_data,std of sliding-window FC; same stimulus-index timepoints concatenated,20,15
15,9,rMOS1,38,Hind,0.16364639867929043,1276,0.3796934678450443,240,45,stim_data,std of sliding-window FC; same stimulus-index timepoints concatenated,20,15
15,9,rMOS2,39,Hind,0.8422349936180663,543,0.4042786998488613,240,45,stim_data,std of sliding-window FC; same stimulus-index timepoints concatenated,20,15
15,9,rMOS3,40,Hind,-0.5651363701456422,1298,0.39346661796457644,240,45,stim_data,std of sliding-window FC; same stimulus-index timepoints concatenated,20,15
15,9,rMOS4,41,Hind,0.12590502818072719,1101,0.38094568877888757,240,45,stim_data,std of sliding-window FC; same stimulus-index timepoints concatenated,20,15
15,9,rMOS5,42,Hind,0.14031625821006288,1356,0.4421990561126188,240,45,stim_data,std of sliding-window FC; same stimulus-index timepoints concatenated,20,15
15,9,rNX,71,Hind,-0.6893400895121092,822,0.3975822951671969,240,45,stim_data,std of sliding-window FC; same stimulus-index timepoints concatenated,20,15
15,9,rRa,46,Hind,-0.7676411283127857,204,0.410575842128463,240,45,stim_data,std of sliding-window FC; same stimulus-index timepoints concatenated,20,15
15,9,rT,47,Hind,-1.0407411074881572,876,0.37909692983148985,240,45,stim_data,std of sliding-window FC; same stimulus-index timepoints concatenated,20,15
15,9,raRF,48,Hind,-0.6631233902290617,545,0.3918409593143865,240,45,stim_data,std of sliding-window FC; same stimulus-index timepoints concatenated,20,15
15,9,rimRF,49,Hind,-1.54619502907132,633,0.3865190716079233,240,45,stim_data,std of sliding-window FC; same stimulus-index timepoints concatenated,20,15
15,9,rpRF,50,Hind,0.10367599956677641,861,0.41969934910406487,240,45,stim_data,std of sliding-window FC; same stimulus-index timepoints concatenated,20,15
15,10,lOB,20,Tel,0.8396904821626903,26,0.47173596852570115,282,53,stim_data,std of sliding-window FC; same stimulus-index timepoints concatenated,20,15
15,10,lP,22,Tel,1.231407127758574,697,0.3101341647157312,282,53,stim_data,std of sliding-window FC; same stimulus-index timepoints concatenated,20,15
15,10,lPO,25,Tel,1.5972895725725633,419,0.3863842239786237,282,53,stim_data,std of sliding-window FC; same stimulus-index timepoints concatenated,20,15
15,10,lSP,28,Tel,1.3712731940440057,545,0.41788131827115077,282,53,stim_data,std of sliding-window FC; same stimulus-index timepoints concatenated,20,15
15,10,rP,58,Tel,1.6274838194004198,706,0.395158578353533,282,53,stim_data,std of sliding-window FC; same stimulus-index timepoints concatenated,20,15
15,10,rPO,61,Tel,1.5828504374539252,372,0.4357955954082451,282,53,stim_data,std of sliding-window FC; same stimulus-index timepoints concatenated,20,15
15,10,rSP,64,Tel,0.8449219250677052,515,0.3736198677256821,282,53,stim_data,std of sliding-window FC; same stimulus-index timepoints concatenated,20,15
15,10,lHb,16,Di,2.3676084202295034,170,0.4651230563766427,282,53,stim_data,std of sliding-window FC; same stimulus-index timepoints concatenated,20,15
15,10,lPT,24,Di,0.4045887279983318,345,0.31174823415970293,282,53,stim_data,std of sliding-window FC; same stimulus-index timepoints concatenated,20,15
15,10,lPrT,26,Di,-0.760839251044076,349,0.3705577833252345,282,53,stim_data,std of sliding-window FC; same stimulus-index timepoints concatenated,20,15
15,10,lTh,30,Di,-0.27932436463978083,1008,0.32212325779217515,282,53,stim_data,std of sliding-window FC; same stimulus-index timepoints concatenated,20,15
15,10,rHb,52,Di,1.269284446459516,198,0.48941400095875537,282,53,stim_data,std of sliding-window FC; same stimulus-index timepoints concatenated,20,15
15,10,rPT,60,Di,0.6955220273189893,352,0.36429841864134643,282,53,stim_data,std of sliding-window FC; same stimulus-index timepoints concatenated,20,15
15,10,rPrT,62,Di,-0.8729101402526896,406,0.37466684679165513,282,53,stim_data,std of sliding-window FC; same stimulus-index timepoints concatenated,20,15
15,10,rTh,66,Di,0.12267948011021526,1027,0.38668870023425084,282,53,stim_data,std of sliding-window FC; same stimulus-index timepoints concatenated,20,15
15,10,lTS,32,Mes,-0.038289558822681,62,0.4601192415764212,282,53,stim_data,std of sliding-window FC; same stimulus-index timepoints concatenated,20,15
15,10,lTeO,29,Mes,-0.22102994971595435,4238,0.38687031521777215,282,53,stim_data,std of sliding-window FC; same stimulus-index timepoints concatenated,20,15
15,10,rTS,68,Mes,-0.0707917864782934,91,0.3681915255114619,282,53,stim_data,std of sliding-window FC; same stimulus-index timepoints concatenated,20,15
15,10,rTeO,65,Mes,-0.9360345644680327,4463,0.3757500523509592,282,53,stim_data,std of sliding-window FC; same stimulus-index timepoints concatenated,20,15
15,10,lCb,1,Hind,-0.23156409707923123,1485,0.3160170776835168,282,53,stim_data,std of sliding-window FC; same stimulus-index timepoints concatenated,20,15
15,10,lMON,0,Hind,-0.1885718314625819,898,0.4911421931860879,282,53,stim_data,std of sliding-window FC; same stimulus-index timepoints concatenated,20,15
15,10,lMOS1,2,Hind,0.20229532589358945,1366,0.342583902589743,282,53,stim_data,std of sliding-window FC; same stimulus-index timepoints concatenated,20,15
15,10,lMOS2,3,Hind,-0.007147165310974443,534,0.34990184417407266,282,53,stim_data,std of sliding-window FC; same stimulus-index timepoints concatenated,20,15
15,10,lMOS3,4,Hind,-0.5280442068802194,1243,0.3428893938556125,282,53,stim_data,std of sliding-window FC; same stimulus-index timepoints concatenated,20,15
15,10,lMOS4,5,Hind,0.1781221791123736,944,0.3332685589872718,282,53,stim_data,std of sliding-window FC; same stimulus-index timepoints concatenated,20,15
15,10,lMOS5,6,Hind,0.07904857777849517,1131,0.37298839631116903,282,53,stim_data,std of sliding-window FC; same stimulus-index timepoints concatenated,20,15
15,10,lNX,35,Hind,0.5159242026090447,442,0.4016541613324471,282,53,stim_data,std of sliding-window FC; same stimulus-index timepoints concatenated,20,15
15,10,lRa,10,Hind,-0.07359117253107073,332,0.5149686925533831,282,53,stim_data,std of sliding-window FC; same stimulus-index timepoints concatenated,20,15
15,10,lT,11,Hind,-0.7772193815657938,604,0.3150991114255447,282,53,stim_data,std of sliding-window FC; same stimulus-index timepoints concatenated,20,15
15,10,laRF,12,Hind,-0.564318946902863,421,0.4532070540979054,282,53,stim_data,std of sliding-window FC; same stimulus-index timepoints concatenated,20,15
15,10,limRF,13,Hind,-1.4314709184810288,596,0.3874854035514952,282,53,stim_data,std of sliding-window FC; same stimulus-index timepoints concatenated,20,15
15,10,lpRF,14,Hind,-0.6214145198808102,762,0.40955762683003144,282,53,stim_data,std of sliding-window FC; same stimulus-index timepoints concatenated,20,15
15,10,rCb,37,Hind,-0.5336652505464933,1679,0.32376317674602206,282,53,stim_data,std of sliding-window FC; same stimulus-index timepoints concatenated,20,15
15,10,rMON,36,Hind,-0.20825183989935483,1007,0.46903428087217003,282,53,stim_data,std of sliding-window FC; same stimulus-index timepoints concatenated,20,15
15,10,rMOS1,38,Hind,0.16364639867929043,1276,0.29402176875990854,282,53,stim_data,std of sliding-window FC; same stimulus-index timepoints concatenated,20,15
15,10,rMOS2,39,Hind,0.8422349936180663,543,0.3072459846076318,282,53,stim_data,std of sliding-window FC; same stimulus-index timepoints concatenated,20,15
15,10,rMOS3,40,Hind,-0.5651363701456422,1298,0.30142287060275996,282,53,stim_data,std of sliding-window FC; same stimulus-index timepoints concatenated,20,15
15,10,rMOS4,41,Hind,0.12590502818072719,1101,0.3028538048790541,282,53,stim_data,std of sliding-window FC; same stimulus-index timepoints concatenated,20,15
15,10,rMOS5,42,Hind,0.14031625821006288,1356,0.3592723288535175,282,53,stim_data,std of sliding-window FC; same stimulus-index timepoints concatenated,20,15
15,10,rNX,71,Hind,-0.6893400895121092,822,0.3939561902721536,282,53,stim_data,std of sliding-window FC; same stimulus-index timepoints concatenated,20,15
15,10,rRa,46,Hind,-0.7676411283127857,204,0.34807138804015064,282,53,stim_data,std of sliding-window FC; same stimulus-index timepoints concatenated,20,15
15,10,rT,47,Hind,-1.0407411074881572,876,0.30608112669124227,282,53,stim_data,std of sliding-window FC; same stimulus-index timepoints concatenated,20,15
15,10,raRF,48,Hind,-0.6631233902290617,545,0.29757540849979924,282,53,stim_data,std of sliding-window FC; same stimulus-index timepoints concatenated,20,15
15,10,rimRF,49,Hind,-1.54619502907132,633,0.3549055678630934,282,53,stim_data,std of sliding-window FC; same stimulus-index timepoints concatenated,20,15
15,10,rpRF,50,Hind,0.10367599956677641,861,0.2863187537168479,282,53,stim_data,std of sliding-window FC; same stimulus-index timepoints concatenated,20,15
15,11,lOB,20,Tel,0.8396904821626903,26,0.5175011551510734,240,45,stim_data,std of sliding-window FC; same stimulus-index timepoints concatenated,20,15
15,11,lP,22,Tel,1.231407127758574,697,0.41507466522506015,240,45,stim_data,std of sliding-window FC; same stimulus-index timepoints concatenated,20,15
15,11,lPO,25,Tel,1.5972895725725633,419,0.4877429929640151,240,45,stim_data,std of sliding-window FC; same stimulus-index timepoints concatenated,20,15
15,11,lSP,28,Tel,1.3712731940440057,545,0.489436687161111,240,45,stim_data,std of sliding-window FC; same stimulus-index timepoints concatenated,20,15
15,11,rP,58,Tel,1.6274838194004198,706,0.45197403004514064,240,45,stim_data,std of sliding-window FC; same stimulus-index timepoints concatenated,20,15
15,11,rPO,61,Tel,1.5828504374539252,372,0.4657397625394845,240,45,stim_data,std of sliding-window FC; same stimulus-index timepoints concatenated,20,15
15,11,rSP,64,Tel,0.8449219250677052,515,0.49419131915042214,240,45,stim_data,std of sliding-window FC; same stimulus-index timepoints concatenated,20,15
15,11,lHb,16,Di,2.3676084202295034,170,0.4375546530946817,240,45,stim_data,std of sliding-window FC; same stimulus-index timepoints concatenated,20,15
15,11,lPT,24,Di,0.4045887279983318,345,0.4641571375828459,240,45,stim_data,std of sliding-window FC; same stimulus-index timepoints concatenated,20,15
15,11,lPrT,26,Di,-0.760839251044076,349,0.42992623665758634,240,45,stim_data,std of sliding-window FC; same stimulus-index timepoints concatenated,20,15
15,11,lTh,30,Di,-0.27932436463978083,1008,0.4507346379518553,240,45,stim_data,std of sliding-window FC; same stimulus-index timepoints concatenated,20,15
15,11,rHb,52,Di,1.269284446459516,198,0.43768537060318735,240,45,stim_data,std of sliding-window FC; same stimulus-index timepoints concatenated,20,15
15,11,rPT,60,Di,0.6955220273189893,352,0.4737681632230876,240,45,stim_data,std of sliding-window FC; same stimulus-index timepoints concatenated,20,15
15,11,rPrT,62,Di,-0.8729101402526896,406,0.4830934937015341,240,45,stim_data,std of sliding-window FC; same stimulus-index timepoints concatenated,20,15
15,11,rTh,66,Di,0.12267948011021526,1027,0.5045788635782261,240,45,stim_data,std of sliding-window FC; same stimulus-index timepoints concatenated,20,15
15,11,lTS,32,Mes,-0.038289558822681,62,0.44233009527931005,240,45,stim_data,std of sliding-window FC; same stimulus-index timepoints concatenated,20,15
15,11,lTeO,29,Mes,-0.22102994971595435,4238,0.41869220041155625,240,45,stim_data,std of sliding-window FC; same stimulus-index timepoints concatenated,20,15
15,11,rTS,68,Mes,-0.0707917864782934,91,0.33602041565617913,240,45,stim_data,std of sliding-window FC; same stimulus-index timepoints concatenated,20,15
15,11,rTeO,65,Mes,-0.9360345644680327,4463,0.48756006687640235,240,45,stim_data,std of sliding-window FC; same stimulus-index timepoints concatenated,20,15
15,11,lCb,1,Hind,-0.23156409707923123,1485,0.4093893788721285,240,45,stim_data,std of sliding-window FC; same stimulus-index timepoints concatenated,20,15
15,11,lMON,0,Hind,-0.1885718314625819,898,0.39676580681287243,240,45,stim_data,std of sliding-window FC; same stimulus-index timepoints concatenated,20,15
15,11,lMOS1,2,Hind,0.20229532589358945,1366,0.4241679667202339,240,45,stim_data,std of sliding-window FC; same stimulus-index timepoints concatenated,20,15
15,11,lMOS2,3,Hind,-0.007147165310974443,534,0.4254657870109402,240,45,stim_data,std of sliding-window FC; same stimulus-index timepoints concatenated,20,15
15,11,lMOS3,4,Hind,-0.5280442068802194,1243,0.3980246865086004,240,45,stim_data,std of sliding-window FC; same stimulus-index timepoints concatenated,20,15
15,11,lMOS4,5,Hind,0.1781221791123736,944,0.46056610652619073,240,45,stim_data,std of sliding-window FC; same stimulus-index timepoints concatenated,20,15
15,11,lMOS5,6,Hind,0.07904857777849517,1131,0.47395159119068386,240,45,stim_data,std of sliding-window FC; same stimulus-index timepoints concatenated,20,15
15,11,lNX,35,Hind,0.5159242026090447,442,0.3998150325461815,240,45,stim_data,std of sliding-window FC; same stimulus-index timepoints concatenated,20,15
15,11,lRa,10,Hind,-0.07359117253107073,332,0.38417193945045564,240,45,stim_data,std of sliding-window FC; same stimulus-index timepoints concatenated,20,15
15,11,lT,11,Hind,-0.7772193815657938,604,0.4338869052290743,240,45,stim_data,std of sliding-window FC; same stimulus-index timepoints concatenated,20,15
15,11,laRF,12,Hind,-0.564318946902863,421,0.3991232909259027,240,45,stim_data,std of sliding-window FC; same stimulus-index timepoints concatenated,20,15
15,11,limRF,13,Hind,-1.4314709184810288,596,0.40322695190706975,240,45,stim_data,std of sliding-window FC; same stimulus-index timepoints concatenated,20,15
15,11,lpRF,14,Hind,-0.6214145198808102,762,0.46221006918921326,240,45,stim_data,std of sliding-window FC; same stimulus-index timepoints concatenated,20,15
15,11,rCb,37,Hind,-0.5336652505464933,1679,0.4160833830519757,240,45,stim_data,std of sliding-window FC; same stimulus-index timepoints concatenated,20,15
15,11,rMON,36,Hind,-0.20825183989935483,1007,0.3697027001550827,240,45,stim_data,std of sliding-window FC; same stimulus-index timepoints concatenated,20,15
15,11,rMOS1,38,Hind,0.16364639867929043,1276,0.40724464201308896,240,45,stim_data,std of sliding-window FC; same stimulus-index timepoints concatenated,20,15
15,11,rMOS2,39,Hind,0.8422349936180663,543,0.41470000997330503,240,45,stim_data,std of sliding-window FC; same stimulus-index timepoints concatenated,20,15
15,11,rMOS3,40,Hind,-0.5651363701456422,1298,0.4049939606635213,240,45,stim_data,std of sliding-window FC; same stimulus-index timepoints concatenated,20,15
15,11,rMOS4,41,Hind,0.12590502818072719,1101,0.41104745271833976,240,45,stim_data,std of sliding-window FC; same stimulus-index timepoints concatenated,20,15
15,11,rMOS5,42,Hind,0.14031625821006288,1356,0.43647159541765296,240,45,stim_data,std of sliding-window FC; same stimulus-index timepoints concatenated,20,15
15,11,rNX,71,Hind,-0.6893400895121092,822,0.45714348002279315,240,45,stim_data,std of sliding-window FC; same stimulus-index timepoints concatenated,20,15
15,11,rRa,46,Hind,-0.7676411283127857,204,0.45999539462174893,240,45,stim_data,std of sliding-window FC; same stimulus-index timepoints concatenated,20,15
15,11,rT,47,Hind,-1.0407411074881572,876,0.4352456943447272,240,45,stim_data,std of sliding-window FC; same stimulus-index timepoints concatenated,20,15
15,11,raRF,48,Hind,-0.6631233902290617,545,0.4046947804219213,240,45,stim_data,std of sliding-window FC; same stimulus-index timepoints concatenated,20,15
15,11,rimRF,49,Hind,-1.54619502907132,633,0.4504730269035719,240,45,stim_data,std of sliding-window FC; same stimulus-index timepoints concatenated,20,15
15,11,rpRF,50,Hind,0.10367599956677641,861,0.45948978405327057,240,45,stim_data,std of sliding-window FC; same stimulus-index timepoints concatenated,20,15
15,12,lOB,20,Tel,0.8396904821626903,26,0.4498931399338927,240,45,stim_data,std of sliding-window FC; same stimulus-index timepoints concatenated,20,15
15,12,lP,22,Tel,1.231407127758574,697,0.41411738728036673,240,45,stim_data,std of sliding-window FC; same stimulus-index timepoints concatenated,20,15
15,12,lPO,25,Tel,1.5972895725725633,419,0.45195015588731396,240,45,stim_data,std of sliding-window FC; same stimulus-index timepoints concatenated,20,15
15,12,lSP,28,Tel,1.3712731940440057,545,0.47354975124916526,240,45,stim_data,std of sliding-window FC; same stimulus-index timepoints concatenated,20,15
15,12,rP,58,Tel,1.6274838194004198,706,0.447656005593379,240,45,stim_data,std of sliding-window FC; same stimulus-index timepoints concatenated,20,15
15,12,rPO,61,Tel,1.5828504374539252,372,0.4333626271305219,240,45,stim_data,std of sliding-window FC; same stimulus-index timepoints concatenated,20,15
15,12,rSP,64,Tel,0.8449219250677052,515,0.46545392592033913,240,45,stim_data,std of sliding-window FC; same stimulus-index timepoints concatenated,20,15
15,12,lHb,16,Di,2.3676084202295034,170,0.3944315646609844,240,45,stim_data,std of sliding-window FC; same stimulus-index timepoints concatenated,20,15
15,12,lPT,24,Di,0.4045887279983318,345,0.39440099222457975,240,45,stim_data,std of sliding-window FC; same stimulus-index timepoints concatenated,20,15
15,12,lPrT,26,Di,-0.760839251044076,349,0.3967291509469057,240,45,stim_data,std of sliding-window FC; same stimulus-index timepoints concatenated,20,15
15,12,lTh,30,Di,-0.27932436463978083,1008,0.4079686679833129,240,45,stim_data,std of sliding-window FC; same stimulus-index timepoints concatenated,20,15
15,12,rHb,52,Di,1.269284446459516,198,0.42871041737413423,240,45,stim_data,std of sliding-window FC; same stimulus-index timepoints concatenated,20,15
15,12,rPT,60,Di,0.6955220273189893,352,0.4385284660560234,240,45,stim_data,std of sliding-window FC; same stimulus-index timepoints concatenated,20,15
15,12,rPrT,62,Di,-0.8729101402526896,406,0.380139236358511,240,45,stim_data,std of sliding-window FC; same stimulus-index timepoints concatenated,20,15
15,12,rTh,66,Di,0.12267948011021526,1027,0.4304092340470864,240,45,stim_data,std of sliding-window FC; same stimulus-index timepoints concatenated,20,15
15,12,lTS,32,Mes,-0.038289558822681,62,0.3693486591864375,240,45,stim_data,std of sliding-window FC; same stimulus-index timepoints concatenated,20,15
15,12,lTeO,29,Mes,-0.22102994971595435,4238,0.4279810163822614,240,45,stim_data,std of sliding-window FC; same stimulus-index timepoints concatenated,20,15
15,12,rTS,68,Mes,-0.0707917864782934,91,0.3329624209477165,240,45,stim_data,std of sliding-window FC; same stimulus-index timepoints concatenated,20,15
15,12,rTeO,65,Mes,-0.9360345644680327,4463,0.408194390020579,240,45,stim_data,std of sliding-window FC; same stimulus-index timepoints concatenated,20,15
15,12,lCb,1,Hind,-0.23156409707923123,1485,0.3653832158938794,240,45,stim_data,std of sliding-window FC; same stimulus-index timepoints concatenated,20,15
15,12,lMON,0,Hind,-0.1885718314625819,898,0.34961798776693503,240,45,stim_data,std of sliding-window FC; same stimulus-index timepoints concatenated,20,15
15,12,lMOS1,2,Hind,0.20229532589358945,1366,0.3708775801080197,240,45,stim_data,std of sliding-window FC; same stimulus-index timepoints concatenated,20,15
15,12,lMOS2,3,Hind,-0.007147165310974443,534,0.37089593322407916,240,45,stim_data,std of sliding-window FC; same stimulus-index timepoints concatenated,20,15
15,12,lMOS3,4,Hind,-0.5280442068802194,1243,0.3664745093032321,240,45,stim_data,std of sliding-window FC; same stimulus-index timepoints concatenated,20,15
15,12,lMOS4,5,Hind,0.1781221791123736,944,0.3414437740575198,240,45,stim_data,std of sliding-window FC; same stimulus-index timepoints concatenated,20,15
15,12,lMOS5,6,Hind,0.07904857777849517,1131,0.37072368722382565,240,45,stim_data,std of sliding-window FC; same stimulus-index timepoints concatenated,20,15
15,12,lNX,35,Hind,0.5159242026090447,442,0.33521851345962966,240,45,stim_data,std of sliding-window FC; same stimulus-index timepoints concatenated,20,15
15,12,lRa,10,Hind,-0.07359117253107073,332,0.39444224016336643,240,45,stim_data,std of sliding-window FC; same stimulus-index timepoints concatenated,20,15
15,12,lT,11,Hind,-0.7772193815657938,604,0.40952110006351994,240,45,stim_data,std of sliding-window FC; same stimulus-index timepoints concatenated,20,15
15,12,laRF,12,Hind,-0.564318946902863,421,0.35975901357435763,240,45,stim_data,std of sliding-window FC; same stimulus-index timepoints concatenated,20,15
15,12,limRF,13,Hind,-1.4314709184810288,596,0.3635447249453057,240,45,stim_data,std of sliding-window FC; same stimulus-index timepoints concatenated,20,15
15,12,lpRF,14,Hind,-0.6214145198808102,762,0.3790064096635565,240,45,stim_data,std of sliding-window FC; same stimulus-index timepoints concatenated,20,15
15,12,rCb,37,Hind,-0.5336652505464933,1679,0.3578804998370171,240,45,stim_data,std of sliding-window FC; same stimulus-index timepoints concatenated,20,15
15,12,rMON,36,Hind,-0.20825183989935483,1007,0.38663870428690783,240,45,stim_data,std of sliding-window FC; same stimulus-index timepoints concatenated,20,15
15,12,rMOS1,38,Hind,0.16364639867929043,1276,0.33590227207753864,240,45,stim_data,std of sliding-window FC; same stimulus-index timepoints concatenated,20,15
15,12,rMOS2,39,Hind,0.8422349936180663,543,0.3934208758887884,240,45,stim_data,std of sliding-window FC; same stimulus-index timepoints concatenated,20,15
15,12,rMOS3,40,Hind,-0.5651363701456422,1298,0.3313862912891816,240,45,stim_data,std of sliding-window FC; same stimulus-index timepoints concatenated,20,15
15,12,rMOS4,41,Hind,0.12590502818072719,1101,0.3561951325975446,240,45,stim_data,std of sliding-window FC; same stimulus-index timepoints concatenated,20,15
15,12,rMOS5,42,Hind,0.14031625821006288,1356,0.40275108256954667,240,45,stim_data,std of sliding-window FC; same stimulus-index timepoints concatenated,20,15
15,12,rNX,71,Hind,-0.6893400895121092,822,0.40416166647863866,240,45,stim_data,std of sliding-window FC; same stimulus-index timepoints concatenated,20,15
15,12,rRa,46,Hind,-0.7676411283127857,204,0.3563759095349771,240,45,stim_data,std of sliding-window FC; same stimulus-index timepoints concatenated,20,15
15,12,rT,47,Hind,-1.0407411074881572,876,0.4010091299723793,240,45,stim_data,std of sliding-window FC; same stimulus-index timepoints concatenated,20,15
15,12,raRF,48,Hind,-0.6631233902290617,545,0.36797163893300816,240,45,stim_data,std of sliding-window FC; same stimulus-index timepoints concatenated,20,15
15,12,rimRF,49,Hind,-1.54619502907132,633,0.4284995074756397,240,45,stim_data,std of sliding-window FC; same stimulus-index timepoints concatenated,20,15
15,12,rpRF,50,Hind,0.10367599956677641,861,0.39865390955385394,240,45,stim_data,std of sliding-window FC; same stimulus-index timepoints concatenated,20,15
16,3,lOB,20,Tel,0.8396904821626903,330,0.39398215779127477,343,65,stim_data,std of sliding-window FC; same stimulus-index timepoints concatenated,20,15
16,3,lP,22,Tel,1.231407127758574,875,0.3402600541007493,343,65,stim_data,std of sliding-window FC; same stimulus-index timepoints concatenated,20,15
16,3,lPO,25,Tel,1.5972895725725633,568,0.31220284519077,343,65,stim_data,std of sliding-window FC; same stimulus-index timepoints concatenated,20,15
16,3,lSP,28,Tel,1.3712731940440057,822,0.35558750772100656,343,65,stim_data,std of sliding-window FC; same stimulus-index timepoints concatenated,20,15
16,3,rP,58,Tel,1.6274838194004198,703,0.3805151717058521,343,65,stim_data,std of sliding-window FC; same stimulus-index timepoints concatenated,20,15
16,3,rPO,61,Tel,1.5828504374539252,514,0.3121032205198502,343,65,stim_data,std of sliding-window FC; same stimulus-index timepoints concatenated,20,15
16,3,rSP,64,Tel,0.8449219250677052,614,0.3560257000027287,343,65,stim_data,std of sliding-window FC; same stimulus-index timepoints concatenated,20,15
16,3,lHb,16,Di,2.3676084202295034,285,0.3817749659430541,343,65,stim_data,std of sliding-window FC; same stimulus-index timepoints concatenated,20,15
16,3,lPT,24,Di,0.4045887279983318,380,0.2804186567629514,343,65,stim_data,std of sliding-window FC; same stimulus-index timepoints concatenated,20,15
16,3,lPrT,26,Di,-0.760839251044076,339,0.33540903877205874,343,65,stim_data,std of sliding-window FC; same stimulus-index timepoints concatenated,20,15
16,3,lTh,30,Di,-0.27932436463978083,941,0.29273370941974486,343,65,stim_data,std of sliding-window FC; same stimulus-index timepoints concatenated,20,15
16,3,rHb,52,Di,1.269284446459516,289,0.3610413958475573,343,65,stim_data,std of sliding-window FC; same stimulus-index timepoints concatenated,20,15
16,3,rPT,60,Di,0.6955220273189893,423,0.3086357210850943,343,65,stim_data,std of sliding-window FC; same stimulus-index timepoints concatenated,20,15
16,3,rPrT,62,Di,-0.8729101402526896,444,0.30481339976615485,343,65,stim_data,std of sliding-window FC; same stimulus-index timepoints concatenated,20,15
16,3,rTh,66,Di,0.12267948011021526,1123,0.29259013331881,343,65,stim_data,std of sliding-window FC; same stimulus-index timepoints concatenated,20,15
16,3,lTS,32,Mes,-0.038289558822681,212,0.3964652481208901,343,65,stim_data,std of sliding-window FC; same stimulus-index timepoints concatenated,20,15
16,3,lTeO,29,Mes,-0.22102994971595435,6165,0.3454064872579818,343,65,stim_data,std of sliding-window FC; same stimulus-index timepoints concatenated,20,15
16,3,rTS,68,Mes,-0.0707917864782934,98,0.34004686738857576,343,65,stim_data,std of sliding-window FC; same stimulus-index timepoints concatenated,20,15
16,3,rTeO,65,Mes,-0.9360345644680327,6402,0.3094539799016786,343,65,stim_data,std of sliding-window FC; same stimulus-index timepoints concatenated,20,15
16,3,lCb,1,Hind,-0.23156409707923123,1796,0.3608227173714594,343,65,stim_data,std of sliding-window FC; same stimulus-index timepoints concatenated,20,15
16,3,lMON,0,Hind,-0.1885718314625819,979,0.3729343628191628,343,65,stim_data,std of sliding-window FC; same stimulus-index timepoints concatenated,20,15
16,3,lMOS1,2,Hind,0.20229532589358945,1451,0.3534211054653922,343,65,stim_data,std of sliding-window FC; same stimulus-index timepoints concatenated,20,15
16,3,lMOS2,3,Hind,-0.007147165310974443,563,0.30959865059280006,343,65,stim_data,std of sliding-window FC; same stimulus-index timepoints concatenated,20,15
16,3,lMOS3,4,Hind,-0.5280442068802194,1343,0.42637538633100575,343,65,stim_data,std of sliding-window FC; same stimulus-index timepoints concatenated,20,15
16,3,lMOS4,5,Hind,0.1781221791123736,1047,0.32695073607232805,343,65,stim_data,std of sliding-window FC; same stimulus-index timepoints concatenated,20,15
16,3,lMOS5,6,Hind,0.07904857777849517,1227,0.4173340305019307,343,65,stim_data,std of sliding-window FC; same stimulus-index timepoints concatenated,20,15
16,3,lNX,35,Hind,0.5159242026090447,658,0.3505080601678274,343,65,stim_data,std of sliding-window FC; same stimulus-index timepoints concatenated,20,15
16,3,lRa,10,Hind,-0.07359117253107073,342,0.42232421018765703,343,65,stim_data,std of sliding-window FC; same stimulus-index timepoints concatenated,20,15
16,3,lT,11,Hind,-0.7772193815657938,1109,0.28639445990174567,343,65,stim_data,std of sliding-window FC; same stimulus-index timepoints concatenated,20,15
16,3,laRF,12,Hind,-0.564318946902863,421,0.3659162585166932,343,65,stim_data,std of sliding-window FC; same stimulus-index timepoints concatenated,20,15
16,3,limRF,13,Hind,-1.4314709184810288,570,0.33665639389379876,343,65,stim_data,std of sliding-window FC; same stimulus-index timepoints concatenated,20,15
16,3,lpRF,14,Hind,-0.6214145198808102,752,0.41698156531951935,343,65,stim_data,std of sliding-window FC; same stimulus-index timepoints concatenated,20,15
16,3,rCb,37,Hind,-0.5336652505464933,1998,0.33168732424829267,343,65,stim_data,std of sliding-window FC; same stimulus-index timepoints concatenated,20,15
16,3,rMON,36,Hind,-0.20825183989935483,1277,0.3418713731894745,343,65,stim_data,std of sliding-window FC; same stimulus-index timepoints concatenated,20,15
16,3,rMOS1,38,Hind,0.16364639867929043,1425,0.30532356710845954,343,65,stim_data,std of sliding-window FC; same stimulus-index timepoints concatenated,20,15
16,3,rMOS2,39,Hind,0.8422349936180663,609,0.3062058265285313,343,65,stim_data,std of sliding-window FC; same stimulus-index timepoints concatenated,20,15
16,3,rMOS3,40,Hind,-0.5651363701456422,1433,0.3052402151099247,343,65,stim_data,std of sliding-window FC; same stimulus-index timepoints concatenated,20,15
16,3,rMOS4,41,Hind,0.12590502818072719,1423,0.29669124881232833,343,65,stim_data,std of sliding-window FC; same stimulus-index timepoints concatenated,20,15
16,3,rMOS5,42,Hind,0.14031625821006288,1751,0.3270995028505137,343,65,stim_data,std of sliding-window FC; same stimulus-index timepoints concatenated,20,15
16,3,rNX,71,Hind,-0.6893400895121092,618,0.3112675732647154,343,65,stim_data,std of sliding-window FC; same stimulus-index timepoints concatenated,20,15
16,3,rRa,46,Hind,-0.7676411283127857,202,0.3903170810838487,343,65,stim_data,std of sliding-window FC; same stimulus-index timepoints concatenated,20,15
16,3,rT,47,Hind,-1.0407411074881572,1238,0.275187077363732,343,65,stim_data,std of sliding-window FC; same stimulus-index timepoints concatenated,20,15
16,3,raRF,48,Hind,-0.6631233902290617,387,0.26820192225621997,343,65,stim_data,std of sliding-window FC; same stimulus-index timepoints concatenated,20,15
16,3,rimRF,49,Hind,-1.54619502907132,499,0.2965491020607337,343,65,stim_data,std of sliding-window FC; same stimulus-index timepoints concatenated,20,15
16,3,rpRF,50,Hind,0.10367599956677641,804,0.3475073996877679,343,65,stim_data,std of sliding-window FC; same stimulus-index timepoints concatenated,20,15
16,4,lOB,20,Tel,0.8396904821626903,330,,9,0,stim_data,std of sliding-window FC; same stimulus-index timepoints concatenated,20,15
16,4,lP,22,Tel,1.231407127758574,875,,9,0,stim_data,std of sliding-window FC; same stimulus-index timepoints concatenated,20,15
16,4,lPO,25,Tel,1.5972895725725633,568,,9,0,stim_data,std of sliding-window FC; same stimulus-index timepoints concatenated,20,15
16,4,lSP,28,Tel,1.3712731940440057,822,,9,0,stim_data,std of sliding-window FC; same stimulus-index timepoints concatenated,20,15
16,4,rP,58,Tel,1.6274838194004198,703,,9,0,stim_data,std of sliding-window FC; same stimulus-index timepoints concatenated,20,15
16,4,rPO,61,Tel,1.5828504374539252,514,,9,0,stim_data,std of sliding-window FC; same stimulus-index timepoints concatenated,20,15
16,4,rSP,64,Tel,0.8449219250677052,614,,9,0,stim_data,std of sliding-window FC; same stimulus-index timepoints concatenated,20,15
16,4,lHb,16,Di,2.3676084202295034,285,,9,0,stim_data,std of sliding-window FC; same stimulus-index timepoints concatenated,20,15
16,4,lPT,24,Di,0.4045887279983318,380,,9,0,stim_data,std of sliding-window FC; same stimulus-index timepoints concatenated,20,15
16,4,lPrT,26,Di,-0.760839251044076,339,,9,0,stim_data,std of sliding-window FC; same stimulus-index timepoints concatenated,20,15
16,4,lTh,30,Di,-0.27932436463978083,941,,9,0,stim_data,std of sliding-window FC; same stimulus-index timepoints concatenated,20,15
16,4,rHb,52,Di,1.269284446459516,289,,9,0,stim_data,std of sliding-window FC; same stimulus-index timepoints concatenated,20,15
16,4,rPT,60,Di,0.6955220273189893,423,,9,0,stim_data,std of sliding-window FC; same stimulus-index timepoints concatenated,20,15
16,4,rPrT,62,Di,-0.8729101402526896,444,,9,0,stim_data,std of sliding-window FC; same stimulus-index timepoints concatenated,20,15
16,4,rTh,66,Di,0.12267948011021526,1123,,9,0,stim_data,std of sliding-window FC; same stimulus-index timepoints concatenated,20,15
16,4,lTS,32,Mes,-0.038289558822681,212,,9,0,stim_data,std of sliding-window FC; same stimulus-index timepoints concatenated,20,15
16,4,lTeO,29,Mes,-0.22102994971595435,6165,,9,0,stim_data,std of sliding-window FC; same stimulus-index timepoints concatenated,20,15
16,4,rTS,68,Mes,-0.0707917864782934,98,,9,0,stim_data,std of sliding-window FC; same stimulus-index timepoints concatenated,20,15
16,4,rTeO,65,Mes,-0.9360345644680327,6402,,9,0,stim_data,std of sliding-window FC; same stimulus-index timepoints concatenated,20,15
16,4,lCb,1,Hind,-0.23156409707923123,1796,,9,0,stim_data,std of sliding-window FC; same stimulus-index timepoints concatenated,20,15
16,4,lMON,0,Hind,-0.1885718314625819,979,,9,0,stim_data,std of sliding-window FC; same stimulus-index timepoints concatenated,20,15
16,4,lMOS1,2,Hind,0.20229532589358945,1451,,9,0,stim_data,std of sliding-window FC; same stimulus-index timepoints concatenated,20,15
16,4,lMOS2,3,Hind,-0.007147165310974443,563,,9,0,stim_data,std of sliding-window FC; same stimulus-index timepoints concatenated,20,15
16,4,lMOS3,4,Hind,-0.5280442068802194,1343,,9,0,stim_data,std of sliding-window FC; same stimulus-index timepoints concatenated,20,15
16,4,lMOS4,5,Hind,0.1781221791123736,1047,,9,0,stim_data,std of sliding-window FC; same stimulus-index timepoints concatenated,20,15
16,4,lMOS5,6,Hind,0.07904857777849517,1227,,9,0,stim_data,std of sliding-window FC; same stimulus-index timepoints concatenated,20,15
16,4,lNX,35,Hind,0.5159242026090447,658,,9,0,stim_data,std of sliding-window FC; same stimulus-index timepoints concatenated,20,15
16,4,lRa,10,Hind,-0.07359117253107073,342,,9,0,stim_data,std of sliding-window FC; same stimulus-index timepoints concatenated,20,15
16,4,lT,11,Hind,-0.7772193815657938,1109,,9,0,stim_data,std of sliding-window FC; same stimulus-index timepoints concatenated,20,15
16,4,laRF,12,Hind,-0.564318946902863,421,,9,0,stim_data,std of sliding-window FC; same stimulus-index timepoints concatenated,20,15
16,4,limRF,13,Hind,-1.4314709184810288,570,,9,0,stim_data,std of sliding-window FC; same stimulus-index timepoints concatenated,20,15
16,4,lpRF,14,Hind,-0.6214145198808102,752,,9,0,stim_data,std of sliding-window FC; same stimulus-index timepoints concatenated,20,15
16,4,rCb,37,Hind,-0.5336652505464933,1998,,9,0,stim_data,std of sliding-window FC; same stimulus-index timepoints concatenated,20,15
16,4,rMON,36,Hind,-0.20825183989935483,1277,,9,0,stim_data,std of sliding-window FC; same stimulus-index timepoints concatenated,20,15
16,4,rMOS1,38,Hind,0.16364639867929043,1425,,9,0,stim_data,std of sliding-window FC; same stimulus-index timepoints concatenated,20,15
16,4,rMOS2,39,Hind,0.8422349936180663,609,,9,0,stim_data,std of sliding-window FC; same stimulus-index timepoints concatenated,20,15
16,4,rMOS3,40,Hind,-0.5651363701456422,1433,,9,0,stim_data,std of sliding-window FC; same stimulus-index timepoints concatenated,20,15
16,4,rMOS4,41,Hind,0.12590502818072719,1423,,9,0,stim_data,std of sliding-window FC; same stimulus-index timepoints concatenated,20,15
16,4,rMOS5,42,Hind,0.14031625821006288,1751,,9,0,stim_data,std of sliding-window FC; same stimulus-index timepoints concatenated,20,15
16,4,rNX,71,Hind,-0.6893400895121092,618,,9,0,stim_data,std of sliding-window FC; same stimulus-index timepoints concatenated,20,15
16,4,rRa,46,Hind,-0.7676411283127857,202,,9,0,stim_data,std of sliding-window FC; same stimulus-index timepoints concatenated,20,15
16,4,rT,47,Hind,-1.0407411074881572,1238,,9,0,stim_data,std of sliding-window FC; same stimulus-index timepoints concatenated,20,15
16,4,raRF,48,Hind,-0.6631233902290617,387,,9,0,stim_data,std of sliding-window FC; same stimulus-index timepoints concatenated,20,15
16,4,rimRF,49,Hind,-1.54619502907132,499,,9,0,stim_data,std of sliding-window FC; same stimulus-index timepoints concatenated,20,15
16,4,rpRF,50,Hind,0.10367599956677641,804,,9,0,stim_data,std of sliding-window FC; same stimulus-index timepoints concatenated,20,15
16,9,lOB,20,Tel,0.8396904821626903,330,0.3884700463432091,80,13,stim_data,std of sliding-window FC; same stimulus-index timepoints concatenated,20,15
16,9,lP,22,Tel,1.231407127758574,875,0.4068518139796934,80,13,stim_data,std of sliding-window FC; same stimulus-index timepoints concatenated,20,15
16,9,lPO,25,Tel,1.5972895725725633,568,0.31460956001172846,80,13,stim_data,std of sliding-window FC; same stimulus-index timepoints concatenated,20,15
16,9,lSP,28,Tel,1.3712731940440057,822,0.4436936984417615,80,13,stim_data,std of sliding-window FC; same stimulus-index timepoints concatenated,20,15
16,9,rP,58,Tel,1.6274838194004198,703,0.39919578960220736,80,13,stim_data,std of sliding-window FC; same stimulus-index timepoints concatenated,20,15
16,9,rPO,61,Tel,1.5828504374539252,514,0.3476397747545615,80,13,stim_data,std of sliding-window FC; same stimulus-index timepoints concatenated,20,15
16,9,rSP,64,Tel,0.8449219250677052,614,0.41302738645758713,80,13,stim_data,std of sliding-window FC; same stimulus-index timepoints concatenated,20,15
16,9,lHb,16,Di,2.3676084202295034,285,0.4287811822602767,80,13,stim_data,std of sliding-window FC; same stimulus-index timepoints concatenated,20,15
16,9,lPT,24,Di,0.4045887279983318,380,0.3504029922413689,80,13,stim_data,std of sliding-window FC; same stimulus-index timepoints concatenated,20,15
16,9,lPrT,26,Di,-0.760839251044076,339,0.3134564104223803,80,13,stim_data,std of sliding-window FC; same stimulus-index timepoints concatenated,20,15
16,9,lTh,30,Di,-0.27932436463978083,941,0.3131349350706115,80,13,stim_data,std of sliding-window FC; same stimulus-index timepoints concatenated,20,15
16,9,rHb,52,Di,1.269284446459516,289,0.36474474283230013,80,13,stim_data,std of sliding-window FC; same stimulus-index timepoints concatenated,20,15
16,9,rPT,60,Di,0.6955220273189893,423,0.3265374254615519,80,13,stim_data,std of sliding-window FC; same stimulus-index timepoints concatenated,20,15
16,9,rPrT,62,Di,-0.8729101402526896,444,0.33404285124566296,80,13,stim_data,std of sliding-window FC; same stimulus-index timepoints concatenated,20,15
16,9,rTh,66,Di,0.12267948011021526,1123,0.38323750461335054,80,13,stim_data,std of sliding-window FC; same stimulus-index timepoints concatenated,20,15
16,9,lTS,32,Mes,-0.038289558822681,212,0.3474152913233752,80,13,stim_data,std of sliding-window FC; same stimulus-index timepoints concatenated,20,15
16,9,lTeO,29,Mes,-0.22102994971595435,6165,0.3268149139205376,80,13,stim_data,std of sliding-window FC; same stimulus-index timepoints concatenated,20,15
16,9,rTS,68,Mes,-0.0707917864782934,98,0.3047211677986976,80,13,stim_data,std of sliding-window FC; same stimulus-index timepoints concatenated,20,15
16,9,rTeO,65,Mes,-0.9360345644680327,6402,0.26833734664596487,80,13,stim_data,std of sliding-window FC; same stimulus-index timepoints concatenated,20,15
16,9,lCb,1,Hind,-0.23156409707923123,1796,0.24116569353561726,80,13,stim_data,std of sliding-window FC; same stimulus-index timepoints concatenated,20,15
16,9,lMON,0,Hind,-0.1885718314625819,979,0.27576131187446634,80,13,stim_data,std of sliding-window FC; same stimulus-index timepoints concatenated,20,15
16,9,lMOS1,2,Hind,0.20229532589358945,1451,0.20978516592905258,80,13,stim_data,std of sliding-window FC; same stimulus-index timepoints concatenated,20,15
16,9,lMOS2,3,Hind,-0.007147165310974443,563,0.30550702190555945,80,13,stim_data,std of sliding-window FC; same stimulus-index timepoints concatenated,20,15
16,9,lMOS3,4,Hind,-0.5280442068802194,1343,0.2206889239386144,80,13,stim_data,std of sliding-window FC; same stimulus-index timepoints concatenated,20,15
16,9,lMOS4,5,Hind,0.1781221791123736,1047,0.26979804234527627,80,13,stim_data,std of sliding-window FC; same stimulus-index timepoints concatenated,20,15
16,9,lMOS5,6,Hind,0.07904857777849517,1227,0.41885838580897744,80,13,stim_data,std of sliding-window FC; same stimulus-index timepoints concatenated,20,15
16,9,lNX,35,Hind,0.5159242026090447,658,0.27486545999017964,80,13,stim_data,std of sliding-window FC; same stimulus-index timepoints concatenated,20,15
16,9,lRa,10,Hind,-0.07359117253107073,342,0.3225066190313461,80,13,stim_data,std of sliding-window FC; same stimulus-index timepoints concatenated,20,15
16,9,lT,11,Hind,-0.7772193815657938,1109,0.29547923367367124,80,13,stim_data,std of sliding-window FC; same stimulus-index timepoints concatenated,20,15
16,9,laRF,12,Hind,-0.564318946902863,421,0.2970052652141731,80,13,stim_data,std of sliding-window FC; same stimulus-index timepoints concatenated,20,15
16,9,limRF,13,Hind,-1.4314709184810288,570,0.28313696662641213,80,13,stim_data,std of sliding-window FC; same stimulus-index timepoints concatenated,20,15
16,9,lpRF,14,Hind,-0.6214145198808102,752,0.35992817911978386,80,13,stim_data,std of sliding-window FC; same stimulus-index timepoints concatenated,20,15
16,9,rCb,37,Hind,-0.5336652505464933,1998,0.2917760061246091,80,13,stim_data,std of sliding-window FC; same stimulus-index timepoints concatenated,20,15
16,9,rMON,36,Hind,-0.20825183989935483,1277,0.3029623200825789,80,13,stim_data,std of sliding-window FC; same stimulus-index timepoints concatenated,20,15
16,9,rMOS1,38,Hind,0.16364639867929043,1425,0.22278094274452934,80,13,stim_data,std of sliding-window FC; same stimulus-index timepoints concatenated,20,15
16,9,rMOS2,39,Hind,0.8422349936180663,609,0.3082099619964736,80,13,stim_data,std of sliding-window FC; same stimulus-index timepoints concatenated,20,15
16,9,rMOS3,40,Hind,-0.5651363701456422,1433,0.27708392211195965,80,13,stim_data,std of sliding-window FC; same stimulus-index timepoints concatenated,20,15
16,9,rMOS4,41,Hind,0.12590502818072719,1423,0.24761226761856714,80,13,stim_data,std of sliding-window FC; same stimulus-index timepoints concatenated,20,15
16,9,rMOS5,42,Hind,0.14031625821006288,1751,0.28412420528898746,80,13,stim_data,std of sliding-window FC; same stimulus-index timepoints concatenated,20,15
16,9,rNX,71,Hind,-0.6893400895121092,618,0.2892222862399638,80,13,stim_data,std of sliding-window FC; same stimulus-index timepoints concatenated,20,15
16,9,rRa,46,Hind,-0.7676411283127857,202,0.3362271386185869,80,13,stim_data,std of sliding-window FC; same stimulus-index timepoints concatenated,20,15
16,9,rT,47,Hind,-1.0407411074881572,1238,0.25596493445079127,80,13,stim_data,std of sliding-window FC; same stimulus-index timepoints concatenated,20,15
16,9,raRF,48,Hind,-0.6631233902290617,387,0.3036383628579612,80,13,stim_data,std of sliding-window FC; same stimulus-index timepoints concatenated,20,15
16,9,rimRF,49,Hind,-1.54619502907132,499,0.23511257457506254,80,13,stim_data,std of sliding-window FC; same stimulus-index timepoints concatenated,20,15
16,9,rpRF,50,Hind,0.10367599956677641,804,0.27725149794505066,80,13,stim_data,std of sliding-window FC; same stimulus-index timepoints concatenated,20,15
16,10,lOB,20,Tel,0.8396904821626903,330,0.20329675459480034,80,13,stim_data,std of sliding-window FC; same stimulus-index timepoints concatenated,20,15
16,10,lP,22,Tel,1.231407127758574,875,0.13501586718151645,80,13,stim_data,std of sliding-window FC; same stimulus-index timepoints concatenated,20,15
16,10,lPO,25,Tel,1.5972895725725633,568,0.10345119800708832,80,13,stim_data,std of sliding-window FC; same stimulus-index timepoints concatenated,20,15
16,10,lSP,28,Tel,1.3712731940440057,822,0.13019002748632136,80,13,stim_data,std of sliding-window FC; same stimulus-index timepoints concatenated,20,15
16,10,rP,58,Tel,1.6274838194004198,703,0.16391903276549732,80,13,stim_data,std of sliding-window FC; same stimulus-index timepoints concatenated,20,15
16,10,rPO,61,Tel,1.5828504374539252,514,0.14832683763445187,80,13,stim_data,std of sliding-window FC; same stimulus-index timepoints concatenated,20,15
16,10,rSP,64,Tel,0.8449219250677052,614,0.13089954885994995,80,13,stim_data,std of sliding-window FC; same stimulus-index timepoints concatenated,20,15
16,10,lHb,16,Di,2.3676084202295034,285,0.26756576395860504,80,13,stim_data,std of sliding-window FC; same stimulus-index timepoints concatenated,20,15
16,10,lPT,24,Di,0.4045887279983318,380,0.14839409095095896,80,13,stim_data,std of sliding-window FC; same stimulus-index timepoints concatenated,20,15
16,10,lPrT,26,Di,-0.760839251044076,339,0.09305861685064035,80,13,stim_data,std of sliding-window FC; same stimulus-index timepoints concatenated,20,15
16,10,lTh,30,Di,-0.27932436463978083,941,0.1333700803696699,80,13,stim_data,std of sliding-window FC; same stimulus-index timepoints concatenated,20,15
16,10,rHb,52,Di,1.269284446459516,289,0.22036947767554144,80,13,stim_data,std of sliding-window FC; same stimulus-index timepoints concatenated,20,15
16,10,rPT,60,Di,0.6955220273189893,423,0.23350237883033867,80,13,stim_data,std of sliding-window FC; same stimulus-index timepoints concatenated,20,15
16,10,rPrT,62,Di,-0.8729101402526896,444,0.11889024350051423,80,13,stim_data,std of sliding-window FC; same stimulus-index timepoints concatenated,20,15
16,10,rTh,66,Di,0.12267948011021526,1123,0.1691264344189386,80,13,stim_data,std of sliding-window FC; same stimulus-index timepoints concatenated,20,15
16,10,lTS,32,Mes,-0.038289558822681,212,0.3495835976808274,80,13,stim_data,std of sliding-window FC; same stimulus-index timepoints concatenated,20,15
16,10,lTeO,29,Mes,-0.22102994971595435,6165,0.13923284327084912,80,13,stim_data,std of sliding-window FC; same stimulus-index timepoints concatenated,20,15
16,10,rTS,68,Mes,-0.0707917864782934,98,0.22306734160217037,80,13,stim_data,std of sliding-window FC; same stimulus-index timepoints concatenated,20,15
16,10,rTeO,65,Mes,-0.9360345644680327,6402,0.14360656792123996,80,13,stim_data,std of sliding-window FC; same stimulus-index timepoints concatenated,20,15
16,10,lCb,1,Hind,-0.23156409707923123,1796,0.12226395796241066,80,13,stim_data,std of sliding-window FC; same stimulus-index timepoints concatenated,20,15
16,10,lMON,0,Hind,-0.1885718314625819,979,0.19245110584899952,80,13,stim_data,std of sliding-window FC; same stimulus-index timepoints concatenated,20,15
16,10,lMOS1,2,Hind,0.20229532589358945,1451,0.06969339633249584,80,13,stim_data,std of sliding-window FC; same stimulus-index timepoints concatenated,20,15
16,10,lMOS2,3,Hind,-0.007147165310974443,563,0.07312259797849945,80,13,stim_data,std of sliding-window FC; same stimulus-index timepoints concatenated,20,15
16,10,lMOS3,4,Hind,-0.5280442068802194,1343,0.08061984101361272,80,13,stim_data,std of sliding-window FC; same stimulus-index timepoints concatenated,20,15
16,10,lMOS4,5,Hind,0.1781221791123736,1047,0.09228229288345613,80,13,stim_data,std of sliding-window FC; same stimulus-index timepoints concatenated,20,15
16,10,lMOS5,6,Hind,0.07904857777849517,1227,0.19666799138653734,80,13,stim_data,std of sliding-window FC; same stimulus-index timepoints concatenated,20,15
16,10,lNX,35,Hind,0.5159242026090447,658,0.07565112246810896,80,13,stim_data,std of sliding-window FC; same stimulus-index timepoints concatenated,20,15
16,10,lRa,10,Hind,-0.07359117253107073,342,0.06802660605490149,80,13,stim_data,std of sliding-window FC; same stimulus-index timepoints concatenated,20,15
16,10,lT,11,Hind,-0.7772193815657938,1109,0.07715375815775688,80,13,stim_data,std of sliding-window FC; same stimulus-index timepoints concatenated,20,15
16,10,laRF,12,Hind,-0.564318946902863,421,0.0971299162961333,80,13,stim_data,std of sliding-window FC; same stimulus-index timepoints concatenated,20,15
16,10,limRF,13,Hind,-1.4314709184810288,570,0.09352887756104855,80,13,stim_data,std of sliding-window FC; same stimulus-index timepoints concatenated,20,15
16,10,lpRF,14,Hind,-0.6214145198808102,752,0.1042270688161521,80,13,stim_data,std of sliding-window FC; same stimulus-index timepoints concatenated,20,15
16,10,rCb,37,Hind,-0.5336652505464933,1998,0.14255695425636494,80,13,stim_data,std of sliding-window FC; same stimulus-index timepoints concatenated,20,15
16,10,rMON,36,Hind,-0.20825183989935483,1277,0.1192556452318018,80,13,stim_data,std of sliding-window FC; same stimulus-index timepoints concatenated,20,15
16,10,rMOS1,38,Hind,0.16364639867929043,1425,0.06969955234240464,80,13,stim_data,std of sliding-window FC; same stimulus-index timepoints concatenated,20,15
16,10,rMOS2,39,Hind,0.8422349936180663,609,0.06459701647592465,80,13,stim_data,std of sliding-window FC; same stimulus-index timepoints concatenated,20,15
16,10,rMOS3,40,Hind,-0.5651363701456422,1433,0.072237076641672,80,13,stim_data,std of sliding-window FC; same stimulus-index timepoints concatenated,20,15
16,10,rMOS4,41,Hind,0.12590502818072719,1423,0.0714179400452881,80,13,stim_data,std of sliding-window FC; same stimulus-index timepoints concatenated,20,15
16,10,rMOS5,42,Hind,0.14031625821006288,1751,0.1596214161934682,80,13,stim_data,std of sliding-window FC; same stimulus-index timepoints concatenated,20,15
16,10,rNX,71,Hind,-0.6893400895121092,618,0.07052946509885695,80,13,stim_data,std of sliding-window FC; same stimulus-index timepoints concatenated,20,15
16,10,rRa,46,Hind,-0.7676411283127857,202,0.10572671703471302,80,13,stim_data,std of sliding-window FC; same stimulus-index timepoints concatenated,20,15
16,10,rT,47,Hind,-1.0407411074881572,1238,0.10019692804567501,80,13,stim_data,std of sliding-window FC; same stimulus-index timepoints concatenated,20,15
16,10,raRF,48,Hind,-0.6631233902290617,387,0.07731547017538656,80,13,stim_data,std of sliding-window FC; same stimulus-index timepoints concatenated,20,15
16,10,rimRF,49,Hind,-1.54619502907132,499,0.0700662898611158,80,13,stim_data,std of sliding-window FC; same stimulus-index timepoints concatenated,20,15
16,10,rpRF,50,Hind,0.10367599956677641,804,0.06669218495118762,80,13,stim_data,std of sliding-window FC; same stimulus-index timepoints concatenated,20,15
16,11,lOB,20,Tel,0.8396904821626903,330,0.31021066445845585,80,13,stim_data,std of sliding-window FC; same stimulus-index timepoints concatenated,20,15
16,11,lP,22,Tel,1.231407127758574,875,0.19518706728442795,80,13,stim_data,std of sliding-window FC; same stimulus-index timepoints concatenated,20,15
16,11,lPO,25,Tel,1.5972895725725633,568,0.1451101449964365,80,13,stim_data,std of sliding-window FC; same stimulus-index timepoints concatenated,20,15
16,11,lSP,28,Tel,1.3712731940440057,822,0.21821673240513775,80,13,stim_data,std of sliding-window FC; same stimulus-index timepoints concatenated,20,15
16,11,rP,58,Tel,1.6274838194004198,703,0.19734763594635343,80,13,stim_data,std of sliding-window FC; same stimulus-index timepoints concatenated,20,15
16,11,rPO,61,Tel,1.5828504374539252,514,0.19018949907145136,80,13,stim_data,std of sliding-window FC; same stimulus-index timepoints concatenated,20,15
16,11,rSP,64,Tel,0.8449219250677052,614,0.19646934414893716,80,13,stim_data,std of sliding-window FC; same stimulus-index timepoints concatenated,20,15
16,11,lHb,16,Di,2.3676084202295034,285,0.30884276423896256,80,13,stim_data,std of sliding-window FC; same stimulus-index timepoints concatenated,20,15
16,11,lPT,24,Di,0.4045887279983318,380,0.25523009590229434,80,13,stim_data,std of sliding-window FC; same stimulus-index timepoints concatenated,20,15
16,11,lPrT,26,Di,-0.760839251044076,339,0.16902874688590855,80,13,stim_data,std of sliding-window FC; same stimulus-index timepoints concatenated,20,15
16,11,lTh,30,Di,-0.27932436463978083,941,0.2631101972224109,80,13,stim_data,std of sliding-window FC; same stimulus-index timepoints concatenated,20,15
16,11,rHb,52,Di,1.269284446459516,289,0.2551261932372426,80,13,stim_data,std of sliding-window FC; same stimulus-index timepoints concatenated,20,15
16,11,rPT,60,Di,0.6955220273189893,423,0.23226412566906676,80,13,stim_data,std of sliding-window FC; same stimulus-index timepoints concatenated,20,15
16,11,rPrT,62,Di,-0.8729101402526896,444,0.14389288591632712,80,13,stim_data,std of sliding-window FC; same stimulus-index timepoints concatenated,20,15
16,11,rTh,66,Di,0.12267948011021526,1123,0.20282724835743215,80,13,stim_data,std of sliding-window FC; same stimulus-index timepoints concatenated,20,15
16,11,lTS,32,Mes,-0.038289558822681,212,0.32111129826433493,80,13,stim_data,std of sliding-window FC; same stimulus-index timepoints concatenated,20,15
16,11,lTeO,29,Mes,-0.22102994971595435,6165,0.24234839453975915,80,13,stim_data,std of sliding-window FC; same stimulus-index timepoints concatenated,20,15
16,11,rTS,68,Mes,-0.0707917864782934,98,0.2421262725622217,80,13,stim_data,std of sliding-window FC; same stimulus-index timepoints concatenated,20,15
16,11,rTeO,65,Mes,-0.9360345644680327,6402,0.20736958815602644,80,13,stim_data,std of sliding-window FC; same stimulus-index timepoints concatenated,20,15
16,11,lCb,1,Hind,-0.23156409707923123,1796,0.19001762318431117,80,13,stim_data,std of sliding-window FC; same stimulus-index timepoints concatenated,20,15
16,11,lMON,0,Hind,-0.1885718314625819,979,0.17872900816369652,80,13,stim_data,std of sliding-window FC; same stimulus-index timepoints concatenated,20,15
16,11,lMOS1,2,Hind,0.20229532589358945,1451,0.10853069976503761,80,13,stim_data,std of sliding-window FC; same stimulus-index timepoints concatenated,20,15
16,11,lMOS2,3,Hind,-0.007147165310974443,563,0.11373959889333327,80,13,stim_data,std of sliding-window FC; same stimulus-index timepoints concatenated,20,15
16,11,lMOS3,4,Hind,-0.5280442068802194,1343,0.15432439959597463,80,13,stim_data,std of sliding-window FC; same stimulus-index timepoints concatenated,20,15
16,11,lMOS4,5,Hind,0.1781221791123736,1047,0.1199703932699824,80,13,stim_data,std of sliding-window FC; same stimulus-index timepoints concatenated,20,15
16,11,lMOS5,6,Hind,0.07904857777849517,1227,0.2596377693203299,80,13,stim_data,std of sliding-window FC; same stimulus-index timepoints concatenated,20,15
16,11,lNX,35,Hind,0.5159242026090447,658,0.1472570929588094,80,13,stim_data,std of sliding-window FC; same stimulus-index timepoints concatenated,20,15
16,11,lRa,10,Hind,-0.07359117253107073,342,0.14073090945560904,80,13,stim_data,std of sliding-window FC; same stimulus-index timepoints concatenated,20,15
16,11,lT,11,Hind,-0.7772193815657938,1109,0.1317565076086058,80,13,stim_data,std of sliding-window FC; same stimulus-index timepoints concatenated,20,15
16,11,laRF,12,Hind,-0.564318946902863,421,0.14729019034725854,80,13,stim_data,std of sliding-window FC; same stimulus-index timepoints concatenated,20,15
16,11,limRF,13,Hind,-1.4314709184810288,570,0.11530707560364269,80,13,stim_data,std of sliding-window FC; same stimulus-index timepoints concatenated,20,15
16,11,lpRF,14,Hind,-0.6214145198808102,752,0.18234246510471186,80,13,stim_data,std of sliding-window FC; same stimulus-index timepoints concatenated,20,15
16,11,rCb,37,Hind,-0.5336652505464933,1998,0.17430771523862362,80,13,stim_data,std of sliding-window FC; same stimulus-index timepoints concatenated,20,15
16,11,rMON,36,Hind,-0.20825183989935483,1277,0.263210690449792,80,13,stim_data,std of sliding-window FC; same stimulus-index timepoints concatenated,20,15
16,11,rMOS1,38,Hind,0.16364639867929043,1425,0.09813091763055887,80,13,stim_data,std of sliding-window FC; same stimulus-index timepoints concatenated,20,15
16,11,rMOS2,39,Hind,0.8422349936180663,609,0.10405500361289417,80,13,stim_data,std of sliding-window FC; same stimulus-index timepoints concatenated,20,15
16,11,rMOS3,40,Hind,-0.5651363701456422,1433,0.10532997167551073,80,13,stim_data,std of sliding-window FC; same stimulus-index timepoints concatenated,20,15
16,11,rMOS4,41,Hind,0.12590502818072719,1423,0.10936673808703722,80,13,stim_data,std of sliding-window FC; same stimulus-index timepoints concatenated,20,15
16,11,rMOS5,42,Hind,0.14031625821006288,1751,0.245242353745392,80,13,stim_data,std of sliding-window FC; same stimulus-index timepoints concatenated,20,15
16,11,rNX,71,Hind,-0.6893400895121092,618,0.11624737628277919,80,13,stim_data,std of sliding-window FC; same stimulus-index timepoints concatenated,20,15
16,11,rRa,46,Hind,-0.7676411283127857,202,0.15388946098710543,80,13,stim_data,std of sliding-window FC; same stimulus-index timepoints concatenated,20,15
16,11,rT,47,Hind,-1.0407411074881572,1238,0.13114884954239917,80,13,stim_data,std of sliding-window FC; same stimulus-index timepoints concatenated,20,15
16,11,raRF,48,Hind,-0.6631233902290617,387,0.10352194165674877,80,13,stim_data,std of sliding-window FC; same stimulus-index timepoints concatenated,20,15
16,11,rimRF,49,Hind,-1.54619502907132,499,0.14685370432134298,80,13,stim_data,std of sliding-window FC; same stimulus-index timepoints concatenated,20,15
16,11,rpRF,50,Hind,0.10367599956677641,804,0.2059328348390472,80,13,stim_data,std of sliding-window FC; same stimulus-index timepoints concatenated,20,15
16,12,lOB,20,Tel,0.8396904821626903,330,0.3413431761261695,80,13,stim_data,std of sliding-window FC; same stimulus-index timepoints concatenated,20,15
16,12,lP,22,Tel,1.231407127758574,875,0.32244485642602333,80,13,stim_data,std of sliding-window FC; same stimulus-index timepoints concatenated,20,15
16,12,lPO,25,Tel,1.5972895725725633,568,0.32300252547327896,80,13,stim_data,std of sliding-window FC; same stimulus-index timepoints concatenated,20,15
16,12,lSP,28,Tel,1.3712731940440057,822,0.3237843852907471,80,13,stim_data,std of sliding-window FC; same stimulus-index timepoints concatenated,20,15
16,12,rP,58,Tel,1.6274838194004198,703,0.38468338556214454,80,13,stim_data,std of sliding-window FC; same stimulus-index timepoints concatenated,20,15
16,12,rPO,61,Tel,1.5828504374539252,514,0.3258892995553022,80,13,stim_data,std of sliding-window FC; same stimulus-index timepoints concatenated,20,15
16,12,rSP,64,Tel,0.8449219250677052,614,0.3824709574933094,80,13,stim_data,std of sliding-window FC; same stimulus-index timepoints concatenated,20,15
16,12,lHb,16,Di,2.3676084202295034,285,0.30504168414691296,80,13,stim_data,std of sliding-window FC; same stimulus-index timepoints concatenated,20,15
16,12,lPT,24,Di,0.4045887279983318,380,0.28078532602560674,80,13,stim_data,std of sliding-window FC; same stimulus-index timepoints concatenated,20,15
16,12,lPrT,26,Di,-0.760839251044076,339,0.24417244720924003,80,13,stim_data,std of sliding-window FC; same stimulus-index timepoints concatenated,20,15
16,12,lTh,30,Di,-0.27932436463978083,941,0.2858235649208626,80,13,stim_data,std of sliding-window FC; same stimulus-index timepoints concatenated,20,15
16,12,rHb,52,Di,1.269284446459516,289,0.22934500747769582,80,13,stim_data,std of sliding-window FC; same stimulus-index timepoints concatenated,20,15
16,12,rPT,60,Di,0.6955220273189893,423,0.32506050038729545,80,13,stim_data,std of sliding-window FC; same stimulus-index timepoints concatenated,20,15
16,12,rPrT,62,Di,-0.8729101402526896,444,0.27816035456637095,80,13,stim_data,std of sliding-window FC; same stimulus-index timepoints concatenated,20,15
16,12,rTh,66,Di,0.12267948011021526,1123,0.3273037088860258,80,13,stim_data,std of sliding-window FC; same stimulus-index timepoints concatenated,20,15
16,12,lTS,32,Mes,-0.038289558822681,212,0.36624894331810776,80,13,stim_data,std of sliding-window FC; same stimulus-index timepoints concatenated,20,15
16,12,lTeO,29,Mes,-0.22102994971595435,6165,0.25184983301605235,80,13,stim_data,std of sliding-window FC; same stimulus-index timepoints concatenated,20,15
16,12,rTS,68,Mes,-0.0707917864782934,98,0.37419581598965057,80,13,stim_data,std of sliding-window FC; same stimulus-index timepoints concatenated,20,15
16,12,rTeO,65,Mes,-0.9360345644680327,6402,0.37918434726630507,80,13,stim_data,std of sliding-window FC; same stimulus-index timepoints concatenated,20,15
16,12,lCb,1,Hind,-0.23156409707923123,1796,0.22116419986047745,80,13,stim_data,std of sliding-window FC; same stimulus-index timepoints concatenated,20,15
16,12,lMON,0,Hind,-0.1885718314625819,979,0.35913356938688196,80,13,stim_data,std of sliding-window FC; same stimulus-index timepoints concatenated,20,15
16,12,lMOS1,2,Hind,0.20229532589358945,1451,0.19901327214141107,80,13,stim_data,std of sliding-window FC; same stimulus-index timepoints concatenated,20,15
16,12,lMOS2,3,Hind,-0.007147165310974443,563,0.26581396630297743,80,13,stim_data,std of sliding-window FC; same stimulus-index timepoints concatenated,20,15
16,12,lMOS3,4,Hind,-0.5280442068802194,1343,0.19275238666949435,80,13,stim_data,std of sliding-window FC; same stimulus-index timepoints concatenated,20,15
16,12,lMOS4,5,Hind,0.1781221791123736,1047,0.2606656477811724,80,13,stim_data,std of sliding-window FC; same stimulus-index timepoints concatenated,20,15
16,12,lMOS5,6,Hind,0.07904857777849517,1227,0.27616141648633846,80,13,stim_data,std of sliding-window FC; same stimulus-index timepoints concatenated,20,15
16,12,lNX,35,Hind,0.5159242026090447,658,0.27501569055072517,80,13,stim_data,std of sliding-window FC; same stimulus-index timepoints concatenated,20,15
16,12,lRa,10,Hind,-0.07359117253107073,342,0.21272645677845609,80,13,stim_data,std of sliding-window FC; same stimulus-index timepoints concatenated,20,15
16,12,lT,11,Hind,-0.7772193815657938,1109,0.2359802456064143,80,13,stim_data,std of sliding-window FC; same stimulus-index timepoints concatenated,20,15
16,12,laRF,12,Hind,-0.564318946902863,421,0.22891675858430952,80,13,stim_data,std of sliding-window FC; same stimulus-index timepoints concatenated,20,15
16,12,limRF,13,Hind,-1.4314709184810288,570,0.2186207398027098,80,13,stim_data,std of sliding-window FC; same stimulus-index timepoints concatenated,20,15
16,12,lpRF,14,Hind,-0.6214145198808102,752,0.2249367637873828,80,13,stim_data,std of sliding-window FC; same stimulus-index timepoints concatenated,20,15
16,12,rCb,37,Hind,-0.5336652505464933,1998,0.2654231300589627,80,13,stim_data,std of sliding-window FC; same stimulus-index timepoints concatenated,20,15
16,12,rMON,36,Hind,-0.20825183989935483,1277,0.3409614282395972,80,13,stim_data,std of sliding-window FC; same stimulus-index timepoints concatenated,20,15
16,12,rMOS1,38,Hind,0.16364639867929043,1425,0.3182999181703331,80,13,stim_data,std of sliding-window FC; same stimulus-index timepoints concatenated,20,15
16,12,rMOS2,39,Hind,0.8422349936180663,609,0.2848835452411764,80,13,stim_data,std of sliding-window FC; same stimulus-index timepoints concatenated,20,15
16,12,rMOS3,40,Hind,-0.5651363701456422,1433,0.3563664899640196,80,13,stim_data,std of sliding-window FC; same stimulus-index timepoints concatenated,20,15
16,12,rMOS4,41,Hind,0.12590502818072719,1423,0.2717856763657444,80,13,stim_data,std of sliding-window FC; same stimulus-index timepoints concatenated,20,15
16,12,rMOS5,42,Hind,0.14031625821006288,1751,0.35412898374695256,80,13,stim_data,std of sliding-window FC; same stimulus-index timepoints concatenated,20,15
16,12,rNX,71,Hind,-0.6893400895121092,618,0.27061404294837793,80,13,stim_data,std of sliding-window FC; same stimulus-index timepoints concatenated,20,15
16,12,rRa,46,Hind,-0.7676411283127857,202,0.2768570565134544,80,13,stim_data,std of sliding-window FC; same stimulus-index timepoints concatenated,20,15
16,12,rT,47,Hind,-1.0407411074881572,1238,0.23500832961283066,80,13,stim_data,std of sliding-window FC; same stimulus-index timepoints concatenated,20,15
16,12,raRF,48,Hind,-0.6631233902290617,387,0.2809700456625006,80,13,stim_data,std of sliding-window FC; same stimulus-index timepoints concatenated,20,15
16,12,rimRF,49,Hind,-1.54619502907132,499,0.2240309063639847,80,13,stim_data,std of sliding-window FC; same stimulus-index timepoints concatenated,20,15
16,12,rpRF,50,Hind,0.10367599956677641,804,0.36271197299334035,80,13,stim_data,std of sliding-window FC; same stimulus-index timepoints concatenated,20,15
17,3,lOB,20,Tel,0.8396904821626903,213,0.47360186690933764,848,166,stim_data,std of sliding-window FC; same stimulus-index timepoints concatenated,20,15
17,3,lP,22,Tel,1.231407127758574,859,0.3845711379952221,848,166,stim_data,std of sliding-window FC; same stimulus-index timepoints concatenated,20,15
17,3,lPO,25,Tel,1.5972895725725633,558,0.37968542195068483,848,166,stim_data,std of sliding-window FC; same stimulus-index timepoints concatenated,20,15
17,3,lSP,28,Tel,1.3712731940440057,804,0.40085558385249825,848,166,stim_data,std of sliding-window FC; same stimulus-index timepoints concatenated,20,15
17,3,rP,58,Tel,1.6274838194004198,1036,0.39153745690097014,848,166,stim_data,std of sliding-window FC; same stimulus-index timepoints concatenated,20,15
17,3,rPO,61,Tel,1.5828504374539252,530,0.34029630128748756,848,166,stim_data,std of sliding-window FC; same stimulus-index timepoints concatenated,20,15
17,3,rSP,64,Tel,0.8449219250677052,789,0.38902874362215295,848,166,stim_data,std of sliding-window FC; same stimulus-index timepoints concatenated,20,15
17,3,lHb,16,Di,2.3676084202295034,420,0.3537593513314402,848,166,stim_data,std of sliding-window FC; same stimulus-index timepoints concatenated,20,15
17,3,lPT,24,Di,0.4045887279983318,320,0.43140686264165623,848,166,stim_data,std of sliding-window FC; same stimulus-index timepoints concatenated,20,15
17,3,lPrT,26,Di,-0.760839251044076,384,0.33511270745347255,848,166,stim_data,std of sliding-window FC; same stimulus-index timepoints concatenated,20,15
17,3,lTh,30,Di,-0.27932436463978083,764,0.3878115699483415,848,166,stim_data,std of sliding-window FC; same stimulus-index timepoints concatenated,20,15
17,3,rHb,52,Di,1.269284446459516,349,0.36865620713918884,848,166,stim_data,std of sliding-window FC; same stimulus-index timepoints concatenated,20,15
17,3,rPT,60,Di,0.6955220273189893,350,0.3748233257910832,848,166,stim_data,std of sliding-window FC; same stimulus-index timepoints concatenated,20,15
17,3,rPrT,62,Di,-0.8729101402526896,507,0.3196743666461734,848,166,stim_data,std of sliding-window FC; same stimulus-index timepoints concatenated,20,15
17,3,rTh,66,Di,0.12267948011021526,1006,0.32305760093831337,848,166,stim_data,std of sliding-window FC; same stimulus-index timepoints concatenated,20,15
17,3,lTS,32,Mes,-0.038289558822681,353,0.40143395469214255,848,166,stim_data,std of sliding-window FC; same stimulus-index timepoints concatenated,20,15
17,3,lTeO,29,Mes,-0.22102994971595435,7904,0.3471796535976701,848,166,stim_data,std of sliding-window FC; same stimulus-index timepoints concatenated,20,15
17,3,rTS,68,Mes,-0.0707917864782934,145,0.3210560062222969,848,166,stim_data,std of sliding-window FC; same stimulus-index timepoints concatenated,20,15
17,3,rTeO,65,Mes,-0.9360345644680327,7951,0.34841035673739795,848,166,stim_data,std of sliding-window FC; same stimulus-index timepoints concatenated,20,15
17,3,lCb,1,Hind,-0.23156409707923123,2094,0.3249873962870423,848,166,stim_data,std of sliding-window FC; same stimulus-index timepoints concatenated,20,15
17,3,lMON,0,Hind,-0.1885718314625819,814,0.40529682759831637,848,166,stim_data,std of sliding-window FC; same stimulus-index timepoints concatenated,20,15
17,3,lMOS1,2,Hind,0.20229532589358945,1271,0.331489679286023,848,166,stim_data,std of sliding-window FC; same stimulus-index timepoints concatenated,20,15
17,3,lMOS2,3,Hind,-0.007147165310974443,373,0.3318743042790132,848,166,stim_data,std of sliding-window FC; same stimulus-index timepoints concatenated,20,15
17,3,lMOS3,4,Hind,-0.5280442068802194,1049,0.3743079043371592,848,166,stim_data,std of sliding-window FC; same stimulus-index timepoints concatenated,20,15
17,3,lMOS4,5,Hind,0.1781221791123736,897,0.309082952799289,848,166,stim_data,std of sliding-window FC; same stimulus-index timepoints concatenated,20,15
17,3,lMOS5,6,Hind,0.07904857777849517,997,0.3802390953467951,848,166,stim_data,std of sliding-window FC; same stimulus-index timepoints concatenated,20,15
17,3,lNX,35,Hind,0.5159242026090447,289,0.39576477858654574,848,166,stim_data,std of sliding-window FC; same stimulus-index timepoints concatenated,20,15
17,3,lRa,10,Hind,-0.07359117253107073,308,0.436376758246771,848,166,stim_data,std of sliding-window FC; same stimulus-index timepoints concatenated,20,15
17,3,lT,11,Hind,-0.7772193815657938,1187,0.3287649498749103,848,166,stim_data,std of sliding-window FC; same stimulus-index timepoints concatenated,20,15
17,3,laRF,12,Hind,-0.564318946902863,360,0.3400516726397309,848,166,stim_data,std of sliding-window FC; same stimulus-index timepoints concatenated,20,15
17,3,limRF,13,Hind,-1.4314709184810288,427,0.3144673573375674,848,166,stim_data,std of sliding-window FC; same stimulus-index timepoints concatenated,20,15
17,3,lpRF,14,Hind,-0.6214145198808102,659,0.35852111388386604,848,166,stim_data,std of sliding-window FC; same stimulus-index timepoints concatenated,20,15
17,3,rCb,37,Hind,-0.5336652505464933,2225,0.32254368412313333,848,166,stim_data,std of sliding-window FC; same stimulus-index timepoints concatenated,20,15
17,3,rMON,36,Hind,-0.20825183989935483,960,0.4233332456999227,848,166,stim_data,std of sliding-window FC; same stimulus-index timepoints concatenated,20,15
17,3,rMOS1,38,Hind,0.16364639867929043,1381,0.380544896840987,848,166,stim_data,std of sliding-window FC; same stimulus-index timepoints concatenated,20,15
17,3,rMOS2,39,Hind,0.8422349936180663,388,0.3559661655917111,848,166,stim_data,std of sliding-window FC; same stimulus-index timepoints concatenated,20,15
17,3,rMOS3,40,Hind,-0.5651363701456422,1340,0.451139553274459,848,166,stim_data,std of sliding-window FC; same stimulus-index timepoints concatenated,20,15
17,3,rMOS4,41,Hind,0.12590502818072719,1159,0.35814916697483606,848,166,stim_data,std of sliding-window FC; same stimulus-index timepoints concatenated,20,15
17,3,rMOS5,42,Hind,0.14031625821006288,1456,0.4239493034422578,848,166,stim_data,std of sliding-window FC; same stimulus-index timepoints concatenated,20,15
17,3,rNX,71,Hind,-0.6893400895121092,587,0.4319163866024534,848,166,stim_data,std of sliding-window FC; same stimulus-index timepoints concatenated,20,15
17,3,rRa,46,Hind,-0.7676411283127857,224,0.41083687781553224,848,166,stim_data,std of sliding-window FC; same stimulus-index timepoints concatenated,20,15
17,3,rT,47,Hind,-1.0407411074881572,1185,0.31161942384678337,848,166,stim_data,std of sliding-window FC; same stimulus-index timepoints concatenated,20,15
17,3,raRF,48,Hind,-0.6631233902290617,228,0.3524589665450343,848,166,stim_data,std of sliding-window FC; same stimulus-index timepoints concatenated,20,15
17,3,rimRF,49,Hind,-1.54619502907132,298,0.3293827183169671,848,166,stim_data,std of sliding-window FC; same stimulus-index timepoints concatenated,20,15
17,3,rpRF,50,Hind,0.10367599956677641,560,0.3472579460154197,848,166,stim_data,std of sliding-window FC; same stimulus-index timepoints concatenated,20,15
17,9,lOB,20,Tel,0.8396904821626903,213,0.4468586025717835,192,35,stim_data,std of sliding-window FC; same stimulus-index timepoints concatenated,20,15
17,9,lP,22,Tel,1.231407127758574,859,0.4270791903107828,192,35,stim_data,std of sliding-window FC; same stimulus-index timepoints concatenated,20,15
17,9,lPO,25,Tel,1.5972895725725633,558,0.35691945633606553,192,35,stim_data,std of sliding-window FC; same stimulus-index timepoints concatenated,20,15
17,9,lSP,28,Tel,1.3712731940440057,804,0.44143525518149357,192,35,stim_data,std of sliding-window FC; same stimulus-index timepoints concatenated,20,15
17,9,rP,58,Tel,1.6274838194004198,1036,0.4081208354248156,192,35,stim_data,std of sliding-window FC; same stimulus-index timepoints concatenated,20,15
17,9,rPO,61,Tel,1.5828504374539252,530,0.40589348221206817,192,35,stim_data,std of sliding-window FC; same stimulus-index timepoints concatenated,20,15
17,9,rSP,64,Tel,0.8449219250677052,789,0.43330378597796815,192,35,stim_data,std of sliding-window FC; same stimulus-index timepoints concatenated,20,15
17,9,lHb,16,Di,2.3676084202295034,420,0.34652160291485107,192,35,stim_data,std of sliding-window FC; same stimulus-index timepoints concatenated,20,15
17,9,lPT,24,Di,0.4045887279983318,320,0.34687794653482323,192,35,stim_data,std of sliding-window FC; same stimulus-index timepoints concatenated,20,15
17,9,lPrT,26,Di,-0.760839251044076,384,0.3988827720999369,192,35,stim_data,std of sliding-window FC; same stimulus-index timepoints concatenated,20,15
17,9,lTh,30,Di,-0.27932436463978083,764,0.3837497150012459,192,35,stim_data,std of sliding-window FC; same stimulus-index timepoints concatenated,20,15
17,9,rHb,52,Di,1.269284446459516,349,0.4166027578441869,192,35,stim_data,std of sliding-window FC; same stimulus-index timepoints concatenated,20,15
17,9,rPT,60,Di,0.6955220273189893,350,0.3627015045363886,192,35,stim_data,std of sliding-window FC; same stimulus-index timepoints concatenated,20,15
17,9,rPrT,62,Di,-0.8729101402526896,507,0.35904175395443155,192,35,stim_data,std of sliding-window FC; same stimulus-index timepoints concatenated,20,15
17,9,rTh,66,Di,0.12267948011021526,1006,0.3741431355825583,192,35,stim_data,std of sliding-window FC; same stimulus-index timepoints concatenated,20,15
17,9,lTS,32,Mes,-0.038289558822681,353,0.36252582371697545,192,35,stim_data,std of sliding-window FC; same stimulus-index timepoints concatenated,20,15
17,9,lTeO,29,Mes,-0.22102994971595435,7904,0.4002623290730707,192,35,stim_data,std of sliding-window FC; same stimulus-index timepoints concatenated,20,15
17,9,rTS,68,Mes,-0.0707917864782934,145,0.31691810355997296,192,35,stim_data,std of sliding-window FC; same stimulus-index timepoints concatenated,20,15
17,9,rTeO,65,Mes,-0.9360345644680327,7951,0.4392396372659242,192,35,stim_data,std of sliding-window FC; same stimulus-index timepoints concatenated,20,15
17,9,lCb,1,Hind,-0.23156409707923123,2094,0.3656551112542941,192,35,stim_data,std of sliding-window FC; same stimulus-index timepoints concatenated,20,15
17,9,lMON,0,Hind,-0.1885718314625819,814,0.41023258717391786,192,35,stim_data,std of sliding-window FC; same stimulus-index timepoints concatenated,20,15
17,9,lMOS1,2,Hind,0.20229532589358945,1271,0.3084033611151977,192,35,stim_data,std of sliding-window FC; same stimulus-index timepoints concatenated,20,15
17,9,lMOS2,3,Hind,-0.007147165310974443,373,0.3196473038094027,192,35,stim_data,std of sliding-window FC; same stimulus-index timepoints concatenated,20,15
17,9,lMOS3,4,Hind,-0.5280442068802194,1049,0.336514266884498,192,35,stim_data,std of sliding-window FC; same stimulus-index timepoints concatenated,20,15
17,9,lMOS4,5,Hind,0.1781221791123736,897,0.31084440471584673,192,35,stim_data,std of sliding-window FC; same stimulus-index timepoints concatenated,20,15
17,9,lMOS5,6,Hind,0.07904857777849517,997,0.34090335258987464,192,35,stim_data,std of sliding-window FC; same stimulus-index timepoints concatenated,20,15
17,9,lNX,35,Hind,0.5159242026090447,289,0.31118004938250565,192,35,stim_data,std of sliding-window FC; same stimulus-index timepoints concatenated,20,15
17,9,lRa,10,Hind,-0.07359117253107073,308,0.4335508149363431,192,35,stim_data,std of sliding-window FC; same stimulus-index timepoints concatenated,20,15
17,9,lT,11,Hind,-0.7772193815657938,1187,0.32888304924915607,192,35,stim_data,std of sliding-window FC; same stimulus-index timepoints concatenated,20,15
17,9,laRF,12,Hind,-0.564318946902863,360,0.3563339768049007,192,35,stim_data,std of sliding-window FC; same stimulus-index timepoints concatenated,20,15
17,9,limRF,13,Hind,-1.4314709184810288,427,0.3175221788884055,192,35,stim_data,std of sliding-window FC; same stimulus-index timepoints concatenated,20,15
17,9,lpRF,14,Hind,-0.6214145198808102,659,0.33008078572358435,192,35,stim_data,std of sliding-window FC; same stimulus-index timepoints concatenated,20,15
17,9,rCb,37,Hind,-0.5336652505464933,2225,0.3523287134608641,192,35,stim_data,std of sliding-window FC; same stimulus-index timepoints concatenated,20,15
17,9,rMON,36,Hind,-0.20825183989935483,960,0.3980769599891916,192,35,stim_data,std of sliding-window FC; same stimulus-index timepoints concatenated,20,15
17,9,rMOS1,38,Hind,0.16364639867929043,1381,0.29756066596782654,192,35,stim_data,std of sliding-window FC; same stimulus-index timepoints concatenated,20,15
17,9,rMOS2,39,Hind,0.8422349936180663,388,0.3025022966357872,192,35,stim_data,std of sliding-window FC; same stimulus-index timepoints concatenated,20,15
17,9,rMOS3,40,Hind,-0.5651363701456422,1340,0.3212257924994026,192,35,stim_data,std of sliding-window FC; same stimulus-index timepoints concatenated,20,15
17,9,rMOS4,41,Hind,0.12590502818072719,1159,0.3334242170289285,192,35,stim_data,std of sliding-window FC; same stimulus-index timepoints concatenated,20,15
17,9,rMOS5,42,Hind,0.14031625821006288,1456,0.34200087076801655,192,35,stim_data,std of sliding-window FC; same stimulus-index timepoints concatenated,20,15
17,9,rNX,71,Hind,-0.6893400895121092,587,0.3299369064693929,192,35,stim_data,std of sliding-window FC; same stimulus-index timepoints concatenated,20,15
17,9,rRa,46,Hind,-0.7676411283127857,224,0.39198781136693595,192,35,stim_data,std of sliding-window FC; same stimulus-index timepoints concatenated,20,15
17,9,rT,47,Hind,-1.0407411074881572,1185,0.3415886088977238,192,35,stim_data,std of sliding-window FC; same stimulus-index timepoints concatenated,20,15
17,9,raRF,48,Hind,-0.6631233902290617,228,0.28714042292679504,192,35,stim_data,std of sliding-window FC; same stimulus-index timepoints concatenated,20,15
17,9,rimRF,49,Hind,-1.54619502907132,298,0.2997445135344658,192,35,stim_data,std of sliding-window FC; same stimulus-index timepoints concatenated,20,15
17,9,rpRF,50,Hind,0.10367599956677641,560,0.2984571857701589,192,35,stim_data,std of sliding-window FC; same stimulus-index timepoints concatenated,20,15
17,10,lOB,20,Tel,0.8396904821626903,213,0.4264643678092765,192,35,stim_data,std of sliding-window FC; same stimulus-index timepoints concatenated,20,15
17,10,lP,22,Tel,1.231407127758574,859,0.11282176702494663,192,35,stim_data,std of sliding-window FC; same stimulus-index timepoints concatenated,20,15
17,10,lPO,25,Tel,1.5972895725725633,558,0.0771999321117251,192,35,stim_data,std of sliding-window FC; same stimulus-index timepoints concatenated,20,15
17,10,lSP,28,Tel,1.3712731940440057,804,0.09890224474735733,192,35,stim_data,std of sliding-window FC; same stimulus-index timepoints concatenated,20,15
17,10,rP,58,Tel,1.6274838194004198,1036,0.13808378163536983,192,35,stim_data,std of sliding-window FC; same stimulus-index timepoints concatenated,20,15
17,10,rPO,61,Tel,1.5828504374539252,530,0.07954969741178695,192,35,stim_data,std of sliding-window FC; same stimulus-index timepoints concatenated,20,15
17,10,rSP,64,Tel,0.8449219250677052,789,0.09405213441009946,192,35,stim_data,std of sliding-window FC; same stimulus-index timepoints concatenated,20,15
17,10,lHb,16,Di,2.3676084202295034,420,0.12985902011775066,192,35,stim_data,std of sliding-window FC; same stimulus-index timepoints concatenated,20,15
17,10,lPT,24,Di,0.4045887279983318,320,0.07492875948462911,192,35,stim_data,std of sliding-window FC; same stimulus-index timepoints concatenated,20,15
17,10,lPrT,26,Di,-0.760839251044076,384,0.07654047174424332,192,35,stim_data,std of sliding-window FC; same stimulus-index timepoints concatenated,20,15
17,10,lTh,30,Di,-0.27932436463978083,764,0.11130873130219415,192,35,stim_data,std of sliding-window FC; same stimulus-index timepoints concatenated,20,15
17,10,rHb,52,Di,1.269284446459516,349,0.1369544347124885,192,35,stim_data,std of sliding-window FC; same stimulus-index timepoints concatenated,20,15
17,10,rPT,60,Di,0.6955220273189893,350,0.09476512856617662,192,35,stim_data,std of sliding-window FC; same stimulus-index timepoints concatenated,20,15
17,10,rPrT,62,Di,-0.8729101402526896,507,0.06778926090097809,192,35,stim_data,std of sliding-window FC; same stimulus-index timepoints concatenated,20,15
17,10,rTh,66,Di,0.12267948011021526,1006,0.09377479463359163,192,35,stim_data,std of sliding-window FC; same stimulus-index timepoints concatenated,20,15
17,10,lTS,32,Mes,-0.038289558822681,353,0.296185105057353,192,35,stim_data,std of sliding-window FC; same stimulus-index timepoints concatenated,20,15
17,10,lTeO,29,Mes,-0.22102994971595435,7904,0.13771133177267772,192,35,stim_data,std of sliding-window FC; same stimulus-index timepoints concatenated,20,15
17,10,rTS,68,Mes,-0.0707917864782934,145,0.16852859857460672,192,35,stim_data,std of sliding-window FC; same stimulus-index timepoints concatenated,20,15
17,10,rTeO,65,Mes,-0.9360345644680327,7951,0.11359040856104928,192,35,stim_data,std of sliding-window FC; same stimulus-index timepoints concatenated,20,15
17,10,lCb,1,Hind,-0.23156409707923123,2094,0.07452090169354308,192,35,stim_data,std of sliding-window FC; same stimulus-index timepoints concatenated,20,15
17,10,lMON,0,Hind,-0.1885718314625819,814,0.21139932203852654,192,35,stim_data,std of sliding-window FC; same stimulus-index timepoints concatenated,20,15
17,10,lMOS1,2,Hind,0.20229532589358945,1271,0.06529473354428662,192,35,stim_data,std of sliding-window FC; same stimulus-index timepoints concatenated,20,15
17,10,lMOS2,3,Hind,-0.007147165310974443,373,0.06330120618658414,192,35,stim_data,std of sliding-window FC; same stimulus-index timepoints concatenated,20,15
17,10,lMOS3,4,Hind,-0.5280442068802194,1049,0.06639862806091898,192,35,stim_data,std of sliding-window FC; same stimulus-index timepoints concatenated,20,15
17,10,lMOS4,5,Hind,0.1781221791123736,897,0.06744392936558158,192,35,stim_data,std of sliding-window FC; same stimulus-index timepoints concatenated,20,15
17,10,lMOS5,6,Hind,0.07904857777849517,997,0.16333411312729204,192,35,stim_data,std of sliding-window FC; same stimulus-index timepoints concatenated,20,15
17,10,lNX,35,Hind,0.5159242026090447,289,0.06683442197023957,192,35,stim_data,std of sliding-window FC; same stimulus-index timepoints concatenated,20,15
17,10,lRa,10,Hind,-0.07359117253107073,308,0.08915167602916188,192,35,stim_data,std of sliding-window FC; same stimulus-index timepoints concatenated,20,15
17,10,lT,11,Hind,-0.7772193815657938,1187,0.09025548309302736,192,35,stim_data,std of sliding-window FC; same stimulus-index timepoints concatenated,20,15
17,10,laRF,12,Hind,-0.564318946902863,360,0.070200899767742,192,35,stim_data,std of sliding-window FC; same stimulus-index timepoints concatenated,20,15
17,10,limRF,13,Hind,-1.4314709184810288,427,0.06783720308351313,192,35,stim_data,std of sliding-window FC; same stimulus-index timepoints concatenated,20,15
17,10,lpRF,14,Hind,-0.6214145198808102,659,0.0763619436946379,192,35,stim_data,std of sliding-window FC; same stimulus-index timepoints concatenated,20,15
17,10,rCb,37,Hind,-0.5336652505464933,2225,0.1022140524398718,192,35,stim_data,std of sliding-window FC; same stimulus-index timepoints concatenated,20,15
17,10,rMON,36,Hind,-0.20825183989935483,960,0.21266654470146104,192,35,stim_data,std of sliding-window FC; same stimulus-index timepoints concatenated,20,15
17,10,rMOS1,38,Hind,0.16364639867929043,1381,0.06518704252933122,192,35,stim_data,std of sliding-window FC; same stimulus-index timepoints concatenated,20,15
17,10,rMOS2,39,Hind,0.8422349936180663,388,0.06839446958253129,192,35,stim_data,std of sliding-window FC; same stimulus-index timepoints concatenated,20,15
17,10,rMOS3,40,Hind,-0.5651363701456422,1340,0.0668369859144868,192,35,stim_data,std of sliding-window FC; same stimulus-index timepoints concatenated,20,15
17,10,rMOS4,41,Hind,0.12590502818072719,1159,0.0658250915160087,192,35,stim_data,std of sliding-window FC; same stimulus-index timepoints concatenated,20,15
17,10,rMOS5,42,Hind,0.14031625821006288,1456,0.19151919620745553,192,35,stim_data,std of sliding-window FC; same stimulus-index timepoints concatenated,20,15
17,10,rNX,71,Hind,-0.6893400895121092,587,0.06586580127857468,192,35,stim_data,std of sliding-window FC; same stimulus-index timepoints concatenated,20,15
17,10,rRa,46,Hind,-0.7676411283127857,224,0.0870871524026575,192,35,stim_data,std of sliding-window FC; same stimulus-index timepoints concatenated,20,15
17,10,rT,47,Hind,-1.0407411074881572,1185,0.06536380245609862,192,35,stim_data,std of sliding-window FC; same stimulus-index timepoints concatenated,20,15
17,10,raRF,48,Hind,-0.6631233902290617,228,0.06633293573255461,192,35,stim_data,std of sliding-window FC; same stimulus-index timepoints concatenated,20,15
17,10,rimRF,49,Hind,-1.54619502907132,298,0.07077609391086183,192,35,stim_data,std of sliding-window FC; same stimulus-index timepoints concatenated,20,15
17,10,rpRF,50,Hind,0.10367599956677641,560,0.07096006306541594,192,35,stim_data,std of sliding-window FC; same stimulus-index timepoints concatenated,20,15
17,11,lOB,20,Tel,0.8396904821626903,213,0.4138443598336136,192,35,stim_data,std of sliding-window FC; same stimulus-index timepoints concatenated,20,15
17,11,lP,22,Tel,1.231407127758574,859,0.4378200245543138,192,35,stim_data,std of sliding-window FC; same stimulus-index timepoints concatenated,20,15
17,11,lPO,25,Tel,1.5972895725725633,558,0.4008691928660953,192,35,stim_data,std of sliding-window FC; same stimulus-index timepoints concatenated,20,15
17,11,lSP,28,Tel,1.3712731940440057,804,0.441402689569485,192,35,stim_data,std of sliding-window FC; same stimulus-index timepoints concatenated,20,15
17,11,rP,58,Tel,1.6274838194004198,1036,0.4317987209058517,192,35,stim_data,std of sliding-window FC; same stimulus-index timepoints concatenated,20,15
17,11,rPO,61,Tel,1.5828504374539252,530,0.404215165968656,192,35,stim_data,std of sliding-window FC; same stimulus-index timepoints concatenated,20,15
17,11,rSP,64,Tel,0.8449219250677052,789,0.41870724552930044,192,35,stim_data,std of sliding-window FC; same stimulus-index timepoints concatenated,20,15
17,11,lHb,16,Di,2.3676084202295034,420,0.3413955680247674,192,35,stim_data,std of sliding-window FC; same stimulus-index timepoints concatenated,20,15
17,11,lPT,24,Di,0.4045887279983318,320,0.4016313146804564,192,35,stim_data,std of sliding-window FC; same stimulus-index timepoints concatenated,20,15
17,11,lPrT,26,Di,-0.760839251044076,384,0.3911622386074011,192,35,stim_data,std of sliding-window FC; same stimulus-index timepoints concatenated,20,15
17,11,lTh,30,Di,-0.27932436463978083,764,0.41828708130139974,192,35,stim_data,std of sliding-window FC; same stimulus-index timepoints concatenated,20,15
17,11,rHb,52,Di,1.269284446459516,349,0.4276527193684707,192,35,stim_data,std of sliding-window FC; same stimulus-index timepoints concatenated,20,15
17,11,rPT,60,Di,0.6955220273189893,350,0.37616410666387023,192,35,stim_data,std of sliding-window FC; same stimulus-index timepoints concatenated,20,15
17,11,rPrT,62,Di,-0.8729101402526896,507,0.3484703112611141,192,35,stim_data,std of sliding-window FC; same stimulus-index timepoints concatenated,20,15
17,11,rTh,66,Di,0.12267948011021526,1006,0.3613068921185322,192,35,stim_data,std of sliding-window FC; same stimulus-index timepoints concatenated,20,15
17,11,lTS,32,Mes,-0.038289558822681,353,0.3752225388403966,192,35,stim_data,std of sliding-window FC; same stimulus-index timepoints concatenated,20,15
17,11,lTeO,29,Mes,-0.22102994971595435,7904,0.3967937703685672,192,35,stim_data,std of sliding-window FC; same stimulus-index timepoints concatenated,20,15
17,11,rTS,68,Mes,-0.0707917864782934,145,0.29650880824653514,192,35,stim_data,std of sliding-window FC; same stimulus-index timepoints concatenated,20,15
17,11,rTeO,65,Mes,-0.9360345644680327,7951,0.4203441842567315,192,35,stim_data,std of sliding-window FC; same stimulus-index timepoints concatenated,20,15
17,11,lCb,1,Hind,-0.23156409707923123,2094,0.34492124146635944,192,35,stim_data,std of sliding-window FC; same stimulus-index timepoints concatenated,20,15
17,11,lMON,0,Hind,-0.1885718314625819,814,0.41194524264808813,192,35,stim_data,std of sliding-window FC; same stimulus-index timepoints concatenated,20,15
17,11,lMOS1,2,Hind,0.20229532589358945,1271,0.3806193471381775,192,35,stim_data,std of sliding-window FC; same stimulus-index timepoints concatenated,20,15
17,11,lMOS2,3,Hind,-0.007147165310974443,373,0.3731867068127546,192,35,stim_data,std of sliding-window FC; same stimulus-index timepoints concatenated,20,15
17,11,lMOS3,4,Hind,-0.5280442068802194,1049,0.3709522570991874,192,35,stim_data,std of sliding-window FC; same stimulus-index timepoints concatenated,20,15
17,11,lMOS4,5,Hind,0.1781221791123736,897,0.3513756656056294,192,35,stim_data,std of sliding-window FC; same stimulus-index timepoints concatenated,20,15
17,11,lMOS5,6,Hind,0.07904857777849517,997,0.3914096228784951,192,35,stim_data,std of sliding-window FC; same stimulus-index timepoints concatenated,20,15
17,11,lNX,35,Hind,0.5159242026090447,289,0.41933472382497095,192,35,stim_data,std of sliding-window FC; same stimulus-index timepoints concatenated,20,15
17,11,lRa,10,Hind,-0.07359117253107073,308,0.39346671060509575,192,35,stim_data,std of sliding-window FC; same stimulus-index timepoints concatenated,20,15
17,11,lT,11,Hind,-0.7772193815657938,1187,0.37016826461357294,192,35,stim_data,std of sliding-window FC; same stimulus-index timepoints concatenated,20,15
17,11,laRF,12,Hind,-0.564318946902863,360,0.34352886953655815,192,35,stim_data,std of sliding-window FC; same stimulus-index timepoints concatenated,20,15
17,11,limRF,13,Hind,-1.4314709184810288,427,0.36741920672044565,192,35,stim_data,std of sliding-window FC; same stimulus-index timepoints concatenated,20,15
17,11,lpRF,14,Hind,-0.6214145198808102,659,0.3719725986484693,192,35,stim_data,std of sliding-window FC; same stimulus-index timepoints concatenated,20,15
17,11,rCb,37,Hind,-0.5336652505464933,2225,0.3587696997107775,192,35,stim_data,std of sliding-window FC; same stimulus-index timepoints concatenated,20,15
17,11,rMON,36,Hind,-0.20825183989935483,960,0.311193413033894,192,35,stim_data,std of sliding-window FC; same stimulus-index timepoints concatenated,20,15
17,11,rMOS1,38,Hind,0.16364639867929043,1381,0.3230619499489066,192,35,stim_data,std of sliding-window FC; same stimulus-index timepoints concatenated,20,15
17,11,rMOS2,39,Hind,0.8422349936180663,388,0.3194727116790388,192,35,stim_data,std of sliding-window FC; same stimulus-index timepoints concatenated,20,15
17,11,rMOS3,40,Hind,-0.5651363701456422,1340,0.3393120136223472,192,35,stim_data,std of sliding-window FC; same stimulus-index timepoints concatenated,20,15
17,11,rMOS4,41,Hind,0.12590502818072719,1159,0.32979674481441423,192,35,stim_data,std of sliding-window FC; same stimulus-index timepoints concatenated,20,15
17,11,rMOS5,42,Hind,0.14031625821006288,1456,0.3345787170713604,192,35,stim_data,std of sliding-window FC; same stimulus-index timepoints concatenated,20,15
17,11,rNX,71,Hind,-0.6893400895121092,587,0.3578357795375763,192,35,stim_data,std of sliding-window FC; same stimulus-index timepoints concatenated,20,15
17,11,rRa,46,Hind,-0.7676411283127857,224,0.39646358301026563,192,35,stim_data,std of sliding-window FC; same stimulus-index timepoints concatenated,20,15
17,11,rT,47,Hind,-1.0407411074881572,1185,0.3338184043703698,192,35,stim_data,std of sliding-window FC; same stimulus-index timepoints concatenated,20,15
17,11,raRF,48,Hind,-0.6631233902290617,228,0.3290089529247066,192,35,stim_data,std of sliding-window FC; same stimulus-index timepoints concatenated,20,15
17,11,rimRF,49,Hind,-1.54619502907132,298,0.32427887877841105,192,35,stim_data,std of sliding-window FC; same stimulus-index timepoints concatenated,20,15
17,11,rpRF,50,Hind,0.10367599956677641,560,0.3339833647173402,192,35,stim_data,std of sliding-window FC; same stimulus-index timepoints concatenated,20,15
17,12,lOB,20,Tel,0.8396904821626903,213,0.4435650013366739,192,35,stim_data,std of sliding-window FC; same stimulus-index timepoints concatenated,20,15
17,12,lP,22,Tel,1.231407127758574,859,0.3090473177408055,192,35,stim_data,std of sliding-window FC; same stimulus-index timepoints concatenated,20,15
17,12,lPO,25,Tel,1.5972895725725633,558,0.32184116782910926,192,35,stim_data,std of sliding-window FC; same stimulus-index timepoints concatenated,20,15
17,12,lSP,28,Tel,1.3712731940440057,804,0.34768678076139903,192,35,stim_data,std of sliding-window FC; same stimulus-index timepoints concatenated,20,15
17,12,rP,58,Tel,1.6274838194004198,1036,0.32037305228842244,192,35,stim_data,std of sliding-window FC; same stimulus-index timepoints concatenated,20,15
17,12,rPO,61,Tel,1.5828504374539252,530,0.3055881668221651,192,35,stim_data,std of sliding-window FC; same stimulus-index timepoints concatenated,20,15
17,12,rSP,64,Tel,0.8449219250677052,789,0.35205432112507773,192,35,stim_data,std of sliding-window FC; same stimulus-index timepoints concatenated,20,15
17,12,lHb,16,Di,2.3676084202295034,420,0.283890759229148,192,35,stim_data,std of sliding-window FC; same stimulus-index timepoints concatenated,20,15
17,12,lPT,24,Di,0.4045887279983318,320,0.293245686352422,192,35,stim_data,std of sliding-window FC; same stimulus-index timepoints concatenated,20,15
17,12,lPrT,26,Di,-0.760839251044076,384,0.2528149568348101,192,35,stim_data,std of sliding-window FC; same stimulus-index timepoints concatenated,20,15
17,12,lTh,30,Di,-0.27932436463978083,764,0.3394012447068171,192,35,stim_data,std of sliding-window FC; same stimulus-index timepoints concatenated,20,15
17,12,rHb,52,Di,1.269284446459516,349,0.3155110764885332,192,35,stim_data,std of sliding-window FC; same stimulus-index timepoints concatenated,20,15
17,12,rPT,60,Di,0.6955220273189893,350,0.34717766816936124,192,35,stim_data,std of sliding-window FC; same stimulus-index timepoints concatenated,20,15
17,12,rPrT,62,Di,-0.8729101402526896,507,0.2761388847511218,192,35,stim_data,std of sliding-window FC; same stimulus-index timepoints concatenated,20,15
17,12,rTh,66,Di,0.12267948011021526,1006,0.27589893756769973,192,35,stim_data,std of sliding-window FC; same stimulus-index timepoints concatenated,20,15
17,12,lTS,32,Mes,-0.038289558822681,353,0.33955282834056966,192,35,stim_data,std of sliding-window FC; same stimulus-index timepoints concatenated,20,15
17,12,lTeO,29,Mes,-0.22102994971595435,7904,0.3564316331393149,192,35,stim_data,std of sliding-window FC; same stimulus-index timepoints concatenated,20,15
17,12,rTS,68,Mes,-0.0707917864782934,145,0.31198070583207405,192,35,stim_data,std of sliding-window FC; same stimulus-index timepoints concatenated,20,15
17,12,rTeO,65,Mes,-0.9360345644680327,7951,0.37466622441913616,192,35,stim_data,std of sliding-window FC; same stimulus-index timepoints concatenated,20,15
17,12,lCb,1,Hind,-0.23156409707923123,2094,0.23350480991401945,192,35,stim_data,std of sliding-window FC; same stimulus-index timepoints concatenated,20,15
17,12,lMON,0,Hind,-0.1885718314625819,814,0.3242656775483565,192,35,stim_data,std of sliding-window FC; same stimulus-index timepoints concatenated,20,15
17,12,lMOS1,2,Hind,0.20229532589358945,1271,0.24069809381868126,192,35,stim_data,std of sliding-window FC; same stimulus-index timepoints concatenated,20,15
17,12,lMOS2,3,Hind,-0.007147165310974443,373,0.24330953279144135,192,35,stim_data,std of sliding-window FC; same stimulus-index timepoints concatenated,20,15
17,12,lMOS3,4,Hind,-0.5280442068802194,1049,0.25251728363450826,192,35,stim_data,std of sliding-window FC; same stimulus-index timepoints concatenated,20,15
17,12,lMOS4,5,Hind,0.1781221791123736,897,0.24475327722824544,192,35,stim_data,std of sliding-window FC; same stimulus-index timepoints concatenated,20,15
17,12,lMOS5,6,Hind,0.07904857777849517,997,0.28623254092892353,192,35,stim_data,std of sliding-window FC; same stimulus-index timepoints concatenated,20,15
17,12,lNX,35,Hind,0.5159242026090447,289,0.24629232038884916,192,35,stim_data,std of sliding-window FC; same stimulus-index timepoints concatenated,20,15
17,12,lRa,10,Hind,-0.07359117253107073,308,0.3943917310746868,192,35,stim_data,std of sliding-window FC; same stimulus-index timepoints concatenated,20,15
17,12,lT,11,Hind,-0.7772193815657938,1187,0.2416776325761303,192,35,stim_data,std of sliding-window FC; same stimulus-index timepoints concatenated,20,15
17,12,laRF,12,Hind,-0.564318946902863,360,0.23290118378322092,192,35,stim_data,std of sliding-window FC; same stimulus-index timepoints concatenated,20,15
17,12,limRF,13,Hind,-1.4314709184810288,427,0.24405715476450449,192,35,stim_data,std of sliding-window FC; same stimulus-index timepoints concatenated,20,15
17,12,lpRF,14,Hind,-0.6214145198808102,659,0.24054001298291536,192,35,stim_data,std of sliding-window FC; same stimulus-index timepoints concatenated,20,15
17,12,rCb,37,Hind,-0.5336652505464933,2225,0.2636772092466232,192,35,stim_data,std of sliding-window FC; same stimulus-index timepoints concatenated,20,15
17,12,rMON,36,Hind,-0.20825183989935483,960,0.303921304960111,192,35,stim_data,std of sliding-window FC; same stimulus-index timepoints concatenated,20,15
17,12,rMOS1,38,Hind,0.16364639867929043,1381,0.24048822201528575,192,35,stim_data,std of sliding-window FC; same stimulus-index timepoints concatenated,20,15
17,12,rMOS2,39,Hind,0.8422349936180663,388,0.22508204738311674,192,35,stim_data,std of sliding-window FC; same stimulus-index timepoints concatenated,20,15
17,12,rMOS3,40,Hind,-0.5651363701456422,1340,0.3303250274012232,192,35,stim_data,std of sliding-window FC; same stimulus-index timepoints concatenated,20,15
17,12,rMOS4,41,Hind,0.12590502818072719,1159,0.2740652668833272,192,35,stim_data,std of sliding-window FC; same stimulus-index timepoints concatenated,20,15
17,12,rMOS5,42,Hind,0.14031625821006288,1456,0.3643045509819217,192,35,stim_data,std of sliding-window FC; same stimulus-index timepoints concatenated,20,15
17,12,rNX,71,Hind,-0.6893400895121092,587,0.3441843041125123,192,35,stim_data,std of sliding-window FC; same stimulus-index timepoints concatenated,20,15
17,12,rRa,46,Hind,-0.7676411283127857,224,0.37868967863953373,192,35,stim_data,std of sliding-window FC; same stimulus-index timepoints concatenated,20,15
17,12,rT,47,Hind,-1.0407411074881572,1185,0.2398234205296471,192,35,stim_data,std of sliding-window FC; same stimulus-index timepoints concatenated,20,15
17,12,raRF,48,Hind,-0.6631233902290617,228,0.28590203737697983,192,35,stim_data,std of sliding-window FC; same stimulus-index timepoints concatenated,20,15
17,12,rimRF,49,Hind,-1.54619502907132,298,0.24616332985045677,192,35,stim_data,std of sliding-window FC; same stimulus-index timepoints concatenated,20,15
17,12,rpRF,50,Hind,0.10367599956677641,560,0.24914742856574074,192,35,stim_data,std of sliding-window FC; same stimulus-index timepoints concatenated,20,15
18,3,lOB,20,Tel,0.8396904821626903,33,0.4768021277984493,848,166,stim_data,std of sliding-window FC; same stimulus-index timepoints concatenated,20,15
18,3,lP,22,Tel,1.231407127758574,785,0.45883791658282364,848,166,stim_data,std of sliding-window FC; same stimulus-index timepoints concatenated,20,15
18,3,lPO,25,Tel,1.5972895725725633,463,0.4373387683927246,848,166,stim_data,std of sliding-window FC; same stimulus-index timepoints concatenated,20,15
18,3,lSP,28,Tel,1.3712731940440057,564,0.4340569513407086,848,166,stim_data,std of sliding-window FC; same stimulus-index timepoints concatenated,20,15
18,3,rP,58,Tel,1.6274838194004198,892,0.4285584574216163,848,166,stim_data,std of sliding-window FC; same stimulus-index timepoints concatenated,20,15
18,3,rPO,61,Tel,1.5828504374539252,477,0.4522696481331561,848,166,stim_data,std of sliding-window FC; same stimulus-index timepoints concatenated,20,15
18,3,rSP,64,Tel,0.8449219250677052,564,0.4481538162941023,848,166,stim_data,std of sliding-window FC; same stimulus-index timepoints concatenated,20,15
18,3,lHb,16,Di,2.3676084202295034,254,0.4455784933388234,848,166,stim_data,std of sliding-window FC; same stimulus-index timepoints concatenated,20,15
18,3,lPT,24,Di,0.4045887279983318,313,0.4365460088326158,848,166,stim_data,std of sliding-window FC; same stimulus-index timepoints concatenated,20,15
18,3,lPrT,26,Di,-0.760839251044076,303,0.45131992473715354,848,166,stim_data,std of sliding-window FC; same stimulus-index timepoints concatenated,20,15
18,3,lTh,30,Di,-0.27932436463978083,792,0.4380329712272379,848,166,stim_data,std of sliding-window FC; same stimulus-index timepoints concatenated,20,15
18,3,rHb,52,Di,1.269284446459516,229,0.45104954121702856,848,166,stim_data,std of sliding-window FC; same stimulus-index timepoints concatenated,20,15
18,3,rPT,60,Di,0.6955220273189893,335,0.4762516339640461,848,166,stim_data,std of sliding-window FC; same stimulus-index timepoints concatenated,20,15
18,3,rPrT,62,Di,-0.8729101402526896,414,0.4286516504909162,848,166,stim_data,std of sliding-window FC; same stimulus-index timepoints concatenated,20,15
18,3,rTh,66,Di,0.12267948011021526,1070,0.4420780295613889,848,166,stim_data,std of sliding-window FC; same stimulus-index timepoints concatenated,20,15
18,3,lTS,32,Mes,-0.038289558822681,232,0.46206993854003237,848,166,stim_data,std of sliding-window FC; same stimulus-index timepoints concatenated,20,15
18,3,lTeO,29,Mes,-0.22102994971595435,6511,0.43011860737581187,848,166,stim_data,std of sliding-window FC; same stimulus-index timepoints concatenated,20,15
18,3,rTS,68,Mes,-0.0707917864782934,217,0.39836842902690167,848,166,stim_data,std of sliding-window FC; same stimulus-index timepoints concatenated,20,15
18,3,rTeO,65,Mes,-0.9360345644680327,5927,0.43900032173059034,848,166,stim_data,std of sliding-window FC; same stimulus-index timepoints concatenated,20,15
18,3,lCb,1,Hind,-0.23156409707923123,1910,0.483446180636872,848,166,stim_data,std of sliding-window FC; same stimulus-index timepoints concatenated,20,15
18,3,lMON,0,Hind,-0.1885718314625819,778,0.41236538953617524,848,166,stim_data,std of sliding-window FC; same stimulus-index timepoints concatenated,20,15
18,3,lMOS1,2,Hind,0.20229532589358945,1293,0.40817573372747,848,166,stim_data,std of sliding-window FC; same stimulus-index timepoints concatenated,20,15
18,3,lMOS2,3,Hind,-0.007147165310974443,520,0.4116531922694841,848,166,stim_data,std of sliding-window FC; same stimulus-index timepoints concatenated,20,15
18,3,lMOS3,4,Hind,-0.5280442068802194,1090,0.4268500483978748,848,166,stim_data,std of sliding-window FC; same stimulus-index timepoints concatenated,20,15
18,3,lMOS4,5,Hind,0.1781221791123736,852,0.4025257486479809,848,166,stim_data,std of sliding-window FC; same stimulus-index timepoints concatenated,20,15
18,3,lMOS5,6,Hind,0.07904857777849517,1066,0.47538707314340667,848,166,stim_data,std of sliding-window FC; same stimulus-index timepoints concatenated,20,15
18,3,lNX,35,Hind,0.5159242026090447,729,0.48387553113678616,848,166,stim_data,std of sliding-window FC; same stimulus-index timepoints concatenated,20,15
18,3,lRa,10,Hind,-0.07359117253107073,316,0.5466778188661565,848,166,stim_data,std of sliding-window FC; same stimulus-index timepoints concatenated,20,15
18,3,lT,11,Hind,-0.7772193815657938,921,0.4172577781527643,848,166,stim_data,std of sliding-window FC; same stimulus-index timepoints concatenated,20,15
18,3,laRF,12,Hind,-0.564318946902863,468,0.4295117660099766,848,166,stim_data,std of sliding-window FC; same stimulus-index timepoints concatenated,20,15
18,3,limRF,13,Hind,-1.4314709184810288,567,0.41852537336544343,848,166,stim_data,std of sliding-window FC; same stimulus-index timepoints concatenated,20,15
18,3,lpRF,14,Hind,-0.6214145198808102,842,0.4754692474880981,848,166,stim_data,std of sliding-window FC; same stimulus-index timepoints concatenated,20,15
18,3,rCb,37,Hind,-0.5336652505464933,1991,0.44363482362284523,848,166,stim_data,std of sliding-window FC; same stimulus-index timepoints concatenated,20,15
18,3,rMON,36,Hind,-0.20825183989935483,881,0.3836307900691002,848,166,stim_data,std of sliding-window FC; same stimulus-index timepoints concatenated,20,15
18,3,rMOS1,38,Hind,0.16364639867929043,1356,0.43962191657512945,848,166,stim_data,std of sliding-window FC; same stimulus-index timepoints concatenated,20,15
18,3,rMOS2,39,Hind,0.8422349936180663,421,0.41865976639080843,848,166,stim_data,std of sliding-window FC; same stimulus-index timepoints concatenated,20,15
18,3,rMOS3,40,Hind,-0.5651363701456422,1156,0.4624443381760294,848,166,stim_data,std of sliding-window FC; same stimulus-index timepoints concatenated,20,15
18,3,rMOS4,41,Hind,0.12590502818072719,975,0.4206673602337938,848,166,stim_data,std of sliding-window FC; same stimulus-index timepoints concatenated,20,15
18,3,rMOS5,42,Hind,0.14031625821006288,1240,0.46437678419225414,848,166,stim_data,std of sliding-window FC; same stimulus-index timepoints concatenated,20,15
18,3,rNX,71,Hind,-0.6893400895121092,710,0.5038810986910325,848,166,stim_data,std of sliding-window FC; same stimulus-index timepoints concatenated,20,15
18,3,rRa,46,Hind,-0.7676411283127857,192,0.5410525362428671,848,166,stim_data,std of sliding-window FC; same stimulus-index timepoints concatenated,20,15
18,3,rT,47,Hind,-1.0407411074881572,979,0.4193564774421551,848,166,stim_data,std of sliding-window FC; same stimulus-index timepoints concatenated,20,15
18,3,raRF,48,Hind,-0.6631233902290617,507,0.41883268619519926,848,166,stim_data,std of sliding-window FC; same stimulus-index timepoints concatenated,20,15
18,3,rimRF,49,Hind,-1.54619502907132,522,0.41009783402174826,848,166,stim_data,std of sliding-window FC; same stimulus-index timepoints concatenated,20,15
18,3,rpRF,50,Hind,0.10367599956677641,834,0.4368424638955777,848,166,stim_data,std of sliding-window FC; same stimulus-index timepoints concatenated,20,15
18,9,lOB,20,Tel,0.8396904821626903,33,0.4350255273656974,192,35,stim_data,std of sliding-window FC; same stimulus-index timepoints concatenated,20,15
18,9,lP,22,Tel,1.231407127758574,785,0.4086815548977697,192,35,stim_data,std of sliding-window FC; same stimulus-index timepoints concatenated,20,15
18,9,lPO,25,Tel,1.5972895725725633,463,0.4382477442442493,192,35,stim_data,std of sliding-window FC; same stimulus-index timepoints concatenated,20,15
18,9,lSP,28,Tel,1.3712731940440057,564,0.43920364878094625,192,35,stim_data,std of sliding-window FC; same stimulus-index timepoints concatenated,20,15
18,9,rP,58,Tel,1.6274838194004198,892,0.40559370769936043,192,35,stim_data,std of sliding-window FC; same stimulus-index timepoints concatenated,20,15
18,9,rPO,61,Tel,1.5828504374539252,477,0.4622733226051194,192,35,stim_data,std of sliding-window FC; same stimulus-index timepoints concatenated,20,15
18,9,rSP,64,Tel,0.8449219250677052,564,0.41586763658560655,192,35,stim_data,std of sliding-window FC; same stimulus-index timepoints concatenated,20,15
18,9,lHb,16,Di,2.3676084202295034,254,0.3270378005864099,192,35,stim_data,std of sliding-window FC; same stimulus-index timepoints concatenated,20,15
18,9,lPT,24,Di,0.4045887279983318,313,0.379169010298533,192,35,stim_data,std of sliding-window FC; same stimulus-index timepoints concatenated,20,15
18,9,lPrT,26,Di,-0.760839251044076,303,0.3443807897721944,192,35,stim_data,std of sliding-window FC; same stimulus-index timepoints concatenated,20,15
18,9,lTh,30,Di,-0.27932436463978083,792,0.37775818043573006,192,35,stim_data,std of sliding-window FC; same stimulus-index timepoints concatenated,20,15
18,9,rHb,52,Di,1.269284446459516,229,0.39391598767257213,192,35,stim_data,std of sliding-window FC; same stimulus-index timepoints concatenated,20,15
18,9,rPT,60,Di,0.6955220273189893,335,0.49706853071351664,192,35,stim_data,std of sliding-window FC; same stimulus-index timepoints concatenated,20,15
18,9,rPrT,62,Di,-0.8729101402526896,414,0.33628409698233125,192,35,stim_data,std of sliding-window FC; same stimulus-index timepoints concatenated,20,15
18,9,rTh,66,Di,0.12267948011021526,1070,0.40448943596066317,192,35,stim_data,std of sliding-window FC; same stimulus-index timepoints concatenated,20,15
18,9,lTS,32,Mes,-0.038289558822681,232,0.4060162673981669,192,35,stim_data,std of sliding-window FC; same stimulus-index timepoints concatenated,20,15
18,9,lTeO,29,Mes,-0.22102994971595435,6511,0.32503652373356756,192,35,stim_data,std of sliding-window FC; same stimulus-index timepoints concatenated,20,15
18,9,rTS,68,Mes,-0.0707917864782934,217,0.29964919522402994,192,35,stim_data,std of sliding-window FC; same stimulus-index timepoints concatenated,20,15
18,9,rTeO,65,Mes,-0.9360345644680327,5927,0.3898926644020348,192,35,stim_data,std of sliding-window FC; same stimulus-index timepoints concatenated,20,15
18,9,lCb,1,Hind,-0.23156409707923123,1910,0.3687496677305241,192,35,stim_data,std of sliding-window FC; same stimulus-index timepoints concatenated,20,15
18,9,lMON,0,Hind,-0.1885718314625819,778,0.29707202534566446,192,35,stim_data,std of sliding-window FC; same stimulus-index timepoints concatenated,20,15
18,9,lMOS1,2,Hind,0.20229532589358945,1293,0.3528940714826986,192,35,stim_data,std of sliding-window FC; same stimulus-index timepoints concatenated,20,15
18,9,lMOS2,3,Hind,-0.007147165310974443,520,0.3191464910085564,192,35,stim_data,std of sliding-window FC; same stimulus-index timepoints concatenated,20,15
18,9,lMOS3,4,Hind,-0.5280442068802194,1090,0.3680199777929858,192,35,stim_data,std of sliding-window FC; same stimulus-index timepoints concatenated,20,15
18,9,lMOS4,5,Hind,0.1781221791123736,852,0.38607580134499736,192,35,stim_data,std of sliding-window FC; same stimulus-index timepoints concatenated,20,15
18,9,lMOS5,6,Hind,0.07904857777849517,1066,0.3899606075696688,192,35,stim_data,std of sliding-window FC; same stimulus-index timepoints concatenated,20,15
18,9,lNX,35,Hind,0.5159242026090447,729,0.38099608491115283,192,35,stim_data,std of sliding-window FC; same stimulus-index timepoints concatenated,20,15
18,9,lRa,10,Hind,-0.07359117253107073,316,0.3490945039758866,192,35,stim_data,std of sliding-window FC; same stimulus-index timepoints concatenated,20,15
18,9,lT,11,Hind,-0.7772193815657938,921,0.39383316275630204,192,35,stim_data,std of sliding-window FC; same stimulus-index timepoints concatenated,20,15
18,9,laRF,12,Hind,-0.564318946902863,468,0.39706998957771444,192,35,stim_data,std of sliding-window FC; same stimulus-index timepoints concatenated,20,15
18,9,limRF,13,Hind,-1.4314709184810288,567,0.3414269610750807,192,35,stim_data,std of sliding-window FC; same stimulus-index timepoints concatenated,20,15
18,9,lpRF,14,Hind,-0.6214145198808102,842,0.39299732431166085,192,35,stim_data,std of sliding-window FC; same stimulus-index timepoints concatenated,20,15
18,9,rCb,37,Hind,-0.5336652505464933,1991,0.4026156909202344,192,35,stim_data,std of sliding-window FC; same stimulus-index timepoints concatenated,20,15
18,9,rMON,36,Hind,-0.20825183989935483,881,0.33255429240849077,192,35,stim_data,std of sliding-window FC; same stimulus-index timepoints concatenated,20,15
18,9,rMOS1,38,Hind,0.16364639867929043,1356,0.38589396160375883,192,35,stim_data,std of sliding-window FC; same stimulus-index timepoints concatenated,20,15
18,9,rMOS2,39,Hind,0.8422349936180663,421,0.34142691929322067,192,35,stim_data,std of sliding-window FC; same stimulus-index timepoints concatenated,20,15
18,9,rMOS3,40,Hind,-0.5651363701456422,1156,0.3731346523624277,192,35,stim_data,std of sliding-window FC; same stimulus-index timepoints concatenated,20,15
18,9,rMOS4,41,Hind,0.12590502818072719,975,0.40640055216717774,192,35,stim_data,std of sliding-window FC; same stimulus-index timepoints concatenated,20,15
18,9,rMOS5,42,Hind,0.14031625821006288,1240,0.40247484998068417,192,35,stim_data,std of sliding-window FC; same stimulus-index timepoints concatenated,20,15
18,9,rNX,71,Hind,-0.6893400895121092,710,0.36870385071573586,192,35,stim_data,std of sliding-window FC; same stimulus-index timepoints concatenated,20,15
18,9,rRa,46,Hind,-0.7676411283127857,192,0.3566913485309826,192,35,stim_data,std of sliding-window FC; same stimulus-index timepoints concatenated,20,15
18,9,rT,47,Hind,-1.0407411074881572,979,0.38294398766882676,192,35,stim_data,std of sliding-window FC; same stimulus-index timepoints concatenated,20,15
18,9,raRF,48,Hind,-0.6631233902290617,507,0.3269008243131449,192,35,stim_data,std of sliding-window FC; same stimulus-index timepoints concatenated,20,15
18,9,rimRF,49,Hind,-1.54619502907132,522,0.3017136077702181,192,35,stim_data,std of sliding-window FC; same stimulus-index timepoints concatenated,20,15
18,9,rpRF,50,Hind,0.10367599956677641,834,0.3677082240933986,192,35,stim_data,std of sliding-window FC; same stimulus-index timepoints concatenated,20,15
18,10,lOB,20,Tel,0.8396904821626903,33,0.5252143489617255,192,35,stim_data,std of sliding-window FC; same stimulus-index timepoints concatenated,20,15
18,10,lP,22,Tel,1.231407127758574,785,0.08279934394900362,192,35,stim_data,std of sliding-window FC; same stimulus-index timepoints concatenated,20,15
18,10,lPO,25,Tel,1.5972895725725633,463,0.06826934203529228,192,35,stim_data,std of sliding-window FC; same stimulus-index timepoints concatenated,20,15
18,10,lSP,28,Tel,1.3712731940440057,564,0.06689451201218362,192,35,stim_data,std of sliding-window FC; same stimulus-index timepoints concatenated,20,15
18,10,rP,58,Tel,1.6274838194004198,892,0.09881047253058442,192,35,stim_data,std of sliding-window FC; same stimulus-index timepoints concatenated,20,15
18,10,rPO,61,Tel,1.5828504374539252,477,0.07309237104546099,192,35,stim_data,std of sliding-window FC; same stimulus-index timepoints concatenated,20,15
18,10,rSP,64,Tel,0.8449219250677052,564,0.07262648209271848,192,35,stim_data,std of sliding-window FC; same stimulus-index timepoints concatenated,20,15
18,10,lHb,16,Di,2.3676084202295034,254,0.12597927658494282,192,35,stim_data,std of sliding-window FC; same stimulus-index timepoints concatenated,20,15
18,10,lPT,24,Di,0.4045887279983318,313,0.07162691418368607,192,35,stim_data,std of sliding-window FC; same stimulus-index timepoints concatenated,20,15
18,10,lPrT,26,Di,-0.760839251044076,303,0.06920211557655573,192,35,stim_data,std of sliding-window FC; same stimulus-index timepoints concatenated,20,15
18,10,lTh,30,Di,-0.27932436463978083,792,0.07188762375630867,192,35,stim_data,std of sliding-window FC; same stimulus-index timepoints concatenated,20,15
18,10,rHb,52,Di,1.269284446459516,229,0.0923480078490507,192,35,stim_data,std of sliding-window FC; same stimulus-index timepoints concatenated,20,15
18,10,rPT,60,Di,0.6955220273189893,335,0.07556514865927712,192,35,stim_data,std of sliding-window FC; same stimulus-index timepoints concatenated,20,15
18,10,rPrT,62,Di,-0.8729101402526896,414,0.065643269658737,192,35,stim_data,std of sliding-window FC; same stimulus-index timepoints concatenated,20,15
18,10,rTh,66,Di,0.12267948011021526,1070,0.07467728413380503,192,35,stim_data,std of sliding-window FC; same stimulus-index timepoints concatenated,20,15
18,10,lTS,32,Mes,-0.038289558822681,232,0.45174735016840234,192,35,stim_data,std of sliding-window FC; same stimulus-index timepoints concatenated,20,15
18,10,lTeO,29,Mes,-0.22102994971595435,6511,0.08869860881546515,192,35,stim_data,std of sliding-window FC; same stimulus-index timepoints concatenated,20,15
18,10,rTS,68,Mes,-0.0707917864782934,217,0.13131498156153046,192,35,stim_data,std of sliding-window FC; same stimulus-index timepoints concatenated,20,15
18,10,rTeO,65,Mes,-0.9360345644680327,5927,0.14337466228337023,192,35,stim_data,std of sliding-window FC; same stimulus-index timepoints concatenated,20,15
18,10,lCb,1,Hind,-0.23156409707923123,1910,0.10099384410021811,192,35,stim_data,std of sliding-window FC; same stimulus-index timepoints concatenated,20,15
18,10,lMON,0,Hind,-0.1885718314625819,778,0.26281107496263495,192,35,stim_data,std of sliding-window FC; same stimulus-index timepoints concatenated,20,15
18,10,lMOS1,2,Hind,0.20229532589358945,1293,0.06323845317521606,192,35,stim_data,std of sliding-window FC; same stimulus-index timepoints concatenated,20,15
18,10,lMOS2,3,Hind,-0.007147165310974443,520,0.06853505207449656,192,35,stim_data,std of sliding-window FC; same stimulus-index timepoints concatenated,20,15
18,10,lMOS3,4,Hind,-0.5280442068802194,1090,0.07003560279244633,192,35,stim_data,std of sliding-window FC; same stimulus-index timepoints concatenated,20,15
18,10,lMOS4,5,Hind,0.1781221791123736,852,0.06726996905359518,192,35,stim_data,std of sliding-window FC; same stimulus-index timepoints concatenated,20,15
18,10,lMOS5,6,Hind,0.07904857777849517,1066,0.06818309443573077,192,35,stim_data,std of sliding-window FC; same stimulus-index timepoints concatenated,20,15
18,10,lNX,35,Hind,0.5159242026090447,729,0.07106497187486403,192,35,stim_data,std of sliding-window FC; same stimulus-index timepoints concatenated,20,15
18,10,lRa,10,Hind,-0.07359117253107073,316,0.0662770866369432,192,35,stim_data,std of sliding-window FC; same stimulus-index timepoints concatenated,20,15
18,10,lT,11,Hind,-0.7772193815657938,921,0.06262200980047136,192,35,stim_data,std of sliding-window FC; same stimulus-index timepoints concatenated,20,15
18,10,laRF,12,Hind,-0.564318946902863,468,0.06902764109975101,192,35,stim_data,std of sliding-window FC; same stimulus-index timepoints concatenated,20,15
18,10,limRF,13,Hind,-1.4314709184810288,567,0.07917688887888581,192,35,stim_data,std of sliding-window FC; same stimulus-index timepoints concatenated,20,15
18,10,lpRF,14,Hind,-0.6214145198808102,842,0.0712184506467254,192,35,stim_data,std of sliding-window FC; same stimulus-index timepoints concatenated,20,15
18,10,rCb,37,Hind,-0.5336652505464933,1991,0.07134348287764088,192,35,stim_data,std of sliding-window FC; same stimulus-index timepoints concatenated,20,15
18,10,rMON,36,Hind,-0.20825183989935483,881,0.2920836265880539,192,35,stim_data,std of sliding-window FC; same stimulus-index timepoints concatenated,20,15
18,10,rMOS1,38,Hind,0.16364639867929043,1356,0.061990937467420924,192,35,stim_data,std of sliding-window FC; same stimulus-index timepoints concatenated,20,15
18,10,rMOS2,39,Hind,0.8422349936180663,421,0.06993530197492731,192,35,stim_data,std of sliding-window FC; same stimulus-index timepoints concatenated,20,15
18,10,rMOS3,40,Hind,-0.5651363701456422,1156,0.06381926573680513,192,35,stim_data,std of sliding-window FC; same stimulus-index timepoints concatenated,20,15
18,10,rMOS4,41,Hind,0.12590502818072719,975,0.0607539692233774,192,35,stim_data,std of sliding-window FC; same stimulus-index timepoints concatenated,20,15
18,10,rMOS5,42,Hind,0.14031625821006288,1240,0.0738381032770417,192,35,stim_data,std of sliding-window FC; same stimulus-index timepoints concatenated,20,15
18,10,rNX,71,Hind,-0.6893400895121092,710,0.07150596740498037,192,35,stim_data,std of sliding-window FC; same stimulus-index timepoints concatenated,20,15
18,10,rRa,46,Hind,-0.7676411283127857,192,0.10113908347593238,192,35,stim_data,std of sliding-window FC; same stimulus-index timepoints concatenated,20,15
18,10,rT,47,Hind,-1.0407411074881572,979,0.05758778403277272,192,35,stim_data,std of sliding-window FC; same stimulus-index timepoints concatenated,20,15
18,10,raRF,48,Hind,-0.6631233902290617,507,0.07250236161393189,192,35,stim_data,std of sliding-window FC; same stimulus-index timepoints concatenated,20,15
18,10,rimRF,49,Hind,-1.54619502907132,522,0.06451505412530989,192,35,stim_data,std of sliding-window FC; same stimulus-index timepoints concatenated,20,15
18,10,rpRF,50,Hind,0.10367599956677641,834,0.0665402816645137,192,35,stim_data,std of sliding-window FC; same stimulus-index timepoints concatenated,20,15
18,11,lOB,20,Tel,0.8396904821626903,33,0.4694462960833727,192,35,stim_data,std of sliding-window FC; same stimulus-index timepoints concatenated,20,15
18,11,lP,22,Tel,1.231407127758574,785,0.4377933368800353,192,35,stim_data,std of sliding-window FC; same stimulus-index timepoints concatenated,20,15
18,11,lPO,25,Tel,1.5972895725725633,463,0.34459246347223105,192,35,stim_data,std of sliding-window FC; same stimulus-index timepoints concatenated,20,15
18,11,lSP,28,Tel,1.3712731940440057,564,0.36829645700826075,192,35,stim_data,std of sliding-window FC; same stimulus-index timepoints concatenated,20,15
18,11,rP,58,Tel,1.6274838194004198,892,0.45778489514902093,192,35,stim_data,std of sliding-window FC; same stimulus-index timepoints concatenated,20,15
18,11,rPO,61,Tel,1.5828504374539252,477,0.4232946959108191,192,35,stim_data,std of sliding-window FC; same stimulus-index timepoints concatenated,20,15
18,11,rSP,64,Tel,0.8449219250677052,564,0.3692574887146403,192,35,stim_data,std of sliding-window FC; same stimulus-index timepoints concatenated,20,15
18,11,lHb,16,Di,2.3676084202295034,254,0.3172892302704971,192,35,stim_data,std of sliding-window FC; same stimulus-index timepoints concatenated,20,15
18,11,lPT,24,Di,0.4045887279983318,313,0.36801165805959446,192,35,stim_data,std of sliding-window FC; same stimulus-index timepoints concatenated,20,15
18,11,lPrT,26,Di,-0.760839251044076,303,0.31913673181875746,192,35,stim_data,std of sliding-window FC; same stimulus-index timepoints concatenated,20,15
18,11,lTh,30,Di,-0.27932436463978083,792,0.3896695044658765,192,35,stim_data,std of sliding-window FC; same stimulus-index timepoints concatenated,20,15
18,11,rHb,52,Di,1.269284446459516,229,0.3479896497804265,192,35,stim_data,std of sliding-window FC; same stimulus-index timepoints concatenated,20,15
18,11,rPT,60,Di,0.6955220273189893,335,0.3928168883951883,192,35,stim_data,std of sliding-window FC; same stimulus-index timepoints concatenated,20,15
18,11,rPrT,62,Di,-0.8729101402526896,414,0.31022008721073296,192,35,stim_data,std of sliding-window FC; same stimulus-index timepoints concatenated,20,15
18,11,rTh,66,Di,0.12267948011021526,1070,0.4099195971153126,192,35,stim_data,std of sliding-window FC; same stimulus-index timepoints concatenated,20,15
18,11,lTS,32,Mes,-0.038289558822681,232,0.3495866787187058,192,35,stim_data,std of sliding-window FC; same stimulus-index timepoints concatenated,20,15
18,11,lTeO,29,Mes,-0.22102994971595435,6511,0.4110478385759718,192,35,stim_data,std of sliding-window FC; same stimulus-index timepoints concatenated,20,15
18,11,rTS,68,Mes,-0.0707917864782934,217,0.32472795532696375,192,35,stim_data,std of sliding-window FC; same stimulus-index timepoints concatenated,20,15
18,11,rTeO,65,Mes,-0.9360345644680327,5927,0.4140851588236529,192,35,stim_data,std of sliding-window FC; same stimulus-index timepoints concatenated,20,15
18,11,lCb,1,Hind,-0.23156409707923123,1910,0.3774035797076083,192,35,stim_data,std of sliding-window FC; same stimulus-index timepoints concatenated,20,15
18,11,lMON,0,Hind,-0.1885718314625819,778,0.3777176455311594,192,35,stim_data,std of sliding-window FC; same stimulus-index timepoints concatenated,20,15
18,11,lMOS1,2,Hind,0.20229532589358945,1293,0.32888978287408155,192,35,stim_data,std of sliding-window FC; same stimulus-index timepoints concatenated,20,15
18,11,lMOS2,3,Hind,-0.007147165310974443,520,0.3358749012380793,192,35,stim_data,std of sliding-window FC; same stimulus-index timepoints concatenated,20,15
18,11,lMOS3,4,Hind,-0.5280442068802194,1090,0.4022596430907953,192,35,stim_data,std of sliding-window FC; same stimulus-index timepoints concatenated,20,15
18,11,lMOS4,5,Hind,0.1781221791123736,852,0.3823957105781526,192,35,stim_data,std of sliding-window FC; same stimulus-index timepoints concatenated,20,15
18,11,lMOS5,6,Hind,0.07904857777849517,1066,0.3511409085381169,192,35,stim_data,std of sliding-window FC; same stimulus-index timepoints concatenated,20,15
18,11,lNX,35,Hind,0.5159242026090447,729,0.3338951393179499,192,35,stim_data,std of sliding-window FC; same stimulus-index timepoints concatenated,20,15
18,11,lRa,10,Hind,-0.07359117253107073,316,0.40115981407536605,192,35,stim_data,std of sliding-window FC; same stimulus-index timepoints concatenated,20,15
18,11,lT,11,Hind,-0.7772193815657938,921,0.3828894810742877,192,35,stim_data,std of sliding-window FC; same stimulus-index timepoints concatenated,20,15
18,11,laRF,12,Hind,-0.564318946902863,468,0.3571472503417827,192,35,stim_data,std of sliding-window FC; same stimulus-index timepoints concatenated,20,15
18,11,limRF,13,Hind,-1.4314709184810288,567,0.3071801601797046,192,35,stim_data,std of sliding-window FC; same stimulus-index timepoints concatenated,20,15
18,11,lpRF,14,Hind,-0.6214145198808102,842,0.3538665548467237,192,35,stim_data,std of sliding-window FC; same stimulus-index timepoints concatenated,20,15
18,11,rCb,37,Hind,-0.5336652505464933,1991,0.32254655954773465,192,35,stim_data,std of sliding-window FC; same stimulus-index timepoints concatenated,20,15
18,11,rMON,36,Hind,-0.20825183989935483,881,0.3521328327823669,192,35,stim_data,std of sliding-window FC; same stimulus-index timepoints concatenated,20,15
18,11,rMOS1,38,Hind,0.16364639867929043,1356,0.32911371216195806,192,35,stim_data,std of sliding-window FC; same stimulus-index timepoints concatenated,20,15
18,11,rMOS2,39,Hind,0.8422349936180663,421,0.33318666018774296,192,35,stim_data,std of sliding-window FC; same stimulus-index timepoints concatenated,20,15
18,11,rMOS3,40,Hind,-0.5651363701456422,1156,0.3334688047857472,192,35,stim_data,std of sliding-window FC; same stimulus-index timepoints concatenated,20,15
18,11,rMOS4,41,Hind,0.12590502818072719,975,0.3429880946855258,192,35,stim_data,std of sliding-window FC; same stimulus-index timepoints concatenated,20,15
18,11,rMOS5,42,Hind,0.14031625821006288,1240,0.36695301723728596,192,35,stim_data,std of sliding-window FC; same stimulus-index timepoints concatenated,20,15
18,11,rNX,71,Hind,-0.6893400895121092,710,0.3570477138864876,192,35,stim_data,std of sliding-window FC; same stimulus-index timepoints concatenated,20,15
18,11,rRa,46,Hind,-0.7676411283127857,192,0.36747776429174545,192,35,stim_data,std of sliding-window FC; same stimulus-index timepoints concatenated,20,15
18,11,rT,47,Hind,-1.0407411074881572,979,0.42516914480980383,192,35,stim_data,std of sliding-window FC; same stimulus-index timepoints concatenated,20,15
18,11,raRF,48,Hind,-0.6631233902290617,507,0.3199708548197815,192,35,stim_data,std of sliding-window FC; same stimulus-index timepoints concatenated,20,15
18,11,rimRF,49,Hind,-1.54619502907132,522,0.33110047311866375,192,35,stim_data,std of sliding-window FC; same stimulus-index timepoints concatenated,20,15
18,11,rpRF,50,Hind,0.10367599956677641,834,0.3386643810685513,192,35,stim_data,std of sliding-window FC; same stimulus-index timepoints concatenated,20,15
18,12,lOB,20,Tel,0.8396904821626903,33,0.41465509706020415,192,35,stim_data,std of sliding-window FC; same stimulus-index timepoints concatenated,20,15
18,12,lP,22,Tel,1.231407127758574,785,0.3612986585731505,192,35,stim_data,std of sliding-window FC; same stimulus-index timepoints concatenated,20,15
18,12,lPO,25,Tel,1.5972895725725633,463,0.35689640199163264,192,35,stim_data,std of sliding-window FC; same stimulus-index timepoints concatenated,20,15
18,12,lSP,28,Tel,1.3712731940440057,564,0.3323858362884484,192,35,stim_data,std of sliding-window FC; same stimulus-index timepoints concatenated,20,15
18,12,rP,58,Tel,1.6274838194004198,892,0.3438859335980562,192,35,stim_data,std of sliding-window FC; same stimulus-index timepoints concatenated,20,15
18,12,rPO,61,Tel,1.5828504374539252,477,0.3718063574062796,192,35,stim_data,std of sliding-window FC; same stimulus-index timepoints concatenated,20,15
18,12,rSP,64,Tel,0.8449219250677052,564,0.33731681399134805,192,35,stim_data,std of sliding-window FC; same stimulus-index timepoints concatenated,20,15
18,12,lHb,16,Di,2.3676084202295034,254,0.43547088221673813,192,35,stim_data,std of sliding-window FC; same stimulus-index timepoints concatenated,20,15
18,12,lPT,24,Di,0.4045887279983318,313,0.31654342453062595,192,35,stim_data,std of sliding-window FC; same stimulus-index timepoints concatenated,20,15
18,12,lPrT,26,Di,-0.760839251044076,303,0.30826271875464906,192,35,stim_data,std of sliding-window FC; same stimulus-index timepoints concatenated,20,15
18,12,lTh,30,Di,-0.27932436463978083,792,0.31046136396533885,192,35,stim_data,std of sliding-window FC; same stimulus-index timepoints concatenated,20,15
18,12,rHb,52,Di,1.269284446459516,229,0.3180915065275834,192,35,stim_data,std of sliding-window FC; same stimulus-index timepoints concatenated,20,15
18,12,rPT,60,Di,0.6955220273189893,335,0.41659110241991165,192,35,stim_data,std of sliding-window FC; same stimulus-index timepoints concatenated,20,15
18,12,rPrT,62,Di,-0.8729101402526896,414,0.392256899344861,192,35,stim_data,std of sliding-window FC; same stimulus-index timepoints concatenated,20,15
18,12,rTh,66,Di,0.12267948011021526,1070,0.40462368854444897,192,35,stim_data,std of sliding-window FC; same stimulus-index timepoints concatenated,20,15
18,12,lTS,32,Mes,-0.038289558822681,232,0.43482931075323533,192,35,stim_data,std of sliding-window FC; same stimulus-index timepoints concatenated,20,15
18,12,lTeO,29,Mes,-0.22102994971595435,6511,0.34818558633210017,192,35,stim_data,std of sliding-window FC; same stimulus-index timepoints concatenated,20,15
18,12,rTS,68,Mes,-0.0707917864782934,217,0.38549771844109365,192,35,stim_data,std of sliding-window FC; same stimulus-index timepoints concatenated,20,15
18,12,rTeO,65,Mes,-0.9360345644680327,5927,0.4729288472866635,192,35,stim_data,std of sliding-window FC; same stimulus-index timepoints concatenated,20,15
18,12,lCb,1,Hind,-0.23156409707923123,1910,0.3083645894416501,192,35,stim_data,std of sliding-window FC; same stimulus-index timepoints concatenated,20,15
18,12,lMON,0,Hind,-0.1885718314625819,778,0.3530132977715556,192,35,stim_data,std of sliding-window FC; same stimulus-index timepoints concatenated,20,15
18,12,lMOS1,2,Hind,0.20229532589358945,1293,0.325611444899831,192,35,stim_data,std of sliding-window FC; same stimulus-index timepoints concatenated,20,15
18,12,lMOS2,3,Hind,-0.007147165310974443,520,0.3337590785947533,192,35,stim_data,std of sliding-window FC; same stimulus-index timepoints concatenated,20,15
18,12,lMOS3,4,Hind,-0.5280442068802194,1090,0.3254067742589411,192,35,stim_data,std of sliding-window FC; same stimulus-index timepoints concatenated,20,15
18,12,lMOS4,5,Hind,0.1781221791123736,852,0.29567999217968444,192,35,stim_data,std of sliding-window FC; same stimulus-index timepoints concatenated,20,15
18,12,lMOS5,6,Hind,0.07904857777849517,1066,0.4176021618279037,192,35,stim_data,std of sliding-window FC; same stimulus-index timepoints concatenated,20,15
18,12,lNX,35,Hind,0.5159242026090447,729,0.3589196547105082,192,35,stim_data,std of sliding-window FC; same stimulus-index timepoints concatenated,20,15
18,12,lRa,10,Hind,-0.07359117253107073,316,0.31630661423954165,192,35,stim_data,std of sliding-window FC; same stimulus-index timepoints concatenated,20,15
18,12,lT,11,Hind,-0.7772193815657938,921,0.35746594218124905,192,35,stim_data,std of sliding-window FC; same stimulus-index timepoints concatenated,20,15
18,12,laRF,12,Hind,-0.564318946902863,468,0.328849657597996,192,35,stim_data,std of sliding-window FC; same stimulus-index timepoints concatenated,20,15
18,12,limRF,13,Hind,-1.4314709184810288,567,0.31423516515459177,192,35,stim_data,std of sliding-window FC; same stimulus-index timepoints concatenated,20,15
18,12,lpRF,14,Hind,-0.6214145198808102,842,0.3223252932384269,192,35,stim_data,std of sliding-window FC; same stimulus-index timepoints concatenated,20,15
18,12,rCb,37,Hind,-0.5336652505464933,1991,0.4176993732369731,192,35,stim_data,std of sliding-window FC; same stimulus-index timepoints concatenated,20,15
18,12,rMON,36,Hind,-0.20825183989935483,881,0.3584241622556647,192,35,stim_data,std of sliding-window FC; same stimulus-index timepoints concatenated,20,15
18,12,rMOS1,38,Hind,0.16364639867929043,1356,0.30836789864667524,192,35,stim_data,std of sliding-window FC; same stimulus-index timepoints concatenated,20,15
18,12,rMOS2,39,Hind,0.8422349936180663,421,0.321644406570741,192,35,stim_data,std of sliding-window FC; same stimulus-index timepoints concatenated,20,15
18,12,rMOS3,40,Hind,-0.5651363701456422,1156,0.2940252860847218,192,35,stim_data,std of sliding-window FC; same stimulus-index timepoints concatenated,20,15
18,12,rMOS4,41,Hind,0.12590502818072719,975,0.3120691385341411,192,35,stim_data,std of sliding-window FC; same stimulus-index timepoints concatenated,20,15
18,12,rMOS5,42,Hind,0.14031625821006288,1240,0.36716536973934544,192,35,stim_data,std of sliding-window FC; same stimulus-index timepoints concatenated,20,15
18,12,rNX,71,Hind,-0.6893400895121092,710,0.313813788435849,192,35,stim_data,std of sliding-window FC; same stimulus-index timepoints concatenated,20,15
18,12,rRa,46,Hind,-0.7676411283127857,192,0.3153396569705635,192,35,stim_data,std of sliding-window FC; same stimulus-index timepoints concatenated,20,15
18,12,rT,47,Hind,-1.0407411074881572,979,0.30696442989107475,192,35,stim_data,std of sliding-window FC; same stimulus-index timepoints concatenated,20,15
18,12,raRF,48,Hind,-0.6631233902290617,507,0.33549356345390857,192,35,stim_data,std of sliding-window FC; same stimulus-index timepoints concatenated,20,15
18,12,rimRF,49,Hind,-1.54619502907132,522,0.36220237377447567,192,35,stim_data,std of sliding-window FC; same stimulus-index timepoints concatenated,20,15
18,12,rpRF,50,Hind,0.10367599956677641,834,0.32729413832572196,192,35,stim_data,std of sliding-window FC; same stimulus-index timepoints concatenated,20,15
