EdgeConvention,DCAConvention,OutputPolarity,Subject,RegionID,Region,Division,Variant,PreDCA,PostDCA,InterOutDegree,LogInterOutDegree,OO_count,OO_fraction,ON_count,ON_fraction,NO_count,NO_fraction,NN_count,NN_fraction
col0_to_col1,prepost_swapped,positive,12,20,lOB,Tel,unit_norm,0.025352283903585543,-0.01517923565858712,45.0,1.662757831681574,11.0,0.24444444444444444,8.0,0.17777777777777778,17.0,0.37777777777777777,9.0,0.2
col0_to_col1,prepost_swapped,positive,12,28,lSP,Tel,unit_norm,-0.1683756641209453,0.05850414733172581,26325.0,4.420384876960408,7957.0,0.3022602089268756,7469.0,0.28372269705603037,5463.0,0.20752136752136752,5436.0,0.2064957264957265
col0_to_col1,prepost_swapped,positive,12,22,lP,Tel,unit_norm,-0.24252547255975526,0.03628971405283923,16362.0,4.213862930386819,4937.0,0.3017357291284684,5636.0,0.34445666788901114,3053.0,0.18659088131035326,2736.0,0.16721672167216722
col0_to_col1,prepost_swapped,positive,12,25,lPO,Tel,unit_norm,0.10547464131468995,0.0919157179043068,104706.0,5.019975716633494,31487.0,0.3007182014402231,19492.0,0.18615934139399842,32794.0,0.3132007716845262,20933.0,0.19992168548125228
col0_to_col1,prepost_swapped,positive,12,16,lHb,Di,unit_norm,0.06147008743869889,0.1826173361041643,14844.0,4.171580201932064,5629.0,0.37921045540285636,1194.0,0.08043654001616815,6777.0,0.45654810024252224,1244.0,0.08380490433845325
col0_to_col1,prepost_swapped,positive,12,30,lTh,Di,unit_norm,0.016317353397184577,-0.07007278611083301,108197.0,5.034219233071923,29398.0,0.27170808802462176,37715.0,0.34857713245284067,18270.0,0.16885865597012856,22814.0,0.21085612355240904
col0_to_col1,prepost_swapped,positive,12,31,lTL,Mes,unit_norm,-0.03389288418826278,-0.43529276706549624,5731.0,3.758306181725307,567.0,0.09893561333100681,2774.0,0.48403419996510205,317.0,0.05531320886407259,2073.0,0.36171697783981854
col0_to_col1,prepost_swapped,positive,12,24,lPT,Di,unit_norm,-0.015281003314262012,0.005755048887717806,63562.0,4.803204386532493,16635.0,0.2617129731600642,14102.0,0.22186211887605803,19211.0,0.3022403322740002,13614.0,0.2141845756898776
col0_to_col1,prepost_swapped,positive,12,26,lPrT,Di,unit_norm,-0.017789700572933262,-0.1626158030509389,97087.0,4.987165554770618,12618.0,0.12996590686703677,22633.0,0.23312080917115577,22662.0,0.23341951033609032,39174.0,0.40349377362571714
col0_to_col1,prepost_swapped,positive,12,29,lTeO,Mes,unit_norm,-0.026469748483135918,-0.10715461121249406,626551.0,5.796957120622897,78893.0,0.12591632604528602,144648.0,0.23086388817510467,159866.0,0.2551524137699884,243144.0,0.38806737200962094
col0_to_col1,prepost_swapped,positive,12,11,lT,Hind,unit_norm,-0.020716424270743657,-0.15586948889476132,908139.0,5.958152805063628,182112.0,0.2005331782909885,374245.0,0.4121010109685852,121081.0,0.13332870849066056,230701.0,0.2540371022497657
col0_to_col1,prepost_swapped,positive,12,32,lTS,Mes,unit_norm,-0.08194379520553854,-0.0660817130245003,34710.0,4.5404671255765106,6706.0,0.19320080668395276,10746.0,0.30959377700950735,6547.0,0.18861999423797177,10711.0,0.30858542206856815
col0_to_col1,prepost_swapped,positive,12,1,lCb,Hind,unit_norm,-0.030529591119643845,-0.10654923990948854,192301.0,5.283983801058277,31331.0,0.16292686985507096,63679.0,0.3311423237528666,32823.0,0.17068553985678703,64468.0,0.3352452665352754
col0_to_col1,prepost_swapped,positive,12,12,laRF,Hind,unit_norm,-0.026940256961761423,-0.0817508654249998,189264.0,5.2770703090919255,33931.0,0.17927867951644264,61527.0,0.3250855947248288,32247.0,0.1703810550342379,61559.0,0.32525467072449066
col0_to_col1,prepost_swapped,positive,12,4,lMOS3,Hind,unit_norm,0.0036234451406826833,-0.11239884647281821,760662.0,5.881192291913447,153786.0,0.20217389589594328,325052.0,0.4273277750170246,95232.0,0.12519621066912767,186592.0,0.2453021184179044
col0_to_col1,prepost_swapped,positive,12,13,limRF,Hind,unit_norm,0.04839762057894502,-0.19714642753469272,146331.0,5.165339308379311,29076.0,0.19870020706480512,67868.0,0.46379782821138377,14246.0,0.09735462752253453,35141.0,0.24014733720127657
col0_to_col1,prepost_swapped,positive,12,2,lMOS1,Hind,unit_norm,0.06092327046549768,-0.08201660919892462,418047.0,5.621226150048518,94746.0,0.22663958837164241,153384.0,0.36690611342743756,81068.0,0.19392077924252535,88849.0,0.21253351895839462
col0_to_col1,prepost_swapped,positive,12,0,lMON,Hind,unit_norm,-0.06731469126794652,-0.07644959491545425,222656.0,5.347636353244854,36858.0,0.1655378700776085,61356.0,0.2755640988789882,44888.0,0.20160247197470538,79554.0,0.3572955590686979
col0_to_col1,prepost_swapped,positive,12,5,lMOS4,Hind,unit_norm,-0.019491271874711048,-0.052902272535541806,257556.0,5.410873357827783,34842.0,0.1352793178959139,65264.0,0.253397319417913,56918.0,0.220992716147168,100532.0,0.3903306465390051
col0_to_col1,prepost_swapped,positive,12,6,lMOS5,Hind,unit_norm,-0.011468664821469039,-0.0615517628140393,276479.0,5.4416637207987995,39417.0,0.14256778995873104,72332.0,0.2616184230990419,61618.0,0.22286683617923966,103112.0,0.37294695076298745
col0_to_col1,prepost_swapped,positive,12,14,lpRF,Hind,unit_norm,0.10878045162584069,-0.13404715046484086,150068.0,5.176290988583086,29730.0,0.1981101900471786,62193.0,0.41443212410373964,22130.0,0.1474664818615561,36015.0,0.23999120398752566
col0_to_col1,prepost_swapped,positive,12,3,lMOS2,Hind,unit_norm,0.0928836615588254,-0.09241824441304652,157234.0,5.196549225004735,20396.0,0.12971749112787312,29142.0,0.18534159278527546,41081.0,0.2612730071104214,66615.0,0.42366790897643003
col0_to_col1,prepost_swapped,positive,12,35,lNX,Hind,unit_norm,0.04648086651163741,-0.0464494764794686,63099.0,4.800029359244134,15409.0,0.24420355314664258,19460.0,0.3084042536331796,12422.0,0.19686524350623624,15808.0,0.25052694971394157
col0_to_col1,prepost_swapped,positive,12,56,rOB,Tel,unit_norm,-0.05436956591932375,0.00644874789388332,17.0,1.255272505103306,1.0,0.058823529411764705,3.0,0.17647058823529413,7.0,0.4117647058823529,6.0,0.35294117647058826
col0_to_col1,prepost_swapped,positive,12,64,rSP,Tel,unit_norm,-0.02736513644891387,-0.008298247221769708,8253.0,3.9166644645413973,1749.0,0.2119229371137768,1970.0,0.23870107839573487,2084.0,0.2525142372470617,2450.0,0.2968617472434266
col0_to_col1,prepost_swapped,positive,12,58,rP,Tel,unit_norm,-0.06102193874366105,0.09468804849454926,46317.0,4.665749798393899,14217.0,0.30694993199041387,9481.0,0.20469805902800267,13995.0,0.30215687544530084,8624.0,0.1861951335362826
col0_to_col1,prepost_swapped,positive,12,61,rPO,Tel,unit_norm,0.07949374265885448,0.08132255901045474,123889.0,5.093036252945163,39594.0,0.3195925384820283,23083.0,0.1863200122690473,38200.0,0.3083405306362954,23012.0,0.18574691861262904
col0_to_col1,prepost_swapped,positive,12,52,rHb,Di,unit_norm,-0.004683007014091241,0.05280182599837877,8261.0,3.9170851906405675,2183.0,0.2642537223096477,1725.0,0.20881249243432998,2400.0,0.2905217286042852,1953.0,0.2364120566517371
col0_to_col1,prepost_swapped,positive,12,66,rTh,Di,unit_norm,0.0026294828655927475,-0.06040786997513427,209836.0,5.32188206860041,58971.0,0.2810337596980499,83139.0,0.39620942069044396,32647.0,0.155583407994815,35079.0,0.16717341161669114
col0_to_col1,prepost_swapped,positive,12,60,rPT,Di,unit_norm,-0.012321419416375516,0.008520887999949328,72320.0,4.859264422603913,15603.0,0.21574944690265488,13627.0,0.18842643805309733,23421.0,0.3238523230088496,19669.0,0.27197179203539823
col0_to_col1,prepost_swapped,positive,12,62,rPrT,Di,unit_norm,-0.005351873499140154,-0.15495507624211696,178909.0,5.252634615712395,30980.0,0.17316065709382983,61184.0,0.3419839136097122,28412.0,0.15880699126371509,58333.0,0.3260484380327429
col0_to_col1,prepost_swapped,positive,12,65,rTeO,Mes,unit_norm,-0.013561639214017115,-0.16643633455322804,625997.0,5.796572945685907,85458.0,0.13651503122219436,187637.0,0.29974105307213933,104443.0,0.16684265260057157,248459.0,0.39690126310509477
col0_to_col1,prepost_swapped,positive,12,47,rT,Hind,unit_norm,0.002281573463249491,-0.19289001532705083,775216.0,5.889423287940077,126685.0,0.16341896968070835,279848.0,0.36099358114383606,118139.0,0.1523949454087635,250544.0,0.3231925037666921
col0_to_col1,prepost_swapped,positive,12,68,rTS,Mes,unit_norm,-0.09134769098317722,-0.14539281943886534,3662.0,3.563836918664545,919.0,0.2509557618787548,1541.0,0.420808301474604,373.0,0.10185690879300928,829.0,0.2263790278536319
col0_to_col1,prepost_swapped,positive,12,46,rRa,Hind,unit_norm,0.07601278585044235,-0.18895642748442526,33118.0,4.520077215158784,5691.0,0.17184008696177305,10869.0,0.3281901080983151,6045.0,0.18252913823298508,10513.0,0.3174406667069267
col0_to_col1,prepost_swapped,positive,12,37,rCb,Hind,unit_norm,0.0018932042077435096,-0.14443353152838792,124236.0,5.0942509557664115,15454.0,0.12439228564989215,46587.0,0.37498792620496474,15970.0,0.12854567114202003,46225.0,0.3720741170031231
col0_to_col1,prepost_swapped,positive,12,48,raRF,Hind,unit_norm,-0.015148058568000847,-0.15412022331358122,75164.0,4.876015661798158,9182.0,0.12215954446277473,22000.0,0.29269331062742804,12968.0,0.17252940237347666,31014.0,0.41261774253632055
col0_to_col1,prepost_swapped,positive,12,40,rMOS3,Hind,unit_norm,-0.04553515639745331,-0.1228600288499248,850383.0,5.929615080328646,251893.0,0.2962112365839863,473727.0,0.5570748709699042,42366.0,0.04981990467824498,82397.0,0.09689398776786459
col0_to_col1,prepost_swapped,positive,12,10,lRa,Hind,unit_norm,0.1073677771300807,-0.0941991176457308,45217.0,4.65531134951371,8351.0,0.1846871751774775,13837.0,0.3060132251144481,9846.0,0.217749961297742,13183.0,0.2915496384103324
col0_to_col1,prepost_swapped,positive,12,38,rMOS1,Hind,unit_norm,0.07239818239624575,-0.08478567067056242,451979.0,5.655119217816228,141165.0,0.3123264576451561,234067.0,0.517871405529903,35254.0,0.07799919907783326,41493.0,0.09180293774710772
col0_to_col1,prepost_swapped,positive,12,49,rimRF,Hind,unit_norm,0.05941399705119656,-0.24395857140196447,168673.0,5.227048144078441,31954.0,0.18944347939504247,92415.0,0.5478944466512127,13648.0,0.08091395777628903,30656.0,0.1817481161774558
col0_to_col1,prepost_swapped,positive,12,41,rMOS4,Hind,unit_norm,0.04912686467291228,-0.04334839578580118,319153.0,5.504000291871077,70294.0,0.22025172879465335,126456.0,0.3962237547508562,47494.0,0.1488126384524037,74909.0,0.23471187800208676
col0_to_col1,prepost_swapped,positive,12,36,rMON,Hind,unit_norm,0.004069668903845729,-0.08815382171166279,229418.0,5.360629382412053,30059.0,0.13102284912256232,64986.0,0.28326460870550696,38549.0,0.16802953560749376,95824.0,0.41768300656443696
col0_to_col1,prepost_swapped,positive,12,42,rMOS5,Hind,unit_norm,-0.02959671141518444,-0.04516696903473471,402814.0,5.605105634413694,81589.0,0.20254757779024563,143224.0,0.35555864493289707,69231.0,0.17186840576544013,108770.0,0.2700253715114172
col0_to_col1,prepost_swapped,positive,12,50,rpRF,Hind,unit_norm,0.10929430492523608,-0.08888345412571014,135430.0,5.131718085235197,20544.0,0.15169460237761204,42085.0,0.3107509414457653,28027.0,0.20694823894262718,44774.0,0.3306062172339954
col0_to_col1,prepost_swapped,positive,12,39,rMOS2,Hind,unit_norm,0.1277432883052343,-0.01209440529383328,62169.0,4.7935808673681555,18230.0,0.29323296176551017,22794.0,0.3666457559233702,9051.0,0.14558702890508132,12094.0,0.1945342534060384
col0_to_col1,prepost_swapped,positive,12,71,rNX,Hind,unit_norm,0.06661010495785676,-0.10998049778030027,25294.0,4.403034683744586,5148.0,0.20352652803036292,8178.0,0.32331778287340873,4436.0,0.17537755989562742,7532.0,0.2977781292006009
col0_to_col1,prepost_swapped,positive,12,20,lOB,Tel,rank,0.025352283903585543,-0.01517923565858712,45.0,1.662757831681574,6.0,0.13333333333333333,13.0,0.28888888888888886,12.0,0.26666666666666666,14.0,0.3111111111111111
col0_to_col1,prepost_swapped,positive,12,28,lSP,Tel,rank,-0.1683756641209453,0.05850414733172581,26325.0,4.420384876960408,6910.0,0.2624881291547958,6771.0,0.2572079772079772,6007.0,0.2281861348528015,6637.0,0.25211775878442544
col0_to_col1,prepost_swapped,positive,12,22,lP,Tel,rank,-0.24252547255975526,0.03628971405283923,16362.0,4.213862930386819,2968.0,0.18139591736951474,4375.0,0.2673878498961007,4450.0,0.2719716416086053,4569.0,0.27924459112577926
col0_to_col1,prepost_swapped,positive,12,25,lPO,Tel,rank,0.10547464131468995,0.0919157179043068,104706.0,5.019975716633494,28218.0,0.2694974500028652,22893.0,0.21864076557217352,29292.0,0.27975474184860466,24303.0,0.23210704257635664
col0_to_col1,prepost_swapped,positive,12,16,lHb,Di,rank,0.06147008743869889,0.1826173361041643,14844.0,4.171580201932064,5639.0,0.3798841282673134,1323.0,0.0891269199676637,6513.0,0.4387631366208569,1369.0,0.09222581514416599
col0_to_col1,prepost_swapped,positive,12,30,lTh,Di,rank,0.016317353397184577,-0.07007278611083301,108197.0,5.034219233071923,28096.0,0.25967448265663556,37642.0,0.34790243722099506,18218.0,0.168378051147444,24241.0,0.22404502897492537
col0_to_col1,prepost_swapped,positive,12,31,lTL,Mes,rank,-0.03389288418826278,-0.43529276706549624,5731.0,3.758306181725307,471.0,0.08218461001570407,2503.0,0.4367475135229454,390.0,0.06805095096841737,2367.0,0.4130169254929332
col0_to_col1,prepost_swapped,positive,12,24,lPT,Di,rank,-0.015281003314262012,0.005755048887717806,63562.0,4.803204386532493,15765.0,0.2480255498568327,14661.0,0.23065668166514583,18365.0,0.28893049306189234,14771.0,0.23238727541612914
col0_to_col1,prepost_swapped,positive,12,26,lPrT,Di,rank,-0.017789700572933262,-0.1626158030509389,97087.0,4.987165554770618,16017.0,0.16497574340539928,28922.0,0.29789776180127103,18698.0,0.1925901511015893,33450.0,0.3445363436917404
col0_to_col1,prepost_swapped,positive,12,29,lTeO,Mes,rank,-0.026469748483135918,-0.10715461121249406,626551.0,5.796957120622897,82303.0,0.13135881995240611,150721.0,0.24055663465543906,155527.0,0.2482271993820136,238000.0,0.3798573460101412
col0_to_col1,prepost_swapped,positive,12,11,lT,Hind,rank,-0.020716424270743657,-0.15586948889476132,908139.0,5.958152805063628,177606.0,0.19557138279492456,373916.0,0.4117387316258855,120846.0,0.13306993753158933,235771.0,0.25961994804760063
col0_to_col1,prepost_swapped,positive,12,32,lTS,Mes,rank,-0.08194379520553854,-0.0660817130245003,34710.0,4.5404671255765106,9651.0,0.2780466724286949,15078.0,0.4343993085566119,3730.0,0.10746182656295016,6251.0,0.18009219245174302
col0_to_col1,prepost_swapped,positive,12,1,lCb,Hind,rank,-0.030529591119643845,-0.10654923990948854,192301.0,5.283983801058277,32416.0,0.16856906620350387,65794.0,0.34214070649658607,31671.0,0.16469493138361216,62420.0,0.3245952959162979
col0_to_col1,prepost_swapped,positive,12,12,laRF,Hind,rank,-0.026940256961761423,-0.0817508654249998,189264.0,5.2770703090919255,34923.0,0.18452003550595994,63251.0,0.33419456420661087,31315.0,0.16545671654408656,59775.0,0.3158286837433426
col0_to_col1,prepost_swapped,positive,12,4,lMOS3,Hind,rank,0.0036234451406826833,-0.11239884647281821,760662.0,5.881192291913447,152236.0,0.20013619715458378,311381.0,0.40935527211823386,102626.0,0.13491669098758713,194419.0,0.25559183973959526
col0_to_col1,prepost_swapped,positive,12,13,limRF,Hind,rank,0.04839762057894502,-0.19714642753469272,146331.0,5.165339308379311,27583.0,0.18849731089106203,64067.0,0.43782247097334126,16464.0,0.1125120446111897,38217.0,0.261168173524407
col0_to_col1,prepost_swapped,positive,12,2,lMOS1,Hind,rank,0.06092327046549768,-0.08201660919892462,418047.0,5.621226150048518,91639.0,0.21920740969316846,144722.0,0.3461859551677204,86254.0,0.2063260829523953,95432.0,0.22828055218671583
col0_to_col1,prepost_swapped,positive,12,0,lMON,Hind,rank,-0.06731469126794652,-0.07644959491545425,222656.0,5.347636353244854,36555.0,0.16417702644438056,59924.0,0.26913265306122447,45868.0,0.2060038804254096,80309.0,0.3606864400689853
col0_to_col1,prepost_swapped,positive,12,5,lMOS4,Hind,rank,-0.019491271874711048,-0.052902272535541806,257556.0,5.410873357827783,36834.0,0.14301355821646555,66414.0,0.2578623677957415,56890.0,0.22088400192579477,97418.0,0.37824007206199817
col0_to_col1,prepost_swapped,positive,12,6,lMOS5,Hind,rank,-0.011468664821469039,-0.0615517628140393,276479.0,5.4416637207987995,42216.0,0.1526915244919144,74296.0,0.2687220367550519,60497.0,0.2188122786902441,99470.0,0.35977416006278956
col0_to_col1,prepost_swapped,positive,12,14,lpRF,Hind,rank,0.10878045162584069,-0.13404715046484086,150068.0,5.176290988583086,30327.0,0.20208838659807554,61258.0,0.4082016152677453,22747.0,0.15157795132873098,35736.0,0.2381320468054482
col0_to_col1,prepost_swapped,positive,12,3,lMOS2,Hind,rank,0.0928836615588254,-0.09241824441304652,157234.0,5.196549225004735,21770.0,0.13845605912207284,29601.0,0.18826080873093606,40535.0,0.25780047572408005,65328.0,0.4154826564229111
col0_to_col1,prepost_swapped,positive,12,35,lNX,Hind,rank,0.04648086651163741,-0.0464494764794686,63099.0,4.800029359244134,16208.0,0.25686619439293806,19764.0,0.31322207958921694,12061.0,0.1911440751834419,15066.0,0.23876765083440307
col0_to_col1,prepost_swapped,positive,12,56,rOB,Tel,rank,-0.05436956591932375,0.00644874789388332,17.0,1.255272505103306,2.0,0.11764705882352941,4.0,0.23529411764705882,8.0,0.47058823529411764,3.0,0.17647058823529413
col0_to_col1,prepost_swapped,positive,12,64,rSP,Tel,rank,-0.02736513644891387,-0.008298247221769708,8253.0,3.9166644645413973,1907.0,0.23106749060947535,2191.0,0.26547921967769295,1798.0,0.21786017205864533,2357.0,0.2855931176541864
col0_to_col1,prepost_swapped,positive,12,58,rP,Tel,rank,-0.06102193874366105,0.09468804849454926,46317.0,4.665749798393899,14379.0,0.31044756784765853,11399.0,0.24610834035019538,11883.0,0.2565580672323337,8656.0,0.18688602456981238
col0_to_col1,prepost_swapped,positive,12,61,rPO,Tel,rank,0.07949374265885448,0.08132255901045474,123889.0,5.093036252945163,36041.0,0.29091364043619694,26636.0,0.21499891031487864,34994.0,0.28246252693943774,26218.0,0.2116249223094867
col0_to_col1,prepost_swapped,positive,12,52,rHb,Di,rank,-0.004683007014091241,0.05280182599837877,8261.0,3.9170851906405675,2131.0,0.2579590848565549,1853.0,0.22430698462655851,2298.0,0.27817455513860306,1979.0,0.2395593753782835
col0_to_col1,prepost_swapped,positive,12,66,rTh,Di,rank,0.0026294828655927475,-0.06040786997513427,209836.0,5.32188206860041,50118.0,0.23884366838864637,88317.0,0.42088583465182333,28688.0,0.13671629272384148,42713.0,0.20355420423568882
col0_to_col1,prepost_swapped,positive,12,60,rPT,Di,rank,-0.012321419416375516,0.008520887999949328,72320.0,4.859264422603913,13589.0,0.18790099557522125,18115.0,0.25048396017699115,17945.0,0.24813329646017698,22671.0,0.3134817477876106
col0_to_col1,prepost_swapped,positive,12,62,rPrT,Di,rank,-0.005351873499140154,-0.15495507624211696,178909.0,5.252634615712395,29356.0,0.16408341670905321,66934.0,0.37412315758290526,23765.0,0.1328328926996406,58854.0,0.32896053300840095
col0_to_col1,prepost_swapped,positive,12,65,rTeO,Mes,rank,-0.013561639214017115,-0.16643633455322804,625997.0,5.796572945685907,85956.0,0.13731056219119261,191283.0,0.30556536213432334,100259.0,0.16015891449959024,248499.0,0.39696516117489383
col0_to_col1,prepost_swapped,positive,12,47,rT,Hind,rank,0.002281573463249491,-0.19289001532705083,775216.0,5.889423287940077,124505.0,0.1606068502198097,277815.0,0.35837108625208974,118856.0,0.15331984891952694,254040.0,0.3277022146085736
col0_to_col1,prepost_swapped,positive,12,68,rTS,Mes,rank,-0.09134769098317722,-0.14539281943886534,3662.0,3.563836918664545,846.0,0.2310212998361551,1502.0,0.4101583833970508,351.0,0.09584926269797925,963.0,0.2629710540688149
col0_to_col1,prepost_swapped,positive,12,46,rRa,Hind,rank,0.07601278585044235,-0.18895642748442526,33118.0,4.520077215158784,5834.0,0.1761579805543813,11015.0,0.3325985868711879,5961.0,0.17999275318557884,10308.0,0.311250679388852
col0_to_col1,prepost_swapped,positive,12,37,rCb,Hind,rank,0.0018932042077435096,-0.14443353152838792,124236.0,5.0942509557664115,16894.0,0.1359831288837374,48026.0,0.38657072024211986,15189.0,0.122259248526997,44127.0,0.3551869023471457
col0_to_col1,prepost_swapped,positive,12,48,raRF,Hind,rank,-0.015148058568000847,-0.15412022331358122,75164.0,4.876015661798158,11926.0,0.1586663828428503,26735.0,0.35568889361928585,10960.0,0.1458144856580278,25543.0,0.3398302378798361
col0_to_col1,prepost_swapped,positive,12,40,rMOS3,Hind,rank,-0.04553515639745331,-0.1228600288499248,850383.0,5.929615080328646,176376.0,0.20740772099160026,333626.0,0.39232439971165933,122157.0,0.14364939092150242,218224.0,0.256618488375238
col0_to_col1,prepost_swapped,positive,12,10,lRa,Hind,rank,0.1073677771300807,-0.0941991176457308,45217.0,4.65531134951371,8432.0,0.18647853683349183,13867.0,0.3066766923944534,9813.0,0.21702014728973615,13105.0,0.2898246234823186
col0_to_col1,prepost_swapped,positive,12,38,rMOS1,Hind,rank,0.07239818239624575,-0.08478567067056242,451979.0,5.655119217816228,124645.0,0.27577608694209244,200830.0,0.4443348031656338,53476.0,0.1183152314598687,73028.0,0.16157387843240503
col0_to_col1,prepost_swapped,positive,12,49,rimRF,Hind,rank,0.05941399705119656,-0.24395857140196447,168673.0,5.227048144078441,27430.0,0.16262235212511783,79957.0,0.47403555992956786,19517.0,0.11570909392730312,41769.0,0.24763299401801117
col0_to_col1,prepost_swapped,positive,12,41,rMOS4,Hind,rank,0.04912686467291228,-0.04334839578580118,319153.0,5.504000291871077,70539.0,0.22101938568648893,123531.0,0.3870588714503702,49371.0,0.15469383023189504,75712.0,0.23722791263124582
col0_to_col1,prepost_swapped,positive,12,36,rMON,Hind,rank,0.004069668903845729,-0.08815382171166279,229418.0,5.360629382412053,31636.0,0.1378967648571603,64320.0,0.28036161068442755,40814.0,0.1779023441926963,92648.0,0.40383928026571586
col0_to_col1,prepost_swapped,positive,12,42,rMOS5,Hind,rank,-0.02959671141518444,-0.04516696903473471,402814.0,5.605105634413694,78391.0,0.19460842969708103,135593.0,0.3366144175723783,75793.0,0.1881588028221462,113037.0,0.28061834990839446
col0_to_col1,prepost_swapped,positive,12,50,rpRF,Hind,rank,0.10929430492523608,-0.08888345412571014,135430.0,5.131718085235197,23118.0,0.1707007310049472,45829.0,0.33839621944916193,26075.0,0.19253488887248024,40408.0,0.2983681606734106
col0_to_col1,prepost_swapped,positive,12,39,rMOS2,Hind,rank,0.1277432883052343,-0.01209440529383328,62169.0,4.7935808673681555,17470.0,0.28100821953063426,22040.0,0.3545175248114012,9473.0,0.15237497788286766,13186.0,0.2120992777750969
col0_to_col1,prepost_swapped,positive,12,71,rNX,Hind,rank,0.06661010495785676,-0.10998049778030027,25294.0,4.403034683744586,6429.0,0.2541709496323239,9628.0,0.3806436309006088,3258.0,0.12880525025697795,5979.0,0.23638016921008934
col0_to_col1,prepost_swapped,positive,13,20,lOB,Tel,unit_norm,0.0037929787725045406,-0.02798714434278254,52.0,1.724275869600789,18.0,0.34615384615384615,10.0,0.19230769230769232,12.0,0.23076923076923078,12.0,0.23076923076923078
col0_to_col1,prepost_swapped,positive,13,28,lSP,Tel,unit_norm,-0.16142794749983194,0.014910392970359874,19372.0,4.287196878466229,5551.0,0.28654759446623995,4345.0,0.22429279372289904,5084.0,0.26244063596944045,4392.0,0.22671897584142062
col0_to_col1,prepost_swapped,positive,13,22,lP,Tel,unit_norm,-0.22901992062414794,0.017339048542090656,11814.0,4.072433725968388,2988.0,0.2529202640934485,2729.0,0.23099712205857456,3259.0,0.2758591501608261,2838.0,0.24022346368715083
col0_to_col1,prepost_swapped,positive,13,25,lPO,Tel,unit_norm,0.1024062238683499,0.06220511520199553,130201.0,5.114617655371134,31996.0,0.24574312025253262,24780.0,0.1903211188854156,41687.0,0.3201741922105053,31738.0,0.24376156865154647
col0_to_col1,prepost_swapped,positive,13,16,lHb,Di,unit_norm,-0.00953918116956432,0.15310640332765224,18293.0,4.262308674749025,6822.0,0.3729295358880446,1827.0,0.09987426884600667,7642.0,0.4177554255726234,2002.0,0.10944076969332532
col0_to_col1,prepost_swapped,positive,13,30,lTh,Di,unit_norm,0.02011347710111034,-0.10046933256550136,108794.0,5.036608936517427,20100.0,0.18475283563431807,27974.0,0.2571281504494733,25151.0,0.23118002831038476,35569.0,0.32693898560582385
col0_to_col1,prepost_swapped,positive,13,31,lTL,Mes,unit_norm,-0.04127116789093576,-0.4983369260943596,10608.0,4.025674449410344,529.0,0.04986802413273002,4626.0,0.43608597285067874,579.0,0.054581447963800905,4874.0,0.4594645550527903
col0_to_col1,prepost_swapped,positive,13,24,lPT,Di,unit_norm,-0.020861666986907643,-0.02988443060101932,100171.0,5.0007463448361555,24043.0,0.24001956654121454,23188.0,0.23148416208283834,26954.0,0.26907987341645784,25986.0,0.2594163979594893
col0_to_col1,prepost_swapped,positive,13,26,lPrT,Di,unit_norm,-0.02941953353112998,-0.14797541342437823,177473.0,5.2491347377651705,23697.0,0.13352453612662207,45019.0,0.2536667549430054,38588.0,0.21743025699683896,70169.0,0.39537845193353355
col0_to_col1,prepost_swapped,positive,13,29,lTeO,Mes,unit_norm,-0.021832335055710625,-0.10143242176532097,893580.0,5.951133925905581,154056.0,0.17240314241590007,253609.0,0.2838123055574207,188766.0,0.2112468945142013,297149.0,0.3325376575124779
col0_to_col1,prepost_swapped,positive,13,11,lT,Hind,unit_norm,-0.03525868528644053,-0.1358078999770627,1089325.0,6.037157869483812,256961.0,0.23589011543845959,468039.0,0.42965965161912195,133238.0,0.12231244119064558,231087.0,0.2121377917517729
col0_to_col1,prepost_swapped,positive,13,32,lTS,Mes,unit_norm,-0.06739657141068055,-0.08038087227141695,37080.0,4.569151437679197,7427.0,0.20029665587918016,11872.0,0.3201725997842503,6790.0,0.1831175836030205,10991.0,0.29641316073354906
col0_to_col1,prepost_swapped,positive,13,1,lCb,Hind,unit_norm,-0.042401105086593525,-0.1164701778616765,253835.0,5.40455321544433,37281.0,0.14687099887722338,85716.0,0.33768392853625384,40267.0,0.15863454606338764,90571.0,0.3568105265231351
col0_to_col1,prepost_swapped,positive,13,12,laRF,Hind,unit_norm,-0.03982683698003902,-0.13011878619082706,278027.0,5.444088535605659,51316.0,0.18457200199980578,89237.0,0.3209652299956479,46928.0,0.16878936218424828,90546.0,0.325673405820298
col0_to_col1,prepost_swapped,positive,13,4,lMOS3,Hind,unit_norm,-0.006545742241819124,-0.16553088306689964,754426.0,5.877617222864453,137419.0,0.18215040308791056,289397.0,0.3835989215642091,106614.0,0.1413180351684592,220996.0,0.29293264017942117
col0_to_col1,prepost_swapped,positive,13,13,limRF,Hind,unit_norm,0.010054522061372423,-0.19625819296230382,197421.0,5.295395547250658,33908.0,0.1717547778605113,76432.0,0.38715232928614485,26710.0,0.13529462417878543,60371.0,0.30579826867455845
col0_to_col1,prepost_swapped,positive,13,2,lMOS1,Hind,unit_norm,0.054123682659994975,-0.06550750288487289,436237.0,5.639723493593686,98334.0,0.22541416706973502,143445.0,0.3288235523350839,92116.0,0.21116044718811106,102342.0,0.23460183340707
col0_to_col1,prepost_swapped,positive,13,0,lMON,Hind,unit_norm,-0.07872865404123948,-0.11180072939481832,283634.0,5.452759820900959,30126.0,0.10621434665801702,63888.0,0.22524803091307813,56395.0,0.19883018255921364,133225.0,0.4697074398696912
col0_to_col1,prepost_swapped,positive,13,5,lMOS4,Hind,unit_norm,-0.028470534156216015,-0.13206621115508432,287461.0,5.458580442830678,39075.0,0.1359314828794167,81107.0,0.2821495785515252,58376.0,0.20307450401967572,108903.0,0.3788444345493823
col0_to_col1,prepost_swapped,positive,13,6,lMOS5,Hind,unit_norm,-0.01573393775023299,-0.10038728017996243,328453.0,5.5164745551894665,45644.0,0.13896661013904577,90594.0,0.2758202847896046,67565.0,0.20570675256429383,124650.0,0.3795063525070558
col0_to_col1,prepost_swapped,positive,13,14,lpRF,Hind,unit_norm,0.05890368980636285,-0.1361545657252344,199639.0,5.300247561194085,45937.0,0.23010033109763123,95083.0,0.4762746757898006,22383.0,0.11211737185620044,36236.0,0.18150762125636774
col0_to_col1,prepost_swapped,positive,13,3,lMOS2,Hind,unit_norm,0.08181735644585801,-0.08873064818867203,172234.0,5.236121409384356,24840.0,0.14422239511362447,36120.0,0.20971469047923175,45403.0,0.26361229490112287,65871.0,0.3824506195060209
col0_to_col1,prepost_swapped,positive,13,35,lNX,Hind,unit_norm,0.03318943738235732,0.0024243423318859327,55189.0,4.741860394065264,12754.0,0.2310967765315552,14434.0,0.2615376252514088,12772.0,0.23142292848212506,15229.0,0.27594266973491094
col0_to_col1,prepost_swapped,positive,13,56,rOB,Tel,unit_norm,-0.03394476148975689,0.0035405758544239624,18.0,1.2787536009528289,6.0,0.3333333333333333,5.0,0.2777777777777778,4.0,0.2222222222222222,3.0,0.16666666666666666
col0_to_col1,prepost_swapped,positive,13,64,rSP,Tel,unit_norm,-0.0003573706532210656,0.012668858272861277,7307.0,3.8637985386805003,1313.0,0.1796907075407144,2733.0,0.3740249076228274,911.0,0.12467496920760915,2350.0,0.32160941562884904
col0_to_col1,prepost_swapped,positive,13,58,rP,Tel,unit_norm,-0.06808464708405056,0.09572318828941365,61499.0,4.788875115775417,18807.0,0.30580985056667587,12690.0,0.20634481861493684,17739.0,0.2884437145319436,12263.0,0.19940161628644368
col0_to_col1,prepost_swapped,positive,13,61,rPO,Tel,unit_norm,0.082487048189821,0.05936885061664612,156956.0,5.195780689221035,50848.0,0.32396340375646676,34738.0,0.2213231733734295,42494.0,0.27073829608297867,28876.0,0.18397512678712505
col0_to_col1,prepost_swapped,positive,13,52,rHb,Di,unit_norm,0.0005495592485547936,0.03892527384722447,9193.0,3.9635044994142907,3090.0,0.33612531273795276,2616.0,0.284564342434461,1865.0,0.20287175024475143,1622.0,0.17643859458283476
col0_to_col1,prepost_swapped,positive,13,66,rTh,Di,unit_norm,-0.014425326796506897,-0.09737320544090323,271696.0,5.434084843089813,79457.0,0.2924481773747129,110376.0,0.40624815970790884,39150.0,0.14409487073788352,42713.0,0.15720879217949474
col0_to_col1,prepost_swapped,positive,13,60,rPT,Di,unit_norm,-0.02029915177430496,-0.026003473126952482,104174.0,5.017763509129316,22946.0,0.220266093267034,23470.0,0.22529613915180371,30077.0,0.2887188741912569,27681.0,0.26571889338990534
col0_to_col1,prepost_swapped,positive,13,62,rPrT,Di,unit_norm,-0.02762349412179642,-0.1852719257462308,173286.0,5.2387659831407225,26163.0,0.15098161421003428,49005.0,0.28279837955749454,34005.0,0.19623627990720544,64113.0,0.36998372632526577
col0_to_col1,prepost_swapped,positive,13,65,rTeO,Mes,unit_norm,-0.035363559008220205,-0.18361193953968294,718689.0,5.856541602036332,98670.0,0.13729165188280326,182091.0,0.2533655030200824,146687.0,0.20410358305191814,291241.0,0.40523926204519617
col0_to_col1,prepost_swapped,positive,13,47,rT,Hind,unit_norm,-0.011280542006048055,-0.14154171035280894,769610.0,5.8862712664169194,152537.0,0.1982003872091059,264404.0,0.3435558269773002,130271.0,0.16926885045672482,222398.0,0.2889749353568691
col0_to_col1,prepost_swapped,positive,13,68,rTS,Mes,unit_norm,-0.07882518329688132,-0.09751668177392789,5665.0,3.7532765701844184,551.0,0.09726390114739629,1255.0,0.22153574580759047,1410.0,0.24889673433362755,2449.0,0.43230361871138573
col0_to_col1,prepost_swapped,positive,13,46,rRa,Hind,unit_norm,0.07356081453552027,-0.1327082017447375,41344.0,4.616422996265682,6400.0,0.15479876160990713,11938.0,0.2887480650154799,8665.0,0.20958301083591332,14341.0,0.3468701625386997
col0_to_col1,prepost_swapped,positive,13,37,rCb,Hind,unit_norm,-0.011702950428733983,-0.1816676796172921,239427.0,5.379174937776421,28927.0,0.12081761873138785,76240.0,0.3184269109164798,38789.0,0.16200762654170164,95471.0,0.3987478438104307
col0_to_col1,prepost_swapped,positive,13,48,raRF,Hind,unit_norm,-0.022752107216449328,-0.20085547430843065,181998.0,5.260069001745102,26106.0,0.1434411367157881,52037.0,0.28592072440356486,32406.0,0.17805690172419478,71449.0,0.39258123715645227
col0_to_col1,prepost_swapped,positive,13,40,rMOS3,Hind,unit_norm,-0.05316656055571417,-0.16751997731344004,895470.0,5.952051525702737,229085.0,0.25582654918646075,471656.0,0.526713346064078,65144.0,0.0727483891140965,129585.0,0.14471171563536467
col0_to_col1,prepost_swapped,positive,13,10,lRa,Hind,unit_norm,0.10091380398771788,-0.05552217632204511,62181.0,4.793664686426941,13302.0,0.21392386741930816,19337.0,0.31097923803090977,12975.0,0.20866502629420564,16567.0,0.26643186825557647
col0_to_col1,prepost_swapped,positive,13,38,rMOS1,Hind,unit_norm,0.06754404666366114,-0.07005367181413336,440824.0,5.644266216184407,146427.0,0.3321665789521442,220949.0,0.5012181732392066,30831.0,0.06993947697947481,42617.0,0.09667577082917446
col0_to_col1,prepost_swapped,positive,13,49,rimRF,Hind,unit_norm,0.037654118222698395,-0.21245728598501193,190903.0,5.280815028235091,35023.0,0.18345966276066902,89310.0,0.4678292116938969,19693.0,0.10315710072654699,46877.0,0.24555402481888708
col0_to_col1,prepost_swapped,positive,13,41,rMOS4,Hind,unit_norm,0.05935560481365007,-0.13191746255371375,379065.0,5.5787148325019364,70676.0,0.18644823447166053,148392.0,0.3914684816588184,56800.0,0.1498423753182172,103197.0,0.27224090855130384
col0_to_col1,prepost_swapped,positive,13,36,rMON,Hind,unit_norm,-0.036611692371195825,-0.20930063678057292,285519.0,5.455636534947604,39134.0,0.1370626823433817,75882.0,0.26576865287423956,55334.0,0.19380146330016565,115169.0,0.4033672014822131
col0_to_col1,prepost_swapped,positive,13,42,rMOS5,Hind,unit_norm,-0.039735617353848986,-0.14573064960067036,522482.0,5.718072164397826,101667.0,0.194584693826773,181249.0,0.3468999888991391,88529.0,0.16943932996734815,151037.0,0.2890759873067398
col0_to_col1,prepost_swapped,positive,13,50,rpRF,Hind,unit_norm,0.08376903691375971,-0.07905727850220001,140693.0,5.148275577019301,24111.0,0.1713731315701563,55310.0,0.3931254575565238,22943.0,0.16307136815619824,38329.0,0.2724300427171217
col0_to_col1,prepost_swapped,positive,13,39,rMOS2,Hind,unit_norm,0.12316275596629543,-0.01250699379801486,73498.0,4.866281430275538,17797.0,0.24214264333723368,27372.0,0.37241829709651963,11486.0,0.15627636126153094,16843.0,0.22916269830471578
col0_to_col1,prepost_swapped,positive,13,71,rNX,Hind,unit_norm,0.07540683374236795,-0.1292518716497874,36137.0,4.557964113554224,6118.0,0.1693001632675651,11224.0,0.3105957882502698,6932.0,0.1918255527575615,11863.0,0.3282784957246036
col0_to_col1,prepost_swapped,positive,13,20,lOB,Tel,rank,0.0037929787725045406,-0.02798714434278254,52.0,1.724275869600789,20.0,0.38461538461538464,11.0,0.21153846153846154,11.0,0.21153846153846154,10.0,0.19230769230769232
col0_to_col1,prepost_swapped,positive,13,28,lSP,Tel,rank,-0.16142794749983194,0.014910392970359874,19372.0,4.287196878466229,5107.0,0.26362791658063184,4682.0,0.24168903572166012,4771.0,0.2462832954780095,4812.0,0.24839975221969854
col0_to_col1,prepost_swapped,positive,13,22,lP,Tel,rank,-0.22901992062414794,0.017339048542090656,11814.0,4.072433725968388,3680.0,0.31149483663450145,3943.0,0.33375656001354326,2069.0,0.17513120027086507,2122.0,0.17961740308109023
col0_to_col1,prepost_swapped,positive,13,25,lPO,Tel,rank,0.1024062238683499,0.06220511520199553,130201.0,5.114617655371134,31532.0,0.24217939954378231,26711.0,0.20515203416256403,39505.0,0.30341548836030446,32453.0,0.2492530779333492
col0_to_col1,prepost_swapped,positive,13,16,lHb,Di,rank,-0.00953918116956432,0.15310640332765224,18293.0,4.262308674749025,7217.0,0.39452249494342095,2006.0,0.10965943256983546,7079.0,0.38697862570382113,1991.0,0.10883944678292243
col0_to_col1,prepost_swapped,positive,13,30,lTh,Di,rank,0.02011347710111034,-0.10046933256550136,108794.0,5.036608936517427,22095.0,0.2030902439472765,31151.0,0.28633012849973344,22968.0,0.21111458352482673,32580.0,0.2994650440281633
col0_to_col1,prepost_swapped,positive,13,31,lTL,Mes,rank,-0.04127116789093576,-0.4983369260943596,10608.0,4.025674449410344,549.0,0.05175339366515837,4732.0,0.44607843137254904,567.0,0.05345022624434389,4760.0,0.44871794871794873
col0_to_col1,prepost_swapped,positive,13,24,lPT,Di,rank,-0.020861666986907643,-0.02988443060101932,100171.0,5.0007463448361555,23127.0,0.23087520340218226,22652.0,0.22613331203641773,27385.0,0.27338251589781476,27007.0,0.26960896866358525
col0_to_col1,prepost_swapped,positive,13,26,lPrT,Di,rank,-0.02941953353112998,-0.14797541342437823,177473.0,5.2491347377651705,28165.0,0.1587001966496312,52405.0,0.2952843531128679,34163.0,0.19249688685039415,62740.0,0.35351856338710674
col0_to_col1,prepost_swapped,positive,13,29,lTeO,Mes,rank,-0.021832335055710625,-0.10143242176532097,893580.0,5.951133925905581,162008.0,0.18130217775688803,262199.0,0.29342532285861367,182920.0,0.20470467109827883,286453.0,0.3205678282862195
col0_to_col1,prepost_swapped,positive,13,11,lT,Hind,rank,-0.03525868528644053,-0.1358078999770627,1089325.0,6.037157869483812,246060.0,0.22588300094094968,454750.0,0.41746035388887615,139345.0,0.12791866522846718,249170.0,0.22873797994170703
col0_to_col1,prepost_swapped,positive,13,32,lTS,Mes,rank,-0.06739657141068055,-0.08038087227141695,37080.0,4.569151437679197,8189.0,0.22084681769147788,12457.0,0.3359492988133765,6422.0,0.17319309600862998,10012.0,0.27001078748651564
col0_to_col1,prepost_swapped,positive,13,1,lCb,Hind,rank,-0.042401105086593525,-0.1164701778616765,253835.0,5.40455321544433,38629.0,0.1521815352492761,86348.0,0.3401737349065338,40209.0,0.15840605117497586,88649.0,0.34923867866921426
col0_to_col1,prepost_swapped,positive,13,12,laRF,Hind,rank,-0.03982683698003902,-0.13011878619082706,278027.0,5.444088535605659,53336.0,0.19183748340988466,92436.0,0.33247130674358966,45365.0,0.16316760602387537,86890.0,0.3125236038226503
col0_to_col1,prepost_swapped,positive,13,4,lMOS3,Hind,rank,-0.006545742241819124,-0.16553088306689964,754426.0,5.877617222864453,139778.0,0.18527728365671384,282893.0,0.37497779768989936,111576.0,0.1478952210024575,220179.0,0.29184969765092933
col0_to_col1,prepost_swapped,positive,13,13,limRF,Hind,rank,0.010054522061372423,-0.19625819296230382,197421.0,5.295395547250658,34291.0,0.1736947943734456,76049.0,0.38521231277321055,27768.0,0.14065372984636892,59313.0,0.30043916300697493
col0_to_col1,prepost_swapped,positive,13,2,lMOS1,Hind,rank,0.054123682659994975,-0.06550750288487289,436237.0,5.639723493593686,90926.0,0.20843257220272465,128235.0,0.293957183824389,103577.0,0.23743286332887856,113499.0,0.26017738064400775
col0_to_col1,prepost_swapped,positive,13,0,lMON,Hind,rank,-0.07872865404123948,-0.11180072939481832,283634.0,5.452759820900959,30783.0,0.10853071211490865,63591.0,0.2242009068024285,56820.0,0.2003285924818604,132440.0,0.46693978860080243
col0_to_col1,prepost_swapped,positive,13,5,lMOS4,Hind,rank,-0.028470534156216015,-0.13206621115508432,287461.0,5.458580442830678,41323.0,0.14375167414014423,80653.0,0.28057023387520397,60349.0,0.2099380437694157,105136.0,0.36574004821523615
col0_to_col1,prepost_swapped,positive,13,6,lMOS5,Hind,rank,-0.01573393775023299,-0.10038728017996243,328453.0,5.5164745551894665,49726.0,0.1513945678681577,91847.0,0.27963513805628204,67010.0,0.20401701308863063,119870.0,0.36495328098692964
col0_to_col1,prepost_swapped,positive,13,14,lpRF,Hind,rank,0.05890368980636285,-0.1361545657252344,199639.0,5.300247561194085,48292.0,0.24189662340524648,91243.0,0.4570399571226063,23833.0,0.11938048176959412,36271.0,0.18168293770255312
col0_to_col1,prepost_swapped,positive,13,3,lMOS2,Hind,rank,0.08181735644585801,-0.08873064818867203,172234.0,5.236121409384356,27669.0,0.1606477234460095,37652.0,0.21860956605548265,43837.0,0.25452001347004655,63076.0,0.3662226970284613
col0_to_col1,prepost_swapped,positive,13,35,lNX,Hind,rank,0.03318943738235732,0.0024243423318859327,55189.0,4.741860394065264,16235.0,0.29417093986120424,17295.0,0.31337766583920706,9794.0,0.17746290021562267,11865.0,0.214988494083966
col0_to_col1,prepost_swapped,positive,13,56,rOB,Tel,rank,-0.03394476148975689,0.0035405758544239624,18.0,1.2787536009528289,6.0,0.3333333333333333,5.0,0.2777777777777778,4.0,0.2222222222222222,3.0,0.16666666666666666
col0_to_col1,prepost_swapped,positive,13,64,rSP,Tel,rank,-0.0003573706532210656,0.012668858272861277,7307.0,3.8637985386805003,916.0,0.12535924456001094,2377.0,0.3253045025318188,1355.0,0.18543862050088955,2659.0,0.3638976324072807
col0_to_col1,prepost_swapped,positive,13,58,rP,Tel,rank,-0.06808464708405056,0.09572318828941365,61499.0,4.788875115775417,18112.0,0.29450885380250086,13385.0,0.21764581537911185,17152.0,0.2788988438836404,12850.0,0.2089464869347469
col0_to_col1,prepost_swapped,positive,13,61,rPO,Tel,rank,0.082487048189821,0.05936885061664612,156956.0,5.195780689221035,47753.0,0.30424450164377276,34654.0,0.22078799153903006,43208.0,0.275287341675374,31341.0,0.19968016514182318
col0_to_col1,prepost_swapped,positive,13,52,rHb,Di,rank,0.0005495592485547936,0.03892527384722447,9193.0,3.9635044994142907,2821.0,0.3068639181986294,2223.0,0.24181442401827477,2317.0,0.2520395953442837,1832.0,0.19928206243881214
col0_to_col1,prepost_swapped,positive,13,66,rTh,Di,rank,-0.014425326796506897,-0.09737320544090323,271696.0,5.434084843089813,76515.0,0.2816198987103233,111841.0,0.41164021553500973,37586.0,0.13833843707673282,45754.0,0.16840144867793416
col0_to_col1,prepost_swapped,positive,13,60,rPT,Di,rank,-0.02029915177430496,-0.026003473126952482,104174.0,5.017763509129316,21400.0,0.20542553804212182,25590.0,0.24564670647186437,27255.0,0.26162958127747804,29929.0,0.2872981742085357
col0_to_col1,prepost_swapped,positive,13,62,rPrT,Di,rank,-0.02762349412179642,-0.1852719257462308,173286.0,5.2387659831407225,29240.0,0.16873838625163026,56634.0,0.3268238634396316,29452.0,0.169961797260021,57960.0,0.33447595304871713
col0_to_col1,prepost_swapped,positive,13,65,rTeO,Mes,rank,-0.035363559008220205,-0.18361193953968294,718689.0,5.856541602036332,103868.0,0.1445242657115943,186364.0,0.2593110510944233,143729.0,0.19998775548255227,284728.0,0.3961769277114301
col0_to_col1,prepost_swapped,positive,13,47,rT,Hind,rank,-0.011280542006048055,-0.14154171035280894,769610.0,5.8862712664169194,150687.0,0.1957965722898611,260018.0,0.3378568365795663,132453.0,0.1721040527020179,226452.0,0.29424253842855475
col0_to_col1,prepost_swapped,positive,13,68,rTS,Mes,rank,-0.07882518329688132,-0.09751668177392789,5665.0,3.7532765701844184,559.0,0.09867608120035304,1247.0,0.2201235657546337,1382.0,0.2439541041482789,2477.0,0.43724624889673436
col0_to_col1,prepost_swapped,positive,13,46,rRa,Hind,rank,0.07356081453552027,-0.1327082017447375,41344.0,4.616422996265682,6570.0,0.15891060371517027,12267.0,0.29670568885448917,8518.0,0.20602747678018576,13989.0,0.3383562306501548
col0_to_col1,prepost_swapped,positive,13,37,rCb,Hind,rank,-0.011702950428733983,-0.1816676796172921,239427.0,5.379174937776421,33173.0,0.13855162533882978,79280.0,0.33112389162458705,37466.0,0.1564819339506405,89508.0,0.37384254908594267
col0_to_col1,prepost_swapped,positive,13,48,raRF,Hind,rank,-0.022752107216449328,-0.20085547430843065,181998.0,5.260069001745102,28255.0,0.1552489587797668,54847.0,0.30136045451048915,31741.0,0.17440301541775186,67155.0,0.3689875712919922
col0_to_col1,prepost_swapped,positive,13,40,rMOS3,Hind,rank,-0.05316656055571417,-0.16751997731344004,895470.0,5.952051525702737,171396.0,0.19140339709873028,351123.0,0.39211028845187446,127875.0,0.1428021039230795,245076.0,0.2736842105263158
col0_to_col1,prepost_swapped,positive,13,10,lRa,Hind,rank,0.10091380398771788,-0.05552217632204511,62181.0,4.793664686426941,13603.0,0.2187645743876747,20056.0,0.32254225567295475,12672.0,0.20379215515993632,15850.0,0.2549010147794342
col0_to_col1,prepost_swapped,positive,13,38,rMOS1,Hind,rank,0.06754404666366114,-0.07005367181413336,440824.0,5.644266216184407,139698.0,0.316901983558064,209676.0,0.47564560913198917,39288.0,0.08912400413770576,52162.0,0.11832840317224108
col0_to_col1,prepost_swapped,positive,13,49,rimRF,Hind,rank,0.037654118222698395,-0.21245728598501193,190903.0,5.280815028235091,34871.0,0.18266344688140052,87659.0,0.45918084053157887,20750.0,0.10869394404488143,47623.0,0.2494617685421392
col0_to_col1,prepost_swapped,positive,13,41,rMOS4,Hind,rank,0.05935560481365007,-0.13191746255371375,379065.0,5.5787148325019364,71825.0,0.18947937688786884,141889.0,0.3743131125268753,61519.0,0.162291427591574,103832.0,0.2739160829936818
col0_to_col1,prepost_swapped,positive,13,36,rMON,Hind,rank,-0.036611692371195825,-0.20930063678057292,285519.0,5.455636534947604,40944.0,0.14340201527744212,76356.0,0.2674287875763084,56792.0,0.19890795358627622,111427.0,0.3902612435599732
col0_to_col1,prepost_swapped,positive,13,42,rMOS5,Hind,rank,-0.039735617353848986,-0.14573064960067036,522482.0,5.718072164397826,99320.0,0.1900926730490237,170287.0,0.32591936181533526,99059.0,0.18959313430893313,153816.0,0.2943948308267079
col0_to_col1,prepost_swapped,positive,13,50,rpRF,Hind,rank,0.08376903691375971,-0.07905727850220001,140693.0,5.148275577019301,25008.0,0.17774871528789635,54571.0,0.3878728863553979,23579.0,0.16759184891927814,37535.0,0.2667865494374276
col0_to_col1,prepost_swapped,positive,13,39,rMOS2,Hind,rank,0.12316275596629543,-0.01250699379801486,73498.0,4.866281430275538,18289.0,0.2488367030395385,26880.0,0.36572423739421484,11757.0,0.15996353642275982,16572.0,0.2254755231434869
col0_to_col1,prepost_swapped,positive,13,71,rNX,Hind,rank,0.07540683374236795,-0.1292518716497874,36137.0,4.557964113554224,5679.0,0.15715194952541717,10187.0,0.2818994382488862,7859.0,0.2174779312062429,12412.0,0.34347068101945377
col0_to_col1,prepost_swapped,positive,14,20,lOB,Tel,unit_norm,-0.0421232636329448,0.02570048012815421,28.0,1.462397997898956,9.0,0.32142857142857145,5.0,0.17857142857142858,9.0,0.32142857142857145,5.0,0.17857142857142858
col0_to_col1,prepost_swapped,positive,14,28,lSP,Tel,unit_norm,-0.12576423995892125,0.022190365352524177,23542.0,4.371861802620895,5840.0,0.24806728400305836,6317.0,0.268328944014952,5248.0,0.22292073740548807,6137.0,0.26068303457650155
col0_to_col1,prepost_swapped,positive,14,22,lP,Tel,unit_norm,-0.22869115127781442,0.033390843554373356,12864.0,4.109409790546366,3414.0,0.2653917910447761,4176.0,0.3246268656716418,2290.0,0.17801616915422885,2984.0,0.23196517412935325
col0_to_col1,prepost_swapped,positive,14,25,lPO,Tel,unit_norm,0.0820638430123931,0.0537142900216677,145044.0,5.161502762371109,46571.0,0.32108187860235515,35250.0,0.2430297013320096,36174.0,0.24940018201373376,27049.0,0.18648823805190148
col0_to_col1,prepost_swapped,positive,14,16,lHb,Di,unit_norm,0.0030901124852423735,0.13066865464696337,34202.0,4.53406420039254,11540.0,0.33740716917139346,2350.0,0.06870943219694754,16628.0,0.4861703993918484,3684.0,0.10771299923981054
col0_to_col1,prepost_swapped,positive,14,30,lTh,Di,unit_norm,0.012360520588081556,-0.09018724647953813,157895.0,5.198371128108791,31481.0,0.19937933436777605,43818.0,0.2775135374774375,34295.0,0.21720130466449222,48301.0,0.30590582349029416
col0_to_col1,prepost_swapped,positive,14,31,lTL,Mes,unit_norm,-0.04811877685883776,-0.4150785042910157,6503.0,3.8131805325860118,581.0,0.08934337997847147,2475.0,0.3805935721974473,589.0,0.09057358142395817,2858.0,0.43948946640012304
col0_to_col1,prepost_swapped,positive,14,24,lPT,Di,unit_norm,-0.02375408381475116,-0.02702333671096589,123751.0,5.092552226449606,30412.0,0.24575154948242842,32642.0,0.26377160588601306,32127.0,0.25961002335334665,28570.0,0.2308668212782119
col0_to_col1,prepost_swapped,positive,14,26,lPrT,Di,unit_norm,-0.0314132137556297,-0.13933833672895507,241252.0,5.382472722535395,36754.0,0.15234692354882032,61626.0,0.2554424419279426,53694.0,0.2225639580190009,89178.0,0.3696466765042362
col0_to_col1,prepost_swapped,positive,14,29,lTeO,Mes,unit_norm,-0.03268349687063743,-0.10062236317553008,975868.0,5.989391522179428,129521.0,0.13272389298552673,232660.0,0.2384133919751442,232336.0,0.23808137985875139,381351.0,0.3907813351805777
col0_to_col1,prepost_swapped,positive,14,11,lT,Hind,unit_norm,-0.016351885450012132,-0.14451601432305833,1513395.0,6.179952581765668,285408.0,0.18858790996402128,623256.0,0.41182639033431456,197730.0,0.1306532663316583,407001.0,0.26893243337000583
col0_to_col1,prepost_swapped,positive,14,32,lTS,Mes,unit_norm,-0.070992841599541,-0.09307601951666437,42184.0,4.625158053443225,8744.0,0.20728238194576143,15542.0,0.3684335293002086,6731.0,0.15956286743789114,11167.0,0.26472122131613884
col0_to_col1,prepost_swapped,positive,14,1,lCb,Hind,unit_norm,-0.012651999367431303,-0.10583914531939391,281571.0,5.449589465633103,44517.0,0.15810221933366717,97133.0,0.3449680542385402,44149.0,0.1567952665579907,95772.0,0.34013445986980195
col0_to_col1,prepost_swapped,positive,14,12,laRF,Hind,unit_norm,-0.023522092053896954,-0.1285145209838117,280901.0,5.448554831354913,35299.0,0.12566348998401572,67793.0,0.24134125546010873,56479.0,0.20106371995827713,121330.0,0.4319315345975984
col0_to_col1,prepost_swapped,positive,14,4,lMOS3,Hind,unit_norm,0.011923327487016066,-0.1118444882366663,961723.0,5.983050454080322,173870.0,0.18079010276347762,411736.0,0.4281232745811424,118447.0,0.12316124289426374,257670.0,0.26792537976111624
col0_to_col1,prepost_swapped,positive,14,13,limRF,Hind,unit_norm,0.022493012375449182,-0.18281801157794808,260329.0,5.415524218373229,44357.0,0.17038823949694426,117945.0,0.4530613185622808,28038.0,0.10770217686081843,69989.0,0.2688482650799565
col0_to_col1,prepost_swapped,positive,14,2,lMOS1,Hind,unit_norm,0.04264316448124516,-0.07794853201456094,696600.0,5.842984093570639,134049.0,0.19243324720068905,244169.0,0.3505153603215619,154211.0,0.22137668676428365,164171.0,0.2356747057134654
col0_to_col1,prepost_swapped,positive,14,0,lMON,Hind,unit_norm,-0.04224339126431641,-0.09864615290344941,333844.0,5.5235448761852854,49685.0,0.1488269970405339,92693.0,0.2776536346317442,65017.0,0.1947526389571177,126449.0,0.37876672937060424
col0_to_col1,prepost_swapped,positive,14,5,lMOS4,Hind,unit_norm,-0.00812316314117362,-0.05308456782003917,355248.0,5.5505328640939675,51339.0,0.14451594379137955,102697.0,0.2890853713462145,71725.0,0.20190120704409315,129487.0,0.3644974778183128
col0_to_col1,prepost_swapped,positive,14,6,lMOS5,Hind,unit_norm,0.010258365338744507,-0.07684575326112508,355015.0,5.550247926449811,50504.0,0.1422587777981212,98999.0,0.2788586397757841,75539.0,0.2127769249186654,129973.0,0.36610565750742924
col0_to_col1,prepost_swapped,positive,14,14,lpRF,Hind,unit_norm,0.07746579019734594,-0.1440240314931511,211151.0,5.3245951993524505,39787.0,0.18842913365316763,94720.0,0.4485889245137366,26235.0,0.12424757637898945,50409.0,0.2387343654541063
col0_to_col1,prepost_swapped,positive,14,3,lMOS2,Hind,unit_norm,0.07728699843348916,-0.07259868576834254,281983.0,5.450224466798636,41400.0,0.14681736133029297,65817.0,0.23340768769748532,71204.0,0.25251167623580145,103562.0,0.3672632747364203
col0_to_col1,prepost_swapped,positive,14,35,lNX,Hind,unit_norm,0.012137654397325972,-0.04227041195186333,85134.0,4.930108140365738,19938.0,0.23419550355909508,25670.0,0.30152465524937155,16785.0,0.19715977165409823,22741.0,0.2671200695374351
col0_to_col1,prepost_swapped,positive,14,56,rOB,Tel,unit_norm,-0.038964388587637476,-5.515656443748415e-07,22.0,1.3617278360175928,5.0,0.22727272727272727,7.0,0.3181818181818182,2.0,0.09090909090909091,8.0,0.36363636363636365
col0_to_col1,prepost_swapped,positive,14,64,rSP,Tel,unit_norm,-0.016676503520971466,0.0018353465447954,9002.0,3.954387250144515,1686.0,0.1872917129526772,2439.0,0.27093979115752054,1791.0,0.19895578760275495,3086.0,0.3428127082870473
col0_to_col1,prepost_swapped,positive,14,58,rP,Tel,unit_norm,-0.08317272638838476,0.05026716046153035,69179.0,4.839980557678342,22618.0,0.32694892958845895,18350.0,0.26525390653232916,14988.0,0.2166553433845531,13223.0,0.19114182049465878
col0_to_col1,prepost_swapped,positive,14,61,rPO,Tel,unit_norm,0.06050112856553705,0.047200553179726844,212607.0,5.327579602099263,64595.0,0.30382348652678415,47558.0,0.22368971858875766,57869.0,0.27218765139435674,42585.0,0.20029914349010144
col0_to_col1,prepost_swapped,positive,14,52,rHb,Di,unit_norm,-0.019777861713760458,0.03293072958130725,12780.0,4.106564834846764,3571.0,0.2794209702660407,2801.0,0.21917057902973397,3682.0,0.2881064162754304,2726.0,0.213302034428795
col0_to_col1,prepost_swapped,positive,14,66,rTh,Di,unit_norm,0.007750158044266968,-0.07381836598837378,286865.0,5.457679077742685,75841.0,0.26437871472643926,106345.0,0.37071444756244226,50188.0,0.17495337528105556,54491.0,0.18995346243006292
col0_to_col1,prepost_swapped,positive,14,60,rPT,Di,unit_norm,-0.020379289192688697,-0.025324426500016633,105901.0,5.024904162003254,22634.0,0.2137279156948471,22116.0,0.20883655489561004,31371.0,0.29622949736074256,29780.0,0.2812060320488003
col0_to_col1,prepost_swapped,positive,14,62,rPrT,Di,unit_norm,-0.01199965918837051,-0.13481570846472604,246177.0,5.391249239068437,37990.0,0.1543198592882357,70647.0,0.2869764437782571,49402.0,0.20067674884331194,88138.0,0.35802694809019525
col0_to_col1,prepost_swapped,positive,14,65,rTeO,Mes,unit_norm,-0.01429203528409145,-0.14881315626407746,856424.0,5.932689336347268,118495.0,0.1383602047583907,264842.0,0.30924168402566954,144078.0,0.16823209064668904,329009.0,0.38416602056925075
col0_to_col1,prepost_swapped,positive,14,47,rT,Hind,unit_norm,-0.0011624962192970654,-0.16255160988156744,1261383.0,6.100847317892611,198108.0,0.15705618356993872,454884.0,0.3606232207029903,191000.0,0.15142109890493213,417391.0,0.33089949682213887
col0_to_col1,prepost_swapped,positive,14,68,rTS,Mes,unit_norm,-0.08954390936454348,-0.052825527178593665,12488.0,4.09652766560644,2003.0,0.16039397821909032,2139.0,0.17128443305573351,3604.0,0.2885970531710442,4742.0,0.379724535554132
col0_to_col1,prepost_swapped,positive,14,46,rRa,Hind,unit_norm,0.05707530731588726,-0.15528591418636847,68905.0,4.838257039809504,12808.0,0.1858791089180756,26382.0,0.38287497278862204,10473.0,0.15199187286844207,19242.0,0.2792540454248603
col0_to_col1,prepost_swapped,positive,14,37,rCb,Hind,unit_norm,-0.021207391631750887,-0.12419219283090692,184598.0,5.266229344059026,25512.0,0.1382030141171627,71515.0,0.38740939771828514,22645.0,0.12267196827701275,64926.0,0.3517156198875394
col0_to_col1,prepost_swapped,positive,14,48,raRF,Hind,unit_norm,-0.06022925252626692,-0.1519067480302497,209300.0,5.32077130331931,25952.0,0.12399426660296226,61516.0,0.29391304347826086,34789.0,0.1662159579550884,87043.0,0.41587673196368846
col0_to_col1,prepost_swapped,positive,14,40,rMOS3,Hind,unit_norm,-0.06356411760849634,-0.1298749517974565,1045575.0,6.0193556059542885,266310.0,0.2547019582526361,577272.0,0.5521096047629295,65592.0,0.06273294598665806,136401.0,0.13045549099777634
col0_to_col1,prepost_swapped,positive,14,10,lRa,Hind,unit_norm,0.0953512803370916,-0.07432402800263976,107291.0,5.0305673409279175,21292.0,0.19845094183109488,34937.0,0.3256284310892806,22937.0,0.2137830759336757,28125.0,0.2621375511459489
col0_to_col1,prepost_swapped,positive,14,38,rMOS1,Hind,unit_norm,0.06224481721895188,-0.06296560728662703,564603.0,5.751743950629487,170123.0,0.30131437487934,293255.0,0.519400357419284,45460.0,0.08051675247917563,55765.0,0.09876851522220038
col0_to_col1,prepost_swapped,positive,14,49,rimRF,Hind,unit_norm,0.0004180171376494597,-0.21170405776543588,296910.0,5.472626287696435,51067.0,0.1719948806035499,159627.0,0.5376275639082551,22612.0,0.07615775824323869,63604.0,0.21421979724495638
col0_to_col1,prepost_swapped,positive,14,41,rMOS4,Hind,unit_norm,0.022438023659220298,-0.06440934877187471,375695.0,5.574836571195471,77174.0,0.2054166278497185,144673.0,0.38508098324438705,55680.0,0.14820532612890774,98168.0,0.26129706277698667
col0_to_col1,prepost_swapped,positive,14,36,rMON,Hind,unit_norm,-0.004869888241435687,-0.08631997701476772,346375.0,5.539547792615925,39989.0,0.11545001804402742,82113.0,0.2370638758570913,67017.0,0.19348105377120173,157256.0,0.4540050523276795
col0_to_col1,prepost_swapped,positive,14,42,rMOS5,Hind,unit_norm,-0.03615028403445827,-0.05867872979753997,559070.0,5.747466965221255,116597.0,0.20855527930312842,213059.0,0.38109539055932173,84680.0,0.15146582717727655,144734.0,0.2588835029602733
col0_to_col1,prepost_swapped,positive,14,50,rpRF,Hind,unit_norm,0.07212680123330668,-0.07970833287058547,222792.0,5.347901541487638,40010.0,0.17958454522604042,84172.0,0.3778053071923588,39784.0,0.1785701461452835,58826.0,0.2640400014363173
col0_to_col1,prepost_swapped,positive,14,39,rMOS2,Hind,unit_norm,0.10652697975281177,-0.022148443179980735,112136.0,5.049748933242112,28146.0,0.2509987871869872,43119.0,0.3845241492473425,17415.0,0.1553024898337733,23456.0,0.209174573731897
col0_to_col1,prepost_swapped,positive,14,71,rNX,Hind,unit_norm,0.08335048450662005,-0.12417798355644347,60520.0,4.781906095340804,8959.0,0.14803370786516853,15208.0,0.2512888301387971,13808.0,0.22815598149372107,22545.0,0.37252148050231326
col0_to_col1,prepost_swapped,positive,14,20,lOB,Tel,rank,-0.0421232636329448,0.02570048012815421,28.0,1.462397997898956,6.0,0.21428571428571427,7.0,0.25,10.0,0.35714285714285715,5.0,0.17857142857142858
col0_to_col1,prepost_swapped,positive,14,28,lSP,Tel,rank,-0.12576423995892125,0.022190365352524177,23542.0,4.371861802620895,5316.0,0.22580919208223602,5877.0,0.2496389431654065,5642.0,0.2396567836207629,6707.0,0.2848950811315946
col0_to_col1,prepost_swapped,positive,14,22,lP,Tel,rank,-0.22869115127781442,0.033390843554373356,12864.0,4.109409790546366,2958.0,0.22994402985074627,3662.0,0.28467039800995025,2699.0,0.20981032338308458,3545.0,0.2755752487562189
col0_to_col1,prepost_swapped,positive,14,25,lPO,Tel,rank,0.0820638430123931,0.0537142900216677,145044.0,5.161502762371109,42657.0,0.2940969636799868,31967.0,0.2203951904249745,39800.0,0.2743994925677725,30620.0,0.2111083533272662
col0_to_col1,prepost_swapped,positive,14,16,lHb,Di,rank,0.0030901124852423735,0.13066865464696337,34202.0,4.53406420039254,12548.0,0.36687912987544585,2862.0,0.08367931699900591,15185.0,0.4439798842172972,3607.0,0.10546166890825098
col0_to_col1,prepost_swapped,positive,14,30,lTh,Di,rank,0.012360520588081556,-0.09018724647953813,157895.0,5.198371128108791,32720.0,0.20722632128946453,45225.0,0.2864245226257956,32738.0,0.20734032109946485,47212.0,0.29900883498527503
col0_to_col1,prepost_swapped,positive,14,31,lTL,Mes,rank,-0.04811877685883776,-0.4150785042910157,6503.0,3.8131805325860118,601.0,0.09241888359218822,2603.0,0.4002767953252345,521.0,0.08011686913732123,2778.0,0.42718745194525604
col0_to_col1,prepost_swapped,positive,14,24,lPT,Di,rank,-0.02375408381475116,-0.02702333671096589,123751.0,5.092552226449606,29552.0,0.2388021106900146,31799.0,0.25695953972089114,32675.0,0.26403827039781497,29725.0,0.24020007919127925
col0_to_col1,prepost_swapped,positive,14,26,lPrT,Di,rank,-0.0314132137556297,-0.13933833672895507,241252.0,5.382472722535395,38031.0,0.15764014391590536,63946.0,0.2650589425165387,52044.0,0.21572463647969758,87231.0,0.36157627708785833
col0_to_col1,prepost_swapped,positive,14,29,lTeO,Mes,rank,-0.03268349687063743,-0.10062236317553008,975868.0,5.989391522179428,136759.0,0.140140879709141,238923.0,0.24483126816331716,228294.0,0.2339394262338759,371892.0,0.3810884258936659
col0_to_col1,prepost_swapped,positive,14,11,lT,Hind,rank,-0.016351885450012132,-0.14451601432305833,1513395.0,6.179952581765668,275020.0,0.18172387248537228,614615.0,0.4061167111031819,201281.0,0.13299964649017607,422479.0,0.27915976992126973
col0_to_col1,prepost_swapped,positive,14,32,lTS,Mes,rank,-0.070992841599541,-0.09307601951666437,42184.0,4.625158053443225,7373.0,0.1747819078323535,12440.0,0.29489853973070357,8246.0,0.19547695808837473,14125.0,0.33484259434856817
col0_to_col1,prepost_swapped,positive,14,1,lCb,Hind,rank,-0.012651999367431303,-0.10583914531939391,281571.0,5.449589465633103,47690.0,0.16937113552176894,101781.0,0.3614754360356713,42892.0,0.15233102840846535,89208.0,0.3168224000340944
col0_to_col1,prepost_swapped,positive,14,12,laRF,Hind,rank,-0.023522092053896954,-0.1285145209838117,280901.0,5.448554831354913,37455.0,0.1333387919587328,72796.0,0.25915180081238587,55251.0,0.19669207300792807,115399.0,0.4108173342209533
col0_to_col1,prepost_swapped,positive,14,4,lMOS3,Hind,rank,0.011923327487016066,-0.1118444882366663,961723.0,5.983050454080322,171166.0,0.17797848236966363,404051.0,0.4201324081882205,121542.0,0.12637942526070398,264964.0,0.2755096841814119
col0_to_col1,prepost_swapped,positive,14,13,limRF,Hind,rank,0.022493012375449182,-0.18281801157794808,260329.0,5.415524218373229,42424.0,0.1629630198710094,112252.0,0.4311928367565657,30607.0,0.11757045891929059,75046.0,0.2882736844531343
col0_to_col1,prepost_swapped,positive,14,2,lMOS1,Hind,rank,0.04264316448124516,-0.07794853201456094,696600.0,5.842984093570639,131776.0,0.18917025552684466,240359.0,0.3450459374102785,156341.0,0.22443439563594603,168124.0,0.2413494114269308
col0_to_col1,prepost_swapped,positive,14,0,lMON,Hind,rank,-0.04224339126431641,-0.09864615290344941,333844.0,5.5235448761852854,49667.0,0.14877307964198846,91921.0,0.2753411773163513,65189.0,0.19526784965432956,127067.0,0.3806178933873306
col0_to_col1,prepost_swapped,positive,14,5,lMOS4,Hind,rank,-0.00812316314117362,-0.05308456782003917,355248.0,5.5505328640939675,52662.0,0.14824010268882584,103708.0,0.2919312705490249,71656.0,0.20170697653470251,127222.0,0.35812165022744674
col0_to_col1,prepost_swapped,positive,14,6,lMOS5,Hind,rank,0.010258365338744507,-0.07684575326112508,355015.0,5.550247926449811,53035.0,0.14938805402588623,101061.0,0.28466684506288464,73577.0,0.20725039787051253,127342.0,0.3586947030407166
col0_to_col1,prepost_swapped,positive,14,14,lpRF,Hind,rank,0.07746579019734594,-0.1440240314931511,211151.0,5.3245951993524505,39712.0,0.18807393760863078,93729.0,0.44389560077858975,26794.0,0.1268949708976041,50916.0,0.2411354907151754
col0_to_col1,prepost_swapped,positive,14,3,lMOS2,Hind,rank,0.07728699843348916,-0.07259868576834254,281983.0,5.450224466798636,43540.0,0.15440647131210036,68415.0,0.24262100906792253,68901.0,0.24434451722266945,101127.0,0.35862800239730763
col0_to_col1,prepost_swapped,positive,14,35,lNX,Hind,rank,0.012137654397325972,-0.04227041195186333,85134.0,4.930108140365738,19009.0,0.22328329457091173,24332.0,0.28580825522118075,18202.0,0.21380412056287734,23591.0,0.2771043296450302
col0_to_col1,prepost_swapped,positive,14,56,rOB,Tel,rank,-0.038964388587637476,-5.515656443748415e-07,22.0,1.3617278360175928,2.0,0.09090909090909091,7.0,0.3181818181818182,5.0,0.22727272727272727,8.0,0.36363636363636365
col0_to_col1,prepost_swapped,positive,14,64,rSP,Tel,rank,-0.016676503520971466,0.0018353465447954,9002.0,3.954387250144515,1720.0,0.1910686514107976,2538.0,0.2819373472561653,1736.0,0.19284603421461896,3008.0,0.33414796711841815
col0_to_col1,prepost_swapped,positive,14,58,rP,Tel,rank,-0.08317272638838476,0.05026716046153035,69179.0,4.839980557678342,21641.0,0.3128261466630047,18247.0,0.26376501539484526,15441.0,0.22320357333872995,13850.0,0.2002052646034201
col0_to_col1,prepost_swapped,positive,14,61,rPO,Tel,rank,0.06050112856553705,0.047200553179726844,212607.0,5.327579602099263,63982.0,0.30094023244766166,47206.0,0.22203408166240998,58477.0,0.2750473879035027,42942.0,0.20197829798642566
col0_to_col1,prepost_swapped,positive,14,52,rHb,Di,rank,-0.019777861713760458,0.03293072958130725,12780.0,4.106564834846764,3297.0,0.257981220657277,2771.0,0.21682316118935838,3723.0,0.29131455399061035,2989.0,0.2338810641627543
col0_to_col1,prepost_swapped,positive,14,66,rTh,Di,rank,0.007750158044266968,-0.07381836598837378,286865.0,5.457679077742685,69684.0,0.2429156571906646,108223.0,0.37726108099628747,49116.0,0.17121642584490962,59842.0,0.2086068359681383
col0_to_col1,prepost_swapped,positive,14,60,rPT,Di,rank,-0.020379289192688697,-0.025324426500016633,105901.0,5.024904162003254,21635.0,0.20429457701060424,25462.0,0.24043210167987084,27895.0,0.2634063889859397,30909.0,0.29186693232358524
col0_to_col1,prepost_swapped,positive,14,62,rPrT,Di,rank,-0.01199965918837051,-0.13481570846472604,246177.0,5.391249239068437,45277.0,0.18392051247679514,88594.0,0.35987927385580293,38208.0,0.1552054009919692,74098.0,0.3009948126754327
col0_to_col1,prepost_swapped,positive,14,65,rTeO,Mes,rank,-0.01429203528409145,-0.14881315626407746,856424.0,5.932689336347268,118265.0,0.13809164619394132,267705.0,0.3125846543300982,140384.0,0.16391880657244542,330070.0,0.3854048929035151
col0_to_col1,prepost_swapped,positive,14,47,rT,Hind,rank,-0.0011624962192970654,-0.16255160988156744,1261383.0,6.100847317892611,192247.0,0.15240969634123816,455051.0,0.3607556150669543,188420.0,0.14937572489878173,425665.0,0.3374589636930258
col0_to_col1,prepost_swapped,positive,14,68,rTS,Mes,rank,-0.08954390936454348,-0.052825527178593665,12488.0,4.09652766560644,2459.0,0.1969090326713645,2991.0,0.23950992953235106,2794.0,0.22373478539397823,4244.0,0.3398462524023062
col0_to_col1,prepost_swapped,positive,14,46,rRa,Hind,rank,0.05707530731588726,-0.15528591418636847,68905.0,4.838257039809504,12100.0,0.17560409259124882,26043.0,0.37795515564908205,10358.0,0.15032290835207895,20404.0,0.2961178434075902
col0_to_col1,prepost_swapped,positive,14,37,rCb,Hind,rank,-0.021207391631750887,-0.12419219283090692,184598.0,5.266229344059026,26074.0,0.14124746746985342,72207.0,0.39115808405291497,22280.0,0.12069469875079904,64037.0,0.34689974972643256
col0_to_col1,prepost_swapped,positive,14,48,raRF,Hind,rank,-0.06022925252626692,-0.1519067480302497,209300.0,5.32077130331931,27344.0,0.1306450071667463,65493.0,0.3129144768275203,33480.0,0.1599617773530817,82983.0,0.3964787386526517
col0_to_col1,prepost_swapped,positive,14,40,rMOS3,Hind,rank,-0.06356411760849634,-0.1298749517974565,1045575.0,6.0193556059542885,189566.0,0.1813031107285465,416076.0,0.3979398895344667,145640.0,0.13929177725175143,294293.0,0.2814652224852354
col0_to_col1,prepost_swapped,positive,14,10,lRa,Hind,rank,0.0953512803370916,-0.07432402800263976,107291.0,5.0305673409279175,20783.0,0.19370683468324462,35460.0,0.33050302448481234,22580.0,0.21045567661779646,28468.0,0.2653344642141466
col0_to_col1,prepost_swapped,positive,14,38,rMOS1,Hind,rank,0.06224481721895188,-0.06296560728662703,564603.0,5.751743950629487,165477.0,0.2930855840298404,287784.0,0.509710362856733,50258.0,0.08901475904307983,61084.0,0.10818929407034678
col0_to_col1,prepost_swapped,positive,14,49,rimRF,Hind,rank,0.0004180171376494597,-0.21170405776543588,296910.0,5.472626287696435,47281.0,0.1592435418140177,151297.0,0.5095719241521,26843.0,0.09040786770401806,71489.0,0.24077666632986428
col0_to_col1,prepost_swapped,positive,14,41,rMOS4,Hind,rank,0.022438023659220298,-0.06440934877187471,375695.0,5.574836571195471,77547.0,0.20640945447770132,143844.0,0.3828744061006934,56257.0,0.14974114640865596,98047.0,0.26097499301294935
col0_to_col1,prepost_swapped,positive,14,36,rMON,Hind,rank,-0.004869888241435687,-0.08631997701476772,346375.0,5.539547792615925,40722.0,0.1175662215806568,84001.0,0.2425146156622158,65704.0,0.18969036448935403,155948.0,0.45022879826777334
col0_to_col1,prepost_swapped,positive,14,42,rMOS5,Hind,rank,-0.03615028403445827,-0.05867872979753997,559070.0,5.747466965221255,105411.0,0.18854705135314004,199839.0,0.3574489777666482,94977.0,0.16988391435777273,158843.0,0.28412005652243905
col0_to_col1,prepost_swapped,positive,14,50,rpRF,Hind,rank,0.07212680123330668,-0.07970833287058547,222792.0,5.347901541487638,40673.0,0.18256041509569465,83691.0,0.37564634277711945,40586.0,0.1821699163345183,57842.0,0.2596233257926676
col0_to_col1,prepost_swapped,positive,14,39,rMOS2,Hind,rank,0.10652697975281177,-0.022148443179980735,112136.0,5.049748933242112,28623.0,0.2552525504744239,42640.0,0.3802525504744239,17549.0,0.15649746736106157,23324.0,0.2079974316900906
col0_to_col1,prepost_swapped,positive,14,71,rNX,Hind,rank,0.08335048450662005,-0.12417798355644347,60520.0,4.781906095340804,15091.0,0.24935558493060145,22131.0,0.365680766688698,7876.0,0.13013879709187046,15422.0,0.25482485128883015
col0_to_col1,prepost_swapped,positive,15,20,lOB,Tel,unit_norm,0.0006621963306701157,-0.009558306619192174,7.0,0.9030899869919435,1.0,0.14285714285714285,3.0,0.42857142857142855,1.0,0.14285714285714285,2.0,0.2857142857142857
col0_to_col1,prepost_swapped,positive,15,28,lSP,Tel,unit_norm,-0.22295875629896425,0.056500730581241596,10401.0,4.017116849438813,3350.0,0.3220844149601,2581.0,0.24814921642149793,2387.0,0.22949716373425633,2083.0,0.20026920488414576
col0_to_col1,prepost_swapped,positive,15,22,lP,Tel,unit_norm,-0.26988901708065377,0.01921090458390019,8165.0,3.9120093755869783,2596.0,0.3179424372320882,2811.0,0.34427434170238824,1320.0,0.16166564605021433,1438.0,0.17611757501530925
col0_to_col1,prepost_swapped,positive,15,25,lPO,Tel,unit_norm,0.048953733848623095,0.052210787786178256,74289.0,4.870930358348696,23804.0,0.32042428892568214,17808.0,0.23971247425594638,18191.0,0.24486801545316264,14486.0,0.19499522136520886
col0_to_col1,prepost_swapped,positive,15,16,lHb,Di,unit_norm,-0.0014885872215144988,0.11619906379247118,2304.0,3.362670929725667,1012.0,0.4392361111111111,381.0,0.16536458333333334,631.0,0.2738715277777778,280.0,0.12152777777777778
col0_to_col1,prepost_swapped,positive,15,30,lTh,Di,unit_norm,-0.0079391352722851,-0.13095554858797198,144746.0,5.160609571384294,34150.0,0.2359305265775911,52095.0,0.3599063186547469,22728.0,0.15701988310557805,35773.0,0.2471432716620839
col0_to_col1,prepost_swapped,positive,15,31,lTL,Mes,unit_norm,-0.04529655563359348,-0.475577134337242,3373.0,3.5281450782531065,174.0,0.051586125111176995,1658.0,0.4915505484731693,139.0,0.041209605692262084,1402.0,0.41565372072339163
col0_to_col1,prepost_swapped,positive,15,24,lPT,Di,unit_norm,-0.05811765484975952,-0.0921048341738011,78051.0,4.892384035878069,15649.0,0.20049711086340982,18203.0,0.2332193053260048,21342.0,0.27343659914671176,22857.0,0.2928469846638736
col0_to_col1,prepost_swapped,positive,15,26,lPrT,Di,unit_norm,-0.03869459697627867,-0.12233590220421675,98805.0,4.994783317945646,12305.0,0.12453823187085673,20467.0,0.20714538737918123,25441.0,0.257486969282931,40592.0,0.410829411467031
col0_to_col1,prepost_swapped,positive,15,29,lTeO,Mes,unit_norm,-0.047905983626012984,-0.1087416541809039,328059.0,5.515953280558879,54781.0,0.16698520692924138,88800.0,0.27068301738406814,71122.0,0.21679636894582988,113356.0,0.34553540674086064
col0_to_col1,prepost_swapped,positive,15,11,lT,Hind,unit_norm,-0.04068769936883933,-0.14599949946114485,306412.0,5.4863071869021365,64519.0,0.21056290223620486,129341.0,0.4221146691382844,38723.0,0.1263755988668851,73829.0,0.24094682975862564
col0_to_col1,prepost_swapped,positive,15,32,lTS,Mes,unit_norm,-0.09311636986882903,-0.08910002457299428,5974.0,3.7763379096201755,1020.0,0.17073987278205557,1662.0,0.27820555741546704,1186.0,0.19852695011717442,2106.0,0.352527619685303
col0_to_col1,prepost_swapped,positive,15,1,lCb,Hind,unit_norm,-0.020838277339872598,-0.08946912615767824,142997.0,5.155329963373887,24963.0,0.17457009587613725,46502.0,0.32519563347482816,25012.0,0.17491276040756099,46520.0,0.3253215102414736
col0_to_col1,prepost_swapped,positive,15,12,laRF,Hind,unit_norm,-0.013171525225571802,-0.16580281523337448,166744.0,5.22205282007005,25894.0,0.15529194453773448,47773.0,0.2865050616513938,29599.0,0.17751163460154487,63478.0,0.3806913592093269
col0_to_col1,prepost_swapped,positive,15,4,lMOS3,Hind,unit_norm,0.013641636598980015,-0.13655201866358915,502255.0,5.700925133576239,95994.0,0.1911260216423928,197775.0,0.39377407890414234,72930.0,0.1452051248867607,135556.0,0.2698947745667042
col0_to_col1,prepost_swapped,positive,15,13,limRF,Hind,unit_norm,0.036393623277575296,-0.2287084634312099,149110.0,5.173509682776179,27324.0,0.18324726711823486,62217.0,0.41725571725571725,16682.0,0.1118771376835893,42887.0,0.2876198779424586
col0_to_col1,prepost_swapped,positive,15,2,lMOS1,Hind,unit_norm,0.04525731652044214,-0.04832250160582597,315747.0,5.499340608343078,62235.0,0.1971040104894108,99470.0,0.3150307049631509,84149.0,0.2665076786161072,69893.0,0.2213576059313311
col0_to_col1,prepost_swapped,positive,15,0,lMON,Hind,unit_norm,-0.0610986405605174,-0.11404781206657791,215709.0,5.3338702788260095,24979.0,0.11579952621355623,51607.0,0.23924361060502808,49383.0,0.22893342419648693,89740.0,0.4160234389849288
col0_to_col1,prepost_swapped,positive,15,5,lMOS4,Hind,unit_norm,0.018837171575935775,-0.06422110890865987,192416.0,5.2842434392196695,26576.0,0.13811741227340762,48278.0,0.2509042907034758,46117.0,0.23967341593214703,71445.0,0.37130488109096954
col0_to_col1,prepost_swapped,positive,15,6,lMOS5,Hind,unit_norm,0.013639920700770343,-0.08371718457157849,214855.0,5.332147486158191,34614.0,0.16110400037234415,60883.0,0.283367852737893,46484.0,0.21635056200693492,72874.0,0.33917758488282795
col0_to_col1,prepost_swapped,positive,15,14,lpRF,Hind,unit_norm,0.09599970841380966,-0.1519524251014121,137398.0,5.13798357190794,29970.0,0.21812544578523704,53907.0,0.3923419554869794,19563.0,0.1423819851817348,33958.0,0.2471506135460487
col0_to_col1,prepost_swapped,positive,15,3,lMOS2,Hind,unit_norm,0.10064257431363452,-0.08895928641982029,87540.0,4.9422115033463365,14679.0,0.16768334475668267,21946.0,0.25069682430888734,22437.0,0.25630568882796434,28478.0,0.32531414210646564
col0_to_col1,prepost_swapped,positive,15,35,lNX,Hind,unit_norm,0.037034216890460575,-0.05470595748674566,56519.0,4.752202153176521,13699.0,0.2423786691201189,16804.0,0.29731594684973195,12014.0,0.21256568587554628,14002.0,0.24773969815460287
col0_to_col1,prepost_swapped,positive,15,56,rOB,Tel,unit_norm,-0.1084894756773132,0.0,0.0,0.0,0.0,,0.0,,0.0,,0.0,
col0_to_col1,prepost_swapped,positive,15,64,rSP,Tel,unit_norm,-0.020451439637121167,0.036776344928935785,3539.0,3.5490032620257876,985.0,0.2783272110765753,992.0,0.2803051709522464,729.0,0.20599039276631817,833.0,0.23537722520486012
col0_to_col1,prepost_swapped,positive,15,58,rP,Tel,unit_norm,-0.12371362526818579,0.054240690454014376,29120.0,4.464206284343785,8191.0,0.28128434065934066,5677.0,0.19495192307692308,9016.0,0.3096153846153846,6236.0,0.21414835164835164
col0_to_col1,prepost_swapped,positive,15,61,rPO,Tel,unit_norm,0.03892540950655878,0.055293480331994646,82422.0,4.916048417756326,24031.0,0.29156050569022834,17130.0,0.20783286015869548,24198.0,0.29358666375482273,17063.0,0.20701997039625342
col0_to_col1,prepost_swapped,positive,15,52,rHb,Di,unit_norm,0.01868623899344568,0.03117920098537129,3808.0,3.580810972660946,667.0,0.17515756302521007,571.0,0.14994747899159663,1335.0,0.35057773109243695,1235.0,0.3243172268907563
col0_to_col1,prepost_swapped,positive,15,66,rTh,Di,unit_norm,-0.012266542602218834,-0.02851497545282934,166323.0,5.22095492099055,50813.0,0.30550795740817566,57772.0,0.3473482320544964,29781.0,0.17905521184682816,27957.0,0.1680885986904998
col0_to_col1,prepost_swapped,positive,15,60,rPT,Di,unit_norm,-0.03967316097894424,0.008960808553833481,65867.0,4.81867447682924,13000.0,0.1973674222296446,12074.0,0.183308788923133,22177.0,0.33669364021437137,18616.0,0.2826301486328511
col0_to_col1,prepost_swapped,positive,15,62,rPrT,Di,unit_norm,-0.04337197174254973,-0.15223024464425583,121039.0,5.08292891501513,19630.0,0.16217913234577286,35282.0,0.2914928246267732,23367.0,0.1930534786308545,42760.0,0.35327456439659943
col0_to_col1,prepost_swapped,positive,15,65,rTeO,Mes,unit_norm,-0.035710667434271766,-0.15795227929617214,354067.0,5.5490866778131425,55304.0,0.1561964261001449,114384.0,0.3230575004165878,60580.0,0.17109756063117998,123799.0,0.3496485128520873
col0_to_col1,prepost_swapped,positive,15,47,rT,Hind,unit_norm,-0.014022782201615552,-0.16289711773810578,500122.0,5.699076827639839,94946.0,0.18984567765465227,188470.0,0.3768480490760254,72856.0,0.14567645494499343,143850.0,0.2876298183243289
col0_to_col1,prepost_swapped,positive,15,68,rTS,Mes,unit_norm,-0.0344742848769402,-0.017716539932304546,4321.0,3.6356847625472226,888.0,0.2055079842629021,1041.0,0.24091645452441565,1032.0,0.2388336033325619,1360.0,0.3147419578801203
col0_to_col1,prepost_swapped,positive,15,46,rRa,Hind,unit_norm,0.0885634998916427,-0.16212049075059878,23333.0,4.367989193531104,3061.0,0.13118758839411993,6782.0,0.29066129516135947,4593.0,0.19684566922384605,8897.0,0.38130544722067455
col0_to_col1,prepost_swapped,positive,15,37,rCb,Hind,unit_norm,-0.012922312892996562,-0.11662168993261096,113270.0,5.05411873464641,15291.0,0.13499602719166592,30651.0,0.27060121832788914,21913.0,0.19345810894323298,45415.0,0.400944645537212
col0_to_col1,prepost_swapped,positive,15,48,raRF,Hind,unit_norm,-0.06704599036522098,-0.12538004874029093,117919.0,5.071587470514976,17187.0,0.1457525928815543,31958.0,0.27101654525564156,22822.0,0.19353963313800152,45952.0,0.3896912287248026
col0_to_col1,prepost_swapped,positive,15,40,rMOS3,Hind,unit_norm,-0.10230594770785287,-0.11540116235366815,575589.0,5.760113240124635,161656.0,0.2808531782226554,293005.0,0.5090524662563044,46028.0,0.0799667818530236,74900.0,0.13012757366801658
col0_to_col1,prepost_swapped,positive,15,10,lRa,Hind,unit_norm,0.10748907233249871,-0.12598334976444725,40800.0,4.61067080743203,6254.0,0.1532843137254902,13582.0,0.3328921568627451,8868.0,0.21735294117647058,12096.0,0.2964705882352941
col0_to_col1,prepost_swapped,positive,15,38,rMOS1,Hind,unit_norm,0.0696997131066725,-0.04267424564879867,262025.0,5.418344387107125,84129.0,0.3210724167541265,125687.0,0.4796756034729511,25051.0,0.09560538116591928,27158.0,0.10364659860700315
col0_to_col1,prepost_swapped,positive,15,49,rimRF,Hind,unit_norm,-0.005841973285560486,-0.18636719310691816,149481.0,5.174588899875707,29603.0,0.1980385467049324,70399.0,0.4709561750322783,16653.0,0.11140546290163968,32826.0,0.2195998153611496
col0_to_col1,prepost_swapped,positive,15,41,rMOS4,Hind,unit_norm,0.018610745405560816,-0.06969470815820696,219913.0,5.342252877970196,52550.0,0.23895813344368,84722.0,0.38525234979287265,34395.0,0.15640275927298522,48246.0,0.21938675749046213
col0_to_col1,prepost_swapped,positive,15,36,rMON,Hind,unit_norm,-0.028971108919375592,-0.1331131312115899,181409.0,5.258661223325604,23269.0,0.12826816751098347,42669.0,0.23520883748876847,37129.0,0.20467011008274122,78342.0,0.43185288491750684
col0_to_col1,prepost_swapped,positive,15,42,rMOS5,Hind,unit_norm,-0.06617678568424165,-0.07398296298046612,278837.0,5.445351959044821,55162.0,0.19782883907085502,96058.0,0.3444951710138898,52386.0,0.18787320190649018,75231.0,0.269802788008765
col0_to_col1,prepost_swapped,positive,15,50,rpRF,Hind,unit_norm,0.08489897957451359,-0.0534122728386219,105712.0,5.0241283977246844,27291.0,0.2581636900257303,44799.0,0.42378348721053427,15479.0,0.14642613894354473,18143.0,0.1716266838201907
col0_to_col1,prepost_swapped,positive,15,39,rMOS2,Hind,unit_norm,0.11909597067890693,0.006905278667598618,42258.0,4.62591921586773,14679.0,0.3473661791850064,15925.0,0.3768517203843059,5783.0,0.13684982725164466,5871.0,0.13893227317904303
col0_to_col1,prepost_swapped,positive,15,71,rNX,Hind,unit_norm,0.0761851902142349,-0.19233695358547623,35710.0,4.552802011727398,6695.0,0.18748249789974797,14137.0,0.3958835060207225,5750.0,0.16101932231867824,9128.0,0.2556146737608513
col0_to_col1,prepost_swapped,positive,15,20,lOB,Tel,rank,0.0006621963306701157,-0.009558306619192174,7.0,0.9030899869919435,0.0,0.0,5.0,0.7142857142857143,1.0,0.14285714285714285,1.0,0.14285714285714285
col0_to_col1,prepost_swapped,positive,15,28,lSP,Tel,rank,-0.22295875629896425,0.056500730581241596,10401.0,4.017116849438813,3232.0,0.31073935198538605,2523.0,0.24257282953562156,2472.0,0.2376694548601096,2174.0,0.2090183636188828
col0_to_col1,prepost_swapped,positive,15,22,lP,Tel,rank,-0.26988901708065377,0.01921090458390019,8165.0,3.9120093755869783,1808.0,0.22143294549908143,1920.0,0.23515003061849357,2131.0,0.26099203919167174,2306.0,0.2824249846907532
col0_to_col1,prepost_swapped,positive,15,25,lPO,Tel,rank,0.048953733848623095,0.052210787786178256,74289.0,4.870930358348696,23288.0,0.31347844229966754,16122.0,0.21701732423373582,20174.0,0.2715610655682537,14705.0,0.19794316789834296
col0_to_col1,prepost_swapped,positive,15,16,lHb,Di,rank,-0.0014885872215144988,0.11619906379247118,2304.0,3.362670929725667,913.0,0.3962673611111111,292.0,0.1267361111111111,746.0,0.3237847222222222,353.0,0.15321180555555555
col0_to_col1,prepost_swapped,positive,15,30,lTh,Di,rank,-0.0079391352722851,-0.13095554858797198,144746.0,5.160609571384294,33288.0,0.22997526701946858,50665.0,0.3500269437497409,24407.0,0.16861951280173545,36386.0,0.251378276429055
col0_to_col1,prepost_swapped,positive,15,31,lTL,Mes,rank,-0.04529655563359348,-0.475577134337242,3373.0,3.5281450782531065,166.0,0.049214349243996446,1594.0,0.47257634153572486,142.0,0.04209902164245479,1471.0,0.4361102875778239
col0_to_col1,prepost_swapped,positive,15,24,lPT,Di,rank,-0.05811765484975952,-0.0921048341738011,78051.0,4.892384035878069,15689.0,0.20100959628960552,18036.0,0.23107967867163778,21258.0,0.2723603797517008,23068.0,0.2955503452870559
col0_to_col1,prepost_swapped,positive,15,26,lPrT,Di,rank,-0.03869459697627867,-0.12233590220421675,98805.0,4.994783317945646,16841.0,0.17044683973483124,28097.0,0.28436819998987906,20436.0,0.20683163807499622,33431.0,0.3383533222002935
col0_to_col1,prepost_swapped,positive,15,29,lTeO,Mes,rank,-0.047905983626012984,-0.1087416541809039,328059.0,5.515953280558879,59240.0,0.180577274209822,94652.0,0.2885212720882524,67569.0,0.20596600001828938,106598.0,0.3249354536836362
col0_to_col1,prepost_swapped,positive,15,11,lT,Hind,rank,-0.04068769936883933,-0.14599949946114485,306412.0,5.4863071869021365,58401.0,0.19059632129289975,118999.0,0.38836272730832994,44427.0,0.1449910577914703,84585.0,0.2760498936073
col0_to_col1,prepost_swapped,positive,15,32,lTS,Mes,rank,-0.09311636986882903,-0.08910002457299428,5974.0,3.7763379096201755,1046.0,0.1750920656176766,1636.0,0.273853364579846,1217.0,0.2037161031134918,2075.0,0.3473384666889856
col0_to_col1,prepost_swapped,positive,15,1,lCb,Hind,rank,-0.020838277339872598,-0.08946912615767824,142997.0,5.155329963373887,26742.0,0.18701091631292965,48337.0,0.33802807051896194,24445.0,0.1709476422582292,43473.0,0.30401337090987923
col0_to_col1,prepost_swapped,positive,15,12,laRF,Hind,rank,-0.013171525225571802,-0.16580281523337448,166744.0,5.22205282007005,28243.0,0.16937940795470902,51305.0,0.30768723312383056,27902.0,0.1673343568584177,59294.0,0.35559900206304274
col0_to_col1,prepost_swapped,positive,15,4,lMOS3,Hind,rank,0.013641636598980015,-0.13655201866358915,502255.0,5.700925133576239,98385.0,0.19588655165204927,193113.0,0.3844919413445361,76300.0,0.1519148639635245,134457.0,0.2677066430398901
col0_to_col1,prepost_swapped,positive,15,13,limRF,Hind,rank,0.036393623277575296,-0.2287084634312099,149110.0,5.173509682776179,28300.0,0.18979277043793172,63365.0,0.4249547314063443,16783.0,0.11255448997384482,40662.0,0.27269800818187917
col0_to_col1,prepost_swapped,positive,15,2,lMOS1,Hind,rank,0.04525731652044214,-0.04832250160582597,315747.0,5.499340608343078,63113.0,0.19988471782788117,97825.0,0.3098208375693197,85647.0,0.2712519833917662,69162.0,0.21904246121103288
col0_to_col1,prepost_swapped,positive,15,0,lMON,Hind,rank,-0.0610986405605174,-0.11404781206657791,215709.0,5.3338702788260095,25791.0,0.11956385686271782,50603.0,0.23458919192059674,50571.0,0.23444084391471845,88744.0,0.41140610730196703
col0_to_col1,prepost_swapped,positive,15,5,lMOS4,Hind,rank,0.018837171575935775,-0.06422110890865987,192416.0,5.2842434392196695,29096.0,0.1512140362547813,48822.0,0.2537314984200898,46721.0,0.2428124480292699,67777.0,0.35224201729585897
col0_to_col1,prepost_swapped,positive,15,6,lMOS5,Hind,rank,0.013639920700770343,-0.08371718457157849,214855.0,5.332147486158191,36775.0,0.171161946428987,60831.0,0.28312582904749717,47022.0,0.21885457634218428,70227.0,0.3268576481813316
col0_to_col1,prepost_swapped,positive,15,14,lpRF,Hind,rank,0.09599970841380966,-0.1519524251014121,137398.0,5.13798357190794,30844.0,0.22448652818818324,52877.0,0.3848454853782442,20354.0,0.1481389831001907,33323.0,0.24252900333338184
col0_to_col1,prepost_swapped,positive,15,3,lMOS2,Hind,rank,0.10064257431363452,-0.08895928641982029,87540.0,4.9422115033463365,16144.0,0.18441855151930547,22625.0,0.25845327850125654,21831.0,0.2493831391363948,26940.0,0.30774503084304317
col0_to_col1,prepost_swapped,positive,15,35,lNX,Hind,rank,0.037034216890460575,-0.05470595748674566,56519.0,4.752202153176521,13558.0,0.23988393283674517,15822.0,0.2799412586917674,13099.0,0.2317627700419328,14040.0,0.24841203842955467
col0_to_col1,prepost_swapped,positive,15,56,rOB,Tel,rank,-0.1084894756773132,0.0,0.0,0.0,0.0,,0.0,,0.0,,0.0,
col0_to_col1,prepost_swapped,positive,15,64,rSP,Tel,rank,-0.020451439637121167,0.036776344928935785,3539.0,3.5490032620257876,889.0,0.2512009042102289,996.0,0.2814354337383442,724.0,0.20457756428369597,930.0,0.262786097767731
col0_to_col1,prepost_swapped,positive,15,58,rP,Tel,rank,-0.12371362526818579,0.054240690454014376,29120.0,4.464206284343785,8158.0,0.2801510989010989,5899.0,0.20257554945054945,8760.0,0.3008241758241758,6303.0,0.21644917582417583
col0_to_col1,prepost_swapped,positive,15,61,rPO,Tel,rank,0.03892540950655878,0.055293480331994646,82422.0,4.916048417756326,26596.0,0.3226808376404358,17856.0,0.21664118803232146,22810.0,0.2767464997209483,15160.0,0.18393147460629444
col0_to_col1,prepost_swapped,positive,15,52,rHb,Di,rank,0.01868623899344568,0.03117920098537129,3808.0,3.580810972660946,939.0,0.24658613445378152,730.0,0.19170168067226892,1164.0,0.30567226890756305,975.0,0.25603991596638653
col0_to_col1,prepost_swapped,positive,15,66,rTh,Di,rank,-0.012266542602218834,-0.02851497545282934,166323.0,5.22095492099055,48499.0,0.2915952694455968,58059.0,0.3490737901553002,29342.0,0.17641576931633027,30423.0,0.18291517108277267
col0_to_col1,prepost_swapped,positive,15,60,rPT,Di,rank,-0.03967316097894424,0.008960808553833481,65867.0,4.81867447682924,12956.0,0.19669940941594424,14870.0,0.22575796681190885,18927.0,0.28735178465696026,19114.0,0.29019083911518667
col0_to_col1,prepost_swapped,positive,15,62,rPrT,Di,rank,-0.04337197174254973,-0.15223024464425583,121039.0,5.08292891501513,22566.0,0.18643577689835508,42277.0,0.349284115037302,19116.0,0.15793256718908782,37080.0,0.30634754087525506
col0_to_col1,prepost_swapped,positive,15,65,rTeO,Mes,rank,-0.035710667434271766,-0.15795227929617214,354067.0,5.5490866778131425,57815.0,0.1632883041910147,117392.0,0.3315530676397405,58057.0,0.16397179064979228,120803.0,0.34118683751945256
col0_to_col1,prepost_swapped,positive,15,47,rT,Hind,rank,-0.014022782201615552,-0.16289711773810578,500122.0,5.699076827639839,90094.0,0.18014404485305585,180968.0,0.3618477091589652,77260.0,0.1544823063172586,151800.0,0.30352593967072033
col0_to_col1,prepost_swapped,positive,15,68,rTS,Mes,rank,-0.0344742848769402,-0.017716539932304546,4321.0,3.6356847625472226,872.0,0.20180513769960656,1057.0,0.24461930108771118,1020.0,0.23605646841009026,1372.0,0.317519092802592
col0_to_col1,prepost_swapped,positive,15,46,rRa,Hind,rank,0.0885634998916427,-0.16212049075059878,23333.0,4.367989193531104,3404.0,0.14588779839711996,7871.0,0.33733339047700683,4074.0,0.17460249432134745,7984.0,0.34217631680452576
col0_to_col1,prepost_swapped,positive,15,37,rCb,Hind,rank,-0.012922312892996562,-0.11662168993261096,113270.0,5.05411873464641,17322.0,0.1529266354727642,33859.0,0.29892292751831906,20568.0,0.18158382625584885,41521.0,0.3665666107530679
col0_to_col1,prepost_swapped,positive,15,48,raRF,Hind,rank,-0.06704599036522098,-0.12538004874029093,117919.0,5.071587470514976,18302.0,0.15520823616211127,33948.0,0.28789253640210655,21877.0,0.18552565744282093,43792.0,0.3713735699929613
col0_to_col1,prepost_swapped,positive,15,40,rMOS3,Hind,rank,-0.10230594770785287,-0.11540116235366815,575589.0,5.760113240124635,129246.0,0.22454563933640148,243060.0,0.42228048138515506,80168.0,0.13927993759435986,123115.0,0.2138939416840836
col0_to_col1,prepost_swapped,positive,15,10,lRa,Hind,rank,0.10748907233249871,-0.12598334976444725,40800.0,4.61067080743203,6454.0,0.1581862745098039,13549.0,0.33208333333333334,8902.0,0.21818627450980393,11895.0,0.29154411764705884
col0_to_col1,prepost_swapped,positive,15,38,rMOS1,Hind,rank,0.0696997131066725,-0.04267424564879867,262025.0,5.418344387107125,80156.0,0.3059097414368858,123804.0,0.47248926629138444,28199.0,0.10761950195592024,29866.0,0.11398149031580956
col0_to_col1,prepost_swapped,positive,15,49,rimRF,Hind,rank,-0.005841973285560486,-0.18636719310691816,149481.0,5.174588899875707,29149.0,0.19500137141175133,68994.0,0.46155698717562765,17339.0,0.1159946749085168,33999.0,0.2274469665041042
col0_to_col1,prepost_swapped,positive,15,41,rMOS4,Hind,rank,0.018610745405560816,-0.06969470815820696,219913.0,5.342252877970196,53065.0,0.24129996862395584,81618.0,0.3711376771723363,36064.0,0.16399212415818984,49166.0,0.223570230045518
col0_to_col1,prepost_swapped,positive,15,36,rMON,Hind,rank,-0.028971108919375592,-0.1331131312115899,181409.0,5.258661223325604,24986.0,0.13773296804458435,44382.0,0.2446515883996935,36972.0,0.2038046623927148,75069.0,0.41381078116300735
col0_to_col1,prepost_swapped,positive,15,42,rMOS5,Hind,rank,-0.06617678568424165,-0.07398296298046612,278837.0,5.445351959044821,53439.0,0.19164960173865017,90220.0,0.3235582078418574,56490.0,0.20259147817542147,78688.0,0.2822007122440709
col0_to_col1,prepost_swapped,positive,15,50,rpRF,Hind,rank,0.08489897957451359,-0.0534122728386219,105712.0,5.0241283977246844,27301.0,0.25825828666565764,44575.0,0.42166452247616165,15713.0,0.1486397003178447,18123.0,0.171437490540336
col0_to_col1,prepost_swapped,positive,15,39,rMOS2,Hind,rank,0.11909597067890693,0.006905278667598618,42258.0,4.62591921586773,14456.0,0.34208907189171284,15510.0,0.3670310947039614,6113.0,0.1446589994793885,6179.0,0.1462208339249373
col0_to_col1,prepost_swapped,positive,15,71,rNX,Hind,rank,0.0761851902142349,-0.19233695358547623,35710.0,4.552802011727398,3373.0,0.09445533464015682,8799.0,0.24640156818818257,9389.0,0.26292355082609914,14149.0,0.39621954634556145
col0_to_col1,prepost_swapped,positive,16,20,lOB,Tel,unit_norm,-0.015674042499295646,-0.02242449560109221,53.0,1.7323937598229686,15.0,0.2830188679245283,19.0,0.3584905660377358,11.0,0.20754716981132076,8.0,0.1509433962264151
col0_to_col1,prepost_swapped,positive,16,28,lSP,Tel,unit_norm,-0.1586339470058512,0.06870543923650128,19170.0,4.28264476718974,4621.0,0.24105372978612416,3448.0,0.17986437141366718,6450.0,0.3364632237871675,4651.0,0.2426186750130412
col0_to_col1,prepost_swapped,positive,16,22,lP,Tel,unit_norm,-0.2945265590136289,0.04262691531517572,13621.0,4.13424087594659,4158.0,0.30526393069525,3210.0,0.23566551648190295,3561.0,0.2614345495925409,2692.0,0.19763600323030614
col0_to_col1,prepost_swapped,positive,16,25,lPO,Tel,unit_norm,0.0635290555913324,0.06147345784984919,108271.0,5.034516159139394,37362.0,0.3450785528904323,25533.0,0.23582492080058373,26841.0,0.24790571805931413,18535.0,0.1711908082496698
col0_to_col1,prepost_swapped,positive,16,16,lHb,Di,unit_norm,-0.007858209796352237,0.10309147154666913,5743.0,3.759214431234244,1442.0,0.2510882813860352,421.0,0.07330663416332928,2971.0,0.51732543966568,909.0,0.1582796447849556
col0_to_col1,prepost_swapped,positive,16,30,lTh,Di,unit_norm,0.008913383201153749,-0.12184709424681907,97991.0,4.991190621634603,21458.0,0.21897929401679747,32188.0,0.32847914604402445,17006.0,0.1735465501933851,27339.0,0.278995009745793
col0_to_col1,prepost_swapped,positive,16,31,lTL,Mes,unit_norm,-0.08187179926848928,-0.45423965942148975,7527.0,3.8766796104192003,462.0,0.06137903547229972,3022.0,0.4014879766175103,496.0,0.06589610734688454,3547.0,0.4712368805633054
col0_to_col1,prepost_swapped,positive,16,24,lPT,Di,unit_norm,-0.04416622413010477,-0.0937144288861103,91047.0,4.959270410334084,19172.0,0.21057256142431932,24826.0,0.27267235603589357,22045.0,0.24212769229079487,25004.0,0.2746273902489923
col0_to_col1,prepost_swapped,positive,16,26,lPrT,Di,unit_norm,-0.043606721917849194,-0.15339397330685925,85724.0,4.933107493786982,12100.0,0.1411506695907797,24213.0,0.28245298866128504,18064.0,0.21072278475106154,31347.0,0.3656735569968737
col0_to_col1,prepost_swapped,positive,16,29,lTeO,Mes,unit_norm,-0.03998061769127403,-0.09603063237111281,684224.0,5.835198938255495,95676.0,0.1398314002431952,168415.0,0.246140152932373,156142.0,0.22820304461696755,263991.0,0.3858254022074642
col0_to_col1,prepost_swapped,positive,16,11,lT,Hind,unit_norm,-0.050425647749467034,-0.16322005364437955,951338.0,5.978335300949016,191615.0,0.2014163210131415,420341.0,0.44184191107682025,110089.0,0.1157201751638219,229293.0,0.24102159274621637
col0_to_col1,prepost_swapped,positive,16,32,lTS,Mes,unit_norm,-0.11035167338820823,-0.07956104785042664,41659.0,4.619719265611727,7227.0,0.17347992030533618,11738.0,0.2817638445473967,8539.0,0.20497371516359011,14155.0,0.339782519983677
col0_to_col1,prepost_swapped,positive,16,1,lCb,Hind,unit_norm,-0.042219783078944105,-0.12599440766771258,209348.0,5.320870890732293,31969.0,0.1527074536178994,73357.0,0.35040697785505476,31702.0,0.15143206526931235,72320.0,0.34545350325773355
col0_to_col1,prepost_swapped,positive,16,12,laRF,Hind,unit_norm,-0.023178281148571882,-0.1621507672368361,204811.0,5.311355398500606,23595.0,0.11520377323483602,49080.0,0.23963556644906767,39612.0,0.1934075806475238,92524.0,0.4517530796685725
col0_to_col1,prepost_swapped,positive,16,4,lMOS3,Hind,unit_norm,-0.010617456610370923,-0.14579995307347574,739123.0,5.868717304427557,126050.0,0.17053995072538672,294776.0,0.39881859988121054,99724.0,0.13492206303957527,218573.0,0.29571938635382744
col0_to_col1,prepost_swapped,positive,16,13,limRF,Hind,unit_norm,0.016607373328575793,-0.24854134130654945,173122.0,5.238354769259176,26490.0,0.15301348182206767,73506.0,0.4245907510310648,17870.0,0.10322200529106641,55256.0,0.3191737618558011
col0_to_col1,prepost_swapped,positive,16,2,lMOS1,Hind,unit_norm,0.039577716063775456,-0.03162050223765198,417354.0,5.620505620806956,83584.0,0.2002712325747447,118188.0,0.28318405957532455,114803.0,0.27507343885526436,100779.0,0.2414712689946664
col0_to_col1,prepost_swapped,positive,16,0,lMON,Hind,unit_norm,-0.0715901124222418,-0.12015401620444786,274013.0,5.437772752482506,35335.0,0.12895373577166047,76581.0,0.2794794407564605,51491.0,0.18791444201552482,110606.0,0.40365238145635424
col0_to_col1,prepost_swapped,positive,16,5,lMOS4,Hind,unit_norm,-0.03343560071337302,-0.05648548029970536,273416.0,5.436825513804094,34962.0,0.12787108289200338,70858.0,0.25915820581092547,58730.0,0.21480088948708195,108866.0,0.39816982180998917
col0_to_col1,prepost_swapped,positive,16,6,lMOS5,Hind,unit_norm,-0.009194978463242222,-0.07516953138898606,287473.0,5.458598571922555,37707.0,0.13116710091034636,80261.0,0.2791949156964306,58337.0,0.20293036215575028,111168.0,0.3867076212374727
col0_to_col1,prepost_swapped,positive,16,14,lpRF,Hind,unit_norm,0.06901873634945156,-0.16783600590655334,164021.0,5.214902103156295,37884.0,0.2309704245188116,82738.0,0.5044354076612141,15984.0,0.09745093616061358,27415.0,0.16714323165936068
col0_to_col1,prepost_swapped,positive,16,3,lMOS2,Hind,unit_norm,0.09531333310159822,-0.07901646061559567,148490.0,5.1717001319779055,21373.0,0.1439356185601724,32090.0,0.2161088288773655,37193.0,0.2504747794464274,57834.0,0.38948077311603474
col0_to_col1,prepost_swapped,positive,16,35,lNX,Hind,unit_norm,0.044521422358431574,-0.06115207783838232,105011.0,5.02123892988902,17473.0,0.16639209225700163,25828.0,0.2459551856472179,23198.0,0.2209101903610098,38512.0,0.3667425317347706
col0_to_col1,prepost_swapped,positive,16,56,rOB,Tel,unit_norm,-0.012852317499841831,0.019181086125465815,6.0,0.8450980400142568,2.0,0.3333333333333333,0.0,0.0,2.0,0.3333333333333333,2.0,0.3333333333333333
col0_to_col1,prepost_swapped,positive,16,64,rSP,Tel,unit_norm,-0.010185657607662924,-0.04099226192685996,4186.0,3.6219029608912305,874.0,0.2087912087912088,1303.0,0.31127568084089824,726.0,0.17343526039178214,1283.0,0.30649784997611085
col0_to_col1,prepost_swapped,positive,16,58,rP,Tel,unit_norm,-0.08647209791154231,0.05283845105100709,41180.0,4.614696888401704,14192.0,0.3446333171442448,8995.0,0.21843127731908693,10461.0,0.2540310830500243,7532.0,0.182904322486644
col0_to_col1,prepost_swapped,positive,16,61,rPO,Tel,unit_norm,0.036777987932121115,0.07393680163390878,140801.0,5.148608823717989,47249.0,0.335572900760648,28605.0,0.20315906847252505,39784.0,0.2825548114004872,25163.0,0.17871321936633972
col0_to_col1,prepost_swapped,positive,16,52,rHb,Di,unit_norm,-0.053231933953419346,0.02582114817388099,2979.0,3.4742162640762553,765.0,0.256797583081571,662.0,0.2222222222222222,822.0,0.2759315206445116,730.0,0.2450486740516952
col0_to_col1,prepost_swapped,positive,16,66,rTh,Di,unit_norm,-0.010542632253528028,-0.05130362172189481,175423.0,5.244089009523385,53883.0,0.3071604065601432,67369.0,0.38403744092849856,27142.0,0.15472315488846958,27029.0,0.15407899762288868
col0_to_col1,prepost_swapped,positive,16,60,rPT,Di,unit_norm,-0.032111266806084254,-0.016458937802068068,76074.0,4.881241961030205,15714.0,0.2065620317059705,14573.0,0.19156347766648263,23850.0,0.31351052922154743,21937.0,0.2883639614059994
col0_to_col1,prepost_swapped,positive,16,62,rPrT,Di,unit_norm,-0.03148159126264065,-0.1663943888844794,133865.0,5.12667028659079,20422.0,0.15255668023755276,38636.0,0.28861913121428306,25638.0,0.19152130878123483,49169.0,0.3673028797669294
col0_to_col1,prepost_swapped,positive,16,65,rTeO,Mes,unit_norm,-0.02515772458839059,-0.17400106479011426,679099.0,5.831933730466745,83621.0,0.12313521298072888,186143.0,0.2741028922145372,134621.0,0.1982347198273006,274714.0,0.40452717497743335
col0_to_col1,prepost_swapped,positive,16,47,rT,Hind,unit_norm,-0.014422142517129376,-0.1736175204198269,760919.0,5.881338999234586,120814.0,0.1587737985252044,239345.0,0.3145472776997289,131227.0,0.17245856654913336,269533.0,0.35422035722593337
col0_to_col1,prepost_swapped,positive,16,68,rTS,Mes,unit_norm,-0.11123299071066474,-0.03579300267179775,4183.0,3.621591675859218,1240.0,0.2964379631843175,1295.0,0.30958642122878316,702.0,0.1678221372220894,946.0,0.22615347836480995
col0_to_col1,prepost_swapped,positive,16,46,rRa,Hind,unit_norm,0.07920521696939604,-0.1370638096915842,29315.0,4.467104713021062,5344.0,0.18229575302746034,8126.0,0.27719597475695035,6258.0,0.21347433054750128,9587.0,0.327033941668088
col0_to_col1,prepost_swapped,positive,16,37,rCb,Hind,unit_norm,0.0069409852592516395,-0.15291651305643944,195828.0,5.291877006197336,26315.0,0.1343781277447556,72441.0,0.3699215638213126,25727.0,0.13137549277937782,71345.0,0.364324815654554
col0_to_col1,prepost_swapped,positive,16,48,raRF,Hind,unit_norm,-0.031888365846426604,-0.1373698696643998,103660.0,5.01561539408857,14395.0,0.1388674512830407,28231.0,0.27234227281497203,20433.0,0.19711557013312753,40601.0,0.3916747057688597
col0_to_col1,prepost_swapped,positive,16,40,rMOS3,Hind,unit_norm,-0.09327221400190629,-0.1234095537590632,811117.0,5.909084039193944,239004.0,0.29466032643872586,465753.0,0.5742118584618495,37731.0,0.046517333504291,68629.0,0.08461048159513362
col0_to_col1,prepost_swapped,positive,16,10,lRa,Hind,unit_norm,0.09784305305956006,-0.09919877948252667,47224.0,4.674171966593871,9018.0,0.19096222259867865,15148.0,0.32076910045739454,10219.0,0.21639420633576148,12839.0,0.27187447060816533
col0_to_col1,prepost_swapped,positive,16,38,rMOS1,Hind,unit_norm,0.048696466152178076,-0.09020572155076338,412686.0,5.615620788438385,127926.0,0.3099838618223056,217125.0,0.5261264011863741,29385.0,0.07120425698957561,38250.0,0.09268548000174467
col0_to_col1,prepost_swapped,positive,16,49,rimRF,Hind,unit_norm,0.0238242784546919,-0.20653424376045526,135378.0,5.131551301783061,24700.0,0.18245209709110785,64971.0,0.47992288259539956,14180.0,0.1047437545243688,31527.0,0.2328812657891238
col0_to_col1,prepost_swapped,positive,16,41,rMOS4,Hind,unit_norm,0.04111649408592408,-0.06133459839468388,386644.0,5.587312398358759,77814.0,0.20125490114937772,139268.0,0.36019697706417275,61912.0,0.16012662811268247,107650.0,0.27842149367376706
col0_to_col1,prepost_swapped,positive,16,36,rMON,Hind,unit_norm,-0.016560965120753026,-0.08762708414890398,284161.0,5.453566000777516,36646.0,0.12896210247007858,68040.0,0.2394417249376234,57302.0,0.20165328810075978,122173.0,0.4299428844915382
col0_to_col1,prepost_swapped,positive,16,42,rMOS5,Hind,unit_norm,-0.033792917497301664,-0.06810601098004165,454264.0,5.6573092767828745,86924.0,0.19135128471549584,161613.0,0.35576889209798707,76077.0,0.16747309934311325,129650.0,0.2854067238434038
col0_to_col1,prepost_swapped,positive,16,50,rpRF,Hind,unit_norm,0.08469424061277424,-0.07656564472832825,122501.0,5.088143179164824,22573.0,0.1842678835274814,50992.0,0.4162578264667227,19419.0,0.1585211549293475,29517.0,0.24095313507644836
col0_to_col1,prepost_swapped,positive,16,39,rMOS2,Hind,unit_norm,0.10785274624276704,-0.004142553074956973,67193.0,4.827330495029611,16576.0,0.24669236378789458,22555.0,0.33567484708228534,10909.0,0.16235322131769678,17153.0,0.2552795678121233
col0_to_col1,prepost_swapped,positive,16,71,rNX,Hind,unit_norm,0.09943233066959435,-0.12199754906415514,64482.0,4.80944523433577,13740.0,0.21308272075928167,27837.0,0.43170187028938306,7782.0,0.12068484228156695,15123.0,0.23453056666976832
col0_to_col1,prepost_swapped,positive,16,20,lOB,Tel,rank,-0.015674042499295646,-0.02242449560109221,53.0,1.7323937598229686,10.0,0.18867924528301888,17.0,0.32075471698113206,14.0,0.2641509433962264,12.0,0.22641509433962265
col0_to_col1,prepost_swapped,positive,16,28,lSP,Tel,rank,-0.1586339470058512,0.06870543923650128,19170.0,4.28264476718974,4641.0,0.24209702660406887,4279.0,0.2232133541992697,5407.0,0.28205529473135105,4843.0,0.25263432446531037
col0_to_col1,prepost_swapped,positive,16,22,lP,Tel,rank,-0.2945265590136289,0.04262691531517572,13621.0,4.13424087594659,3844.0,0.2822112913882975,3438.0,0.2524043755965054,3341.0,0.24528301886792453,2998.0,0.2201013141472726
col0_to_col1,prepost_swapped,positive,16,25,lPO,Tel,rank,0.0635290555913324,0.06147345784984919,108271.0,5.034516159139394,34868.0,0.32204376056377054,24572.0,0.2269490445271587,28740.0,0.26544504068494795,20091.0,0.1855621542241228
col0_to_col1,prepost_swapped,positive,16,16,lHb,Di,rank,-0.007858209796352237,0.10309147154666913,5743.0,3.759214431234244,1928.0,0.33571304196413027,532.0,0.09263451157931395,2464.0,0.4290440536305067,819.0,0.1426083928260491
col0_to_col1,prepost_swapped,positive,16,30,lTh,Di,rank,0.008913383201153749,-0.12184709424681907,97991.0,4.991190621634603,21227.0,0.21662193466746946,31309.0,0.31950893449398415,17679.0,0.18041452786480391,27776.0,0.2834546029737425
col0_to_col1,prepost_swapped,positive,16,31,lTL,Mes,rank,-0.08187179926848928,-0.45423965942148975,7527.0,3.8766796104192003,485.0,0.06443470174040122,3259.0,0.43297462468446923,461.0,0.061246180417164876,3322.0,0.44134449315796465
col0_to_col1,prepost_swapped,positive,16,24,lPT,Di,rank,-0.04416622413010477,-0.0937144288861103,91047.0,4.959270410334084,18877.0,0.20733247663294782,24682.0,0.2710907553241732,21956.0,0.2411501751842455,25532.0,0.28042659285863347
col0_to_col1,prepost_swapped,positive,16,26,lPrT,Di,rank,-0.043606721917849194,-0.15339397330685925,85724.0,4.933107493786982,13803.0,0.16101675143483737,27312.0,0.31860389155895663,16306.0,0.1902151089543185,28303.0,0.33016424805188743
col0_to_col1,prepost_swapped,positive,16,29,lTeO,Mes,rank,-0.03998061769127403,-0.09603063237111281,684224.0,5.835198938255495,103256.0,0.15090964362547937,175241.0,0.25611641801515295,152841.0,0.22337860115985408,252886.0,0.3695953371995136
col0_to_col1,prepost_swapped,positive,16,11,lT,Hind,rank,-0.050425647749467034,-0.16322005364437955,951338.0,5.978335300949016,186668.0,0.1962162764443342,412738.0,0.4338500091450147,114284.0,0.12012975409370802,237648.0,0.24980396031694307
col0_to_col1,prepost_swapped,positive,16,32,lTS,Mes,rank,-0.11035167338820823,-0.07956104785042664,41659.0,4.619719265611727,7055.0,0.1693511606135529,10832.0,0.2600158429150964,9166.0,0.22002448450514894,14606.0,0.3506085119662018
col0_to_col1,prepost_swapped,positive,16,1,lCb,Hind,rank,-0.042219783078944105,-0.12599440766771258,209348.0,5.320870890732293,34407.0,0.16435313449376157,76666.0,0.3662131952538357,30518.0,0.14577641056996007,67757.0,0.32365725968244263
col0_to_col1,prepost_swapped,positive,16,12,laRF,Hind,rank,-0.023178281148571882,-0.1621507672368361,204811.0,5.311355398500606,27236.0,0.13298113870837017,54422.0,0.2657181499040579,37836.0,0.1847361713970441,85317.0,0.41656453999052784
col0_to_col1,prepost_swapped,positive,16,4,lMOS3,Hind,rank,-0.010617456610370923,-0.14579995307347574,739123.0,5.868717304427557,126151.0,0.1706765991587327,281494.0,0.380848654418818,107208.0,0.14504757665503576,224270.0,0.3034271697674135
col0_to_col1,prepost_swapped,positive,16,13,limRF,Hind,rank,0.016607373328575793,-0.24854134130654945,173122.0,5.238354769259176,27430.0,0.15844317879876618,73888.0,0.426797287462021,18520.0,0.10697658298771964,53284.0,0.30778295075149315
col0_to_col1,prepost_swapped,positive,16,2,lMOS1,Hind,rank,0.039577716063775456,-0.03162050223765198,417354.0,5.620505620806956,85165.0,0.20405938364074622,116537.0,0.2792281851857176,112956.0,0.27064793915956237,102696.0,0.24606449201397376
col0_to_col1,prepost_swapped,positive,16,0,lMON,Hind,rank,-0.0715901124222418,-0.12015401620444786,274013.0,5.437772752482506,36706.0,0.13395714801852468,74371.0,0.27141412998653347,52953.0,0.1932499552940919,109983.0,0.40137876670085
col0_to_col1,prepost_swapped,positive,16,5,lMOS4,Hind,rank,-0.03343560071337302,-0.05648548029970536,273416.0,5.436825513804094,38043.0,0.13913962606431227,72926.0,0.2667217719518975,59310.0,0.21692219913977237,103137.0,0.3772164028440179
col0_to_col1,prepost_swapped,positive,16,6,lMOS5,Hind,rank,-0.009194978463242222,-0.07516953138898606,287473.0,5.458598571922555,41511.0,0.1443996479669395,82118.0,0.28565465278478325,58527.0,0.20359129379106908,105317.0,0.36635440545720815
col0_to_col1,prepost_swapped,positive,16,14,lpRF,Hind,rank,0.06901873634945156,-0.16783600590655334,164021.0,5.214902103156295,38217.0,0.23300065235549106,79321.0,0.483602709409161,17481.0,0.10657781625523562,29002.0,0.1768188219801123
col0_to_col1,prepost_swapped,positive,16,3,lMOS2,Hind,rank,0.09531333310159822,-0.07901646061559567,148490.0,5.1717001319779055,24029.0,0.16182234493905315,34784.0,0.23425146474510067,34725.0,0.23385413159135296,54952.0,0.3700720587244932
col0_to_col1,prepost_swapped,positive,16,35,lNX,Hind,rank,0.044521422358431574,-0.06115207783838232,105011.0,5.02123892988902,26280.0,0.2502594966241632,35576.0,0.33878355600841814,15854.0,0.150974659797545,27301.0,0.2599822875698736
col0_to_col1,prepost_swapped,positive,16,56,rOB,Tel,rank,-0.012852317499841831,0.019181086125465815,6.0,0.8450980400142568,2.0,0.3333333333333333,1.0,0.16666666666666666,2.0,0.3333333333333333,1.0,0.16666666666666666
col0_to_col1,prepost_swapped,positive,16,64,rSP,Tel,rank,-0.010185657607662924,-0.04099226192685996,4186.0,3.6219029608912305,854.0,0.2040133779264214,1217.0,0.29073100812231245,767.0,0.18322981366459629,1348.0,0.3220258002866698
col0_to_col1,prepost_swapped,positive,16,58,rP,Tel,rank,-0.08647209791154231,0.05283845105100709,41180.0,4.614696888401704,13741.0,0.3336813987372511,9444.0,0.2293346284604177,10110.0,0.24550752792617775,7885.0,0.19147644487615348
col0_to_col1,prepost_swapped,positive,16,61,rPO,Tel,rank,0.036777987932121115,0.07393680163390878,140801.0,5.148608823717989,45378.0,0.3222846428647524,28953.0,0.20563064182782792,39956.0,0.28377639363356794,26514.0,0.18830832167385175
col0_to_col1,prepost_swapped,positive,16,52,rHb,Di,rank,-0.053231933953419346,0.02582114817388099,2979.0,3.4742162640762553,474.0,0.15911379657603222,398.0,0.13360187982544477,1128.0,0.37865055387714,979.0,0.32863376972138303
col0_to_col1,prepost_swapped,positive,16,66,rTh,Di,rank,-0.010542632253528028,-0.05130362172189481,175423.0,5.244089009523385,47688.0,0.2718457670886942,69948.0,0.39873904790135845,25681.0,0.14639471449011818,32106.0,0.18302047051982923
col0_to_col1,prepost_swapped,positive,16,60,rPT,Di,rank,-0.032111266806084254,-0.016458937802068068,76074.0,4.881241961030205,14340.0,0.1885006703998738,18659.0,0.2452743381444383,18987.0,0.2495859294897074,24088.0,0.3166390619659805
col0_to_col1,prepost_swapped,positive,16,62,rPrT,Di,rank,-0.03148159126264065,-0.1663943888844794,133865.0,5.12667028659079,22724.0,0.1697531094759646,47661.0,0.35603779927538937,19947.0,0.14900832928696822,43533.0,0.3252007619616778
col0_to_col1,prepost_swapped,positive,16,65,rTeO,Mes,rank,-0.02515772458839059,-0.17400106479011426,679099.0,5.831933730466745,87600.0,0.1289944470541114,194798.0,0.2868477202882054,127206.0,0.18731584054754905,269495.0,0.39684199211013416
col0_to_col1,prepost_swapped,positive,16,47,rT,Hind,rank,-0.014422142517129376,-0.1736175204198269,760919.0,5.881338999234586,120206.0,0.15797476472528613,246175.0,0.32352326594552117,126109.0,0.16573248926626882,268429.0,0.3527694800629239
col0_to_col1,prepost_swapped,positive,16,68,rTS,Mes,rank,-0.11123299071066474,-0.03579300267179775,4183.0,3.621591675859218,1133.0,0.2708582357159933,1402.0,0.3351661486971073,639.0,0.1527611761893378,1009.0,0.24121443939756157
col0_to_col1,prepost_swapped,positive,16,46,rRa,Hind,rank,0.07920521696939604,-0.1370638096915842,29315.0,4.467104713021062,5204.0,0.17752004093467508,8711.0,0.2971516288589459,5745.0,0.1959747569503667,9655.0,0.3293535732560123
col0_to_col1,prepost_swapped,positive,16,37,rCb,Hind,rank,0.0069409852592516395,-0.15291651305643944,195828.0,5.291877006197336,27794.0,0.1419306738566497,74058.0,0.3781788099761015,24890.0,0.12710133382355945,69086.0,0.35278918234368933
col0_to_col1,prepost_swapped,positive,16,48,raRF,Hind,rank,-0.031888365846426604,-0.1373698696643998,103660.0,5.01561539408857,17239.0,0.16630329924754003,33583.0,0.323972602739726,17713.0,0.1708759405749566,35125.0,0.33884815743777735
col0_to_col1,prepost_swapped,positive,16,40,rMOS3,Hind,rank,-0.09327221400190629,-0.1234095537590632,811117.0,5.909084039193944,157967.0,0.19475242166050027,313991.0,0.3871093812606566,121320.0,0.14957151680953548,217839.0,0.26856668026930763
col0_to_col1,prepost_swapped,positive,16,10,lRa,Hind,rank,0.09784305305956006,-0.09919877948252667,47224.0,4.674171966593871,8552.0,0.18109435880060987,15394.0,0.3259783161104523,10023.0,0.2122437743520244,13255.0,0.2806835507369134
col0_to_col1,prepost_swapped,positive,16,38,rMOS1,Hind,rank,0.048696466152178076,-0.09020572155076338,412686.0,5.615620788438385,120033.0,0.2908579404195926,210689.0,0.5105310090480414,33982.0,0.08234347663841274,47982.0,0.11626757389395327
col0_to_col1,prepost_swapped,positive,16,49,rimRF,Hind,rank,0.0238242784546919,-0.20653424376045526,135378.0,5.131551301783061,23791.0,0.17573756444917193,63700.0,0.47053435565601504,14998.0,0.11078609522965327,32889.0,0.2429419846651598
col0_to_col1,prepost_swapped,positive,16,41,rMOS4,Hind,rank,0.04111649408592408,-0.06133459839468388,386644.0,5.587312398358759,78264.0,0.2024187624791798,135424.0,0.3502550149491522,64824.0,0.16765810409575735,108132.0,0.27966811847591067
col0_to_col1,prepost_swapped,positive,16,36,rMON,Hind,rank,-0.016560965120753026,-0.08762708414890398,284161.0,5.453566000777516,37722.0,0.13274868824363653,69123.0,0.24325294463350003,57827.0,0.2035008322746612,119489.0,0.42049753484820224
col0_to_col1,prepost_swapped,positive,16,42,rMOS5,Hind,rank,-0.033792917497301664,-0.06810601098004165,454264.0,5.6573092767828745,81753.0,0.17996803620802002,151512.0,0.3335329235862846,84739.0,0.18654130637690858,136260.0,0.29995773382878677
col0_to_col1,prepost_swapped,positive,16,50,rpRF,Hind,rank,0.08469424061277424,-0.07656564472832825,122501.0,5.088143179164824,22212.0,0.1813209688084179,50607.0,0.41311499497963283,19450.0,0.15877421408804826,30232.0,0.24678982212390102
col0_to_col1,prepost_swapped,positive,16,39,rMOS2,Hind,rank,0.10785274624276704,-0.004142553074956973,67193.0,4.827330495029611,16553.0,0.24635006622713676,22577.0,0.3360022621404015,10688.0,0.1590641882338934,17375.0,0.2585834833985683
col0_to_col1,prepost_swapped,positive,16,71,rNX,Hind,rank,0.09943233066959435,-0.12199754906415514,64482.0,4.80944523433577,11894.0,0.18445457647095315,25501.0,0.3954747061195372,9666.0,0.14990229831580906,17421.0,0.27016841909370054
col0_to_col1,prepost_swapped,positive,17,20,lOB,Tel,unit_norm,-0.007657133142486833,-0.008488105287025828,36.0,1.568201724066995,7.0,0.19444444444444445,15.0,0.4166666666666667,8.0,0.2222222222222222,6.0,0.16666666666666666
col0_to_col1,prepost_swapped,positive,17,28,lSP,Tel,unit_norm,-0.12774760654953032,0.019030988348249272,18850.0,4.2753343934257675,6599.0,0.35007957559681696,4857.0,0.2576657824933687,4477.0,0.23750663129973476,2917.0,0.1547480106100796
col0_to_col1,prepost_swapped,positive,17,22,lP,Tel,unit_norm,-0.1745610286700236,0.027358205490334013,9091.0,3.9586594270529334,3101.0,0.34110658893411067,2679.0,0.2946870531294687,1790.0,0.1968980310196898,1521.0,0.16730832691673084
col0_to_col1,prepost_swapped,positive,17,25,lPO,Tel,unit_norm,0.046831578922646874,0.053998339020652875,100183.0,5.000798367573573,30110.0,0.3005499935118733,22509.0,0.22467883772695965,27364.0,0.2731401535190601,20200.0,0.20163101524210694
col0_to_col1,prepost_swapped,positive,17,16,lHb,Di,unit_norm,-0.020230192752129537,0.16472339172049608,8956.0,3.9521625742144626,3020.0,0.337204108977222,661.0,0.07380527020991515,4293.0,0.479343456900402,982.0,0.10964716391246092
col0_to_col1,prepost_swapped,positive,17,30,lTh,Di,unit_norm,0.015210411591757317,-0.11240702483002792,52161.0,4.7173542348003945,8133.0,0.1559210904698913,10659.0,0.20434807614884684,13398.0,0.2568585724966929,19971.0,0.38287226088456894
col0_to_col1,prepost_swapped,positive,17,31,lTL,Mes,unit_norm,-0.06181516130530259,-0.28215759253169254,7612.0,3.8815558297933115,604.0,0.0793483972674724,3162.0,0.41539674198633736,676.0,0.08880714661061481,3170.0,0.4164477141355754
col0_to_col1,prepost_swapped,positive,17,24,lPT,Di,unit_norm,-0.019217666304128158,-0.040369756345252424,60070.0,4.778664861693769,13514.0,0.2249708673214583,13073.0,0.21762943232894955,17431.0,0.2901781255202264,16052.0,0.26722157482936576
col0_to_col1,prepost_swapped,positive,17,26,lPrT,Di,unit_norm,-0.015751535696538723,-0.1689475483796917,97436.0,4.988723903947433,13080.0,0.1342419639558274,30206.0,0.3100086210435568,18118.0,0.1859476990024221,36032.0,0.36980171599819367
col0_to_col1,prepost_swapped,positive,17,29,lTeO,Mes,unit_norm,-0.03593156913689537,-0.09916081170717254,1093100.0,6.038660291607668,197531.0,0.18070716311407922,335947.0,0.30733418717409206,210130.0,0.1922330985271247,349492.0,0.319725551184704
col0_to_col1,prepost_swapped,positive,17,11,lT,Hind,unit_norm,-0.027149735438643425,-0.16964505671463723,765597.0,5.8840007902467155,146257.0,0.19103653749949387,338200.0,0.44174676755525427,86547.0,0.1130451138131419,194593.0,0.25417158113210997
col0_to_col1,prepost_swapped,positive,17,32,lTS,Mes,unit_norm,-0.08568037127339613,-0.1048518186740416,45683.0,4.659764122861992,8950.0,0.19591532955366328,17150.0,0.37541317339053915,6770.0,0.14819517107020116,12813.0,0.2804763259855964
col0_to_col1,prepost_swapped,positive,17,1,lCb,Hind,unit_norm,-0.04815823785730094,-0.08967232220956999,223088.0,5.348478156760412,37344.0,0.16739582586243992,80276.0,0.35984006311410743,33644.0,0.15081044251595782,71824.0,0.3219536685074948
col0_to_col1,prepost_swapped,positive,17,12,laRF,Hind,unit_norm,0.01623180116830165,-0.13132202068018833,137274.0,5.137591452381415,21074.0,0.1535177819543395,42058.0,0.30637994084823056,23740.0,0.17293879394495681,50402.0,0.36716348325247317
col0_to_col1,prepost_swapped,positive,17,4,lMOS3,Hind,unit_norm,0.02183897794464082,-0.12503189413193982,498737.0,5.697872459378556,94963.0,0.19040696800117096,212237.0,0.42554893661388665,61640.0,0.12359219388174529,129897.0,0.2604519015031971
col0_to_col1,prepost_swapped,positive,17,13,limRF,Hind,unit_norm,0.0353856691795373,-0.21671581616191612,87790.0,4.9434499959666915,15817.0,0.18016858412119832,40831.0,0.465098530584349,8102.0,0.09228841553707712,23040.0,0.26244446975737556
col0_to_col1,prepost_swapped,positive,17,2,lMOS1,Hind,unit_norm,0.06033810824635176,-0.06579699788481592,360346.0,5.5567209107749,79305.0,0.22008014519378596,116790.0,0.3241051655908488,80459.0,0.22328262281251907,83792.0,0.23253206640284615
col0_to_col1,prepost_swapped,positive,17,0,lMON,Hind,unit_norm,-0.0941449171790684,-0.07265358551102996,243318.0,5.3861760229175735,33665.0,0.13835803351992043,65483.0,0.26912517775092676,48126.0,0.1977905457056198,96044.0,0.394726243023533
col0_to_col1,prepost_swapped,positive,17,5,lMOS4,Hind,unit_norm,-0.012424931670794932,-0.05286618733477189,203540.0,5.30865190388196,26711.0,0.13123219023287805,51020.0,0.25066326029281716,44261.0,0.21745602829910582,81548.0,0.400648521175199
col0_to_col1,prepost_swapped,positive,17,6,lMOS5,Hind,unit_norm,-0.01834386762736055,-0.06200959357981391,227383.0,5.356759902057171,36656.0,0.1612081817901954,67402.0,0.296424974602323,47985.0,0.21103160746405844,75340.0,0.3313352361434232
col0_to_col1,prepost_swapped,positive,17,14,lpRF,Hind,unit_norm,0.06438586430376274,-0.11429524557233281,109483.0,5.039350655985011,22448.0,0.20503639834494852,44376.0,0.40532320086223433,15942.0,0.14561164747038352,26717.0,0.24402875332243362
col0_to_col1,prepost_swapped,positive,17,3,lMOS2,Hind,unit_norm,0.1085599686296094,-0.04319999881190216,137886.0,5.139523322779178,22901.0,0.16608647723481718,28429.0,0.20617756697561754,37103.0,0.26908460612389945,49453.0,0.35865134966566586
col0_to_col1,prepost_swapped,positive,17,35,lNX,Hind,unit_norm,0.06361492266078707,-0.00796284323442077,61852.0,4.791360768667628,13352.0,0.2158701416284033,16985.0,0.2746071266895169,14036.0,0.22692879777533467,17479.0,0.28259393390674514
col0_to_col1,prepost_swapped,positive,17,56,rOB,Tel,unit_norm,0.008101543612431159,-0.026270661286863707,7.0,0.9030899869919435,2.0,0.2857142857142857,3.0,0.42857142857142855,0.0,0.0,2.0,0.2857142857142857
col0_to_col1,prepost_swapped,positive,17,64,rSP,Tel,unit_norm,-0.00013044393315711898,-0.02873113043048374,4696.0,3.671820560183249,1056.0,0.22487223168654175,1688.0,0.3594548551959114,712.0,0.151618398637138,1240.0,0.26405451448040884
col0_to_col1,prepost_swapped,positive,17,58,rP,Tel,unit_norm,-0.030113256973674632,0.047954859536615525,35952.0,4.5557351347491215,10692.0,0.29739652870493993,8243.0,0.22927792612372053,9617.0,0.26749554962171784,7400.0,0.20582999554962172
col0_to_col1,prepost_swapped,positive,17,61,rPO,Tel,unit_norm,0.04294631386066099,0.0579239263616872,118748.0,5.074629961064816,33807.0,0.2846953211843568,25288.0,0.21295516556068314,34246.0,0.2883922255532725,25407.0,0.21395728770168762
col0_to_col1,prepost_swapped,positive,17,52,rHb,Di,unit_norm,0.006181232207873422,0.010940371234469096,6766.0,3.830396176483469,1710.0,0.2527342595329589,1977.0,0.29219627549512267,1399.0,0.2067691398167307,1680.0,0.2483003251551877
col0_to_col1,prepost_swapped,positive,17,66,rTh,Di,unit_norm,0.008568185185425748,-0.09480865299490238,107591.0,5.031779980577398,27951.0,0.25978938758818115,43977.0,0.40874236692660165,15940.0,0.14815365597494215,19723.0,0.18331458951027502
col0_to_col1,prepost_swapped,positive,17,60,rPT,Di,unit_norm,-0.014394174337042097,-0.0452016489712559,53480.0,4.728199519203664,13327.0,0.24919596110695588,14046.0,0.26264023934181,13074.0,0.24446522064323112,13033.0,0.243698578908003
col0_to_col1,prepost_swapped,positive,17,62,rPrT,Di,unit_norm,-0.007656726524216558,-0.16832399775527884,118334.0,5.073113215116044,16207.0,0.136959791775821,39519.0,0.33396149880845744,17693.0,0.1495174675072253,44915.0,0.37956124190849627
col0_to_col1,prepost_swapped,positive,17,65,rTeO,Mes,unit_norm,-0.010710231364511078,-0.1800561454917293,716301.0,5.8550961637619325,97116.0,0.13557987494084192,213924.0,0.29865098610779545,120271.0,0.16790567094000985,284990.0,0.39786346801135275
col0_to_col1,prepost_swapped,positive,17,47,rT,Hind,unit_norm,-0.008480460738690524,-0.20919598318344085,603925.0,5.780983727097079,91116.0,0.1508730388707207,223389.0,0.3698952684522085,84376.0,0.1397127126712754,205044.0,0.33951898000579545
col0_to_col1,prepost_swapped,positive,17,68,rTS,Mes,unit_norm,-0.03470255666294687,-0.11154818920923501,2597.0,3.414639146737009,438.0,0.1686561417019638,957.0,0.36850211782826336,329.0,0.12668463611859837,873.0,0.3361571043511744
col0_to_col1,prepost_swapped,positive,17,46,rRa,Hind,unit_norm,0.057009163635304116,-0.1461691457920889,29266.0,4.466378207564672,4384.0,0.1497984008747352,8611.0,0.29423221485683043,6048.0,0.20665618806806532,10223.0,0.34931319620036905
col0_to_col1,prepost_swapped,positive,17,37,rCb,Hind,unit_norm,0.0025678006174526804,-0.09600805475054285,190343.0,5.27953919158926,29442.0,0.15467865905234235,63303.0,0.33257330188134054,30573.0,0.16062056392932758,67025.0,0.35212747513698955
col0_to_col1,prepost_swapped,positive,17,48,raRF,Hind,unit_norm,-0.03310806233797364,-0.12258123054169182,47814.0,4.679564160112239,5947.0,0.12437779729786255,12739.0,0.2664282427740829,9491.0,0.19849834776425315,19637.0,0.4106956121638014
col0_to_col1,prepost_swapped,positive,17,40,rMOS3,Hind,unit_norm,-0.06456006665851606,-0.14295940861832004,623852.0,5.795082267871866,147493.0,0.2364230618800613,324721.0,0.5205096721658342,49443.0,0.07925437443496214,102195.0,0.16381289151914236
col0_to_col1,prepost_swapped,positive,17,10,lRa,Hind,unit_norm,0.07889327564306305,-0.08818462302625896,38379.0,4.584104970399452,8422.0,0.21944292451601136,13132.0,0.34216628885588474,6631.0,0.1727767789676646,10194.0,0.2656140076604393
col0_to_col1,prepost_swapped,positive,17,38,rMOS1,Hind,unit_norm,0.05523440051698171,-0.054371956298828926,332250.0,5.521466296744426,96410.0,0.29017306245297214,165849.0,0.49916930022573364,32092.0,0.09658991723100076,37899.0,0.11406772009029345
col0_to_col1,prepost_swapped,positive,17,49,rimRF,Hind,unit_norm,0.031008012871287287,-0.2629698239542741,63708.0,4.804200788288911,11258.0,0.17671250078483078,37232.0,0.5844163998241979,4163.0,0.0653450116154957,11055.0,0.1735260877754756
col0_to_col1,prepost_swapped,positive,17,41,rMOS4,Hind,unit_norm,0.044390463672611666,-0.07248099991584149,258955.0,5.413225978055992,55744.0,0.21526520051746442,108888.0,0.42049004653318145,35253.0,0.13613562201926976,59070.0,0.22810913093008436
col0_to_col1,prepost_swapped,positive,17,36,rMON,Hind,unit_norm,0.008515918426289987,-0.05552517079499226,223980.0,5.350211179293395,32388.0,0.14460219662469864,51193.0,0.2285605857665863,55533.0,0.2479373158317707,84866.0,0.3788999017769444
col0_to_col1,prepost_swapped,positive,17,42,rMOS5,Hind,unit_norm,0.008251229922749079,-0.04576738302490918,391666.0,5.59291698150026,84667.0,0.21617143178116047,139487.0,0.3561376274683021,68202.0,0.1741330623541487,99310.0,0.25355787839638877
col0_to_col1,prepost_swapped,positive,17,50,rpRF,Hind,unit_norm,0.07754188057450653,-0.06259509216543456,71398.0,4.85369212917781,9615.0,0.13466763774895654,20676.0,0.2895879436398779,15554.0,0.21784923947449508,25553.0,0.3578951791366705
col0_to_col1,prepost_swapped,positive,17,39,rMOS2,Hind,unit_norm,0.10218991973456024,0.00504262990842784,43331.0,4.636808734474451,11529.0,0.26606817290161777,16131.0,0.37227389167109,6191.0,0.14287692414206918,9480.0,0.21878101128522304
col0_to_col1,prepost_swapped,positive,17,71,rNX,Hind,unit_norm,0.071473217422156,-0.1516186655233491,45862.0,4.66146245948316,6713.0,0.14637390432166064,14828.0,0.3233177794252322,7885.0,0.17192882996816536,16436.0,0.35837948628494176
col0_to_col1,prepost_swapped,positive,17,20,lOB,Tel,rank,-0.007657133142486833,-0.008488105287025828,36.0,1.568201724066995,6.0,0.16666666666666666,16.0,0.4444444444444444,8.0,0.2222222222222222,6.0,0.16666666666666666
col0_to_col1,prepost_swapped,positive,17,28,lSP,Tel,rank,-0.12774760654953032,0.019030988348249272,18850.0,4.2753343934257675,6231.0,0.33055702917771884,4673.0,0.24790450928381963,4782.0,0.25368700265251987,3164.0,0.16785145888594163
col0_to_col1,prepost_swapped,positive,17,22,lP,Tel,rank,-0.1745610286700236,0.027358205490334013,9091.0,3.9586594270529334,2298.0,0.25277747222527774,1974.0,0.2171378286217138,2630.0,0.2892971070289297,2189.0,0.24078759212407877
col0_to_col1,prepost_swapped,positive,17,25,lPO,Tel,rank,0.046831578922646874,0.053998339020652875,100183.0,5.000798367573573,29640.0,0.2958585788007945,20820.0,0.20781968996735972,28885.0,0.2883223700627851,20838.0,0.20799936116906062
col0_to_col1,prepost_swapped,positive,17,16,lHb,Di,rank,-0.020230192752129537,0.16472339172049608,8956.0,3.9521625742144626,3852.0,0.43010272443054937,725.0,0.08095131755247878,3703.0,0.41346583296114336,676.0,0.07548012505582849
col0_to_col1,prepost_swapped,positive,17,30,lTh,Di,rank,0.015210411591757317,-0.11240702483002792,52161.0,4.7173542348003945,10736.0,0.20582427484135657,13620.0,0.2611146258699028,10940.0,0.2097352428059278,16865.0,0.3233258564828128
col0_to_col1,prepost_swapped,positive,17,31,lTL,Mes,rank,-0.06181516130530259,-0.28215759253169254,7612.0,3.8815558297933115,644.0,0.08460325801366264,3307.0,0.4344456121912769,636.0,0.08355228586442459,3025.0,0.39739884393063585
col0_to_col1,prepost_swapped,positive,17,24,lPT,Di,rank,-0.019217666304128158,-0.040369756345252424,60070.0,4.778664861693769,13328.0,0.22187447977359748,13259.0,0.2207258198768104,17243.0,0.2870484434826036,16240.0,0.2703512568669885
col0_to_col1,prepost_swapped,positive,17,26,lPrT,Di,rank,-0.015751535696538723,-0.1689475483796917,97436.0,4.988723903947433,14109.0,0.14480274231290283,31682.0,0.3251570261504988,17466.0,0.17925612709881358,34179.0,0.3507841044377848
col0_to_col1,prepost_swapped,positive,17,29,lTeO,Mes,rank,-0.03593156913689537,-0.09916081170717254,1093100.0,6.038660291607668,200126.0,0.18308114536638917,332370.0,0.30406184246638,213916.0,0.19569664257615954,346688.0,0.31716036959107125
col0_to_col1,prepost_swapped,positive,17,11,lT,Hind,rank,-0.027149735438643425,-0.16964505671463723,765597.0,5.8840007902467155,142419.0,0.18602345620476568,328943.0,0.4296555498519456,90738.0,0.11851927319464418,203497.0,0.2658017207486445
col0_to_col1,prepost_swapped,positive,17,32,lTS,Mes,rank,-0.08568037127339613,-0.1048518186740416,45683.0,4.659764122861992,7535.0,0.16494100650132434,13870.0,0.30361403585578883,8586.0,0.18794737648578247,15692.0,0.3434975811571044
col0_to_col1,prepost_swapped,positive,17,1,lCb,Hind,rank,-0.04815823785730094,-0.08967232220956999,223088.0,5.348478156760412,39194.0,0.175688517535681,80427.0,0.3605169260560855,34171.0,0.15317273900882164,69296.0,0.3106218173994119
col0_to_col1,prepost_swapped,positive,17,12,laRF,Hind,rank,0.01623180116830165,-0.13132202068018833,137274.0,5.137591452381415,22653.0,0.1650203243148739,44617.0,0.3250214898669814,22735.0,0.16561766976994916,47269.0,0.3443405160481956
col0_to_col1,prepost_swapped,positive,17,4,lMOS3,Hind,rank,0.02183897794464082,-0.12503189413193982,498737.0,5.697872459378556,92557.0,0.18558278210760382,202257.0,0.40553838997307196,67140.0,0.13462005024692372,136783.0,0.2742587776724005
col0_to_col1,prepost_swapped,positive,17,13,limRF,Hind,rank,0.0353856691795373,-0.21671581616191612,87790.0,4.9434499959666915,14958.0,0.17038387060029617,38152.0,0.4345825264836542,9273.0,0.10562706458594373,25407.0,0.28940653833010593
col0_to_col1,prepost_swapped,positive,17,2,lMOS1,Hind,rank,0.06033810824635176,-0.06579699788481592,360346.0,5.5567209107749,79514.0,0.22066014330671077,114018.0,0.31641255904047777,82788.0,0.22974585537233658,84026.0,0.23318144228047488
col0_to_col1,prepost_swapped,positive,17,0,lMON,Hind,rank,-0.0941449171790684,-0.07265358551102996,243318.0,5.3861760229175735,33630.0,0.13821418883929673,64325.0,0.26436597374629084,49463.0,0.20328541250544555,95900.0,0.3941344249089669
col0_to_col1,prepost_swapped,positive,17,5,lMOS4,Hind,rank,-0.012424931670794932,-0.05286618733477189,203540.0,5.30865190388196,28661.0,0.14081261668468115,52821.0,0.25951164390291837,43851.0,0.21544168222462415,78207.0,0.38423405718777637
col0_to_col1,prepost_swapped,positive,17,6,lMOS5,Hind,rank,-0.01834386762736055,-0.06200959357981391,227383.0,5.356759902057171,37929.0,0.16680666540594505,67421.0,0.29650853405927446,48486.0,0.2132349384078845,73547.0,0.323449862126896
col0_to_col1,prepost_swapped,positive,17,14,lpRF,Hind,rank,0.06438586430376274,-0.11429524557233281,109483.0,5.039350655985011,22964.0,0.2097494588200908,43477.0,0.39711188038325584,16489.0,0.15060785692755954,26553.0,0.24253080386909384
col0_to_col1,prepost_swapped,positive,17,3,lMOS2,Hind,rank,0.1085599686296094,-0.04319999881190216,137886.0,5.139523322779178,24233.0,0.17574663127511134,29593.0,0.21461932320902774,36375.0,0.263804882294069,47685.0,0.3458291632217919
col0_to_col1,prepost_swapped,positive,17,35,lNX,Hind,rank,0.06361492266078707,-0.00796284323442077,61852.0,4.791360768667628,13613.0,0.2200898920002587,16724.0,0.2703873763176615,14304.0,0.23126172152881072,17211.0,0.2782610101532691
col0_to_col1,prepost_swapped,positive,17,56,rOB,Tel,rank,0.008101543612431159,-0.026270661286863707,7.0,0.9030899869919435,3.0,0.42857142857142855,3.0,0.42857142857142855,0.0,0.0,1.0,0.14285714285714285
col0_to_col1,prepost_swapped,positive,17,64,rSP,Tel,rank,-0.00013044393315711898,-0.02873113043048374,4696.0,3.671820560183249,1067.0,0.22721465076660988,1617.0,0.344335604770017,756.0,0.16098807495741055,1256.0,0.2674616695059625
col0_to_col1,prepost_swapped,positive,17,58,rP,Tel,rank,-0.030113256973674632,0.047954859536615525,35952.0,4.5557351347491215,11375.0,0.3163940809968847,8405.0,0.23378393413440143,9319.0,0.25920672007120604,6853.0,0.1906152647975078
col0_to_col1,prepost_swapped,positive,17,61,rPO,Tel,rank,0.04294631386066099,0.0579239263616872,118748.0,5.074629961064816,34702.0,0.2922322902280459,24393.0,0.20541819651699397,35180.0,0.2962576211809883,24473.0,0.20609189207397177
col0_to_col1,prepost_swapped,positive,17,52,rHb,Di,rank,0.006181232207873422,0.010940371234469096,6766.0,3.830396176483469,1885.0,0.2785988767366243,2063.0,0.3049068873780668,1328.0,0.19627549512267217,1490.0,0.2202187407626367
col0_to_col1,prepost_swapped,positive,17,66,rTh,Di,rank,0.008568185185425748,-0.09480865299490238,107591.0,5.031779980577398,25059.0,0.23290981587679266,43154.0,0.40109302822726806,16497.0,0.15333066892212174,22881.0,0.21266648697381751
col0_to_col1,prepost_swapped,positive,17,60,rPT,Di,rank,-0.014394174337042097,-0.0452016489712559,53480.0,4.728199519203664,12597.0,0.23554599850411367,15044.0,0.281301421091997,11944.0,0.22333582647718772,13895.0,0.25981675392670156
col0_to_col1,prepost_swapped,positive,17,62,rPrT,Di,rank,-0.007656726524216558,-0.16832399775527884,118334.0,5.073113215116044,18229.0,0.15404701945341154,44999.0,0.3802710970642419,15334.0,0.12958236855003633,39772.0,0.3360995149323102
col0_to_col1,prepost_swapped,positive,17,65,rTeO,Mes,rank,-0.010710231364511078,-0.1800561454917293,716301.0,5.8550961637619325,100346.0,0.1400891524652346,221108.0,0.30868028943139825,116026.0,0.1619793913452585,278821.0,0.38925116675810867
col0_to_col1,prepost_swapped,positive,17,47,rT,Hind,rank,-0.008480460738690524,-0.20919598318344085,603925.0,5.780983727097079,89647.0,0.14844061762636088,222243.0,0.36799768183135323,84536.0,0.13997764623090617,207499.0,0.3435840543113797
col0_to_col1,prepost_swapped,positive,17,68,rTS,Mes,rank,-0.03470255666294687,-0.11154818920923501,2597.0,3.414639146737009,412.0,0.15864458991143626,983.0,0.3785136696187909,302.0,0.11628802464381979,900.0,0.346553715825953
col0_to_col1,prepost_swapped,positive,17,46,rRa,Hind,rank,0.057009163635304116,-0.1461691457920889,29266.0,4.466378207564672,4729.0,0.16158682430123694,9456.0,0.32310530991594344,5544.0,0.18943483906239322,9537.0,0.32587302672042645
col0_to_col1,prepost_swapped,positive,17,37,rCb,Hind,rank,0.0025678006174526804,-0.09600805475054285,190343.0,5.27953919158926,32372.0,0.1700719227920123,66952.0,0.35174395696190563,27858.0,0.14635684002038427,63161.0,0.3318272802256978
col0_to_col1,prepost_swapped,positive,17,48,raRF,Hind,rank,-0.03310806233797364,-0.12258123054169182,47814.0,4.679564160112239,6697.0,0.140063579704689,14013.0,0.29307315848914545,8889.0,0.18590789308570713,18215.0,0.38095536872045843
col0_to_col1,prepost_swapped,positive,17,40,rMOS3,Hind,rank,-0.06456006665851606,-0.14295940861832004,623852.0,5.795082267871866,118868.0,0.19053878163410554,262375.0,0.4205725075819265,80721.0,0.12939126587716318,161888.0,0.2594974449068048
col0_to_col1,prepost_swapped,positive,17,10,lRa,Hind,rank,0.07889327564306305,-0.08818462302625896,38379.0,4.584104970399452,8966.0,0.23361734281768676,13630.0,0.3551421350217567,6239.0,0.16256285989733968,9544.0,0.24867766226321686
col0_to_col1,prepost_swapped,positive,17,38,rMOS1,Hind,rank,0.05523440051698171,-0.054371956298828926,332250.0,5.521466296744426,91961.0,0.27678254326561325,159190.0,0.4791271632806621,37463.0,0.11275545522949586,43636.0,0.13133483822422876
col0_to_col1,prepost_swapped,positive,17,49,rimRF,Hind,rank,0.031008012871287287,-0.2629698239542741,63708.0,4.804200788288911,10795.0,0.16944496766497144,35200.0,0.5525208764990268,5009.0,0.0786243485904439,12704.0,0.19940980724555785
col0_to_col1,prepost_swapped,positive,17,41,rMOS4,Hind,rank,0.044390463672611666,-0.07248099991584149,258955.0,5.413225978055992,54198.0,0.20929505126373307,103225.0,0.3986213820934139,38620.0,0.14913788109903264,62912.0,0.24294568554382034
col0_to_col1,prepost_swapped,positive,17,36,rMON,Hind,rank,0.008515918426289987,-0.05552517079499226,223980.0,5.350211179293395,33256.0,0.14847754263773552,52013.0,0.23222162693097598,54601.0,0.24377623002053755,84110.0,0.375524600410751
col0_to_col1,prepost_swapped,positive,17,42,rMOS5,Hind,rank,0.008251229922749079,-0.04576738302490918,391666.0,5.59291698150026,79695.0,0.20347694208841208,129354.0,0.33026609406994734,75920.0,0.19383862781043032,106697.0,0.27241833603121024
col0_to_col1,prepost_swapped,positive,17,50,rpRF,Hind,rank,0.07754188057450653,-0.06259509216543456,71398.0,4.85369212917781,10108.0,0.14157259306983389,20755.0,0.2906944172105661,16004.0,0.22415193702904843,24531.0,0.34358105269055156
col0_to_col1,prepost_swapped,positive,17,39,rMOS2,Hind,rank,0.10218991973456024,0.00504262990842784,43331.0,4.636808734474451,11784.0,0.27195310516720134,15683.0,0.36193487341626085,6406.0,0.14783872977775728,9458.0,0.21827329163878054
col0_to_col1,prepost_swapped,positive,17,71,rNX,Hind,rank,0.071473217422156,-0.1516186655233491,45862.0,4.66146245948316,8521.0,0.1857965199947669,16676.0,0.36361257686101783,6358.0,0.13863329117788148,14307.0,0.31195761196633376
col0_to_col1,prepost_swapped,positive,18,20,lOB,Tel,unit_norm,0.01653972113376597,0.008458585631867039,19.0,1.3010299956639813,8.0,0.42105263157894735,7.0,0.3684210526315789,1.0,0.05263157894736842,3.0,0.15789473684210525
col0_to_col1,prepost_swapped,positive,18,28,lSP,Tel,unit_norm,-0.24661799455132064,0.053959944645141165,13147.0,4.118859695409586,4021.0,0.30584924317334755,2647.0,0.2013387084505971,3909.0,0.29733018939682054,2570.0,0.1954818589792348
col0_to_col1,prepost_swapped,positive,18,22,lP,Tel,unit_norm,-0.2520994477460854,0.02726505089345224,9266.0,3.966939163021113,3613.0,0.3899201381394345,2716.0,0.29311461256205484,1764.0,0.19037340815886036,1173.0,0.12659184113965033
col0_to_col1,prepost_swapped,positive,18,25,lPO,Tel,unit_norm,0.03396328132007195,0.0642389239586669,96306.0,4.983657854631164,27077.0,0.2811558989055718,18638.0,0.19352895977405354,29589.0,0.3072394243349324,21002.0,0.21807571698544223
col0_to_col1,prepost_swapped,positive,18,16,lHb,Di,unit_norm,-0.010714761042226429,0.08679920322653781,5254.0,3.720572720364261,1949.0,0.3709554625047583,749.0,0.14255805100875524,1792.0,0.3410734678340312,764.0,0.14541301865245526
col0_to_col1,prepost_swapped,positive,18,30,lTh,Di,unit_norm,-0.010554865475398549,-0.1461655378252019,89756.0,4.953068328479611,19844.0,0.22108828379161283,37131.0,0.41368822140024064,11205.0,0.12483845091135969,21576.0,0.24038504389678683
col0_to_col1,prepost_swapped,positive,18,31,lTL,Mes,unit_norm,-0.09622311045339936,-0.3540399856956438,6142.0,3.788380515319563,454.0,0.07391729078476067,2022.0,0.32920872679908825,600.0,0.09768804949527841,3066.0,0.49918593292087265
col0_to_col1,prepost_swapped,positive,18,24,lPT,Di,unit_norm,-0.06606615256064158,-0.053112194750053715,65838.0,4.818483225943885,10440.0,0.15857103800236946,12837.0,0.19497858379659164,20051.0,0.30455056350435916,22510.0,0.34189981469667974
col0_to_col1,prepost_swapped,positive,18,26,lPrT,Di,unit_norm,-0.05065312976424218,-0.18844551823323613,70938.0,4.850885062095567,7582.0,0.10688206602949055,19142.0,0.2698412698412698,14321.0,0.20188051537962728,29893.0,0.42139614874961234
col0_to_col1,prepost_swapped,positive,18,29,lTeO,Mes,unit_norm,-0.06386644661293543,-0.12131728506917083,746861.0,5.873240363294474,131109.0,0.17554672154524067,234987.0,0.3146328433269377,140785.0,0.18850227820170018,239980.0,0.3213181569261215
col0_to_col1,prepost_swapped,positive,18,11,lT,Hind,unit_norm,-0.0422691962311528,-0.17857228112188236,688941.0,5.838182661471896,117233.0,0.17016406339584958,300609.0,0.4363348966021764,78084.0,0.11333916837581157,193015.0,0.28016187162616246
col0_to_col1,prepost_swapped,positive,18,32,lTS,Mes,unit_norm,-0.11721431321344018,-0.10339999990626135,40192.0,4.604150423082331,8180.0,0.20352308917197454,16702.0,0.41555533439490444,5186.0,0.12903065286624205,10124.0,0.251890923566879
col0_to_col1,prepost_swapped,positive,18,1,lCb,Hind,unit_norm,-0.07700760725594935,-0.10726799793478586,199782.0,5.300558530334898,32256.0,0.16145598702585817,69942.0,0.35009159984382976,30363.0,0.15198065891822085,67221.0,0.3364717542120912
col0_to_col1,prepost_swapped,positive,18,12,laRF,Hind,unit_norm,8.198172657147398e-05,-0.15648577971812183,174874.0,5.242727727499884,22737.0,0.13001932820201975,45393.0,0.25957546576392143,33302.0,0.19043425552111806,73442.0,0.41997095051294075
col0_to_col1,prepost_swapped,positive,18,4,lMOS3,Hind,unit_norm,0.010614945268457398,-0.13556232870276455,541373.0,5.733497394530772,103836.0,0.191801216536473,226390.0,0.41817748576305064,68576.0,0.12667052106403534,142571.0,0.2633507766364411
col0_to_col1,prepost_swapped,positive,18,13,limRF,Hind,unit_norm,0.026976947774391018,-0.24593813290979663,125995.0,5.100356757772305,19429.0,0.15420453192587008,56831.0,0.4510575816500655,12840.0,0.10190880590499624,36895.0,0.2928290805190682
col0_to_col1,prepost_swapped,positive,18,2,lMOS1,Hind,unit_norm,0.05443552585911269,-0.08987632076213065,360035.0,5.55634592804415,70098.0,0.1946977377199439,115760.0,0.32152429624897577,85582.0,0.23770466760176093,88595.0,0.24607329842931938
col0_to_col1,prepost_swapped,positive,18,0,lMON,Hind,unit_norm,-0.12220663389220758,-0.119747405653612,190086.0,5.278952416595486,25718.0,0.13529665519817347,52108.0,0.2741285523394674,36528.0,0.19216565133676336,75732.0,0.3984091411255958
col0_to_col1,prepost_swapped,positive,18,5,lMOS4,Hind,unit_norm,-0.05941322118760456,-0.06507343436776714,213353.0,5.329100789504415,25245.0,0.11832502941135115,46050.0,0.21583947729818656,53619.0,0.25131589431599277,88439.0,0.41451959897446955
col0_to_col1,prepost_swapped,positive,18,6,lMOS5,Hind,unit_norm,-0.04855455880063746,-0.08099692778229585,225907.0,5.353931610709369,30620.0,0.13554250200303664,56626.0,0.2506606700987575,50932.0,0.22545560783862387,87729.0,0.38834122005958205
col0_to_col1,prepost_swapped,positive,18,14,lpRF,Hind,unit_norm,0.08399814618869708,-0.1447067460647901,144747.0,5.160612571743415,27355.0,0.18898491851299162,57953.0,0.4003744464479402,21339.0,0.14742274451283965,38100.0,0.2632178905262285
col0_to_col1,prepost_swapped,positive,18,3,lMOS2,Hind,unit_norm,0.09039522156053577,-0.1314173444873912,167449.0,5.223885151875885,16992.0,0.10147567319004593,24154.0,0.14424690502779952,46999.0,0.28067650448793363,79304.0,0.47360091729422094
col0_to_col1,prepost_swapped,positive,18,35,lNX,Hind,unit_norm,0.02678348742630208,-0.04844038541977147,93908.0,4.97270721594059,16280.0,0.17336116198832902,25074.0,0.2670060058780935,20905.0,0.22261149209864975,31649.0,0.3370213400349278
col0_to_col1,prepost_swapped,positive,18,56,rOB,Tel,unit_norm,-0.04400391309654429,-0.008175649039217005,4.0,0.6989700043360189,0.0,0.0,2.0,0.5,1.0,0.25,1.0,0.25
col0_to_col1,prepost_swapped,positive,18,64,rSP,Tel,unit_norm,0.08014062531000059,-0.01935882241763763,5708.0,3.756560043006683,1103.0,0.1932375613174492,1601.0,0.2804835318850736,1329.0,0.2328311142256482,1675.0,0.293447792571829
col0_to_col1,prepost_swapped,positive,18,58,rP,Tel,unit_norm,-0.10962197775585947,0.06354277577246004,35609.0,4.551571973674253,10917.0,0.3065797972422702,6648.0,0.18669437501755173,10905.0,0.30624280378555985,7139.0,0.20048302395461823
col0_to_col1,prepost_swapped,positive,18,61,rPO,Tel,unit_norm,0.03660843670824745,0.055386098629403996,143238.0,5.156061280393496,51915.0,0.3624387383236292,36236.0,0.2529775618201874,32256.0,0.22519163909018555,22831.0,0.15939206076599785
col0_to_col1,prepost_swapped,positive,18,52,rHb,Di,unit_norm,-0.004675619760192826,0.035342173152631266,3217.0,3.5075860397630105,1214.0,0.37737022070251786,969.0,0.3012123096052223,568.0,0.17656201429903637,466.0,0.1448554553932235
col0_to_col1,prepost_swapped,positive,18,66,rTh,Di,unit_norm,-0.008833367278407368,-0.10627580908643446,179877.0,5.254978050155675,48051.0,0.26713254056938907,76721.0,0.42651923258671204,24802.0,0.13788310901338136,30303.0,0.1684651178305175
col0_to_col1,prepost_swapped,positive,18,60,rPT,Di,unit_norm,-0.040103579352884215,-0.04707111189973587,56250.0,4.750130247505561,10848.0,0.19285333333333332,13122.0,0.23328,15774.0,0.28042666666666666,16506.0,0.29344
col0_to_col1,prepost_swapped,positive,18,62,rPrT,Di,unit_norm,-0.027347912316519327,-0.19343318486306868,133445.0,5.125305560484239,16990.0,0.12731837086440106,40791.0,0.30567649593465474,22606.0,0.16940312488291057,53058.0,0.39760200831803366
col0_to_col1,prepost_swapped,positive,18,65,rTeO,Mes,unit_norm,-0.026299147005896282,-0.18531747349615751,548706.0,5.739340500640734,73227.0,0.13345398082033003,167301.0,0.3049009852270615,89840.0,0.16373066815380186,218338.0,0.3979143657988066
col0_to_col1,prepost_swapped,positive,18,47,rT,Hind,unit_norm,-0.021896995426359516,-0.22111079309814968,513561.0,5.710592881492149,85294.0,0.16608348375363394,210670.0,0.41021417124742726,62144.0,0.12100607328048664,155453.0,0.30269627171845215
col0_to_col1,prepost_swapped,positive,18,68,rTS,Mes,unit_norm,-0.0772940718111102,-0.176647702977756,13632.0,4.134591434710877,2599.0,0.1906543427230047,6555.0,0.4808538732394366,1375.0,0.1008656103286385,3103.0,0.2276261737089202
col0_to_col1,prepost_swapped,positive,18,46,rRa,Hind,unit_norm,0.06716590892115802,-0.16514095476025206,25265.0,4.402536491803908,3443.0,0.13627547991292302,7334.0,0.29028300019790226,4977.0,0.19699188600831188,9511.0,0.37644963388086283
col0_to_col1,prepost_swapped,positive,18,37,rCb,Hind,unit_norm,-0.017665085029188267,-0.12051065265977742,174470.0,5.241723250282999,22370.0,0.12821688542442827,55801.0,0.31983148965438185,28643.0,0.16417149080071072,67656.0,0.3877801341204792
col0_to_col1,prepost_swapped,positive,18,48,raRF,Hind,unit_norm,-0.03238018122776926,-0.1277369178275511,103568.0,5.0152297829805255,13342.0,0.12882357484937432,29320.0,0.28309902672640197,18821.0,0.181726015757763,42085.0,0.4063513826664607
col0_to_col1,prepost_swapped,positive,18,40,rMOS3,Hind,unit_norm,-0.07208985993706601,-0.15464834027967223,566220.0,5.752985972438115,158882.0,0.2806011797534527,336199.0,0.5937603758256508,23300.0,0.041150083006605206,47839.0,0.08448836141429127
col0_to_col1,prepost_swapped,positive,18,10,lRa,Hind,unit_norm,0.10149234219004871,-0.10183614879854451,39222.0,4.593540807934989,8092.0,0.20631278364183367,15131.0,0.38577838967926165,7015.0,0.1788537045535669,8984.0,0.22905512212533782
col0_to_col1,prepost_swapped,positive,18,38,rMOS1,Hind,unit_norm,0.06672918472427744,-0.08099041558035895,303691.0,5.4824333516758665,88040.0,0.28989993118004814,154712.0,0.5094388704307997,27556.0,0.09073696619261025,33383.0,0.10992423219654188
col0_to_col1,prepost_swapped,positive,18,49,rimRF,Hind,unit_norm,0.01469735334566725,-0.2662206122651467,109670.0,5.040091803463516,16648.0,0.15180085711680497,55983.0,0.5104677669371752,9761.0,0.08900337375763655,27278.0,0.24872800218838334
col0_to_col1,prepost_swapped,positive,18,41,rMOS4,Hind,unit_norm,0.039129748194099784,-0.06723402452444951,247236.0,5.39311346517642,51342.0,0.20766393243702375,87825.0,0.3552273940688249,42734.0,0.17284699639211118,65335.0,0.2642616771020402
col0_to_col1,prepost_swapped,positive,18,36,rMON,Hind,unit_norm,-0.013293598024743501,-0.06616823634388184,203346.0,5.308237769595013,23643.0,0.11626980614322387,39461.0,0.1940584029191624,51473.0,0.25313013287696834,88769.0,0.4365416580606454
col0_to_col1,prepost_swapped,positive,18,42,rMOS5,Hind,unit_norm,-0.03593892398657465,-0.06368049097950709,306626.0,5.486610393945404,65432.0,0.21339351522701924,110223.0,0.359470495000424,52049.0,0.16974750999589075,78922.0,0.257388479776666
col0_to_col1,prepost_swapped,positive,18,50,rpRF,Hind,unit_norm,0.08553530550933854,-0.08455230528952819,89152.0,4.9501359617741265,11585.0,0.129946608040201,23729.0,0.2661634063173008,21209.0,0.23789707465900933,32629.0,0.36599291098348885
col0_to_col1,prepost_swapped,positive,18,39,rMOS2,Hind,unit_norm,0.11386565540109578,-0.008890565516850767,41199.0,4.6148972160331345,10930.0,0.26529770140051945,14842.0,0.36025146241413625,6557.0,0.1591543484065147,8870.0,0.2152964877788296
col0_to_col1,prepost_swapped,positive,18,71,rNX,Hind,unit_norm,0.09549228732129812,-0.2075169522383181,34994.0,4.544005997849434,4935.0,0.14102417557295535,9592.0,0.27410413213693774,6604.0,0.18871806595416357,13863.0,0.3961536263359433
col0_to_col1,prepost_swapped,positive,18,20,lOB,Tel,rank,0.01653972113376597,0.008458585631867039,19.0,1.3010299956639813,7.0,0.3684210526315789,7.0,0.3684210526315789,1.0,0.05263157894736842,4.0,0.21052631578947367
col0_to_col1,prepost_swapped,positive,18,28,lSP,Tel,rank,-0.24661799455132064,0.053959944645141165,13147.0,4.118859695409586,3563.0,0.27101239826576407,2868.0,0.21814862706320834,3772.0,0.28690956111660454,2944.0,0.22392941355442306
col0_to_col1,prepost_swapped,positive,18,22,lP,Tel,rank,-0.2520994477460854,0.02726505089345224,9266.0,3.966939163021113,1800.0,0.19425857975393912,1519.0,0.1639326570256853,3376.0,0.3643427584718325,2571.0,0.27746600474854305
col0_to_col1,prepost_swapped,positive,18,25,lPO,Tel,rank,0.03396328132007195,0.0642389239586669,96306.0,4.983657854631164,26602.0,0.2762237036114053,19113.0,0.19846115506822004,28948.0,0.3005835565800677,21643.0,0.22473158474030694
col0_to_col1,prepost_swapped,positive,18,16,lHb,Di,rank,-0.010714761042226429,0.08679920322653781,5254.0,3.720572720364261,1810.0,0.34449942900647124,744.0,0.14160639512752188,1883.0,0.3583936048724781,817.0,0.15550057099352874
col0_to_col1,prepost_swapped,positive,18,30,lTh,Di,rank,-0.010554865475398549,-0.1461655378252019,89756.0,4.953068328479611,19293.0,0.21494941842328089,34677.0,0.3863474308124248,12466.0,0.13888765096483802,23320.0,0.2598154997994563
col0_to_col1,prepost_swapped,positive,18,31,lTL,Mes,rank,-0.09622311045339936,-0.3540399856956438,6142.0,3.788380515319563,569.0,0.09264083360468903,2565.0,0.4176164115923152,483.0,0.07863887984369912,2525.0,0.4111038749592966
col0_to_col1,prepost_swapped,positive,18,24,lPT,Di,rank,-0.06606615256064158,-0.053112194750053715,65838.0,4.818483225943885,10577.0,0.16065190315623196,12752.0,0.19368753607339226,19989.0,0.3036088581062608,22520.0,0.34205170266411494
col0_to_col1,prepost_swapped,positive,18,26,lPrT,Di,rank,-0.05065312976424218,-0.18844551823323613,70938.0,4.850885062095567,10134.0,0.14285714285714285,23834.0,0.3359835349178156,12017.0,0.1694014491527813,24953.0,0.3517578730722603
col0_to_col1,prepost_swapped,positive,18,29,lTeO,Mes,rank,-0.06386644661293543,-0.12131728506917083,746861.0,5.873240363294474,133925.0,0.17931716879044426,232318.0,0.3110592198548324,143863.0,0.19262352700167767,236755.0,0.3170000843530456
col0_to_col1,prepost_swapped,positive,18,11,lT,Hind,rank,-0.0422691962311528,-0.17857228112188236,688941.0,5.838182661471896,113121.0,0.16419548263203962,287148.0,0.4167962133187022,84436.0,0.12255911609266977,204236.0,0.2964491879565884
col0_to_col1,prepost_swapped,positive,18,32,lTS,Mes,rank,-0.11721431321344018,-0.10339999990626135,40192.0,4.604150423082331,8405.0,0.20912121815286625,16477.0,0.40995720541401276,5326.0,0.1325139331210191,9984.0,0.2484076433121019
col0_to_col1,prepost_swapped,positive,18,1,lCb,Hind,rank,-0.07700760725594935,-0.10726799793478586,199782.0,5.300558530334898,33114.0,0.16575066822836892,70618.0,0.35347528806398976,30282.0,0.1515752169865153,65768.0,0.32919882672112605
col0_to_col1,prepost_swapped,positive,18,12,laRF,Hind,rank,8.198172657147398e-05,-0.15648577971812183,174874.0,5.242727727499884,24566.0,0.1404782872239441,47340.0,0.2707091963356474,32802.0,0.187575054038908,70166.0,0.4012374624015005
col0_to_col1,prepost_swapped,positive,18,4,lMOS3,Hind,rank,0.010614945268457398,-0.13556232870276455,541373.0,5.733497394530772,104949.0,0.19385710037257123,221846.0,0.40978401213211596,70524.0,0.13026877956602934,144054.0,0.2660901079292835
col0_to_col1,prepost_swapped,positive,18,13,limRF,Hind,rank,0.026976947774391018,-0.24593813290979663,125995.0,5.100356757772305,19672.0,0.1561331798880908,55569.0,0.4410413111631414,13496.0,0.1071153617207032,37258.0,0.2957101472280646
col0_to_col1,prepost_swapped,positive,18,2,lMOS1,Hind,rank,0.05443552585911269,-0.08987632076213065,360035.0,5.55634592804415,70514.0,0.19585318094074186,114406.0,0.31776355076589774,86913.0,0.241401530406766,88202.0,0.24498173788659436
col0_to_col1,prepost_swapped,positive,18,0,lMON,Hind,rank,-0.12220663389220758,-0.119747405653612,190086.0,5.278952416595486,25751.0,0.13547026082930885,51232.0,0.2695201119493282,36584.0,0.1924602548320234,76519.0,0.4025493723893396
col0_to_col1,prepost_swapped,positive,18,5,lMOS4,Hind,rank,-0.05941322118760456,-0.06507343436776714,213353.0,5.329100789504415,29290.0,0.1372842191110507,50742.0,0.23783119993625587,50860.0,0.23838427394974526,82461.0,0.3865003070029482
col0_to_col1,prepost_swapped,positive,18,6,lMOS5,Hind,rank,-0.04855455880063746,-0.08099692778229585,225907.0,5.353931610709369,33983.0,0.15042915890167194,59911.0,0.26520205217191145,48465.0,0.21453518483269665,83548.0,0.36983360409371996
col0_to_col1,prepost_swapped,positive,18,14,lpRF,Hind,rank,0.08399814618869708,-0.1447067460647901,144747.0,5.160612571743415,28262.0,0.195251024200847,57035.0,0.3940323460935287,21918.0,0.15142282741611224,37532.0,0.25929380228951204
col0_to_col1,prepost_swapped,positive,18,3,lMOS2,Hind,rank,0.09039522156053577,-0.1314173444873912,167449.0,5.223885151875885,21841.0,0.13043374400563754,28633.0,0.17099534783725193,43126.0,0.2575470740344821,73849.0,0.44102383412262836
col0_to_col1,prepost_swapped,positive,18,35,lNX,Hind,rank,0.02678348742630208,-0.04844038541977147,93908.0,4.97270721594059,19367.0,0.20623376070196361,27498.0,0.29281850321591346,18674.0,0.1988541977254334,28369.0,0.3020935383566895
col0_to_col1,prepost_swapped,positive,18,56,rOB,Tel,rank,-0.04400391309654429,-0.008175649039217005,4.0,0.6989700043360189,0.0,0.0,2.0,0.5,1.0,0.25,1.0,0.25
col0_to_col1,prepost_swapped,positive,18,64,rSP,Tel,rank,0.08014062531000059,-0.01935882241763763,5708.0,3.756560043006683,931.0,0.16310441485634197,1543.0,0.27032235459004905,1317.0,0.23072880168185003,1917.0,0.3358444288717589
col0_to_col1,prepost_swapped,positive,18,58,rP,Tel,rank,-0.10962197775585947,0.06354277577246004,35609.0,4.551571973674253,9935.0,0.27900249936813726,6534.0,0.1834929371788031,11263.0,0.3162964419107529,7877.0,0.2212081215423067
col0_to_col1,prepost_swapped,positive,18,61,rPO,Tel,rank,0.03660843670824745,0.055386098629403996,143238.0,5.156061280393496,46693.0,0.32598193216883786,32175.0,0.2246261466929167,38009.0,0.26535556207151734,26361.0,0.1840363590667281
col0_to_col1,prepost_swapped,positive,18,52,rHb,Di,rank,-0.004675619760192826,0.035342173152631266,3217.0,3.5075860397630105,1064.0,0.33074292819396955,759.0,0.23593410009325458,810.0,0.25178737954616104,584.0,0.18153559216661486
col0_to_col1,prepost_swapped,positive,18,66,rTh,Di,rank,-0.008833367278407368,-0.10627580908643446,179877.0,5.254978050155675,43823.0,0.24362758996425335,76251.0,0.4239063359962641,24880.0,0.13831673866030678,34923.0,0.19414933537917578
col0_to_col1,prepost_swapped,positive,18,60,rPT,Di,rank,-0.040103579352884215,-0.04707111189973587,56250.0,4.750130247505561,10972.0,0.19505777777777777,15723.0,0.27952,12958.0,0.23036444444444446,16597.0,0.29505777777777775
col0_to_col1,prepost_swapped,positive,18,62,rPrT,Di,rank,-0.027347912316519327,-0.19343318486306868,133445.0,5.125305560484239,18651.0,0.13976544643860767,47108.0,0.3530143504814718,18964.0,0.142110982052531,48722.0,0.3651092210273896
col0_to_col1,prepost_swapped,positive,18,65,rTeO,Mes,rank,-0.026299147005896282,-0.18531747349615751,548706.0,5.739340500640734,74049.0,0.13495205082503198,169654.0,0.3091892561772607,88184.0,0.16071265850929278,216819.0,0.39514603448841457
col0_to_col1,prepost_swapped,positive,18,47,rT,Hind,rank,-0.021896995426359516,-0.22111079309814968,513561.0,5.710592881492149,82891.0,0.16140439013087052,200914.0,0.39121740163291213,66020.0,0.12855337535365807,163736.0,0.31882483288255925
col0_to_col1,prepost_swapped,positive,18,68,rTS,Mes,rank,-0.0772940718111102,-0.176647702977756,13632.0,4.134591434710877,2276.0,0.16696009389671362,5927.0,0.43478579812206575,1526.0,0.1119424882629108,3903.0,0.2863116197183099
col0_to_col1,prepost_swapped,positive,18,46,rRa,Hind,rank,0.06716590892115802,-0.16514095476025206,25265.0,4.402536491803908,3845.0,0.15218681971106274,8707.0,0.3446269542845834,4191.0,0.16588165446269543,8522.0,0.33730457154165844
col0_to_col1,prepost_swapped,positive,18,37,rCb,Hind,rank,-0.017665085029188267,-0.12051065265977742,174470.0,5.241723250282999,24862.0,0.14250014329111022,59300.0,0.33988651344070614,27105.0,0.15535622170000574,63203.0,0.3622571215681779
col0_to_col1,prepost_swapped,positive,18,48,raRF,Hind,rank,-0.03238018122776926,-0.1277369178275511,103568.0,5.0152297829805255,14923.0,0.14408890777074,31992.0,0.3088985014676348,17807.0,0.17193534682527423,38846.0,0.375077243936351
col0_to_col1,prepost_swapped,positive,18,40,rMOS3,Hind,rank,-0.07208985993706601,-0.15464834027967223,566220.0,5.752985972438115,108540.0,0.19169227508742184,241203.0,0.4259881318215535,76889.0,0.13579350782381405,139588.0,0.24652608526721062
col0_to_col1,prepost_swapped,positive,18,10,lRa,Hind,rank,0.10149234219004871,-0.10183614879854451,39222.0,4.593540807934989,7288.0,0.18581408393248686,14663.0,0.37384631074397023,7199.0,0.18354494926316864,10072.0,0.25679465606037427
col0_to_col1,prepost_swapped,positive,18,38,rMOS1,Hind,rank,0.06672918472427744,-0.08099041558035895,303691.0,5.4824333516758665,86369.0,0.2843976278519943,151556.0,0.49904672841803016,29477.0,0.09706247468644115,36289.0,0.11949316904353438
col0_to_col1,prepost_swapped,positive,18,49,rimRF,Hind,rank,0.01469735334566725,-0.2662206122651467,109670.0,5.040091803463516,16241.0,0.14808972371660437,54210.0,0.49430108507340204,10557.0,0.09626151180815173,28662.0,0.2613476794018419
col0_to_col1,prepost_swapped,positive,18,41,rMOS4,Hind,rank,0.039129748194099784,-0.06723402452444951,247236.0,5.39311346517642,51183.0,0.20702082221035772,84904.0,0.343412771602841,44594.0,0.1803701726285816,66555.0,0.2691962335582197
col0_to_col1,prepost_swapped,positive,18,36,rMON,Hind,rank,-0.013293598024743501,-0.06616823634388184,203346.0,5.308237769595013,25046.0,0.1231693763339333,41895.0,0.20602814906612374,50537.0,0.2485271409322042,85868.0,0.42227533366773873
col0_to_col1,prepost_swapped,positive,18,42,rMOS5,Hind,rank,-0.03593892398657465,-0.06368049097950709,306626.0,5.486610393945404,61321.0,0.19998630253142263,103943.0,0.33898951817523626,57053.0,0.18606706541519635,84309.0,0.2749571138781447
col0_to_col1,prepost_swapped,positive,18,50,rpRF,Hind,rank,0.08553530550933854,-0.08455230528952819,89152.0,4.9501359617741265,11884.0,0.13330043072505385,23801.0,0.266971015793252,21407.0,0.2401180007178751,32060.0,0.3596105527638191
col0_to_col1,prepost_swapped,positive,18,39,rMOS2,Hind,rank,0.11386565540109578,-0.008890565516850767,41199.0,4.6148972160331345,11019.0,0.2674579480084468,14644.0,0.3554455205223428,6596.0,0.16010097332459525,8940.0,0.21699555814461516
col0_to_col1,prepost_swapped,positive,18,71,rNX,Hind,rank,0.09549228732129812,-0.2075169522383181,34994.0,4.544005997849434,6433.0,0.18383151397382408,11581.0,0.330942447276676,4974.0,0.1421386523404012,12006.0,0.3430873864090987
